#! /usr/bin/vvp
:ivl_version "12.0 (stable)";
:ivl_delay_selection "TYPICAL";
:vpi_time_precision - 12;
:vpi_module "/usr/lib/x86_64-linux-gnu/ivl/system.vpi";
:vpi_module "/usr/lib/x86_64-linux-gnu/ivl/vhdl_sys.vpi";
:vpi_module "/usr/lib/x86_64-linux-gnu/ivl/vhdl_textio.vpi";
:vpi_module "/usr/lib/x86_64-linux-gnu/ivl/v2005_math.vpi";
:vpi_module "/usr/lib/x86_64-linux-gnu/ivl/va_math.vpi";
S_0x5a202582f9b0 .scope module, "CPU_tb" "CPU_tb" 2 4;
 .timescale -9 -12;
v0x5a20259da4a0_0 .var/i "FAILED", 31 0;
v0x5a20259da580_0 .var "clk", 0 0;
v0x5a20259da640_0 .net "halt", 0 0, L_0x5a20259edcb0;  1 drivers
v0x5a20259da740_0 .var/i "i", 31 0;
v0x5a20259da7e0 .array "memory", 8191 0, 31 0;
v0x5a20259da8d0 .array "register_file", 31 0, 31 0;
v0x5a20259da990_0 .var "rst", 0 0;
S_0x5a2025835320 .scope begin, "CLOCK_GENERATOR" "CLOCK_GENERATOR" 2 25, 2 25 0, S_0x5a202582f9b0;
 .timescale -9 -12;
S_0x5a2025837080 .scope begin, "REF_INIT" "REF_INIT" 2 19, 2 19 0, S_0x5a202582f9b0;
 .timescale -9 -12;
S_0x5a2025837800 .scope begin, "Settings" "Settings" 2 30, 2 30 0, S_0x5a202582f9b0;
 .timescale -9 -12;
E_0x5a202581dab0 .event posedge, v0x5a20259d71b0_0;
S_0x5a202582a220 .scope module, "cpu" "CPU" 2 17, 3 4 0, S_0x5a202582f9b0;
 .timescale -9 -12;
    .port_info 0 /INPUT 1 "clk";
    .port_info 1 /INPUT 1 "rst";
    .port_info 2 /OUTPUT 1 "halt";
L_0x5a202595b260 .functor OR 1, L_0x5a20259db0c0, L_0x5a20259db1e0, C4<0>, C4<0>;
L_0x5a202595c040 .functor OR 1, L_0x5a202595b260, L_0x5a20259db360, C4<0>, C4<0>;
L_0x5a20259eb670 .functor BUFZ 32, v0x5a20259d3c70_0, C4<00000000000000000000000000000000>, C4<00000000000000000000000000000000>, C4<00000000000000000000000000000000>;
L_0x5a202595ee30 .functor AND 1, v0x5a2025832570_0, L_0x5a20259ec130, C4<1>, C4<1>;
L_0x5a20259605b0 .functor OR 1, v0x5a2025832630_0, L_0x5a202595ee30, C4<0>, C4<0>;
L_0x5a2025961910 .functor OR 1, v0x5a20259d7de0_0, v0x5a20259d7ea0_0, C4<0>, C4<0>;
L_0x5a2025842720 .functor AND 1, L_0x5a2025961910, L_0x5a20259ed2e0, C4<1>, C4<1>;
L_0x5a20259edcb0 .functor BUFZ 1, v0x5a20259d9e90_0, C4<0>, C4<0>, C4<0>;
L_0x5a20259eddc0 .functor OR 1, L_0x5a2025842720, L_0x5a20259605b0, C4<0>, C4<0>;
L_0x5a20259eded0 .functor BUFZ 1, L_0x5a2025842720, C4<0>, C4<0>, C4<0>;
v0x5a20259d46d0_0 .var "PC", 31 0;
v0x5a20259d47b0_0 .net *"_ivl_100", 0 0, L_0x5a20259ed690;  1 drivers
v0x5a20259d4850_0 .net *"_ivl_102", 31 0, L_0x5a20259ed910;  1 drivers
L_0x73b8af586018 .functor BUFT 1, C4<001100>, C4<0>, C4<0>, C4<0>;
v0x5a20259d4910_0 .net/2u *"_ivl_16", 5 0, L_0x73b8af586018;  1 drivers
v0x5a20259d49f0_0 .net *"_ivl_18", 0 0, L_0x5a20259db0c0;  1 drivers
L_0x73b8af586060 .functor BUFT 1, C4<001101>, C4<0>, C4<0>, C4<0>;
v0x5a20259d4ab0_0 .net/2u *"_ivl_20", 5 0, L_0x73b8af586060;  1 drivers
v0x5a20259d4b90_0 .net *"_ivl_22", 0 0, L_0x5a20259db1e0;  1 drivers
v0x5a20259d4c50_0 .net *"_ivl_25", 0 0, L_0x5a202595b260;  1 drivers
L_0x73b8af5860a8 .functor BUFT 1, C4<001110>, C4<0>, C4<0>, C4<0>;
v0x5a20259d4d10_0 .net/2u *"_ivl_26", 5 0, L_0x73b8af5860a8;  1 drivers
v0x5a20259d4e80_0 .net *"_ivl_28", 0 0, L_0x5a20259db360;  1 drivers
v0x5a20259d4f40_0 .net *"_ivl_31", 0 0, L_0x5a202595c040;  1 drivers
L_0x73b8af5860f0 .functor BUFT 1, C4<0000000000000000>, C4<0>, C4<0>, C4<0>;
v0x5a20259d5000_0 .net/2u *"_ivl_32", 15 0, L_0x73b8af5860f0;  1 drivers
v0x5a20259d50e0_0 .net *"_ivl_34", 31 0, L_0x5a20259eb530;  1 drivers
v0x5a20259d51c0_0 .net *"_ivl_37", 0 0, L_0x5a20259eb6e0;  1 drivers
v0x5a20259d52a0_0 .net *"_ivl_38", 15 0, L_0x5a20259eb780;  1 drivers
v0x5a20259d5380_0 .net *"_ivl_40", 31 0, L_0x5a20259ebb20;  1 drivers
v0x5a20259d5460_0 .net *"_ivl_45", 3 0, L_0x5a20259ebd90;  1 drivers
L_0x73b8af586138 .functor BUFT 1, C4<00>, C4<0>, C4<0>, C4<0>;
v0x5a20259d5650_0 .net/2u *"_ivl_46", 1 0, L_0x73b8af586138;  1 drivers
v0x5a20259d5730_0 .net *"_ivl_53", 0 0, L_0x5a20259ec130;  1 drivers
v0x5a20259d57f0_0 .net *"_ivl_55", 0 0, L_0x5a202595ee30;  1 drivers
L_0x73b8af586180 .functor BUFT 1, C4<01>, C4<0>, C4<0>, C4<0>;
v0x5a20259d58b0_0 .net/2u *"_ivl_58", 1 0, L_0x73b8af586180;  1 drivers
v0x5a20259d5990_0 .net *"_ivl_60", 0 0, L_0x5a20259ec390;  1 drivers
L_0x73b8af5861c8 .functor BUFT 1, C4<11>, C4<0>, C4<0>, C4<0>;
v0x5a20259d5a50_0 .net/2u *"_ivl_62", 1 0, L_0x73b8af5861c8;  1 drivers
v0x5a20259d5b30_0 .net *"_ivl_64", 0 0, L_0x5a20259ec040;  1 drivers
L_0x73b8af586210 .functor BUFT 1, C4<11111>, C4<0>, C4<0>, C4<0>;
v0x5a20259d5bf0_0 .net/2u *"_ivl_66", 4 0, L_0x73b8af586210;  1 drivers
v0x5a20259d5cd0_0 .net *"_ivl_68", 4 0, L_0x5a20259ec5d0;  1 drivers
L_0x73b8af586258 .functor BUFT 1, C4<00>, C4<0>, C4<0>, C4<0>;
v0x5a20259d5db0_0 .net/2u *"_ivl_74", 1 0, L_0x73b8af586258;  1 drivers
v0x5a20259d5e90_0 .net *"_ivl_76", 0 0, L_0x5a20259ecb20;  1 drivers
v0x5a20259d5f50_0 .net *"_ivl_81", 29 0, L_0x5a20259ece10;  1 drivers
L_0x73b8af5862a0 .functor BUFT 1, C4<00>, C4<0>, C4<0>, C4<0>;
v0x5a20259d6030_0 .net/2u *"_ivl_82", 1 0, L_0x73b8af5862a0;  1 drivers
v0x5a20259d6110_0 .net *"_ivl_84", 31 0, L_0x5a20259ecf00;  1 drivers
v0x5a20259d61f0_0 .net *"_ivl_89", 0 0, L_0x5a2025961910;  1 drivers
v0x5a20259d62b0_0 .net *"_ivl_91", 0 0, L_0x5a20259ed2e0;  1 drivers
L_0x73b8af5862e8 .functor BUFT 1, C4<01>, C4<0>, C4<0>, C4<0>;
v0x5a20259d6390_0 .net/2u *"_ivl_94", 1 0, L_0x73b8af5862e8;  1 drivers
v0x5a20259d6470_0 .net *"_ivl_96", 0 0, L_0x5a20259ed570;  1 drivers
L_0x73b8af586330 .functor BUFT 1, C4<10>, C4<0>, C4<0>, C4<0>;
v0x5a20259d6530_0 .net/2u *"_ivl_98", 1 0, L_0x73b8af586330;  1 drivers
v0x5a20259d6610_0 .net "clk", 0 0, v0x5a20259da580_0;  1 drivers
v0x5a20259d66b0_0 .net "ex_alu_result", 31 0, v0x5a202595b400_0;  1 drivers
v0x5a20259d6770_0 .net "ex_branch_taken", 0 0, L_0x5a2025842720;  1 drivers
v0x5a20259d6830_0 .net "ex_branch_tgt", 31 0, L_0x5a20259ed160;  1 drivers
v0x5a20259d6910_0 .var "ex_mem_MemRead", 0 0;
v0x5a20259d69d0_0 .var "ex_mem_MemWrite", 0 0;
v0x5a20259d6a70_0 .var "ex_mem_MemtoReg", 1 0;
v0x5a20259d6b50_0 .var "ex_mem_RegWrite", 0 0;
v0x5a20259d6bf0_0 .var "ex_mem_alu_result", 31 0;
v0x5a20259d6c90_0 .var "ex_mem_is_halt", 0 0;
v0x5a20259d6d50_0 .var "ex_mem_pc4", 31 0;
v0x5a20259d6e30_0 .var "ex_mem_rd2", 31 0;
v0x5a20259d6ef0_0 .var "ex_mem_wr_reg", 4 0;
v0x5a20259d6f90_0 .net "ex_op1", 31 0, L_0x5a20259ec960;  1 drivers
v0x5a20259d7030_0 .net "ex_op2", 31 0, L_0x5a20259ecbf0;  1 drivers
v0x5a20259d70f0_0 .net "ex_wr_reg", 4 0, L_0x5a20259ec7d0;  1 drivers
v0x5a20259d71b0_0 .net "halt", 0 0, L_0x5a20259edcb0;  alias, 1 drivers
v0x5a20259d7250_0 .net "id_ALUOp", 3 0, v0x5a2025842840_0;  1 drivers
v0x5a20259d7340_0 .net "id_ALUSrcA", 0 0, v0x5a20258193c0_0;  1 drivers
v0x5a20259d73e0_0 .net "id_ALUSrcB", 1 0, v0x5a2025823fc0_0;  1 drivers
v0x5a20259d74a0_0 .net "id_Branch", 0 0, v0x5a2025827850_0;  1 drivers
v0x5a20259d7540_0 .net "id_BranchNE", 0 0, v0x5a2025834450_0;  1 drivers
v0x5a20259d7610_0 .net "id_Jal", 0 0, v0x5a202582a660_0;  1 drivers
v0x5a20259d76b0_0 .net "id_Jr", 0 0, v0x5a2025832570_0;  1 drivers
v0x5a20259d7780_0 .net "id_Jump", 0 0, v0x5a2025832630_0;  1 drivers
v0x5a20259d7850_0 .net "id_MemRead", 0 0, v0x5a202582b320_0;  1 drivers
v0x5a20259d78f0_0 .net "id_MemWrite", 0 0, v0x5a202582b3e0_0;  1 drivers
v0x5a20259d79c0_0 .net "id_MemtoReg", 1 0, v0x5a2025829de0_0;  1 drivers
v0x5a20259d7a60_0 .net "id_RegDst", 1 0, v0x5a2025829ec0_0;  1 drivers
v0x5a20259d7b30_0 .net "id_RegWrite", 0 0, v0x5a20257d9ef0_0;  1 drivers
v0x5a20259d7bd0_0 .var "id_ex_ALUOp", 3 0;
v0x5a20259d7ca0_0 .var "id_ex_ALUSrcA", 0 0;
v0x5a20259d7d40_0 .var "id_ex_ALUSrcB", 1 0;
v0x5a20259d7de0_0 .var "id_ex_Branch", 0 0;
v0x5a20259d7ea0_0 .var "id_ex_BranchNE", 0 0;
v0x5a20259d7f60_0 .var "id_ex_MemRead", 0 0;
v0x5a20259d8020_0 .var "id_ex_MemWrite", 0 0;
v0x5a20259d80e0_0 .var "id_ex_MemtoReg", 1 0;
v0x5a20259d81c0_0 .var "id_ex_RegDst", 1 0;
v0x5a20259d82a0_0 .var "id_ex_RegWrite", 0 0;
v0x5a20259d8340_0 .var "id_ex_ext", 31 0;
v0x5a20259d8420_0 .var "id_ex_is_halt", 0 0;
v0x5a20259d84e0_0 .var "id_ex_pc4", 31 0;
v0x5a20259d85c0_0 .var "id_ex_rd", 4 0;
v0x5a20259d86a0_0 .var "id_ex_rd1", 31 0;
v0x5a20259d8780_0 .var "id_ex_rd2", 31 0;
v0x5a20259d8860_0 .var "id_ex_rs", 4 0;
v0x5a20259d8940_0 .var "id_ex_rt", 4 0;
v0x5a20259d8a20_0 .var "id_ex_shamt", 4 0;
v0x5a20259d8ae0_0 .net "id_ext_imm", 31 0, L_0x5a20259ebbc0;  1 drivers
v0x5a20259d8bc0_0 .net "id_flush", 0 0, L_0x5a20259eded0;  1 drivers
v0x5a20259d8c80_0 .net "id_funct", 5 0, L_0x5a20259dae20;  1 drivers
v0x5a20259d8d40_0 .net "id_immi", 15 0, L_0x5a20259daf00;  1 drivers
v0x5a20259d8e20_0 .net "id_immj", 25 0, L_0x5a20259dafa0;  1 drivers
v0x5a20259d8f00_0 .net "id_jr_tgt", 31 0, L_0x5a20259eb670;  1 drivers
v0x5a20259d8fe0_0 .net "id_jump_taken", 0 0, L_0x5a20259605b0;  1 drivers
v0x5a20259d90a0_0 .net "id_jump_tgt", 31 0, L_0x5a20259ebe80;  1 drivers
v0x5a20259d9180_0 .net "id_opcode", 5 0, L_0x5a20259daa30;  1 drivers
v0x5a20259d9240_0 .net "id_rd", 4 0, L_0x5a20259dacb0;  1 drivers
v0x5a20259d9300_0 .net "id_rd1", 31 0, v0x5a20259d3c70_0;  1 drivers
v0x5a20259d93f0_0 .net "id_rd2", 31 0, v0x5a20259d3d60_0;  1 drivers
v0x5a20259d94c0_0 .net "id_rs", 4 0, L_0x5a20259dab20;  1 drivers
v0x5a20259d95b0_0 .net "id_rt", 4 0, L_0x5a20259dac10;  1 drivers
v0x5a20259d96c0_0 .net "id_shamt", 4 0, L_0x5a20259dad80;  1 drivers
v0x5a20259d97a0_0 .net "if_flush", 0 0, L_0x5a20259eddc0;  1 drivers
v0x5a20259d9860_0 .var "if_id_inst", 31 0;
v0x5a20259d9940_0 .var "if_id_is_halt", 0 0;
v0x5a20259d9a00_0 .var "if_id_pc4", 31 0;
v0x5a20259d9ae0_0 .net "if_inst", 31 0, v0x5a2025816b90_0;  1 drivers
v0x5a20259d9ba0_0 .net "mem_rd_data", 31 0, v0x5a202581c040_0;  1 drivers
v0x5a20259d9c40_0 .var "mem_wb_MemtoReg", 1 0;
v0x5a20259d9d00_0 .var "mem_wb_RegWrite", 0 0;
v0x5a20259d9dd0_0 .var "mem_wb_alu_result", 31 0;
v0x5a20259d9e90_0 .var "mem_wb_is_halt", 0 0;
v0x5a20259d9f50_0 .var "mem_wb_mem_data", 31 0;
v0x5a20259da030_0 .var "mem_wb_pc4", 31 0;
v0x5a20259da110_0 .var "mem_wb_wr_reg", 4 0;
v0x5a20259da200_0 .net "rst", 0 0, v0x5a20259da990_0;  1 drivers
v0x5a20259da2f0_0 .net "stall", 0 0, L_0x5a20259ef2c0;  1 drivers
v0x5a20259da390_0 .net "wb_wr_data", 31 0, L_0x5a20259eda00;  1 drivers
L_0x5a20259daa30 .part v0x5a20259d9860_0, 26, 6;
L_0x5a20259dab20 .part v0x5a20259d9860_0, 21, 5;
L_0x5a20259dac10 .part v0x5a20259d9860_0, 16, 5;
L_0x5a20259dacb0 .part v0x5a20259d9860_0, 11, 5;
L_0x5a20259dad80 .part v0x5a20259d9860_0, 6, 5;
L_0x5a20259dae20 .part v0x5a20259d9860_0, 0, 6;
L_0x5a20259daf00 .part v0x5a20259d9860_0, 0, 16;
L_0x5a20259dafa0 .part v0x5a20259d9860_0, 0, 26;
L_0x5a20259db0c0 .cmp/eq 6, L_0x5a20259daa30, L_0x73b8af586018;
L_0x5a20259db1e0 .cmp/eq 6, L_0x5a20259daa30, L_0x73b8af586060;
L_0x5a20259db360 .cmp/eq 6, L_0x5a20259daa30, L_0x73b8af5860a8;
L_0x5a20259eb530 .concat [ 16 16 0 0], L_0x5a20259daf00, L_0x73b8af5860f0;
L_0x5a20259eb6e0 .part L_0x5a20259daf00, 15, 1;
LS_0x5a20259eb780_0_0 .concat [ 1 1 1 1], L_0x5a20259eb6e0, L_0x5a20259eb6e0, L_0x5a20259eb6e0, L_0x5a20259eb6e0;
LS_0x5a20259eb780_0_4 .concat [ 1 1 1 1], L_0x5a20259eb6e0, L_0x5a20259eb6e0, L_0x5a20259eb6e0, L_0x5a20259eb6e0;
LS_0x5a20259eb780_0_8 .concat [ 1 1 1 1], L_0x5a20259eb6e0, L_0x5a20259eb6e0, L_0x5a20259eb6e0, L_0x5a20259eb6e0;
LS_0x5a20259eb780_0_12 .concat [ 1 1 1 1], L_0x5a20259eb6e0, L_0x5a20259eb6e0, L_0x5a20259eb6e0, L_0x5a20259eb6e0;
L_0x5a20259eb780 .concat [ 4 4 4 4], LS_0x5a20259eb780_0_0, LS_0x5a20259eb780_0_4, LS_0x5a20259eb780_0_8, LS_0x5a20259eb780_0_12;
L_0x5a20259ebb20 .concat [ 16 16 0 0], L_0x5a20259daf00, L_0x5a20259eb780;
L_0x5a20259ebbc0 .functor MUXZ 32, L_0x5a20259ebb20, L_0x5a20259eb530, L_0x5a202595c040, C4<>;
L_0x5a20259ebd90 .part v0x5a20259d9a00_0, 28, 4;
L_0x5a20259ebe80 .concat [ 2 26 4 0], L_0x73b8af586138, L_0x5a20259dafa0, L_0x5a20259ebd90;
L_0x5a20259ec130 .reduce/nor L_0x5a20259ef2c0;
L_0x5a20259ec390 .cmp/eq 2, v0x5a20259d81c0_0, L_0x73b8af586180;
L_0x5a20259ec040 .cmp/eq 2, v0x5a20259d81c0_0, L_0x73b8af5861c8;
L_0x5a20259ec5d0 .functor MUXZ 5, v0x5a20259d8940_0, L_0x73b8af586210, L_0x5a20259ec040, C4<>;
L_0x5a20259ec7d0 .functor MUXZ 5, L_0x5a20259ec5d0, v0x5a20259d85c0_0, L_0x5a20259ec390, C4<>;
L_0x5a20259ec960 .functor MUXZ 32, v0x5a20259d84e0_0, v0x5a20259d86a0_0, v0x5a20259d7ca0_0, C4<>;
L_0x5a20259ecb20 .cmp/eq 2, v0x5a20259d7d40_0, L_0x73b8af586258;
L_0x5a20259ecbf0 .functor MUXZ 32, v0x5a20259d8340_0, v0x5a20259d8780_0, L_0x5a20259ecb20, C4<>;
L_0x5a20259ece10 .part v0x5a20259d8340_0, 0, 30;
L_0x5a20259ecf00 .concat [ 2 30 0 0], L_0x73b8af5862a0, L_0x5a20259ece10;
L_0x5a20259ed160 .arith/sum 32, v0x5a20259d84e0_0, L_0x5a20259ecf00;
L_0x5a20259ed2e0 .part v0x5a202595b400_0, 0, 1;
L_0x5a20259ed570 .cmp/eq 2, v0x5a20259d9c40_0, L_0x73b8af5862e8;
L_0x5a20259ed690 .cmp/eq 2, v0x5a20259d9c40_0, L_0x73b8af586330;
L_0x5a20259ed910 .functor MUXZ 32, v0x5a20259d9dd0_0, v0x5a20259da030_0, L_0x5a20259ed690, C4<>;
L_0x5a20259eda00 .functor MUXZ 32, L_0x5a20259ed910, v0x5a20259d9f50_0, L_0x5a20259ed570, C4<>;
S_0x5a20258332c0 .scope module, "alu" "ALU" 3 159, 4 5 0, S_0x5a202582a220;
 .timescale -9 -12;
    .port_info 0 /INPUT 32 "operand1";
    .port_info 1 /INPUT 32 "operand2";
    .port_info 2 /INPUT 5 "shamt";
    .port_info 3 /INPUT 4 "funct";
    .port_info 4 /OUTPUT 32 "alu_result";
v0x5a202595b400_0 .var "alu_result", 31 0;
v0x5a202595c1e0_0 .net "funct", 3 0, v0x5a20259d7bd0_0;  1 drivers
v0x5a202595ef50_0 .net "operand1", 31 0, L_0x5a20259ec960;  alias, 1 drivers
v0x5a20259606d0_0 .net "operand2", 31 0, L_0x5a20259ecbf0;  alias, 1 drivers
v0x5a2025961a30_0 .net "shamt", 4 0, v0x5a20259d8a20_0;  1 drivers
E_0x5a202581d640 .event anyedge, v0x5a202595c1e0_0, v0x5a202595ef50_0, v0x5a20259606d0_0, v0x5a2025961a30_0;
S_0x5a2025831fd0 .scope module, "ctrl" "CTRL" 3 131, 5 4 0, S_0x5a202582a220;
 .timescale -9 -12;
    .port_info 0 /INPUT 6 "opcode";
    .port_info 1 /INPUT 6 "funct";
    .port_info 2 /OUTPUT 1 "ALUSrcA";
    .port_info 3 /OUTPUT 2 "ALUSrcB";
    .port_info 4 /OUTPUT 4 "ALUOp";
    .port_info 5 /OUTPUT 2 "RegDst";
    .port_info 6 /OUTPUT 1 "MemRead";
    .port_info 7 /OUTPUT 1 "MemWrite";
    .port_info 8 /OUTPUT 1 "Branch";
    .port_info 9 /OUTPUT 1 "BranchNE";
    .port_info 10 /OUTPUT 2 "MemtoReg";
    .port_info 11 /OUTPUT 1 "RegWrite";
    .port_info 12 /OUTPUT 1 "Jump";
    .port_info 13 /OUTPUT 1 "Jal";
    .port_info 14 /OUTPUT 1 "Jr";
v0x5a2025842840_0 .var "ALUOp", 3 0;
v0x5a20258193c0_0 .var "ALUSrcA", 0 0;
v0x5a2025823fc0_0 .var "ALUSrcB", 1 0;
v0x5a2025827850_0 .var "Branch", 0 0;
v0x5a2025834450_0 .var "BranchNE", 0 0;
v0x5a202582a660_0 .var "Jal", 0 0;
v0x5a2025832570_0 .var "Jr", 0 0;
v0x5a2025832630_0 .var "Jump", 0 0;
v0x5a202582b320_0 .var "MemRead", 0 0;
v0x5a202582b3e0_0 .var "MemWrite", 0 0;
v0x5a2025829de0_0 .var "MemtoReg", 1 0;
v0x5a2025829ec0_0 .var "RegDst", 1 0;
v0x5a20257d9ef0_0 .var "RegWrite", 0 0;
v0x5a20257d9fb0_0 .net "funct", 5 0, L_0x5a20259dae20;  alias, 1 drivers
v0x5a202582e7e0_0 .net "opcode", 5 0, L_0x5a20259daa30;  alias, 1 drivers
E_0x5a202581c8a0 .event anyedge, v0x5a202582e7e0_0, v0x5a20257d9fb0_0;
S_0x5a202582aee0 .scope module, "hazard" "HAZARD" 3 165, 6 3 0, S_0x5a202582a220;
 .timescale -9 -12;
    .port_info 0 /INPUT 1 "id_ex_RegWrite";
    .port_info 1 /INPUT 5 "id_ex_wr_reg";
    .port_info 2 /INPUT 1 "ex_mem_RegWrite";
    .port_info 3 /INPUT 5 "ex_mem_wr_reg";
    .port_info 4 /INPUT 5 "if_id_rs";
    .port_info 5 /INPUT 5 "if_id_rt";
    .port_info 6 /OUTPUT 1 "stall";
L_0x5a20259ee040 .functor AND 1, v0x5a20259d82a0_0, L_0x5a20259edfa0, C4<1>, C4<1>;
L_0x5a20259ee310 .functor AND 1, L_0x5a20259ee040, L_0x5a20259ee150, C4<1>, C4<1>;
L_0x5a20259ee470 .functor AND 1, v0x5a20259d82a0_0, L_0x5a20259ee380, C4<1>, C4<1>;
L_0x5a20259ee690 .functor AND 1, L_0x5a20259ee470, L_0x5a20259ee530, C4<1>, C4<1>;
L_0x5a20259ee8c0 .functor AND 1, v0x5a20259d6b50_0, L_0x5a20259ee780, C4<1>, C4<1>;
L_0x5a20259eeab0 .functor AND 1, L_0x5a20259ee8c0, L_0x5a20259ee9d0, C4<1>, C4<1>;
L_0x5a20259eed30 .functor AND 1, v0x5a20259d6b50_0, L_0x5a20259eec00, C4<1>, C4<1>;
L_0x5a20259eeee0 .functor AND 1, L_0x5a20259eed30, L_0x5a20259eedf0, C4<1>, C4<1>;
L_0x5a20259ef040 .functor OR 1, L_0x5a20259ee310, L_0x5a20259ee690, C4<0>, C4<0>;
L_0x5a20259ef150 .functor OR 1, L_0x5a20259ef040, L_0x5a20259eeab0, C4<0>, C4<0>;
L_0x5a20259ef2c0 .functor OR 1, L_0x5a20259ef150, L_0x5a20259eeee0, C4<0>, C4<0>;
L_0x73b8af586378 .functor BUFT 1, C4<00000>, C4<0>, C4<0>, C4<0>;
v0x5a202582ab50_0 .net/2u *"_ivl_0", 4 0, L_0x73b8af586378;  1 drivers
L_0x73b8af5863c0 .functor BUFT 1, C4<00000>, C4<0>, C4<0>, C4<0>;
v0x5a2025830490_0 .net/2u *"_ivl_10", 4 0, L_0x73b8af5863c0;  1 drivers
v0x5a2025830570_0 .net *"_ivl_12", 0 0, L_0x5a20259ee380;  1 drivers
v0x5a202582f630_0 .net *"_ivl_15", 0 0, L_0x5a20259ee470;  1 drivers
v0x5a202582f6f0_0 .net *"_ivl_16", 0 0, L_0x5a20259ee530;  1 drivers
v0x5a20257e1380_0 .net *"_ivl_2", 0 0, L_0x5a20259edfa0;  1 drivers
L_0x73b8af586408 .functor BUFT 1, C4<00000>, C4<0>, C4<0>, C4<0>;
v0x5a20257e1440_0 .net/2u *"_ivl_20", 4 0, L_0x73b8af586408;  1 drivers
v0x5a20257e1520_0 .net *"_ivl_22", 0 0, L_0x5a20259ee780;  1 drivers
v0x5a20257e15e0_0 .net *"_ivl_25", 0 0, L_0x5a20259ee8c0;  1 drivers
v0x5a20257e16a0_0 .net *"_ivl_26", 0 0, L_0x5a20259ee9d0;  1 drivers
L_0x73b8af586450 .functor BUFT 1, C4<00000>, C4<0>, C4<0>, C4<0>;
v0x5a20257e1760_0 .net/2u *"_ivl_30", 4 0, L_0x73b8af586450;  1 drivers
v0x5a20257a2490_0 .net *"_ivl_32", 0 0, L_0x5a20259eec00;  1 drivers
v0x5a20257a2550_0 .net *"_ivl_35", 0 0, L_0x5a20259eed30;  1 drivers
v0x5a20257a2610_0 .net *"_ivl_36", 0 0, L_0x5a20259eedf0;  1 drivers
v0x5a20257a26d0_0 .net *"_ivl_41", 0 0, L_0x5a20259ef040;  1 drivers
v0x5a20257a2790_0 .net *"_ivl_43", 0 0, L_0x5a20259ef150;  1 drivers
v0x5a20257a2850_0 .net *"_ivl_5", 0 0, L_0x5a20259ee040;  1 drivers
v0x5a20258050f0_0 .net *"_ivl_6", 0 0, L_0x5a20259ee150;  1 drivers
v0x5a20258051b0_0 .net "ex_hazard_rs", 0 0, L_0x5a20259ee310;  1 drivers
v0x5a2025805270_0 .net "ex_hazard_rt", 0 0, L_0x5a20259ee690;  1 drivers
v0x5a2025805330_0 .net "ex_mem_RegWrite", 0 0, v0x5a20259d6b50_0;  1 drivers
v0x5a20258053f0_0 .net "ex_mem_wr_reg", 4 0, v0x5a20259d6ef0_0;  1 drivers
v0x5a20258054d0_0 .net "id_ex_RegWrite", 0 0, v0x5a20259d82a0_0;  1 drivers
v0x5a2025825b70_0 .net "id_ex_wr_reg", 4 0, L_0x5a20259ec7d0;  alias, 1 drivers
v0x5a2025825c50_0 .net "if_id_rs", 4 0, L_0x5a20259dab20;  alias, 1 drivers
v0x5a2025825d30_0 .net "if_id_rt", 4 0, L_0x5a20259dac10;  alias, 1 drivers
v0x5a2025825e10_0 .net "mem_hazard_rs", 0 0, L_0x5a20259eeab0;  1 drivers
v0x5a2025825ed0_0 .net "mem_hazard_rt", 0 0, L_0x5a20259eeee0;  1 drivers
v0x5a2025821930_0 .net "stall", 0 0, L_0x5a20259ef2c0;  alias, 1 drivers
L_0x5a20259edfa0 .cmp/ne 5, L_0x5a20259ec7d0, L_0x73b8af586378;
L_0x5a20259ee150 .cmp/eq 5, L_0x5a20259ec7d0, L_0x5a20259dab20;
L_0x5a20259ee380 .cmp/ne 5, L_0x5a20259ec7d0, L_0x73b8af5863c0;
L_0x5a20259ee530 .cmp/eq 5, L_0x5a20259ec7d0, L_0x5a20259dac10;
L_0x5a20259ee780 .cmp/ne 5, v0x5a20259d6ef0_0, L_0x73b8af586408;
L_0x5a20259ee9d0 .cmp/eq 5, v0x5a20259d6ef0_0, L_0x5a20259dab20;
L_0x5a20259eec00 .cmp/ne 5, v0x5a20259d6ef0_0, L_0x73b8af586450;
L_0x5a20259eedf0 .cmp/eq 5, v0x5a20259d6ef0_0, L_0x5a20259dac10;
S_0x5a2025821ad0 .scope module, "mem" "MEM" 3 150, 7 3 0, S_0x5a202582a220;
 .timescale -9 -12;
    .port_info 0 /INPUT 1 "clk";
    .port_info 1 /INPUT 1 "rst";
    .port_info 2 /INPUT 32 "inst_addr";
    .port_info 3 /OUTPUT 32 "inst";
    .port_info 4 /INPUT 32 "mem_addr";
    .port_info 5 /INPUT 1 "MemWrite";
    .port_info 6 /INPUT 32 "mem_write_data";
    .port_info 7 /OUTPUT 32 "mem_read_data";
v0x5a2025821d00_0 .net "MemWrite", 0 0, v0x5a20259d69d0_0;  1 drivers
v0x5a2025816ab0_0 .net "clk", 0 0, v0x5a20259da580_0;  alias, 1 drivers
v0x5a2025816b90_0 .var "inst", 31 0;
v0x5a2025816c50_0 .net "inst_addr", 31 0, v0x5a20259d46d0_0;  1 drivers
v0x5a2025816d30_0 .net "mem_addr", 31 0, v0x5a20259d6bf0_0;  1 drivers
v0x5a202581c040_0 .var "mem_read_data", 31 0;
v0x5a202581c120_0 .net "mem_write_data", 31 0, v0x5a20259d6e30_0;  1 drivers
v0x5a202581c200 .array "memory", 8191 0, 31 0;
v0x5a20259d31c0_0 .net "rst", 0 0, v0x5a20259da990_0;  alias, 1 drivers
E_0x5a202581cd50 .event posedge, v0x5a2025816ab0_0;
v0x5a202581c200_0 .array/port v0x5a202581c200, 0;
v0x5a202581c200_1 .array/port v0x5a202581c200, 1;
v0x5a202581c200_2 .array/port v0x5a202581c200, 2;
E_0x5a20257c6530/0 .event anyedge, v0x5a2025816c50_0, v0x5a202581c200_0, v0x5a202581c200_1, v0x5a202581c200_2;
v0x5a202581c200_3 .array/port v0x5a202581c200, 3;
v0x5a202581c200_4 .array/port v0x5a202581c200, 4;
v0x5a202581c200_5 .array/port v0x5a202581c200, 5;
v0x5a202581c200_6 .array/port v0x5a202581c200, 6;
E_0x5a20257c6530/1 .event anyedge, v0x5a202581c200_3, v0x5a202581c200_4, v0x5a202581c200_5, v0x5a202581c200_6;
v0x5a202581c200_7 .array/port v0x5a202581c200, 7;
v0x5a202581c200_8 .array/port v0x5a202581c200, 8;
v0x5a202581c200_9 .array/port v0x5a202581c200, 9;
v0x5a202581c200_10 .array/port v0x5a202581c200, 10;
E_0x5a20257c6530/2 .event anyedge, v0x5a202581c200_7, v0x5a202581c200_8, v0x5a202581c200_9, v0x5a202581c200_10;
v0x5a202581c200_11 .array/port v0x5a202581c200, 11;
v0x5a202581c200_12 .array/port v0x5a202581c200, 12;
v0x5a202581c200_13 .array/port v0x5a202581c200, 13;
v0x5a202581c200_14 .array/port v0x5a202581c200, 14;
E_0x5a20257c6530/3 .event anyedge, v0x5a202581c200_11, v0x5a202581c200_12, v0x5a202581c200_13, v0x5a202581c200_14;
v0x5a202581c200_15 .array/port v0x5a202581c200, 15;
v0x5a202581c200_16 .array/port v0x5a202581c200, 16;
v0x5a202581c200_17 .array/port v0x5a202581c200, 17;
v0x5a202581c200_18 .array/port v0x5a202581c200, 18;
E_0x5a20257c6530/4 .event anyedge, v0x5a202581c200_15, v0x5a202581c200_16, v0x5a202581c200_17, v0x5a202581c200_18;
v0x5a202581c200_19 .array/port v0x5a202581c200, 19;
v0x5a202581c200_20 .array/port v0x5a202581c200, 20;
v0x5a202581c200_21 .array/port v0x5a202581c200, 21;
v0x5a202581c200_22 .array/port v0x5a202581c200, 22;
E_0x5a20257c6530/5 .event anyedge, v0x5a202581c200_19, v0x5a202581c200_20, v0x5a202581c200_21, v0x5a202581c200_22;
v0x5a202581c200_23 .array/port v0x5a202581c200, 23;
v0x5a202581c200_24 .array/port v0x5a202581c200, 24;
v0x5a202581c200_25 .array/port v0x5a202581c200, 25;
v0x5a202581c200_26 .array/port v0x5a202581c200, 26;
E_0x5a20257c6530/6 .event anyedge, v0x5a202581c200_23, v0x5a202581c200_24, v0x5a202581c200_25, v0x5a202581c200_26;
v0x5a202581c200_27 .array/port v0x5a202581c200, 27;
v0x5a202581c200_28 .array/port v0x5a202581c200, 28;
v0x5a202581c200_29 .array/port v0x5a202581c200, 29;
v0x5a202581c200_30 .array/port v0x5a202581c200, 30;
E_0x5a20257c6530/7 .event anyedge, v0x5a202581c200_27, v0x5a202581c200_28, v0x5a202581c200_29, v0x5a202581c200_30;
v0x5a202581c200_31 .array/port v0x5a202581c200, 31;
v0x5a202581c200_32 .array/port v0x5a202581c200, 32;
v0x5a202581c200_33 .array/port v0x5a202581c200, 33;
v0x5a202581c200_34 .array/port v0x5a202581c200, 34;
E_0x5a20257c6530/8 .event anyedge, v0x5a202581c200_31, v0x5a202581c200_32, v0x5a202581c200_33, v0x5a202581c200_34;
v0x5a202581c200_35 .array/port v0x5a202581c200, 35;
v0x5a202581c200_36 .array/port v0x5a202581c200, 36;
v0x5a202581c200_37 .array/port v0x5a202581c200, 37;
v0x5a202581c200_38 .array/port v0x5a202581c200, 38;
E_0x5a20257c6530/9 .event anyedge, v0x5a202581c200_35, v0x5a202581c200_36, v0x5a202581c200_37, v0x5a202581c200_38;
v0x5a202581c200_39 .array/port v0x5a202581c200, 39;
v0x5a202581c200_40 .array/port v0x5a202581c200, 40;
v0x5a202581c200_41 .array/port v0x5a202581c200, 41;
v0x5a202581c200_42 .array/port v0x5a202581c200, 42;
E_0x5a20257c6530/10 .event anyedge, v0x5a202581c200_39, v0x5a202581c200_40, v0x5a202581c200_41, v0x5a202581c200_42;
v0x5a202581c200_43 .array/port v0x5a202581c200, 43;
v0x5a202581c200_44 .array/port v0x5a202581c200, 44;
v0x5a202581c200_45 .array/port v0x5a202581c200, 45;
v0x5a202581c200_46 .array/port v0x5a202581c200, 46;
E_0x5a20257c6530/11 .event anyedge, v0x5a202581c200_43, v0x5a202581c200_44, v0x5a202581c200_45, v0x5a202581c200_46;
v0x5a202581c200_47 .array/port v0x5a202581c200, 47;
v0x5a202581c200_48 .array/port v0x5a202581c200, 48;
v0x5a202581c200_49 .array/port v0x5a202581c200, 49;
v0x5a202581c200_50 .array/port v0x5a202581c200, 50;
E_0x5a20257c6530/12 .event anyedge, v0x5a202581c200_47, v0x5a202581c200_48, v0x5a202581c200_49, v0x5a202581c200_50;
v0x5a202581c200_51 .array/port v0x5a202581c200, 51;
v0x5a202581c200_52 .array/port v0x5a202581c200, 52;
v0x5a202581c200_53 .array/port v0x5a202581c200, 53;
v0x5a202581c200_54 .array/port v0x5a202581c200, 54;
E_0x5a20257c6530/13 .event anyedge, v0x5a202581c200_51, v0x5a202581c200_52, v0x5a202581c200_53, v0x5a202581c200_54;
v0x5a202581c200_55 .array/port v0x5a202581c200, 55;
v0x5a202581c200_56 .array/port v0x5a202581c200, 56;
v0x5a202581c200_57 .array/port v0x5a202581c200, 57;
v0x5a202581c200_58 .array/port v0x5a202581c200, 58;
E_0x5a20257c6530/14 .event anyedge, v0x5a202581c200_55, v0x5a202581c200_56, v0x5a202581c200_57, v0x5a202581c200_58;
v0x5a202581c200_59 .array/port v0x5a202581c200, 59;
v0x5a202581c200_60 .array/port v0x5a202581c200, 60;
v0x5a202581c200_61 .array/port v0x5a202581c200, 61;
v0x5a202581c200_62 .array/port v0x5a202581c200, 62;
E_0x5a20257c6530/15 .event anyedge, v0x5a202581c200_59, v0x5a202581c200_60, v0x5a202581c200_61, v0x5a202581c200_62;
v0x5a202581c200_63 .array/port v0x5a202581c200, 63;
v0x5a202581c200_64 .array/port v0x5a202581c200, 64;
v0x5a202581c200_65 .array/port v0x5a202581c200, 65;
v0x5a202581c200_66 .array/port v0x5a202581c200, 66;
E_0x5a20257c6530/16 .event anyedge, v0x5a202581c200_63, v0x5a202581c200_64, v0x5a202581c200_65, v0x5a202581c200_66;
v0x5a202581c200_67 .array/port v0x5a202581c200, 67;
v0x5a202581c200_68 .array/port v0x5a202581c200, 68;
v0x5a202581c200_69 .array/port v0x5a202581c200, 69;
v0x5a202581c200_70 .array/port v0x5a202581c200, 70;
E_0x5a20257c6530/17 .event anyedge, v0x5a202581c200_67, v0x5a202581c200_68, v0x5a202581c200_69, v0x5a202581c200_70;
v0x5a202581c200_71 .array/port v0x5a202581c200, 71;
v0x5a202581c200_72 .array/port v0x5a202581c200, 72;
v0x5a202581c200_73 .array/port v0x5a202581c200, 73;
v0x5a202581c200_74 .array/port v0x5a202581c200, 74;
E_0x5a20257c6530/18 .event anyedge, v0x5a202581c200_71, v0x5a202581c200_72, v0x5a202581c200_73, v0x5a202581c200_74;
v0x5a202581c200_75 .array/port v0x5a202581c200, 75;
v0x5a202581c200_76 .array/port v0x5a202581c200, 76;
v0x5a202581c200_77 .array/port v0x5a202581c200, 77;
v0x5a202581c200_78 .array/port v0x5a202581c200, 78;
E_0x5a20257c6530/19 .event anyedge, v0x5a202581c200_75, v0x5a202581c200_76, v0x5a202581c200_77, v0x5a202581c200_78;
v0x5a202581c200_79 .array/port v0x5a202581c200, 79;
v0x5a202581c200_80 .array/port v0x5a202581c200, 80;
v0x5a202581c200_81 .array/port v0x5a202581c200, 81;
v0x5a202581c200_82 .array/port v0x5a202581c200, 82;
E_0x5a20257c6530/20 .event anyedge, v0x5a202581c200_79, v0x5a202581c200_80, v0x5a202581c200_81, v0x5a202581c200_82;
v0x5a202581c200_83 .array/port v0x5a202581c200, 83;
v0x5a202581c200_84 .array/port v0x5a202581c200, 84;
v0x5a202581c200_85 .array/port v0x5a202581c200, 85;
v0x5a202581c200_86 .array/port v0x5a202581c200, 86;
E_0x5a20257c6530/21 .event anyedge, v0x5a202581c200_83, v0x5a202581c200_84, v0x5a202581c200_85, v0x5a202581c200_86;
v0x5a202581c200_87 .array/port v0x5a202581c200, 87;
v0x5a202581c200_88 .array/port v0x5a202581c200, 88;
v0x5a202581c200_89 .array/port v0x5a202581c200, 89;
v0x5a202581c200_90 .array/port v0x5a202581c200, 90;
E_0x5a20257c6530/22 .event anyedge, v0x5a202581c200_87, v0x5a202581c200_88, v0x5a202581c200_89, v0x5a202581c200_90;
v0x5a202581c200_91 .array/port v0x5a202581c200, 91;
v0x5a202581c200_92 .array/port v0x5a202581c200, 92;
v0x5a202581c200_93 .array/port v0x5a202581c200, 93;
v0x5a202581c200_94 .array/port v0x5a202581c200, 94;
E_0x5a20257c6530/23 .event anyedge, v0x5a202581c200_91, v0x5a202581c200_92, v0x5a202581c200_93, v0x5a202581c200_94;
v0x5a202581c200_95 .array/port v0x5a202581c200, 95;
v0x5a202581c200_96 .array/port v0x5a202581c200, 96;
v0x5a202581c200_97 .array/port v0x5a202581c200, 97;
v0x5a202581c200_98 .array/port v0x5a202581c200, 98;
E_0x5a20257c6530/24 .event anyedge, v0x5a202581c200_95, v0x5a202581c200_96, v0x5a202581c200_97, v0x5a202581c200_98;
v0x5a202581c200_99 .array/port v0x5a202581c200, 99;
v0x5a202581c200_100 .array/port v0x5a202581c200, 100;
v0x5a202581c200_101 .array/port v0x5a202581c200, 101;
v0x5a202581c200_102 .array/port v0x5a202581c200, 102;
E_0x5a20257c6530/25 .event anyedge, v0x5a202581c200_99, v0x5a202581c200_100, v0x5a202581c200_101, v0x5a202581c200_102;
v0x5a202581c200_103 .array/port v0x5a202581c200, 103;
v0x5a202581c200_104 .array/port v0x5a202581c200, 104;
v0x5a202581c200_105 .array/port v0x5a202581c200, 105;
v0x5a202581c200_106 .array/port v0x5a202581c200, 106;
E_0x5a20257c6530/26 .event anyedge, v0x5a202581c200_103, v0x5a202581c200_104, v0x5a202581c200_105, v0x5a202581c200_106;
v0x5a202581c200_107 .array/port v0x5a202581c200, 107;
v0x5a202581c200_108 .array/port v0x5a202581c200, 108;
v0x5a202581c200_109 .array/port v0x5a202581c200, 109;
v0x5a202581c200_110 .array/port v0x5a202581c200, 110;
E_0x5a20257c6530/27 .event anyedge, v0x5a202581c200_107, v0x5a202581c200_108, v0x5a202581c200_109, v0x5a202581c200_110;
v0x5a202581c200_111 .array/port v0x5a202581c200, 111;
v0x5a202581c200_112 .array/port v0x5a202581c200, 112;
v0x5a202581c200_113 .array/port v0x5a202581c200, 113;
v0x5a202581c200_114 .array/port v0x5a202581c200, 114;
E_0x5a20257c6530/28 .event anyedge, v0x5a202581c200_111, v0x5a202581c200_112, v0x5a202581c200_113, v0x5a202581c200_114;
v0x5a202581c200_115 .array/port v0x5a202581c200, 115;
v0x5a202581c200_116 .array/port v0x5a202581c200, 116;
v0x5a202581c200_117 .array/port v0x5a202581c200, 117;
v0x5a202581c200_118 .array/port v0x5a202581c200, 118;
E_0x5a20257c6530/29 .event anyedge, v0x5a202581c200_115, v0x5a202581c200_116, v0x5a202581c200_117, v0x5a202581c200_118;
v0x5a202581c200_119 .array/port v0x5a202581c200, 119;
v0x5a202581c200_120 .array/port v0x5a202581c200, 120;
v0x5a202581c200_121 .array/port v0x5a202581c200, 121;
v0x5a202581c200_122 .array/port v0x5a202581c200, 122;
E_0x5a20257c6530/30 .event anyedge, v0x5a202581c200_119, v0x5a202581c200_120, v0x5a202581c200_121, v0x5a202581c200_122;
v0x5a202581c200_123 .array/port v0x5a202581c200, 123;
v0x5a202581c200_124 .array/port v0x5a202581c200, 124;
v0x5a202581c200_125 .array/port v0x5a202581c200, 125;
v0x5a202581c200_126 .array/port v0x5a202581c200, 126;
E_0x5a20257c6530/31 .event anyedge, v0x5a202581c200_123, v0x5a202581c200_124, v0x5a202581c200_125, v0x5a202581c200_126;
v0x5a202581c200_127 .array/port v0x5a202581c200, 127;
v0x5a202581c200_128 .array/port v0x5a202581c200, 128;
v0x5a202581c200_129 .array/port v0x5a202581c200, 129;
v0x5a202581c200_130 .array/port v0x5a202581c200, 130;
E_0x5a20257c6530/32 .event anyedge, v0x5a202581c200_127, v0x5a202581c200_128, v0x5a202581c200_129, v0x5a202581c200_130;
v0x5a202581c200_131 .array/port v0x5a202581c200, 131;
v0x5a202581c200_132 .array/port v0x5a202581c200, 132;
v0x5a202581c200_133 .array/port v0x5a202581c200, 133;
v0x5a202581c200_134 .array/port v0x5a202581c200, 134;
E_0x5a20257c6530/33 .event anyedge, v0x5a202581c200_131, v0x5a202581c200_132, v0x5a202581c200_133, v0x5a202581c200_134;
v0x5a202581c200_135 .array/port v0x5a202581c200, 135;
v0x5a202581c200_136 .array/port v0x5a202581c200, 136;
v0x5a202581c200_137 .array/port v0x5a202581c200, 137;
v0x5a202581c200_138 .array/port v0x5a202581c200, 138;
E_0x5a20257c6530/34 .event anyedge, v0x5a202581c200_135, v0x5a202581c200_136, v0x5a202581c200_137, v0x5a202581c200_138;
v0x5a202581c200_139 .array/port v0x5a202581c200, 139;
v0x5a202581c200_140 .array/port v0x5a202581c200, 140;
v0x5a202581c200_141 .array/port v0x5a202581c200, 141;
v0x5a202581c200_142 .array/port v0x5a202581c200, 142;
E_0x5a20257c6530/35 .event anyedge, v0x5a202581c200_139, v0x5a202581c200_140, v0x5a202581c200_141, v0x5a202581c200_142;
v0x5a202581c200_143 .array/port v0x5a202581c200, 143;
v0x5a202581c200_144 .array/port v0x5a202581c200, 144;
v0x5a202581c200_145 .array/port v0x5a202581c200, 145;
v0x5a202581c200_146 .array/port v0x5a202581c200, 146;
E_0x5a20257c6530/36 .event anyedge, v0x5a202581c200_143, v0x5a202581c200_144, v0x5a202581c200_145, v0x5a202581c200_146;
v0x5a202581c200_147 .array/port v0x5a202581c200, 147;
v0x5a202581c200_148 .array/port v0x5a202581c200, 148;
v0x5a202581c200_149 .array/port v0x5a202581c200, 149;
v0x5a202581c200_150 .array/port v0x5a202581c200, 150;
E_0x5a20257c6530/37 .event anyedge, v0x5a202581c200_147, v0x5a202581c200_148, v0x5a202581c200_149, v0x5a202581c200_150;
v0x5a202581c200_151 .array/port v0x5a202581c200, 151;
v0x5a202581c200_152 .array/port v0x5a202581c200, 152;
v0x5a202581c200_153 .array/port v0x5a202581c200, 153;
v0x5a202581c200_154 .array/port v0x5a202581c200, 154;
E_0x5a20257c6530/38 .event anyedge, v0x5a202581c200_151, v0x5a202581c200_152, v0x5a202581c200_153, v0x5a202581c200_154;
v0x5a202581c200_155 .array/port v0x5a202581c200, 155;
v0x5a202581c200_156 .array/port v0x5a202581c200, 156;
v0x5a202581c200_157 .array/port v0x5a202581c200, 157;
v0x5a202581c200_158 .array/port v0x5a202581c200, 158;
E_0x5a20257c6530/39 .event anyedge, v0x5a202581c200_155, v0x5a202581c200_156, v0x5a202581c200_157, v0x5a202581c200_158;
v0x5a202581c200_159 .array/port v0x5a202581c200, 159;
v0x5a202581c200_160 .array/port v0x5a202581c200, 160;
v0x5a202581c200_161 .array/port v0x5a202581c200, 161;
v0x5a202581c200_162 .array/port v0x5a202581c200, 162;
E_0x5a20257c6530/40 .event anyedge, v0x5a202581c200_159, v0x5a202581c200_160, v0x5a202581c200_161, v0x5a202581c200_162;
v0x5a202581c200_163 .array/port v0x5a202581c200, 163;
v0x5a202581c200_164 .array/port v0x5a202581c200, 164;
v0x5a202581c200_165 .array/port v0x5a202581c200, 165;
v0x5a202581c200_166 .array/port v0x5a202581c200, 166;
E_0x5a20257c6530/41 .event anyedge, v0x5a202581c200_163, v0x5a202581c200_164, v0x5a202581c200_165, v0x5a202581c200_166;
v0x5a202581c200_167 .array/port v0x5a202581c200, 167;
v0x5a202581c200_168 .array/port v0x5a202581c200, 168;
v0x5a202581c200_169 .array/port v0x5a202581c200, 169;
v0x5a202581c200_170 .array/port v0x5a202581c200, 170;
E_0x5a20257c6530/42 .event anyedge, v0x5a202581c200_167, v0x5a202581c200_168, v0x5a202581c200_169, v0x5a202581c200_170;
v0x5a202581c200_171 .array/port v0x5a202581c200, 171;
v0x5a202581c200_172 .array/port v0x5a202581c200, 172;
v0x5a202581c200_173 .array/port v0x5a202581c200, 173;
v0x5a202581c200_174 .array/port v0x5a202581c200, 174;
E_0x5a20257c6530/43 .event anyedge, v0x5a202581c200_171, v0x5a202581c200_172, v0x5a202581c200_173, v0x5a202581c200_174;
v0x5a202581c200_175 .array/port v0x5a202581c200, 175;
v0x5a202581c200_176 .array/port v0x5a202581c200, 176;
v0x5a202581c200_177 .array/port v0x5a202581c200, 177;
v0x5a202581c200_178 .array/port v0x5a202581c200, 178;
E_0x5a20257c6530/44 .event anyedge, v0x5a202581c200_175, v0x5a202581c200_176, v0x5a202581c200_177, v0x5a202581c200_178;
v0x5a202581c200_179 .array/port v0x5a202581c200, 179;
v0x5a202581c200_180 .array/port v0x5a202581c200, 180;
v0x5a202581c200_181 .array/port v0x5a202581c200, 181;
v0x5a202581c200_182 .array/port v0x5a202581c200, 182;
E_0x5a20257c6530/45 .event anyedge, v0x5a202581c200_179, v0x5a202581c200_180, v0x5a202581c200_181, v0x5a202581c200_182;
v0x5a202581c200_183 .array/port v0x5a202581c200, 183;
v0x5a202581c200_184 .array/port v0x5a202581c200, 184;
v0x5a202581c200_185 .array/port v0x5a202581c200, 185;
v0x5a202581c200_186 .array/port v0x5a202581c200, 186;
E_0x5a20257c6530/46 .event anyedge, v0x5a202581c200_183, v0x5a202581c200_184, v0x5a202581c200_185, v0x5a202581c200_186;
v0x5a202581c200_187 .array/port v0x5a202581c200, 187;
v0x5a202581c200_188 .array/port v0x5a202581c200, 188;
v0x5a202581c200_189 .array/port v0x5a202581c200, 189;
v0x5a202581c200_190 .array/port v0x5a202581c200, 190;
E_0x5a20257c6530/47 .event anyedge, v0x5a202581c200_187, v0x5a202581c200_188, v0x5a202581c200_189, v0x5a202581c200_190;
v0x5a202581c200_191 .array/port v0x5a202581c200, 191;
v0x5a202581c200_192 .array/port v0x5a202581c200, 192;
v0x5a202581c200_193 .array/port v0x5a202581c200, 193;
v0x5a202581c200_194 .array/port v0x5a202581c200, 194;
E_0x5a20257c6530/48 .event anyedge, v0x5a202581c200_191, v0x5a202581c200_192, v0x5a202581c200_193, v0x5a202581c200_194;
v0x5a202581c200_195 .array/port v0x5a202581c200, 195;
v0x5a202581c200_196 .array/port v0x5a202581c200, 196;
v0x5a202581c200_197 .array/port v0x5a202581c200, 197;
v0x5a202581c200_198 .array/port v0x5a202581c200, 198;
E_0x5a20257c6530/49 .event anyedge, v0x5a202581c200_195, v0x5a202581c200_196, v0x5a202581c200_197, v0x5a202581c200_198;
v0x5a202581c200_199 .array/port v0x5a202581c200, 199;
v0x5a202581c200_200 .array/port v0x5a202581c200, 200;
v0x5a202581c200_201 .array/port v0x5a202581c200, 201;
v0x5a202581c200_202 .array/port v0x5a202581c200, 202;
E_0x5a20257c6530/50 .event anyedge, v0x5a202581c200_199, v0x5a202581c200_200, v0x5a202581c200_201, v0x5a202581c200_202;
v0x5a202581c200_203 .array/port v0x5a202581c200, 203;
v0x5a202581c200_204 .array/port v0x5a202581c200, 204;
v0x5a202581c200_205 .array/port v0x5a202581c200, 205;
v0x5a202581c200_206 .array/port v0x5a202581c200, 206;
E_0x5a20257c6530/51 .event anyedge, v0x5a202581c200_203, v0x5a202581c200_204, v0x5a202581c200_205, v0x5a202581c200_206;
v0x5a202581c200_207 .array/port v0x5a202581c200, 207;
v0x5a202581c200_208 .array/port v0x5a202581c200, 208;
v0x5a202581c200_209 .array/port v0x5a202581c200, 209;
v0x5a202581c200_210 .array/port v0x5a202581c200, 210;
E_0x5a20257c6530/52 .event anyedge, v0x5a202581c200_207, v0x5a202581c200_208, v0x5a202581c200_209, v0x5a202581c200_210;
v0x5a202581c200_211 .array/port v0x5a202581c200, 211;
v0x5a202581c200_212 .array/port v0x5a202581c200, 212;
v0x5a202581c200_213 .array/port v0x5a202581c200, 213;
v0x5a202581c200_214 .array/port v0x5a202581c200, 214;
E_0x5a20257c6530/53 .event anyedge, v0x5a202581c200_211, v0x5a202581c200_212, v0x5a202581c200_213, v0x5a202581c200_214;
v0x5a202581c200_215 .array/port v0x5a202581c200, 215;
v0x5a202581c200_216 .array/port v0x5a202581c200, 216;
v0x5a202581c200_217 .array/port v0x5a202581c200, 217;
v0x5a202581c200_218 .array/port v0x5a202581c200, 218;
E_0x5a20257c6530/54 .event anyedge, v0x5a202581c200_215, v0x5a202581c200_216, v0x5a202581c200_217, v0x5a202581c200_218;
v0x5a202581c200_219 .array/port v0x5a202581c200, 219;
v0x5a202581c200_220 .array/port v0x5a202581c200, 220;
v0x5a202581c200_221 .array/port v0x5a202581c200, 221;
v0x5a202581c200_222 .array/port v0x5a202581c200, 222;
E_0x5a20257c6530/55 .event anyedge, v0x5a202581c200_219, v0x5a202581c200_220, v0x5a202581c200_221, v0x5a202581c200_222;
v0x5a202581c200_223 .array/port v0x5a202581c200, 223;
v0x5a202581c200_224 .array/port v0x5a202581c200, 224;
v0x5a202581c200_225 .array/port v0x5a202581c200, 225;
v0x5a202581c200_226 .array/port v0x5a202581c200, 226;
E_0x5a20257c6530/56 .event anyedge, v0x5a202581c200_223, v0x5a202581c200_224, v0x5a202581c200_225, v0x5a202581c200_226;
v0x5a202581c200_227 .array/port v0x5a202581c200, 227;
v0x5a202581c200_228 .array/port v0x5a202581c200, 228;
v0x5a202581c200_229 .array/port v0x5a202581c200, 229;
v0x5a202581c200_230 .array/port v0x5a202581c200, 230;
E_0x5a20257c6530/57 .event anyedge, v0x5a202581c200_227, v0x5a202581c200_228, v0x5a202581c200_229, v0x5a202581c200_230;
v0x5a202581c200_231 .array/port v0x5a202581c200, 231;
v0x5a202581c200_232 .array/port v0x5a202581c200, 232;
v0x5a202581c200_233 .array/port v0x5a202581c200, 233;
v0x5a202581c200_234 .array/port v0x5a202581c200, 234;
E_0x5a20257c6530/58 .event anyedge, v0x5a202581c200_231, v0x5a202581c200_232, v0x5a202581c200_233, v0x5a202581c200_234;
v0x5a202581c200_235 .array/port v0x5a202581c200, 235;
v0x5a202581c200_236 .array/port v0x5a202581c200, 236;
v0x5a202581c200_237 .array/port v0x5a202581c200, 237;
v0x5a202581c200_238 .array/port v0x5a202581c200, 238;
E_0x5a20257c6530/59 .event anyedge, v0x5a202581c200_235, v0x5a202581c200_236, v0x5a202581c200_237, v0x5a202581c200_238;
v0x5a202581c200_239 .array/port v0x5a202581c200, 239;
v0x5a202581c200_240 .array/port v0x5a202581c200, 240;
v0x5a202581c200_241 .array/port v0x5a202581c200, 241;
v0x5a202581c200_242 .array/port v0x5a202581c200, 242;
E_0x5a20257c6530/60 .event anyedge, v0x5a202581c200_239, v0x5a202581c200_240, v0x5a202581c200_241, v0x5a202581c200_242;
v0x5a202581c200_243 .array/port v0x5a202581c200, 243;
v0x5a202581c200_244 .array/port v0x5a202581c200, 244;
v0x5a202581c200_245 .array/port v0x5a202581c200, 245;
v0x5a202581c200_246 .array/port v0x5a202581c200, 246;
E_0x5a20257c6530/61 .event anyedge, v0x5a202581c200_243, v0x5a202581c200_244, v0x5a202581c200_245, v0x5a202581c200_246;
v0x5a202581c200_247 .array/port v0x5a202581c200, 247;
v0x5a202581c200_248 .array/port v0x5a202581c200, 248;
v0x5a202581c200_249 .array/port v0x5a202581c200, 249;
v0x5a202581c200_250 .array/port v0x5a202581c200, 250;
E_0x5a20257c6530/62 .event anyedge, v0x5a202581c200_247, v0x5a202581c200_248, v0x5a202581c200_249, v0x5a202581c200_250;
v0x5a202581c200_251 .array/port v0x5a202581c200, 251;
v0x5a202581c200_252 .array/port v0x5a202581c200, 252;
v0x5a202581c200_253 .array/port v0x5a202581c200, 253;
v0x5a202581c200_254 .array/port v0x5a202581c200, 254;
E_0x5a20257c6530/63 .event anyedge, v0x5a202581c200_251, v0x5a202581c200_252, v0x5a202581c200_253, v0x5a202581c200_254;
v0x5a202581c200_255 .array/port v0x5a202581c200, 255;
v0x5a202581c200_256 .array/port v0x5a202581c200, 256;
v0x5a202581c200_257 .array/port v0x5a202581c200, 257;
v0x5a202581c200_258 .array/port v0x5a202581c200, 258;
E_0x5a20257c6530/64 .event anyedge, v0x5a202581c200_255, v0x5a202581c200_256, v0x5a202581c200_257, v0x5a202581c200_258;
v0x5a202581c200_259 .array/port v0x5a202581c200, 259;
v0x5a202581c200_260 .array/port v0x5a202581c200, 260;
v0x5a202581c200_261 .array/port v0x5a202581c200, 261;
v0x5a202581c200_262 .array/port v0x5a202581c200, 262;
E_0x5a20257c6530/65 .event anyedge, v0x5a202581c200_259, v0x5a202581c200_260, v0x5a202581c200_261, v0x5a202581c200_262;
v0x5a202581c200_263 .array/port v0x5a202581c200, 263;
v0x5a202581c200_264 .array/port v0x5a202581c200, 264;
v0x5a202581c200_265 .array/port v0x5a202581c200, 265;
v0x5a202581c200_266 .array/port v0x5a202581c200, 266;
E_0x5a20257c6530/66 .event anyedge, v0x5a202581c200_263, v0x5a202581c200_264, v0x5a202581c200_265, v0x5a202581c200_266;
v0x5a202581c200_267 .array/port v0x5a202581c200, 267;
v0x5a202581c200_268 .array/port v0x5a202581c200, 268;
v0x5a202581c200_269 .array/port v0x5a202581c200, 269;
v0x5a202581c200_270 .array/port v0x5a202581c200, 270;
E_0x5a20257c6530/67 .event anyedge, v0x5a202581c200_267, v0x5a202581c200_268, v0x5a202581c200_269, v0x5a202581c200_270;
v0x5a202581c200_271 .array/port v0x5a202581c200, 271;
v0x5a202581c200_272 .array/port v0x5a202581c200, 272;
v0x5a202581c200_273 .array/port v0x5a202581c200, 273;
v0x5a202581c200_274 .array/port v0x5a202581c200, 274;
E_0x5a20257c6530/68 .event anyedge, v0x5a202581c200_271, v0x5a202581c200_272, v0x5a202581c200_273, v0x5a202581c200_274;
v0x5a202581c200_275 .array/port v0x5a202581c200, 275;
v0x5a202581c200_276 .array/port v0x5a202581c200, 276;
v0x5a202581c200_277 .array/port v0x5a202581c200, 277;
v0x5a202581c200_278 .array/port v0x5a202581c200, 278;
E_0x5a20257c6530/69 .event anyedge, v0x5a202581c200_275, v0x5a202581c200_276, v0x5a202581c200_277, v0x5a202581c200_278;
v0x5a202581c200_279 .array/port v0x5a202581c200, 279;
v0x5a202581c200_280 .array/port v0x5a202581c200, 280;
v0x5a202581c200_281 .array/port v0x5a202581c200, 281;
v0x5a202581c200_282 .array/port v0x5a202581c200, 282;
E_0x5a20257c6530/70 .event anyedge, v0x5a202581c200_279, v0x5a202581c200_280, v0x5a202581c200_281, v0x5a202581c200_282;
v0x5a202581c200_283 .array/port v0x5a202581c200, 283;
v0x5a202581c200_284 .array/port v0x5a202581c200, 284;
v0x5a202581c200_285 .array/port v0x5a202581c200, 285;
v0x5a202581c200_286 .array/port v0x5a202581c200, 286;
E_0x5a20257c6530/71 .event anyedge, v0x5a202581c200_283, v0x5a202581c200_284, v0x5a202581c200_285, v0x5a202581c200_286;
v0x5a202581c200_287 .array/port v0x5a202581c200, 287;
v0x5a202581c200_288 .array/port v0x5a202581c200, 288;
v0x5a202581c200_289 .array/port v0x5a202581c200, 289;
v0x5a202581c200_290 .array/port v0x5a202581c200, 290;
E_0x5a20257c6530/72 .event anyedge, v0x5a202581c200_287, v0x5a202581c200_288, v0x5a202581c200_289, v0x5a202581c200_290;
v0x5a202581c200_291 .array/port v0x5a202581c200, 291;
v0x5a202581c200_292 .array/port v0x5a202581c200, 292;
v0x5a202581c200_293 .array/port v0x5a202581c200, 293;
v0x5a202581c200_294 .array/port v0x5a202581c200, 294;
E_0x5a20257c6530/73 .event anyedge, v0x5a202581c200_291, v0x5a202581c200_292, v0x5a202581c200_293, v0x5a202581c200_294;
v0x5a202581c200_295 .array/port v0x5a202581c200, 295;
v0x5a202581c200_296 .array/port v0x5a202581c200, 296;
v0x5a202581c200_297 .array/port v0x5a202581c200, 297;
v0x5a202581c200_298 .array/port v0x5a202581c200, 298;
E_0x5a20257c6530/74 .event anyedge, v0x5a202581c200_295, v0x5a202581c200_296, v0x5a202581c200_297, v0x5a202581c200_298;
v0x5a202581c200_299 .array/port v0x5a202581c200, 299;
v0x5a202581c200_300 .array/port v0x5a202581c200, 300;
v0x5a202581c200_301 .array/port v0x5a202581c200, 301;
v0x5a202581c200_302 .array/port v0x5a202581c200, 302;
E_0x5a20257c6530/75 .event anyedge, v0x5a202581c200_299, v0x5a202581c200_300, v0x5a202581c200_301, v0x5a202581c200_302;
v0x5a202581c200_303 .array/port v0x5a202581c200, 303;
v0x5a202581c200_304 .array/port v0x5a202581c200, 304;
v0x5a202581c200_305 .array/port v0x5a202581c200, 305;
v0x5a202581c200_306 .array/port v0x5a202581c200, 306;
E_0x5a20257c6530/76 .event anyedge, v0x5a202581c200_303, v0x5a202581c200_304, v0x5a202581c200_305, v0x5a202581c200_306;
v0x5a202581c200_307 .array/port v0x5a202581c200, 307;
v0x5a202581c200_308 .array/port v0x5a202581c200, 308;
v0x5a202581c200_309 .array/port v0x5a202581c200, 309;
v0x5a202581c200_310 .array/port v0x5a202581c200, 310;
E_0x5a20257c6530/77 .event anyedge, v0x5a202581c200_307, v0x5a202581c200_308, v0x5a202581c200_309, v0x5a202581c200_310;
v0x5a202581c200_311 .array/port v0x5a202581c200, 311;
v0x5a202581c200_312 .array/port v0x5a202581c200, 312;
v0x5a202581c200_313 .array/port v0x5a202581c200, 313;
v0x5a202581c200_314 .array/port v0x5a202581c200, 314;
E_0x5a20257c6530/78 .event anyedge, v0x5a202581c200_311, v0x5a202581c200_312, v0x5a202581c200_313, v0x5a202581c200_314;
v0x5a202581c200_315 .array/port v0x5a202581c200, 315;
v0x5a202581c200_316 .array/port v0x5a202581c200, 316;
v0x5a202581c200_317 .array/port v0x5a202581c200, 317;
v0x5a202581c200_318 .array/port v0x5a202581c200, 318;
E_0x5a20257c6530/79 .event anyedge, v0x5a202581c200_315, v0x5a202581c200_316, v0x5a202581c200_317, v0x5a202581c200_318;
v0x5a202581c200_319 .array/port v0x5a202581c200, 319;
v0x5a202581c200_320 .array/port v0x5a202581c200, 320;
v0x5a202581c200_321 .array/port v0x5a202581c200, 321;
v0x5a202581c200_322 .array/port v0x5a202581c200, 322;
E_0x5a20257c6530/80 .event anyedge, v0x5a202581c200_319, v0x5a202581c200_320, v0x5a202581c200_321, v0x5a202581c200_322;
v0x5a202581c200_323 .array/port v0x5a202581c200, 323;
v0x5a202581c200_324 .array/port v0x5a202581c200, 324;
v0x5a202581c200_325 .array/port v0x5a202581c200, 325;
v0x5a202581c200_326 .array/port v0x5a202581c200, 326;
E_0x5a20257c6530/81 .event anyedge, v0x5a202581c200_323, v0x5a202581c200_324, v0x5a202581c200_325, v0x5a202581c200_326;
v0x5a202581c200_327 .array/port v0x5a202581c200, 327;
v0x5a202581c200_328 .array/port v0x5a202581c200, 328;
v0x5a202581c200_329 .array/port v0x5a202581c200, 329;
v0x5a202581c200_330 .array/port v0x5a202581c200, 330;
E_0x5a20257c6530/82 .event anyedge, v0x5a202581c200_327, v0x5a202581c200_328, v0x5a202581c200_329, v0x5a202581c200_330;
v0x5a202581c200_331 .array/port v0x5a202581c200, 331;
v0x5a202581c200_332 .array/port v0x5a202581c200, 332;
v0x5a202581c200_333 .array/port v0x5a202581c200, 333;
v0x5a202581c200_334 .array/port v0x5a202581c200, 334;
E_0x5a20257c6530/83 .event anyedge, v0x5a202581c200_331, v0x5a202581c200_332, v0x5a202581c200_333, v0x5a202581c200_334;
v0x5a202581c200_335 .array/port v0x5a202581c200, 335;
v0x5a202581c200_336 .array/port v0x5a202581c200, 336;
v0x5a202581c200_337 .array/port v0x5a202581c200, 337;
v0x5a202581c200_338 .array/port v0x5a202581c200, 338;
E_0x5a20257c6530/84 .event anyedge, v0x5a202581c200_335, v0x5a202581c200_336, v0x5a202581c200_337, v0x5a202581c200_338;
v0x5a202581c200_339 .array/port v0x5a202581c200, 339;
v0x5a202581c200_340 .array/port v0x5a202581c200, 340;
v0x5a202581c200_341 .array/port v0x5a202581c200, 341;
v0x5a202581c200_342 .array/port v0x5a202581c200, 342;
E_0x5a20257c6530/85 .event anyedge, v0x5a202581c200_339, v0x5a202581c200_340, v0x5a202581c200_341, v0x5a202581c200_342;
v0x5a202581c200_343 .array/port v0x5a202581c200, 343;
v0x5a202581c200_344 .array/port v0x5a202581c200, 344;
v0x5a202581c200_345 .array/port v0x5a202581c200, 345;
v0x5a202581c200_346 .array/port v0x5a202581c200, 346;
E_0x5a20257c6530/86 .event anyedge, v0x5a202581c200_343, v0x5a202581c200_344, v0x5a202581c200_345, v0x5a202581c200_346;
v0x5a202581c200_347 .array/port v0x5a202581c200, 347;
v0x5a202581c200_348 .array/port v0x5a202581c200, 348;
v0x5a202581c200_349 .array/port v0x5a202581c200, 349;
v0x5a202581c200_350 .array/port v0x5a202581c200, 350;
E_0x5a20257c6530/87 .event anyedge, v0x5a202581c200_347, v0x5a202581c200_348, v0x5a202581c200_349, v0x5a202581c200_350;
v0x5a202581c200_351 .array/port v0x5a202581c200, 351;
v0x5a202581c200_352 .array/port v0x5a202581c200, 352;
v0x5a202581c200_353 .array/port v0x5a202581c200, 353;
v0x5a202581c200_354 .array/port v0x5a202581c200, 354;
E_0x5a20257c6530/88 .event anyedge, v0x5a202581c200_351, v0x5a202581c200_352, v0x5a202581c200_353, v0x5a202581c200_354;
v0x5a202581c200_355 .array/port v0x5a202581c200, 355;
v0x5a202581c200_356 .array/port v0x5a202581c200, 356;
v0x5a202581c200_357 .array/port v0x5a202581c200, 357;
v0x5a202581c200_358 .array/port v0x5a202581c200, 358;
E_0x5a20257c6530/89 .event anyedge, v0x5a202581c200_355, v0x5a202581c200_356, v0x5a202581c200_357, v0x5a202581c200_358;
v0x5a202581c200_359 .array/port v0x5a202581c200, 359;
v0x5a202581c200_360 .array/port v0x5a202581c200, 360;
v0x5a202581c200_361 .array/port v0x5a202581c200, 361;
v0x5a202581c200_362 .array/port v0x5a202581c200, 362;
E_0x5a20257c6530/90 .event anyedge, v0x5a202581c200_359, v0x5a202581c200_360, v0x5a202581c200_361, v0x5a202581c200_362;
v0x5a202581c200_363 .array/port v0x5a202581c200, 363;
v0x5a202581c200_364 .array/port v0x5a202581c200, 364;
v0x5a202581c200_365 .array/port v0x5a202581c200, 365;
v0x5a202581c200_366 .array/port v0x5a202581c200, 366;
E_0x5a20257c6530/91 .event anyedge, v0x5a202581c200_363, v0x5a202581c200_364, v0x5a202581c200_365, v0x5a202581c200_366;
v0x5a202581c200_367 .array/port v0x5a202581c200, 367;
v0x5a202581c200_368 .array/port v0x5a202581c200, 368;
v0x5a202581c200_369 .array/port v0x5a202581c200, 369;
v0x5a202581c200_370 .array/port v0x5a202581c200, 370;
E_0x5a20257c6530/92 .event anyedge, v0x5a202581c200_367, v0x5a202581c200_368, v0x5a202581c200_369, v0x5a202581c200_370;
v0x5a202581c200_371 .array/port v0x5a202581c200, 371;
v0x5a202581c200_372 .array/port v0x5a202581c200, 372;
v0x5a202581c200_373 .array/port v0x5a202581c200, 373;
v0x5a202581c200_374 .array/port v0x5a202581c200, 374;
E_0x5a20257c6530/93 .event anyedge, v0x5a202581c200_371, v0x5a202581c200_372, v0x5a202581c200_373, v0x5a202581c200_374;
v0x5a202581c200_375 .array/port v0x5a202581c200, 375;
v0x5a202581c200_376 .array/port v0x5a202581c200, 376;
v0x5a202581c200_377 .array/port v0x5a202581c200, 377;
v0x5a202581c200_378 .array/port v0x5a202581c200, 378;
E_0x5a20257c6530/94 .event anyedge, v0x5a202581c200_375, v0x5a202581c200_376, v0x5a202581c200_377, v0x5a202581c200_378;
v0x5a202581c200_379 .array/port v0x5a202581c200, 379;
v0x5a202581c200_380 .array/port v0x5a202581c200, 380;
v0x5a202581c200_381 .array/port v0x5a202581c200, 381;
v0x5a202581c200_382 .array/port v0x5a202581c200, 382;
E_0x5a20257c6530/95 .event anyedge, v0x5a202581c200_379, v0x5a202581c200_380, v0x5a202581c200_381, v0x5a202581c200_382;
v0x5a202581c200_383 .array/port v0x5a202581c200, 383;
v0x5a202581c200_384 .array/port v0x5a202581c200, 384;
v0x5a202581c200_385 .array/port v0x5a202581c200, 385;
v0x5a202581c200_386 .array/port v0x5a202581c200, 386;
E_0x5a20257c6530/96 .event anyedge, v0x5a202581c200_383, v0x5a202581c200_384, v0x5a202581c200_385, v0x5a202581c200_386;
v0x5a202581c200_387 .array/port v0x5a202581c200, 387;
v0x5a202581c200_388 .array/port v0x5a202581c200, 388;
v0x5a202581c200_389 .array/port v0x5a202581c200, 389;
v0x5a202581c200_390 .array/port v0x5a202581c200, 390;
E_0x5a20257c6530/97 .event anyedge, v0x5a202581c200_387, v0x5a202581c200_388, v0x5a202581c200_389, v0x5a202581c200_390;
v0x5a202581c200_391 .array/port v0x5a202581c200, 391;
v0x5a202581c200_392 .array/port v0x5a202581c200, 392;
v0x5a202581c200_393 .array/port v0x5a202581c200, 393;
v0x5a202581c200_394 .array/port v0x5a202581c200, 394;
E_0x5a20257c6530/98 .event anyedge, v0x5a202581c200_391, v0x5a202581c200_392, v0x5a202581c200_393, v0x5a202581c200_394;
v0x5a202581c200_395 .array/port v0x5a202581c200, 395;
v0x5a202581c200_396 .array/port v0x5a202581c200, 396;
v0x5a202581c200_397 .array/port v0x5a202581c200, 397;
v0x5a202581c200_398 .array/port v0x5a202581c200, 398;
E_0x5a20257c6530/99 .event anyedge, v0x5a202581c200_395, v0x5a202581c200_396, v0x5a202581c200_397, v0x5a202581c200_398;
v0x5a202581c200_399 .array/port v0x5a202581c200, 399;
v0x5a202581c200_400 .array/port v0x5a202581c200, 400;
v0x5a202581c200_401 .array/port v0x5a202581c200, 401;
v0x5a202581c200_402 .array/port v0x5a202581c200, 402;
E_0x5a20257c6530/100 .event anyedge, v0x5a202581c200_399, v0x5a202581c200_400, v0x5a202581c200_401, v0x5a202581c200_402;
v0x5a202581c200_403 .array/port v0x5a202581c200, 403;
v0x5a202581c200_404 .array/port v0x5a202581c200, 404;
v0x5a202581c200_405 .array/port v0x5a202581c200, 405;
v0x5a202581c200_406 .array/port v0x5a202581c200, 406;
E_0x5a20257c6530/101 .event anyedge, v0x5a202581c200_403, v0x5a202581c200_404, v0x5a202581c200_405, v0x5a202581c200_406;
v0x5a202581c200_407 .array/port v0x5a202581c200, 407;
v0x5a202581c200_408 .array/port v0x5a202581c200, 408;
v0x5a202581c200_409 .array/port v0x5a202581c200, 409;
v0x5a202581c200_410 .array/port v0x5a202581c200, 410;
E_0x5a20257c6530/102 .event anyedge, v0x5a202581c200_407, v0x5a202581c200_408, v0x5a202581c200_409, v0x5a202581c200_410;
v0x5a202581c200_411 .array/port v0x5a202581c200, 411;
v0x5a202581c200_412 .array/port v0x5a202581c200, 412;
v0x5a202581c200_413 .array/port v0x5a202581c200, 413;
v0x5a202581c200_414 .array/port v0x5a202581c200, 414;
E_0x5a20257c6530/103 .event anyedge, v0x5a202581c200_411, v0x5a202581c200_412, v0x5a202581c200_413, v0x5a202581c200_414;
v0x5a202581c200_415 .array/port v0x5a202581c200, 415;
v0x5a202581c200_416 .array/port v0x5a202581c200, 416;
v0x5a202581c200_417 .array/port v0x5a202581c200, 417;
v0x5a202581c200_418 .array/port v0x5a202581c200, 418;
E_0x5a20257c6530/104 .event anyedge, v0x5a202581c200_415, v0x5a202581c200_416, v0x5a202581c200_417, v0x5a202581c200_418;
v0x5a202581c200_419 .array/port v0x5a202581c200, 419;
v0x5a202581c200_420 .array/port v0x5a202581c200, 420;
v0x5a202581c200_421 .array/port v0x5a202581c200, 421;
v0x5a202581c200_422 .array/port v0x5a202581c200, 422;
E_0x5a20257c6530/105 .event anyedge, v0x5a202581c200_419, v0x5a202581c200_420, v0x5a202581c200_421, v0x5a202581c200_422;
v0x5a202581c200_423 .array/port v0x5a202581c200, 423;
v0x5a202581c200_424 .array/port v0x5a202581c200, 424;
v0x5a202581c200_425 .array/port v0x5a202581c200, 425;
v0x5a202581c200_426 .array/port v0x5a202581c200, 426;
E_0x5a20257c6530/106 .event anyedge, v0x5a202581c200_423, v0x5a202581c200_424, v0x5a202581c200_425, v0x5a202581c200_426;
v0x5a202581c200_427 .array/port v0x5a202581c200, 427;
v0x5a202581c200_428 .array/port v0x5a202581c200, 428;
v0x5a202581c200_429 .array/port v0x5a202581c200, 429;
v0x5a202581c200_430 .array/port v0x5a202581c200, 430;
E_0x5a20257c6530/107 .event anyedge, v0x5a202581c200_427, v0x5a202581c200_428, v0x5a202581c200_429, v0x5a202581c200_430;
v0x5a202581c200_431 .array/port v0x5a202581c200, 431;
v0x5a202581c200_432 .array/port v0x5a202581c200, 432;
v0x5a202581c200_433 .array/port v0x5a202581c200, 433;
v0x5a202581c200_434 .array/port v0x5a202581c200, 434;
E_0x5a20257c6530/108 .event anyedge, v0x5a202581c200_431, v0x5a202581c200_432, v0x5a202581c200_433, v0x5a202581c200_434;
v0x5a202581c200_435 .array/port v0x5a202581c200, 435;
v0x5a202581c200_436 .array/port v0x5a202581c200, 436;
v0x5a202581c200_437 .array/port v0x5a202581c200, 437;
v0x5a202581c200_438 .array/port v0x5a202581c200, 438;
E_0x5a20257c6530/109 .event anyedge, v0x5a202581c200_435, v0x5a202581c200_436, v0x5a202581c200_437, v0x5a202581c200_438;
v0x5a202581c200_439 .array/port v0x5a202581c200, 439;
v0x5a202581c200_440 .array/port v0x5a202581c200, 440;
v0x5a202581c200_441 .array/port v0x5a202581c200, 441;
v0x5a202581c200_442 .array/port v0x5a202581c200, 442;
E_0x5a20257c6530/110 .event anyedge, v0x5a202581c200_439, v0x5a202581c200_440, v0x5a202581c200_441, v0x5a202581c200_442;
v0x5a202581c200_443 .array/port v0x5a202581c200, 443;
v0x5a202581c200_444 .array/port v0x5a202581c200, 444;
v0x5a202581c200_445 .array/port v0x5a202581c200, 445;
v0x5a202581c200_446 .array/port v0x5a202581c200, 446;
E_0x5a20257c6530/111 .event anyedge, v0x5a202581c200_443, v0x5a202581c200_444, v0x5a202581c200_445, v0x5a202581c200_446;
v0x5a202581c200_447 .array/port v0x5a202581c200, 447;
v0x5a202581c200_448 .array/port v0x5a202581c200, 448;
v0x5a202581c200_449 .array/port v0x5a202581c200, 449;
v0x5a202581c200_450 .array/port v0x5a202581c200, 450;
E_0x5a20257c6530/112 .event anyedge, v0x5a202581c200_447, v0x5a202581c200_448, v0x5a202581c200_449, v0x5a202581c200_450;
v0x5a202581c200_451 .array/port v0x5a202581c200, 451;
v0x5a202581c200_452 .array/port v0x5a202581c200, 452;
v0x5a202581c200_453 .array/port v0x5a202581c200, 453;
v0x5a202581c200_454 .array/port v0x5a202581c200, 454;
E_0x5a20257c6530/113 .event anyedge, v0x5a202581c200_451, v0x5a202581c200_452, v0x5a202581c200_453, v0x5a202581c200_454;
v0x5a202581c200_455 .array/port v0x5a202581c200, 455;
v0x5a202581c200_456 .array/port v0x5a202581c200, 456;
v0x5a202581c200_457 .array/port v0x5a202581c200, 457;
v0x5a202581c200_458 .array/port v0x5a202581c200, 458;
E_0x5a20257c6530/114 .event anyedge, v0x5a202581c200_455, v0x5a202581c200_456, v0x5a202581c200_457, v0x5a202581c200_458;
v0x5a202581c200_459 .array/port v0x5a202581c200, 459;
v0x5a202581c200_460 .array/port v0x5a202581c200, 460;
v0x5a202581c200_461 .array/port v0x5a202581c200, 461;
v0x5a202581c200_462 .array/port v0x5a202581c200, 462;
E_0x5a20257c6530/115 .event anyedge, v0x5a202581c200_459, v0x5a202581c200_460, v0x5a202581c200_461, v0x5a202581c200_462;
v0x5a202581c200_463 .array/port v0x5a202581c200, 463;
v0x5a202581c200_464 .array/port v0x5a202581c200, 464;
v0x5a202581c200_465 .array/port v0x5a202581c200, 465;
v0x5a202581c200_466 .array/port v0x5a202581c200, 466;
E_0x5a20257c6530/116 .event anyedge, v0x5a202581c200_463, v0x5a202581c200_464, v0x5a202581c200_465, v0x5a202581c200_466;
v0x5a202581c200_467 .array/port v0x5a202581c200, 467;
v0x5a202581c200_468 .array/port v0x5a202581c200, 468;
v0x5a202581c200_469 .array/port v0x5a202581c200, 469;
v0x5a202581c200_470 .array/port v0x5a202581c200, 470;
E_0x5a20257c6530/117 .event anyedge, v0x5a202581c200_467, v0x5a202581c200_468, v0x5a202581c200_469, v0x5a202581c200_470;
v0x5a202581c200_471 .array/port v0x5a202581c200, 471;
v0x5a202581c200_472 .array/port v0x5a202581c200, 472;
v0x5a202581c200_473 .array/port v0x5a202581c200, 473;
v0x5a202581c200_474 .array/port v0x5a202581c200, 474;
E_0x5a20257c6530/118 .event anyedge, v0x5a202581c200_471, v0x5a202581c200_472, v0x5a202581c200_473, v0x5a202581c200_474;
v0x5a202581c200_475 .array/port v0x5a202581c200, 475;
v0x5a202581c200_476 .array/port v0x5a202581c200, 476;
v0x5a202581c200_477 .array/port v0x5a202581c200, 477;
v0x5a202581c200_478 .array/port v0x5a202581c200, 478;
E_0x5a20257c6530/119 .event anyedge, v0x5a202581c200_475, v0x5a202581c200_476, v0x5a202581c200_477, v0x5a202581c200_478;
v0x5a202581c200_479 .array/port v0x5a202581c200, 479;
v0x5a202581c200_480 .array/port v0x5a202581c200, 480;
v0x5a202581c200_481 .array/port v0x5a202581c200, 481;
v0x5a202581c200_482 .array/port v0x5a202581c200, 482;
E_0x5a20257c6530/120 .event anyedge, v0x5a202581c200_479, v0x5a202581c200_480, v0x5a202581c200_481, v0x5a202581c200_482;
v0x5a202581c200_483 .array/port v0x5a202581c200, 483;
v0x5a202581c200_484 .array/port v0x5a202581c200, 484;
v0x5a202581c200_485 .array/port v0x5a202581c200, 485;
v0x5a202581c200_486 .array/port v0x5a202581c200, 486;
E_0x5a20257c6530/121 .event anyedge, v0x5a202581c200_483, v0x5a202581c200_484, v0x5a202581c200_485, v0x5a202581c200_486;
v0x5a202581c200_487 .array/port v0x5a202581c200, 487;
v0x5a202581c200_488 .array/port v0x5a202581c200, 488;
v0x5a202581c200_489 .array/port v0x5a202581c200, 489;
v0x5a202581c200_490 .array/port v0x5a202581c200, 490;
E_0x5a20257c6530/122 .event anyedge, v0x5a202581c200_487, v0x5a202581c200_488, v0x5a202581c200_489, v0x5a202581c200_490;
v0x5a202581c200_491 .array/port v0x5a202581c200, 491;
v0x5a202581c200_492 .array/port v0x5a202581c200, 492;
v0x5a202581c200_493 .array/port v0x5a202581c200, 493;
v0x5a202581c200_494 .array/port v0x5a202581c200, 494;
E_0x5a20257c6530/123 .event anyedge, v0x5a202581c200_491, v0x5a202581c200_492, v0x5a202581c200_493, v0x5a202581c200_494;
v0x5a202581c200_495 .array/port v0x5a202581c200, 495;
v0x5a202581c200_496 .array/port v0x5a202581c200, 496;
v0x5a202581c200_497 .array/port v0x5a202581c200, 497;
v0x5a202581c200_498 .array/port v0x5a202581c200, 498;
E_0x5a20257c6530/124 .event anyedge, v0x5a202581c200_495, v0x5a202581c200_496, v0x5a202581c200_497, v0x5a202581c200_498;
v0x5a202581c200_499 .array/port v0x5a202581c200, 499;
v0x5a202581c200_500 .array/port v0x5a202581c200, 500;
v0x5a202581c200_501 .array/port v0x5a202581c200, 501;
v0x5a202581c200_502 .array/port v0x5a202581c200, 502;
E_0x5a20257c6530/125 .event anyedge, v0x5a202581c200_499, v0x5a202581c200_500, v0x5a202581c200_501, v0x5a202581c200_502;
v0x5a202581c200_503 .array/port v0x5a202581c200, 503;
v0x5a202581c200_504 .array/port v0x5a202581c200, 504;
v0x5a202581c200_505 .array/port v0x5a202581c200, 505;
v0x5a202581c200_506 .array/port v0x5a202581c200, 506;
E_0x5a20257c6530/126 .event anyedge, v0x5a202581c200_503, v0x5a202581c200_504, v0x5a202581c200_505, v0x5a202581c200_506;
v0x5a202581c200_507 .array/port v0x5a202581c200, 507;
v0x5a202581c200_508 .array/port v0x5a202581c200, 508;
v0x5a202581c200_509 .array/port v0x5a202581c200, 509;
v0x5a202581c200_510 .array/port v0x5a202581c200, 510;
E_0x5a20257c6530/127 .event anyedge, v0x5a202581c200_507, v0x5a202581c200_508, v0x5a202581c200_509, v0x5a202581c200_510;
v0x5a202581c200_511 .array/port v0x5a202581c200, 511;
v0x5a202581c200_512 .array/port v0x5a202581c200, 512;
v0x5a202581c200_513 .array/port v0x5a202581c200, 513;
v0x5a202581c200_514 .array/port v0x5a202581c200, 514;
E_0x5a20257c6530/128 .event anyedge, v0x5a202581c200_511, v0x5a202581c200_512, v0x5a202581c200_513, v0x5a202581c200_514;
v0x5a202581c200_515 .array/port v0x5a202581c200, 515;
v0x5a202581c200_516 .array/port v0x5a202581c200, 516;
v0x5a202581c200_517 .array/port v0x5a202581c200, 517;
v0x5a202581c200_518 .array/port v0x5a202581c200, 518;
E_0x5a20257c6530/129 .event anyedge, v0x5a202581c200_515, v0x5a202581c200_516, v0x5a202581c200_517, v0x5a202581c200_518;
v0x5a202581c200_519 .array/port v0x5a202581c200, 519;
v0x5a202581c200_520 .array/port v0x5a202581c200, 520;
v0x5a202581c200_521 .array/port v0x5a202581c200, 521;
v0x5a202581c200_522 .array/port v0x5a202581c200, 522;
E_0x5a20257c6530/130 .event anyedge, v0x5a202581c200_519, v0x5a202581c200_520, v0x5a202581c200_521, v0x5a202581c200_522;
v0x5a202581c200_523 .array/port v0x5a202581c200, 523;
v0x5a202581c200_524 .array/port v0x5a202581c200, 524;
v0x5a202581c200_525 .array/port v0x5a202581c200, 525;
v0x5a202581c200_526 .array/port v0x5a202581c200, 526;
E_0x5a20257c6530/131 .event anyedge, v0x5a202581c200_523, v0x5a202581c200_524, v0x5a202581c200_525, v0x5a202581c200_526;
v0x5a202581c200_527 .array/port v0x5a202581c200, 527;
v0x5a202581c200_528 .array/port v0x5a202581c200, 528;
v0x5a202581c200_529 .array/port v0x5a202581c200, 529;
v0x5a202581c200_530 .array/port v0x5a202581c200, 530;
E_0x5a20257c6530/132 .event anyedge, v0x5a202581c200_527, v0x5a202581c200_528, v0x5a202581c200_529, v0x5a202581c200_530;
v0x5a202581c200_531 .array/port v0x5a202581c200, 531;
v0x5a202581c200_532 .array/port v0x5a202581c200, 532;
v0x5a202581c200_533 .array/port v0x5a202581c200, 533;
v0x5a202581c200_534 .array/port v0x5a202581c200, 534;
E_0x5a20257c6530/133 .event anyedge, v0x5a202581c200_531, v0x5a202581c200_532, v0x5a202581c200_533, v0x5a202581c200_534;
v0x5a202581c200_535 .array/port v0x5a202581c200, 535;
v0x5a202581c200_536 .array/port v0x5a202581c200, 536;
v0x5a202581c200_537 .array/port v0x5a202581c200, 537;
v0x5a202581c200_538 .array/port v0x5a202581c200, 538;
E_0x5a20257c6530/134 .event anyedge, v0x5a202581c200_535, v0x5a202581c200_536, v0x5a202581c200_537, v0x5a202581c200_538;
v0x5a202581c200_539 .array/port v0x5a202581c200, 539;
v0x5a202581c200_540 .array/port v0x5a202581c200, 540;
v0x5a202581c200_541 .array/port v0x5a202581c200, 541;
v0x5a202581c200_542 .array/port v0x5a202581c200, 542;
E_0x5a20257c6530/135 .event anyedge, v0x5a202581c200_539, v0x5a202581c200_540, v0x5a202581c200_541, v0x5a202581c200_542;
v0x5a202581c200_543 .array/port v0x5a202581c200, 543;
v0x5a202581c200_544 .array/port v0x5a202581c200, 544;
v0x5a202581c200_545 .array/port v0x5a202581c200, 545;
v0x5a202581c200_546 .array/port v0x5a202581c200, 546;
E_0x5a20257c6530/136 .event anyedge, v0x5a202581c200_543, v0x5a202581c200_544, v0x5a202581c200_545, v0x5a202581c200_546;
v0x5a202581c200_547 .array/port v0x5a202581c200, 547;
v0x5a202581c200_548 .array/port v0x5a202581c200, 548;
v0x5a202581c200_549 .array/port v0x5a202581c200, 549;
v0x5a202581c200_550 .array/port v0x5a202581c200, 550;
E_0x5a20257c6530/137 .event anyedge, v0x5a202581c200_547, v0x5a202581c200_548, v0x5a202581c200_549, v0x5a202581c200_550;
v0x5a202581c200_551 .array/port v0x5a202581c200, 551;
v0x5a202581c200_552 .array/port v0x5a202581c200, 552;
v0x5a202581c200_553 .array/port v0x5a202581c200, 553;
v0x5a202581c200_554 .array/port v0x5a202581c200, 554;
E_0x5a20257c6530/138 .event anyedge, v0x5a202581c200_551, v0x5a202581c200_552, v0x5a202581c200_553, v0x5a202581c200_554;
v0x5a202581c200_555 .array/port v0x5a202581c200, 555;
v0x5a202581c200_556 .array/port v0x5a202581c200, 556;
v0x5a202581c200_557 .array/port v0x5a202581c200, 557;
v0x5a202581c200_558 .array/port v0x5a202581c200, 558;
E_0x5a20257c6530/139 .event anyedge, v0x5a202581c200_555, v0x5a202581c200_556, v0x5a202581c200_557, v0x5a202581c200_558;
v0x5a202581c200_559 .array/port v0x5a202581c200, 559;
v0x5a202581c200_560 .array/port v0x5a202581c200, 560;
v0x5a202581c200_561 .array/port v0x5a202581c200, 561;
v0x5a202581c200_562 .array/port v0x5a202581c200, 562;
E_0x5a20257c6530/140 .event anyedge, v0x5a202581c200_559, v0x5a202581c200_560, v0x5a202581c200_561, v0x5a202581c200_562;
v0x5a202581c200_563 .array/port v0x5a202581c200, 563;
v0x5a202581c200_564 .array/port v0x5a202581c200, 564;
v0x5a202581c200_565 .array/port v0x5a202581c200, 565;
v0x5a202581c200_566 .array/port v0x5a202581c200, 566;
E_0x5a20257c6530/141 .event anyedge, v0x5a202581c200_563, v0x5a202581c200_564, v0x5a202581c200_565, v0x5a202581c200_566;
v0x5a202581c200_567 .array/port v0x5a202581c200, 567;
v0x5a202581c200_568 .array/port v0x5a202581c200, 568;
v0x5a202581c200_569 .array/port v0x5a202581c200, 569;
v0x5a202581c200_570 .array/port v0x5a202581c200, 570;
E_0x5a20257c6530/142 .event anyedge, v0x5a202581c200_567, v0x5a202581c200_568, v0x5a202581c200_569, v0x5a202581c200_570;
v0x5a202581c200_571 .array/port v0x5a202581c200, 571;
v0x5a202581c200_572 .array/port v0x5a202581c200, 572;
v0x5a202581c200_573 .array/port v0x5a202581c200, 573;
v0x5a202581c200_574 .array/port v0x5a202581c200, 574;
E_0x5a20257c6530/143 .event anyedge, v0x5a202581c200_571, v0x5a202581c200_572, v0x5a202581c200_573, v0x5a202581c200_574;
v0x5a202581c200_575 .array/port v0x5a202581c200, 575;
v0x5a202581c200_576 .array/port v0x5a202581c200, 576;
v0x5a202581c200_577 .array/port v0x5a202581c200, 577;
v0x5a202581c200_578 .array/port v0x5a202581c200, 578;
E_0x5a20257c6530/144 .event anyedge, v0x5a202581c200_575, v0x5a202581c200_576, v0x5a202581c200_577, v0x5a202581c200_578;
v0x5a202581c200_579 .array/port v0x5a202581c200, 579;
v0x5a202581c200_580 .array/port v0x5a202581c200, 580;
v0x5a202581c200_581 .array/port v0x5a202581c200, 581;
v0x5a202581c200_582 .array/port v0x5a202581c200, 582;
E_0x5a20257c6530/145 .event anyedge, v0x5a202581c200_579, v0x5a202581c200_580, v0x5a202581c200_581, v0x5a202581c200_582;
v0x5a202581c200_583 .array/port v0x5a202581c200, 583;
v0x5a202581c200_584 .array/port v0x5a202581c200, 584;
v0x5a202581c200_585 .array/port v0x5a202581c200, 585;
v0x5a202581c200_586 .array/port v0x5a202581c200, 586;
E_0x5a20257c6530/146 .event anyedge, v0x5a202581c200_583, v0x5a202581c200_584, v0x5a202581c200_585, v0x5a202581c200_586;
v0x5a202581c200_587 .array/port v0x5a202581c200, 587;
v0x5a202581c200_588 .array/port v0x5a202581c200, 588;
v0x5a202581c200_589 .array/port v0x5a202581c200, 589;
v0x5a202581c200_590 .array/port v0x5a202581c200, 590;
E_0x5a20257c6530/147 .event anyedge, v0x5a202581c200_587, v0x5a202581c200_588, v0x5a202581c200_589, v0x5a202581c200_590;
v0x5a202581c200_591 .array/port v0x5a202581c200, 591;
v0x5a202581c200_592 .array/port v0x5a202581c200, 592;
v0x5a202581c200_593 .array/port v0x5a202581c200, 593;
v0x5a202581c200_594 .array/port v0x5a202581c200, 594;
E_0x5a20257c6530/148 .event anyedge, v0x5a202581c200_591, v0x5a202581c200_592, v0x5a202581c200_593, v0x5a202581c200_594;
v0x5a202581c200_595 .array/port v0x5a202581c200, 595;
v0x5a202581c200_596 .array/port v0x5a202581c200, 596;
v0x5a202581c200_597 .array/port v0x5a202581c200, 597;
v0x5a202581c200_598 .array/port v0x5a202581c200, 598;
E_0x5a20257c6530/149 .event anyedge, v0x5a202581c200_595, v0x5a202581c200_596, v0x5a202581c200_597, v0x5a202581c200_598;
v0x5a202581c200_599 .array/port v0x5a202581c200, 599;
v0x5a202581c200_600 .array/port v0x5a202581c200, 600;
v0x5a202581c200_601 .array/port v0x5a202581c200, 601;
v0x5a202581c200_602 .array/port v0x5a202581c200, 602;
E_0x5a20257c6530/150 .event anyedge, v0x5a202581c200_599, v0x5a202581c200_600, v0x5a202581c200_601, v0x5a202581c200_602;
v0x5a202581c200_603 .array/port v0x5a202581c200, 603;
v0x5a202581c200_604 .array/port v0x5a202581c200, 604;
v0x5a202581c200_605 .array/port v0x5a202581c200, 605;
v0x5a202581c200_606 .array/port v0x5a202581c200, 606;
E_0x5a20257c6530/151 .event anyedge, v0x5a202581c200_603, v0x5a202581c200_604, v0x5a202581c200_605, v0x5a202581c200_606;
v0x5a202581c200_607 .array/port v0x5a202581c200, 607;
v0x5a202581c200_608 .array/port v0x5a202581c200, 608;
v0x5a202581c200_609 .array/port v0x5a202581c200, 609;
v0x5a202581c200_610 .array/port v0x5a202581c200, 610;
E_0x5a20257c6530/152 .event anyedge, v0x5a202581c200_607, v0x5a202581c200_608, v0x5a202581c200_609, v0x5a202581c200_610;
v0x5a202581c200_611 .array/port v0x5a202581c200, 611;
v0x5a202581c200_612 .array/port v0x5a202581c200, 612;
v0x5a202581c200_613 .array/port v0x5a202581c200, 613;
v0x5a202581c200_614 .array/port v0x5a202581c200, 614;
E_0x5a20257c6530/153 .event anyedge, v0x5a202581c200_611, v0x5a202581c200_612, v0x5a202581c200_613, v0x5a202581c200_614;
v0x5a202581c200_615 .array/port v0x5a202581c200, 615;
v0x5a202581c200_616 .array/port v0x5a202581c200, 616;
v0x5a202581c200_617 .array/port v0x5a202581c200, 617;
v0x5a202581c200_618 .array/port v0x5a202581c200, 618;
E_0x5a20257c6530/154 .event anyedge, v0x5a202581c200_615, v0x5a202581c200_616, v0x5a202581c200_617, v0x5a202581c200_618;
v0x5a202581c200_619 .array/port v0x5a202581c200, 619;
v0x5a202581c200_620 .array/port v0x5a202581c200, 620;
v0x5a202581c200_621 .array/port v0x5a202581c200, 621;
v0x5a202581c200_622 .array/port v0x5a202581c200, 622;
E_0x5a20257c6530/155 .event anyedge, v0x5a202581c200_619, v0x5a202581c200_620, v0x5a202581c200_621, v0x5a202581c200_622;
v0x5a202581c200_623 .array/port v0x5a202581c200, 623;
v0x5a202581c200_624 .array/port v0x5a202581c200, 624;
v0x5a202581c200_625 .array/port v0x5a202581c200, 625;
v0x5a202581c200_626 .array/port v0x5a202581c200, 626;
E_0x5a20257c6530/156 .event anyedge, v0x5a202581c200_623, v0x5a202581c200_624, v0x5a202581c200_625, v0x5a202581c200_626;
v0x5a202581c200_627 .array/port v0x5a202581c200, 627;
v0x5a202581c200_628 .array/port v0x5a202581c200, 628;
v0x5a202581c200_629 .array/port v0x5a202581c200, 629;
v0x5a202581c200_630 .array/port v0x5a202581c200, 630;
E_0x5a20257c6530/157 .event anyedge, v0x5a202581c200_627, v0x5a202581c200_628, v0x5a202581c200_629, v0x5a202581c200_630;
v0x5a202581c200_631 .array/port v0x5a202581c200, 631;
v0x5a202581c200_632 .array/port v0x5a202581c200, 632;
v0x5a202581c200_633 .array/port v0x5a202581c200, 633;
v0x5a202581c200_634 .array/port v0x5a202581c200, 634;
E_0x5a20257c6530/158 .event anyedge, v0x5a202581c200_631, v0x5a202581c200_632, v0x5a202581c200_633, v0x5a202581c200_634;
v0x5a202581c200_635 .array/port v0x5a202581c200, 635;
v0x5a202581c200_636 .array/port v0x5a202581c200, 636;
v0x5a202581c200_637 .array/port v0x5a202581c200, 637;
v0x5a202581c200_638 .array/port v0x5a202581c200, 638;
E_0x5a20257c6530/159 .event anyedge, v0x5a202581c200_635, v0x5a202581c200_636, v0x5a202581c200_637, v0x5a202581c200_638;
v0x5a202581c200_639 .array/port v0x5a202581c200, 639;
v0x5a202581c200_640 .array/port v0x5a202581c200, 640;
v0x5a202581c200_641 .array/port v0x5a202581c200, 641;
v0x5a202581c200_642 .array/port v0x5a202581c200, 642;
E_0x5a20257c6530/160 .event anyedge, v0x5a202581c200_639, v0x5a202581c200_640, v0x5a202581c200_641, v0x5a202581c200_642;
v0x5a202581c200_643 .array/port v0x5a202581c200, 643;
v0x5a202581c200_644 .array/port v0x5a202581c200, 644;
v0x5a202581c200_645 .array/port v0x5a202581c200, 645;
v0x5a202581c200_646 .array/port v0x5a202581c200, 646;
E_0x5a20257c6530/161 .event anyedge, v0x5a202581c200_643, v0x5a202581c200_644, v0x5a202581c200_645, v0x5a202581c200_646;
v0x5a202581c200_647 .array/port v0x5a202581c200, 647;
v0x5a202581c200_648 .array/port v0x5a202581c200, 648;
v0x5a202581c200_649 .array/port v0x5a202581c200, 649;
v0x5a202581c200_650 .array/port v0x5a202581c200, 650;
E_0x5a20257c6530/162 .event anyedge, v0x5a202581c200_647, v0x5a202581c200_648, v0x5a202581c200_649, v0x5a202581c200_650;
v0x5a202581c200_651 .array/port v0x5a202581c200, 651;
v0x5a202581c200_652 .array/port v0x5a202581c200, 652;
v0x5a202581c200_653 .array/port v0x5a202581c200, 653;
v0x5a202581c200_654 .array/port v0x5a202581c200, 654;
E_0x5a20257c6530/163 .event anyedge, v0x5a202581c200_651, v0x5a202581c200_652, v0x5a202581c200_653, v0x5a202581c200_654;
v0x5a202581c200_655 .array/port v0x5a202581c200, 655;
v0x5a202581c200_656 .array/port v0x5a202581c200, 656;
v0x5a202581c200_657 .array/port v0x5a202581c200, 657;
v0x5a202581c200_658 .array/port v0x5a202581c200, 658;
E_0x5a20257c6530/164 .event anyedge, v0x5a202581c200_655, v0x5a202581c200_656, v0x5a202581c200_657, v0x5a202581c200_658;
v0x5a202581c200_659 .array/port v0x5a202581c200, 659;
v0x5a202581c200_660 .array/port v0x5a202581c200, 660;
v0x5a202581c200_661 .array/port v0x5a202581c200, 661;
v0x5a202581c200_662 .array/port v0x5a202581c200, 662;
E_0x5a20257c6530/165 .event anyedge, v0x5a202581c200_659, v0x5a202581c200_660, v0x5a202581c200_661, v0x5a202581c200_662;
v0x5a202581c200_663 .array/port v0x5a202581c200, 663;
v0x5a202581c200_664 .array/port v0x5a202581c200, 664;
v0x5a202581c200_665 .array/port v0x5a202581c200, 665;
v0x5a202581c200_666 .array/port v0x5a202581c200, 666;
E_0x5a20257c6530/166 .event anyedge, v0x5a202581c200_663, v0x5a202581c200_664, v0x5a202581c200_665, v0x5a202581c200_666;
v0x5a202581c200_667 .array/port v0x5a202581c200, 667;
v0x5a202581c200_668 .array/port v0x5a202581c200, 668;
v0x5a202581c200_669 .array/port v0x5a202581c200, 669;
v0x5a202581c200_670 .array/port v0x5a202581c200, 670;
E_0x5a20257c6530/167 .event anyedge, v0x5a202581c200_667, v0x5a202581c200_668, v0x5a202581c200_669, v0x5a202581c200_670;
v0x5a202581c200_671 .array/port v0x5a202581c200, 671;
v0x5a202581c200_672 .array/port v0x5a202581c200, 672;
v0x5a202581c200_673 .array/port v0x5a202581c200, 673;
v0x5a202581c200_674 .array/port v0x5a202581c200, 674;
E_0x5a20257c6530/168 .event anyedge, v0x5a202581c200_671, v0x5a202581c200_672, v0x5a202581c200_673, v0x5a202581c200_674;
v0x5a202581c200_675 .array/port v0x5a202581c200, 675;
v0x5a202581c200_676 .array/port v0x5a202581c200, 676;
v0x5a202581c200_677 .array/port v0x5a202581c200, 677;
v0x5a202581c200_678 .array/port v0x5a202581c200, 678;
E_0x5a20257c6530/169 .event anyedge, v0x5a202581c200_675, v0x5a202581c200_676, v0x5a202581c200_677, v0x5a202581c200_678;
v0x5a202581c200_679 .array/port v0x5a202581c200, 679;
v0x5a202581c200_680 .array/port v0x5a202581c200, 680;
v0x5a202581c200_681 .array/port v0x5a202581c200, 681;
v0x5a202581c200_682 .array/port v0x5a202581c200, 682;
E_0x5a20257c6530/170 .event anyedge, v0x5a202581c200_679, v0x5a202581c200_680, v0x5a202581c200_681, v0x5a202581c200_682;
v0x5a202581c200_683 .array/port v0x5a202581c200, 683;
v0x5a202581c200_684 .array/port v0x5a202581c200, 684;
v0x5a202581c200_685 .array/port v0x5a202581c200, 685;
v0x5a202581c200_686 .array/port v0x5a202581c200, 686;
E_0x5a20257c6530/171 .event anyedge, v0x5a202581c200_683, v0x5a202581c200_684, v0x5a202581c200_685, v0x5a202581c200_686;
v0x5a202581c200_687 .array/port v0x5a202581c200, 687;
v0x5a202581c200_688 .array/port v0x5a202581c200, 688;
v0x5a202581c200_689 .array/port v0x5a202581c200, 689;
v0x5a202581c200_690 .array/port v0x5a202581c200, 690;
E_0x5a20257c6530/172 .event anyedge, v0x5a202581c200_687, v0x5a202581c200_688, v0x5a202581c200_689, v0x5a202581c200_690;
v0x5a202581c200_691 .array/port v0x5a202581c200, 691;
v0x5a202581c200_692 .array/port v0x5a202581c200, 692;
v0x5a202581c200_693 .array/port v0x5a202581c200, 693;
v0x5a202581c200_694 .array/port v0x5a202581c200, 694;
E_0x5a20257c6530/173 .event anyedge, v0x5a202581c200_691, v0x5a202581c200_692, v0x5a202581c200_693, v0x5a202581c200_694;
v0x5a202581c200_695 .array/port v0x5a202581c200, 695;
v0x5a202581c200_696 .array/port v0x5a202581c200, 696;
v0x5a202581c200_697 .array/port v0x5a202581c200, 697;
v0x5a202581c200_698 .array/port v0x5a202581c200, 698;
E_0x5a20257c6530/174 .event anyedge, v0x5a202581c200_695, v0x5a202581c200_696, v0x5a202581c200_697, v0x5a202581c200_698;
v0x5a202581c200_699 .array/port v0x5a202581c200, 699;
v0x5a202581c200_700 .array/port v0x5a202581c200, 700;
v0x5a202581c200_701 .array/port v0x5a202581c200, 701;
v0x5a202581c200_702 .array/port v0x5a202581c200, 702;
E_0x5a20257c6530/175 .event anyedge, v0x5a202581c200_699, v0x5a202581c200_700, v0x5a202581c200_701, v0x5a202581c200_702;
v0x5a202581c200_703 .array/port v0x5a202581c200, 703;
v0x5a202581c200_704 .array/port v0x5a202581c200, 704;
v0x5a202581c200_705 .array/port v0x5a202581c200, 705;
v0x5a202581c200_706 .array/port v0x5a202581c200, 706;
E_0x5a20257c6530/176 .event anyedge, v0x5a202581c200_703, v0x5a202581c200_704, v0x5a202581c200_705, v0x5a202581c200_706;
v0x5a202581c200_707 .array/port v0x5a202581c200, 707;
v0x5a202581c200_708 .array/port v0x5a202581c200, 708;
v0x5a202581c200_709 .array/port v0x5a202581c200, 709;
v0x5a202581c200_710 .array/port v0x5a202581c200, 710;
E_0x5a20257c6530/177 .event anyedge, v0x5a202581c200_707, v0x5a202581c200_708, v0x5a202581c200_709, v0x5a202581c200_710;
v0x5a202581c200_711 .array/port v0x5a202581c200, 711;
v0x5a202581c200_712 .array/port v0x5a202581c200, 712;
v0x5a202581c200_713 .array/port v0x5a202581c200, 713;
v0x5a202581c200_714 .array/port v0x5a202581c200, 714;
E_0x5a20257c6530/178 .event anyedge, v0x5a202581c200_711, v0x5a202581c200_712, v0x5a202581c200_713, v0x5a202581c200_714;
v0x5a202581c200_715 .array/port v0x5a202581c200, 715;
v0x5a202581c200_716 .array/port v0x5a202581c200, 716;
v0x5a202581c200_717 .array/port v0x5a202581c200, 717;
v0x5a202581c200_718 .array/port v0x5a202581c200, 718;
E_0x5a20257c6530/179 .event anyedge, v0x5a202581c200_715, v0x5a202581c200_716, v0x5a202581c200_717, v0x5a202581c200_718;
v0x5a202581c200_719 .array/port v0x5a202581c200, 719;
v0x5a202581c200_720 .array/port v0x5a202581c200, 720;
v0x5a202581c200_721 .array/port v0x5a202581c200, 721;
v0x5a202581c200_722 .array/port v0x5a202581c200, 722;
E_0x5a20257c6530/180 .event anyedge, v0x5a202581c200_719, v0x5a202581c200_720, v0x5a202581c200_721, v0x5a202581c200_722;
v0x5a202581c200_723 .array/port v0x5a202581c200, 723;
v0x5a202581c200_724 .array/port v0x5a202581c200, 724;
v0x5a202581c200_725 .array/port v0x5a202581c200, 725;
v0x5a202581c200_726 .array/port v0x5a202581c200, 726;
E_0x5a20257c6530/181 .event anyedge, v0x5a202581c200_723, v0x5a202581c200_724, v0x5a202581c200_725, v0x5a202581c200_726;
v0x5a202581c200_727 .array/port v0x5a202581c200, 727;
v0x5a202581c200_728 .array/port v0x5a202581c200, 728;
v0x5a202581c200_729 .array/port v0x5a202581c200, 729;
v0x5a202581c200_730 .array/port v0x5a202581c200, 730;
E_0x5a20257c6530/182 .event anyedge, v0x5a202581c200_727, v0x5a202581c200_728, v0x5a202581c200_729, v0x5a202581c200_730;
v0x5a202581c200_731 .array/port v0x5a202581c200, 731;
v0x5a202581c200_732 .array/port v0x5a202581c200, 732;
v0x5a202581c200_733 .array/port v0x5a202581c200, 733;
v0x5a202581c200_734 .array/port v0x5a202581c200, 734;
E_0x5a20257c6530/183 .event anyedge, v0x5a202581c200_731, v0x5a202581c200_732, v0x5a202581c200_733, v0x5a202581c200_734;
v0x5a202581c200_735 .array/port v0x5a202581c200, 735;
v0x5a202581c200_736 .array/port v0x5a202581c200, 736;
v0x5a202581c200_737 .array/port v0x5a202581c200, 737;
v0x5a202581c200_738 .array/port v0x5a202581c200, 738;
E_0x5a20257c6530/184 .event anyedge, v0x5a202581c200_735, v0x5a202581c200_736, v0x5a202581c200_737, v0x5a202581c200_738;
v0x5a202581c200_739 .array/port v0x5a202581c200, 739;
v0x5a202581c200_740 .array/port v0x5a202581c200, 740;
v0x5a202581c200_741 .array/port v0x5a202581c200, 741;
v0x5a202581c200_742 .array/port v0x5a202581c200, 742;
E_0x5a20257c6530/185 .event anyedge, v0x5a202581c200_739, v0x5a202581c200_740, v0x5a202581c200_741, v0x5a202581c200_742;
v0x5a202581c200_743 .array/port v0x5a202581c200, 743;
v0x5a202581c200_744 .array/port v0x5a202581c200, 744;
v0x5a202581c200_745 .array/port v0x5a202581c200, 745;
v0x5a202581c200_746 .array/port v0x5a202581c200, 746;
E_0x5a20257c6530/186 .event anyedge, v0x5a202581c200_743, v0x5a202581c200_744, v0x5a202581c200_745, v0x5a202581c200_746;
v0x5a202581c200_747 .array/port v0x5a202581c200, 747;
v0x5a202581c200_748 .array/port v0x5a202581c200, 748;
v0x5a202581c200_749 .array/port v0x5a202581c200, 749;
v0x5a202581c200_750 .array/port v0x5a202581c200, 750;
E_0x5a20257c6530/187 .event anyedge, v0x5a202581c200_747, v0x5a202581c200_748, v0x5a202581c200_749, v0x5a202581c200_750;
v0x5a202581c200_751 .array/port v0x5a202581c200, 751;
v0x5a202581c200_752 .array/port v0x5a202581c200, 752;
v0x5a202581c200_753 .array/port v0x5a202581c200, 753;
v0x5a202581c200_754 .array/port v0x5a202581c200, 754;
E_0x5a20257c6530/188 .event anyedge, v0x5a202581c200_751, v0x5a202581c200_752, v0x5a202581c200_753, v0x5a202581c200_754;
v0x5a202581c200_755 .array/port v0x5a202581c200, 755;
v0x5a202581c200_756 .array/port v0x5a202581c200, 756;
v0x5a202581c200_757 .array/port v0x5a202581c200, 757;
v0x5a202581c200_758 .array/port v0x5a202581c200, 758;
E_0x5a20257c6530/189 .event anyedge, v0x5a202581c200_755, v0x5a202581c200_756, v0x5a202581c200_757, v0x5a202581c200_758;
v0x5a202581c200_759 .array/port v0x5a202581c200, 759;
v0x5a202581c200_760 .array/port v0x5a202581c200, 760;
v0x5a202581c200_761 .array/port v0x5a202581c200, 761;
v0x5a202581c200_762 .array/port v0x5a202581c200, 762;
E_0x5a20257c6530/190 .event anyedge, v0x5a202581c200_759, v0x5a202581c200_760, v0x5a202581c200_761, v0x5a202581c200_762;
v0x5a202581c200_763 .array/port v0x5a202581c200, 763;
v0x5a202581c200_764 .array/port v0x5a202581c200, 764;
v0x5a202581c200_765 .array/port v0x5a202581c200, 765;
v0x5a202581c200_766 .array/port v0x5a202581c200, 766;
E_0x5a20257c6530/191 .event anyedge, v0x5a202581c200_763, v0x5a202581c200_764, v0x5a202581c200_765, v0x5a202581c200_766;
v0x5a202581c200_767 .array/port v0x5a202581c200, 767;
v0x5a202581c200_768 .array/port v0x5a202581c200, 768;
v0x5a202581c200_769 .array/port v0x5a202581c200, 769;
v0x5a202581c200_770 .array/port v0x5a202581c200, 770;
E_0x5a20257c6530/192 .event anyedge, v0x5a202581c200_767, v0x5a202581c200_768, v0x5a202581c200_769, v0x5a202581c200_770;
v0x5a202581c200_771 .array/port v0x5a202581c200, 771;
v0x5a202581c200_772 .array/port v0x5a202581c200, 772;
v0x5a202581c200_773 .array/port v0x5a202581c200, 773;
v0x5a202581c200_774 .array/port v0x5a202581c200, 774;
E_0x5a20257c6530/193 .event anyedge, v0x5a202581c200_771, v0x5a202581c200_772, v0x5a202581c200_773, v0x5a202581c200_774;
v0x5a202581c200_775 .array/port v0x5a202581c200, 775;
v0x5a202581c200_776 .array/port v0x5a202581c200, 776;
v0x5a202581c200_777 .array/port v0x5a202581c200, 777;
v0x5a202581c200_778 .array/port v0x5a202581c200, 778;
E_0x5a20257c6530/194 .event anyedge, v0x5a202581c200_775, v0x5a202581c200_776, v0x5a202581c200_777, v0x5a202581c200_778;
v0x5a202581c200_779 .array/port v0x5a202581c200, 779;
v0x5a202581c200_780 .array/port v0x5a202581c200, 780;
v0x5a202581c200_781 .array/port v0x5a202581c200, 781;
v0x5a202581c200_782 .array/port v0x5a202581c200, 782;
E_0x5a20257c6530/195 .event anyedge, v0x5a202581c200_779, v0x5a202581c200_780, v0x5a202581c200_781, v0x5a202581c200_782;
v0x5a202581c200_783 .array/port v0x5a202581c200, 783;
v0x5a202581c200_784 .array/port v0x5a202581c200, 784;
v0x5a202581c200_785 .array/port v0x5a202581c200, 785;
v0x5a202581c200_786 .array/port v0x5a202581c200, 786;
E_0x5a20257c6530/196 .event anyedge, v0x5a202581c200_783, v0x5a202581c200_784, v0x5a202581c200_785, v0x5a202581c200_786;
v0x5a202581c200_787 .array/port v0x5a202581c200, 787;
v0x5a202581c200_788 .array/port v0x5a202581c200, 788;
v0x5a202581c200_789 .array/port v0x5a202581c200, 789;
v0x5a202581c200_790 .array/port v0x5a202581c200, 790;
E_0x5a20257c6530/197 .event anyedge, v0x5a202581c200_787, v0x5a202581c200_788, v0x5a202581c200_789, v0x5a202581c200_790;
v0x5a202581c200_791 .array/port v0x5a202581c200, 791;
v0x5a202581c200_792 .array/port v0x5a202581c200, 792;
v0x5a202581c200_793 .array/port v0x5a202581c200, 793;
v0x5a202581c200_794 .array/port v0x5a202581c200, 794;
E_0x5a20257c6530/198 .event anyedge, v0x5a202581c200_791, v0x5a202581c200_792, v0x5a202581c200_793, v0x5a202581c200_794;
v0x5a202581c200_795 .array/port v0x5a202581c200, 795;
v0x5a202581c200_796 .array/port v0x5a202581c200, 796;
v0x5a202581c200_797 .array/port v0x5a202581c200, 797;
v0x5a202581c200_798 .array/port v0x5a202581c200, 798;
E_0x5a20257c6530/199 .event anyedge, v0x5a202581c200_795, v0x5a202581c200_796, v0x5a202581c200_797, v0x5a202581c200_798;
v0x5a202581c200_799 .array/port v0x5a202581c200, 799;
v0x5a202581c200_800 .array/port v0x5a202581c200, 800;
v0x5a202581c200_801 .array/port v0x5a202581c200, 801;
v0x5a202581c200_802 .array/port v0x5a202581c200, 802;
E_0x5a20257c6530/200 .event anyedge, v0x5a202581c200_799, v0x5a202581c200_800, v0x5a202581c200_801, v0x5a202581c200_802;
v0x5a202581c200_803 .array/port v0x5a202581c200, 803;
v0x5a202581c200_804 .array/port v0x5a202581c200, 804;
v0x5a202581c200_805 .array/port v0x5a202581c200, 805;
v0x5a202581c200_806 .array/port v0x5a202581c200, 806;
E_0x5a20257c6530/201 .event anyedge, v0x5a202581c200_803, v0x5a202581c200_804, v0x5a202581c200_805, v0x5a202581c200_806;
v0x5a202581c200_807 .array/port v0x5a202581c200, 807;
v0x5a202581c200_808 .array/port v0x5a202581c200, 808;
v0x5a202581c200_809 .array/port v0x5a202581c200, 809;
v0x5a202581c200_810 .array/port v0x5a202581c200, 810;
E_0x5a20257c6530/202 .event anyedge, v0x5a202581c200_807, v0x5a202581c200_808, v0x5a202581c200_809, v0x5a202581c200_810;
v0x5a202581c200_811 .array/port v0x5a202581c200, 811;
v0x5a202581c200_812 .array/port v0x5a202581c200, 812;
v0x5a202581c200_813 .array/port v0x5a202581c200, 813;
v0x5a202581c200_814 .array/port v0x5a202581c200, 814;
E_0x5a20257c6530/203 .event anyedge, v0x5a202581c200_811, v0x5a202581c200_812, v0x5a202581c200_813, v0x5a202581c200_814;
v0x5a202581c200_815 .array/port v0x5a202581c200, 815;
v0x5a202581c200_816 .array/port v0x5a202581c200, 816;
v0x5a202581c200_817 .array/port v0x5a202581c200, 817;
v0x5a202581c200_818 .array/port v0x5a202581c200, 818;
E_0x5a20257c6530/204 .event anyedge, v0x5a202581c200_815, v0x5a202581c200_816, v0x5a202581c200_817, v0x5a202581c200_818;
v0x5a202581c200_819 .array/port v0x5a202581c200, 819;
v0x5a202581c200_820 .array/port v0x5a202581c200, 820;
v0x5a202581c200_821 .array/port v0x5a202581c200, 821;
v0x5a202581c200_822 .array/port v0x5a202581c200, 822;
E_0x5a20257c6530/205 .event anyedge, v0x5a202581c200_819, v0x5a202581c200_820, v0x5a202581c200_821, v0x5a202581c200_822;
v0x5a202581c200_823 .array/port v0x5a202581c200, 823;
v0x5a202581c200_824 .array/port v0x5a202581c200, 824;
v0x5a202581c200_825 .array/port v0x5a202581c200, 825;
v0x5a202581c200_826 .array/port v0x5a202581c200, 826;
E_0x5a20257c6530/206 .event anyedge, v0x5a202581c200_823, v0x5a202581c200_824, v0x5a202581c200_825, v0x5a202581c200_826;
v0x5a202581c200_827 .array/port v0x5a202581c200, 827;
v0x5a202581c200_828 .array/port v0x5a202581c200, 828;
v0x5a202581c200_829 .array/port v0x5a202581c200, 829;
v0x5a202581c200_830 .array/port v0x5a202581c200, 830;
E_0x5a20257c6530/207 .event anyedge, v0x5a202581c200_827, v0x5a202581c200_828, v0x5a202581c200_829, v0x5a202581c200_830;
v0x5a202581c200_831 .array/port v0x5a202581c200, 831;
v0x5a202581c200_832 .array/port v0x5a202581c200, 832;
v0x5a202581c200_833 .array/port v0x5a202581c200, 833;
v0x5a202581c200_834 .array/port v0x5a202581c200, 834;
E_0x5a20257c6530/208 .event anyedge, v0x5a202581c200_831, v0x5a202581c200_832, v0x5a202581c200_833, v0x5a202581c200_834;
v0x5a202581c200_835 .array/port v0x5a202581c200, 835;
v0x5a202581c200_836 .array/port v0x5a202581c200, 836;
v0x5a202581c200_837 .array/port v0x5a202581c200, 837;
v0x5a202581c200_838 .array/port v0x5a202581c200, 838;
E_0x5a20257c6530/209 .event anyedge, v0x5a202581c200_835, v0x5a202581c200_836, v0x5a202581c200_837, v0x5a202581c200_838;
v0x5a202581c200_839 .array/port v0x5a202581c200, 839;
v0x5a202581c200_840 .array/port v0x5a202581c200, 840;
v0x5a202581c200_841 .array/port v0x5a202581c200, 841;
v0x5a202581c200_842 .array/port v0x5a202581c200, 842;
E_0x5a20257c6530/210 .event anyedge, v0x5a202581c200_839, v0x5a202581c200_840, v0x5a202581c200_841, v0x5a202581c200_842;
v0x5a202581c200_843 .array/port v0x5a202581c200, 843;
v0x5a202581c200_844 .array/port v0x5a202581c200, 844;
v0x5a202581c200_845 .array/port v0x5a202581c200, 845;
v0x5a202581c200_846 .array/port v0x5a202581c200, 846;
E_0x5a20257c6530/211 .event anyedge, v0x5a202581c200_843, v0x5a202581c200_844, v0x5a202581c200_845, v0x5a202581c200_846;
v0x5a202581c200_847 .array/port v0x5a202581c200, 847;
v0x5a202581c200_848 .array/port v0x5a202581c200, 848;
v0x5a202581c200_849 .array/port v0x5a202581c200, 849;
v0x5a202581c200_850 .array/port v0x5a202581c200, 850;
E_0x5a20257c6530/212 .event anyedge, v0x5a202581c200_847, v0x5a202581c200_848, v0x5a202581c200_849, v0x5a202581c200_850;
v0x5a202581c200_851 .array/port v0x5a202581c200, 851;
v0x5a202581c200_852 .array/port v0x5a202581c200, 852;
v0x5a202581c200_853 .array/port v0x5a202581c200, 853;
v0x5a202581c200_854 .array/port v0x5a202581c200, 854;
E_0x5a20257c6530/213 .event anyedge, v0x5a202581c200_851, v0x5a202581c200_852, v0x5a202581c200_853, v0x5a202581c200_854;
v0x5a202581c200_855 .array/port v0x5a202581c200, 855;
v0x5a202581c200_856 .array/port v0x5a202581c200, 856;
v0x5a202581c200_857 .array/port v0x5a202581c200, 857;
v0x5a202581c200_858 .array/port v0x5a202581c200, 858;
E_0x5a20257c6530/214 .event anyedge, v0x5a202581c200_855, v0x5a202581c200_856, v0x5a202581c200_857, v0x5a202581c200_858;
v0x5a202581c200_859 .array/port v0x5a202581c200, 859;
v0x5a202581c200_860 .array/port v0x5a202581c200, 860;
v0x5a202581c200_861 .array/port v0x5a202581c200, 861;
v0x5a202581c200_862 .array/port v0x5a202581c200, 862;
E_0x5a20257c6530/215 .event anyedge, v0x5a202581c200_859, v0x5a202581c200_860, v0x5a202581c200_861, v0x5a202581c200_862;
v0x5a202581c200_863 .array/port v0x5a202581c200, 863;
v0x5a202581c200_864 .array/port v0x5a202581c200, 864;
v0x5a202581c200_865 .array/port v0x5a202581c200, 865;
v0x5a202581c200_866 .array/port v0x5a202581c200, 866;
E_0x5a20257c6530/216 .event anyedge, v0x5a202581c200_863, v0x5a202581c200_864, v0x5a202581c200_865, v0x5a202581c200_866;
v0x5a202581c200_867 .array/port v0x5a202581c200, 867;
v0x5a202581c200_868 .array/port v0x5a202581c200, 868;
v0x5a202581c200_869 .array/port v0x5a202581c200, 869;
v0x5a202581c200_870 .array/port v0x5a202581c200, 870;
E_0x5a20257c6530/217 .event anyedge, v0x5a202581c200_867, v0x5a202581c200_868, v0x5a202581c200_869, v0x5a202581c200_870;
v0x5a202581c200_871 .array/port v0x5a202581c200, 871;
v0x5a202581c200_872 .array/port v0x5a202581c200, 872;
v0x5a202581c200_873 .array/port v0x5a202581c200, 873;
v0x5a202581c200_874 .array/port v0x5a202581c200, 874;
E_0x5a20257c6530/218 .event anyedge, v0x5a202581c200_871, v0x5a202581c200_872, v0x5a202581c200_873, v0x5a202581c200_874;
v0x5a202581c200_875 .array/port v0x5a202581c200, 875;
v0x5a202581c200_876 .array/port v0x5a202581c200, 876;
v0x5a202581c200_877 .array/port v0x5a202581c200, 877;
v0x5a202581c200_878 .array/port v0x5a202581c200, 878;
E_0x5a20257c6530/219 .event anyedge, v0x5a202581c200_875, v0x5a202581c200_876, v0x5a202581c200_877, v0x5a202581c200_878;
v0x5a202581c200_879 .array/port v0x5a202581c200, 879;
v0x5a202581c200_880 .array/port v0x5a202581c200, 880;
v0x5a202581c200_881 .array/port v0x5a202581c200, 881;
v0x5a202581c200_882 .array/port v0x5a202581c200, 882;
E_0x5a20257c6530/220 .event anyedge, v0x5a202581c200_879, v0x5a202581c200_880, v0x5a202581c200_881, v0x5a202581c200_882;
v0x5a202581c200_883 .array/port v0x5a202581c200, 883;
v0x5a202581c200_884 .array/port v0x5a202581c200, 884;
v0x5a202581c200_885 .array/port v0x5a202581c200, 885;
v0x5a202581c200_886 .array/port v0x5a202581c200, 886;
E_0x5a20257c6530/221 .event anyedge, v0x5a202581c200_883, v0x5a202581c200_884, v0x5a202581c200_885, v0x5a202581c200_886;
v0x5a202581c200_887 .array/port v0x5a202581c200, 887;
v0x5a202581c200_888 .array/port v0x5a202581c200, 888;
v0x5a202581c200_889 .array/port v0x5a202581c200, 889;
v0x5a202581c200_890 .array/port v0x5a202581c200, 890;
E_0x5a20257c6530/222 .event anyedge, v0x5a202581c200_887, v0x5a202581c200_888, v0x5a202581c200_889, v0x5a202581c200_890;
v0x5a202581c200_891 .array/port v0x5a202581c200, 891;
v0x5a202581c200_892 .array/port v0x5a202581c200, 892;
v0x5a202581c200_893 .array/port v0x5a202581c200, 893;
v0x5a202581c200_894 .array/port v0x5a202581c200, 894;
E_0x5a20257c6530/223 .event anyedge, v0x5a202581c200_891, v0x5a202581c200_892, v0x5a202581c200_893, v0x5a202581c200_894;
v0x5a202581c200_895 .array/port v0x5a202581c200, 895;
v0x5a202581c200_896 .array/port v0x5a202581c200, 896;
v0x5a202581c200_897 .array/port v0x5a202581c200, 897;
v0x5a202581c200_898 .array/port v0x5a202581c200, 898;
E_0x5a20257c6530/224 .event anyedge, v0x5a202581c200_895, v0x5a202581c200_896, v0x5a202581c200_897, v0x5a202581c200_898;
v0x5a202581c200_899 .array/port v0x5a202581c200, 899;
v0x5a202581c200_900 .array/port v0x5a202581c200, 900;
v0x5a202581c200_901 .array/port v0x5a202581c200, 901;
v0x5a202581c200_902 .array/port v0x5a202581c200, 902;
E_0x5a20257c6530/225 .event anyedge, v0x5a202581c200_899, v0x5a202581c200_900, v0x5a202581c200_901, v0x5a202581c200_902;
v0x5a202581c200_903 .array/port v0x5a202581c200, 903;
v0x5a202581c200_904 .array/port v0x5a202581c200, 904;
v0x5a202581c200_905 .array/port v0x5a202581c200, 905;
v0x5a202581c200_906 .array/port v0x5a202581c200, 906;
E_0x5a20257c6530/226 .event anyedge, v0x5a202581c200_903, v0x5a202581c200_904, v0x5a202581c200_905, v0x5a202581c200_906;
v0x5a202581c200_907 .array/port v0x5a202581c200, 907;
v0x5a202581c200_908 .array/port v0x5a202581c200, 908;
v0x5a202581c200_909 .array/port v0x5a202581c200, 909;
v0x5a202581c200_910 .array/port v0x5a202581c200, 910;
E_0x5a20257c6530/227 .event anyedge, v0x5a202581c200_907, v0x5a202581c200_908, v0x5a202581c200_909, v0x5a202581c200_910;
v0x5a202581c200_911 .array/port v0x5a202581c200, 911;
v0x5a202581c200_912 .array/port v0x5a202581c200, 912;
v0x5a202581c200_913 .array/port v0x5a202581c200, 913;
v0x5a202581c200_914 .array/port v0x5a202581c200, 914;
E_0x5a20257c6530/228 .event anyedge, v0x5a202581c200_911, v0x5a202581c200_912, v0x5a202581c200_913, v0x5a202581c200_914;
v0x5a202581c200_915 .array/port v0x5a202581c200, 915;
v0x5a202581c200_916 .array/port v0x5a202581c200, 916;
v0x5a202581c200_917 .array/port v0x5a202581c200, 917;
v0x5a202581c200_918 .array/port v0x5a202581c200, 918;
E_0x5a20257c6530/229 .event anyedge, v0x5a202581c200_915, v0x5a202581c200_916, v0x5a202581c200_917, v0x5a202581c200_918;
v0x5a202581c200_919 .array/port v0x5a202581c200, 919;
v0x5a202581c200_920 .array/port v0x5a202581c200, 920;
v0x5a202581c200_921 .array/port v0x5a202581c200, 921;
v0x5a202581c200_922 .array/port v0x5a202581c200, 922;
E_0x5a20257c6530/230 .event anyedge, v0x5a202581c200_919, v0x5a202581c200_920, v0x5a202581c200_921, v0x5a202581c200_922;
v0x5a202581c200_923 .array/port v0x5a202581c200, 923;
v0x5a202581c200_924 .array/port v0x5a202581c200, 924;
v0x5a202581c200_925 .array/port v0x5a202581c200, 925;
v0x5a202581c200_926 .array/port v0x5a202581c200, 926;
E_0x5a20257c6530/231 .event anyedge, v0x5a202581c200_923, v0x5a202581c200_924, v0x5a202581c200_925, v0x5a202581c200_926;
v0x5a202581c200_927 .array/port v0x5a202581c200, 927;
v0x5a202581c200_928 .array/port v0x5a202581c200, 928;
v0x5a202581c200_929 .array/port v0x5a202581c200, 929;
v0x5a202581c200_930 .array/port v0x5a202581c200, 930;
E_0x5a20257c6530/232 .event anyedge, v0x5a202581c200_927, v0x5a202581c200_928, v0x5a202581c200_929, v0x5a202581c200_930;
v0x5a202581c200_931 .array/port v0x5a202581c200, 931;
v0x5a202581c200_932 .array/port v0x5a202581c200, 932;
v0x5a202581c200_933 .array/port v0x5a202581c200, 933;
v0x5a202581c200_934 .array/port v0x5a202581c200, 934;
E_0x5a20257c6530/233 .event anyedge, v0x5a202581c200_931, v0x5a202581c200_932, v0x5a202581c200_933, v0x5a202581c200_934;
v0x5a202581c200_935 .array/port v0x5a202581c200, 935;
v0x5a202581c200_936 .array/port v0x5a202581c200, 936;
v0x5a202581c200_937 .array/port v0x5a202581c200, 937;
v0x5a202581c200_938 .array/port v0x5a202581c200, 938;
E_0x5a20257c6530/234 .event anyedge, v0x5a202581c200_935, v0x5a202581c200_936, v0x5a202581c200_937, v0x5a202581c200_938;
v0x5a202581c200_939 .array/port v0x5a202581c200, 939;
v0x5a202581c200_940 .array/port v0x5a202581c200, 940;
v0x5a202581c200_941 .array/port v0x5a202581c200, 941;
v0x5a202581c200_942 .array/port v0x5a202581c200, 942;
E_0x5a20257c6530/235 .event anyedge, v0x5a202581c200_939, v0x5a202581c200_940, v0x5a202581c200_941, v0x5a202581c200_942;
v0x5a202581c200_943 .array/port v0x5a202581c200, 943;
v0x5a202581c200_944 .array/port v0x5a202581c200, 944;
v0x5a202581c200_945 .array/port v0x5a202581c200, 945;
v0x5a202581c200_946 .array/port v0x5a202581c200, 946;
E_0x5a20257c6530/236 .event anyedge, v0x5a202581c200_943, v0x5a202581c200_944, v0x5a202581c200_945, v0x5a202581c200_946;
v0x5a202581c200_947 .array/port v0x5a202581c200, 947;
v0x5a202581c200_948 .array/port v0x5a202581c200, 948;
v0x5a202581c200_949 .array/port v0x5a202581c200, 949;
v0x5a202581c200_950 .array/port v0x5a202581c200, 950;
E_0x5a20257c6530/237 .event anyedge, v0x5a202581c200_947, v0x5a202581c200_948, v0x5a202581c200_949, v0x5a202581c200_950;
v0x5a202581c200_951 .array/port v0x5a202581c200, 951;
v0x5a202581c200_952 .array/port v0x5a202581c200, 952;
v0x5a202581c200_953 .array/port v0x5a202581c200, 953;
v0x5a202581c200_954 .array/port v0x5a202581c200, 954;
E_0x5a20257c6530/238 .event anyedge, v0x5a202581c200_951, v0x5a202581c200_952, v0x5a202581c200_953, v0x5a202581c200_954;
v0x5a202581c200_955 .array/port v0x5a202581c200, 955;
v0x5a202581c200_956 .array/port v0x5a202581c200, 956;
v0x5a202581c200_957 .array/port v0x5a202581c200, 957;
v0x5a202581c200_958 .array/port v0x5a202581c200, 958;
E_0x5a20257c6530/239 .event anyedge, v0x5a202581c200_955, v0x5a202581c200_956, v0x5a202581c200_957, v0x5a202581c200_958;
v0x5a202581c200_959 .array/port v0x5a202581c200, 959;
v0x5a202581c200_960 .array/port v0x5a202581c200, 960;
v0x5a202581c200_961 .array/port v0x5a202581c200, 961;
v0x5a202581c200_962 .array/port v0x5a202581c200, 962;
E_0x5a20257c6530/240 .event anyedge, v0x5a202581c200_959, v0x5a202581c200_960, v0x5a202581c200_961, v0x5a202581c200_962;
v0x5a202581c200_963 .array/port v0x5a202581c200, 963;
v0x5a202581c200_964 .array/port v0x5a202581c200, 964;
v0x5a202581c200_965 .array/port v0x5a202581c200, 965;
v0x5a202581c200_966 .array/port v0x5a202581c200, 966;
E_0x5a20257c6530/241 .event anyedge, v0x5a202581c200_963, v0x5a202581c200_964, v0x5a202581c200_965, v0x5a202581c200_966;
v0x5a202581c200_967 .array/port v0x5a202581c200, 967;
v0x5a202581c200_968 .array/port v0x5a202581c200, 968;
v0x5a202581c200_969 .array/port v0x5a202581c200, 969;
v0x5a202581c200_970 .array/port v0x5a202581c200, 970;
E_0x5a20257c6530/242 .event anyedge, v0x5a202581c200_967, v0x5a202581c200_968, v0x5a202581c200_969, v0x5a202581c200_970;
v0x5a202581c200_971 .array/port v0x5a202581c200, 971;
v0x5a202581c200_972 .array/port v0x5a202581c200, 972;
v0x5a202581c200_973 .array/port v0x5a202581c200, 973;
v0x5a202581c200_974 .array/port v0x5a202581c200, 974;
E_0x5a20257c6530/243 .event anyedge, v0x5a202581c200_971, v0x5a202581c200_972, v0x5a202581c200_973, v0x5a202581c200_974;
v0x5a202581c200_975 .array/port v0x5a202581c200, 975;
v0x5a202581c200_976 .array/port v0x5a202581c200, 976;
v0x5a202581c200_977 .array/port v0x5a202581c200, 977;
v0x5a202581c200_978 .array/port v0x5a202581c200, 978;
E_0x5a20257c6530/244 .event anyedge, v0x5a202581c200_975, v0x5a202581c200_976, v0x5a202581c200_977, v0x5a202581c200_978;
v0x5a202581c200_979 .array/port v0x5a202581c200, 979;
v0x5a202581c200_980 .array/port v0x5a202581c200, 980;
v0x5a202581c200_981 .array/port v0x5a202581c200, 981;
v0x5a202581c200_982 .array/port v0x5a202581c200, 982;
E_0x5a20257c6530/245 .event anyedge, v0x5a202581c200_979, v0x5a202581c200_980, v0x5a202581c200_981, v0x5a202581c200_982;
v0x5a202581c200_983 .array/port v0x5a202581c200, 983;
v0x5a202581c200_984 .array/port v0x5a202581c200, 984;
v0x5a202581c200_985 .array/port v0x5a202581c200, 985;
v0x5a202581c200_986 .array/port v0x5a202581c200, 986;
E_0x5a20257c6530/246 .event anyedge, v0x5a202581c200_983, v0x5a202581c200_984, v0x5a202581c200_985, v0x5a202581c200_986;
v0x5a202581c200_987 .array/port v0x5a202581c200, 987;
v0x5a202581c200_988 .array/port v0x5a202581c200, 988;
v0x5a202581c200_989 .array/port v0x5a202581c200, 989;
v0x5a202581c200_990 .array/port v0x5a202581c200, 990;
E_0x5a20257c6530/247 .event anyedge, v0x5a202581c200_987, v0x5a202581c200_988, v0x5a202581c200_989, v0x5a202581c200_990;
v0x5a202581c200_991 .array/port v0x5a202581c200, 991;
v0x5a202581c200_992 .array/port v0x5a202581c200, 992;
v0x5a202581c200_993 .array/port v0x5a202581c200, 993;
v0x5a202581c200_994 .array/port v0x5a202581c200, 994;
E_0x5a20257c6530/248 .event anyedge, v0x5a202581c200_991, v0x5a202581c200_992, v0x5a202581c200_993, v0x5a202581c200_994;
v0x5a202581c200_995 .array/port v0x5a202581c200, 995;
v0x5a202581c200_996 .array/port v0x5a202581c200, 996;
v0x5a202581c200_997 .array/port v0x5a202581c200, 997;
v0x5a202581c200_998 .array/port v0x5a202581c200, 998;
E_0x5a20257c6530/249 .event anyedge, v0x5a202581c200_995, v0x5a202581c200_996, v0x5a202581c200_997, v0x5a202581c200_998;
v0x5a202581c200_999 .array/port v0x5a202581c200, 999;
v0x5a202581c200_1000 .array/port v0x5a202581c200, 1000;
v0x5a202581c200_1001 .array/port v0x5a202581c200, 1001;
v0x5a202581c200_1002 .array/port v0x5a202581c200, 1002;
E_0x5a20257c6530/250 .event anyedge, v0x5a202581c200_999, v0x5a202581c200_1000, v0x5a202581c200_1001, v0x5a202581c200_1002;
v0x5a202581c200_1003 .array/port v0x5a202581c200, 1003;
v0x5a202581c200_1004 .array/port v0x5a202581c200, 1004;
v0x5a202581c200_1005 .array/port v0x5a202581c200, 1005;
v0x5a202581c200_1006 .array/port v0x5a202581c200, 1006;
E_0x5a20257c6530/251 .event anyedge, v0x5a202581c200_1003, v0x5a202581c200_1004, v0x5a202581c200_1005, v0x5a202581c200_1006;
v0x5a202581c200_1007 .array/port v0x5a202581c200, 1007;
v0x5a202581c200_1008 .array/port v0x5a202581c200, 1008;
v0x5a202581c200_1009 .array/port v0x5a202581c200, 1009;
v0x5a202581c200_1010 .array/port v0x5a202581c200, 1010;
E_0x5a20257c6530/252 .event anyedge, v0x5a202581c200_1007, v0x5a202581c200_1008, v0x5a202581c200_1009, v0x5a202581c200_1010;
v0x5a202581c200_1011 .array/port v0x5a202581c200, 1011;
v0x5a202581c200_1012 .array/port v0x5a202581c200, 1012;
v0x5a202581c200_1013 .array/port v0x5a202581c200, 1013;
v0x5a202581c200_1014 .array/port v0x5a202581c200, 1014;
E_0x5a20257c6530/253 .event anyedge, v0x5a202581c200_1011, v0x5a202581c200_1012, v0x5a202581c200_1013, v0x5a202581c200_1014;
v0x5a202581c200_1015 .array/port v0x5a202581c200, 1015;
v0x5a202581c200_1016 .array/port v0x5a202581c200, 1016;
v0x5a202581c200_1017 .array/port v0x5a202581c200, 1017;
v0x5a202581c200_1018 .array/port v0x5a202581c200, 1018;
E_0x5a20257c6530/254 .event anyedge, v0x5a202581c200_1015, v0x5a202581c200_1016, v0x5a202581c200_1017, v0x5a202581c200_1018;
v0x5a202581c200_1019 .array/port v0x5a202581c200, 1019;
v0x5a202581c200_1020 .array/port v0x5a202581c200, 1020;
v0x5a202581c200_1021 .array/port v0x5a202581c200, 1021;
v0x5a202581c200_1022 .array/port v0x5a202581c200, 1022;
E_0x5a20257c6530/255 .event anyedge, v0x5a202581c200_1019, v0x5a202581c200_1020, v0x5a202581c200_1021, v0x5a202581c200_1022;
v0x5a202581c200_1023 .array/port v0x5a202581c200, 1023;
v0x5a202581c200_1024 .array/port v0x5a202581c200, 1024;
v0x5a202581c200_1025 .array/port v0x5a202581c200, 1025;
v0x5a202581c200_1026 .array/port v0x5a202581c200, 1026;
E_0x5a20257c6530/256 .event anyedge, v0x5a202581c200_1023, v0x5a202581c200_1024, v0x5a202581c200_1025, v0x5a202581c200_1026;
v0x5a202581c200_1027 .array/port v0x5a202581c200, 1027;
v0x5a202581c200_1028 .array/port v0x5a202581c200, 1028;
v0x5a202581c200_1029 .array/port v0x5a202581c200, 1029;
v0x5a202581c200_1030 .array/port v0x5a202581c200, 1030;
E_0x5a20257c6530/257 .event anyedge, v0x5a202581c200_1027, v0x5a202581c200_1028, v0x5a202581c200_1029, v0x5a202581c200_1030;
v0x5a202581c200_1031 .array/port v0x5a202581c200, 1031;
v0x5a202581c200_1032 .array/port v0x5a202581c200, 1032;
v0x5a202581c200_1033 .array/port v0x5a202581c200, 1033;
v0x5a202581c200_1034 .array/port v0x5a202581c200, 1034;
E_0x5a20257c6530/258 .event anyedge, v0x5a202581c200_1031, v0x5a202581c200_1032, v0x5a202581c200_1033, v0x5a202581c200_1034;
v0x5a202581c200_1035 .array/port v0x5a202581c200, 1035;
v0x5a202581c200_1036 .array/port v0x5a202581c200, 1036;
v0x5a202581c200_1037 .array/port v0x5a202581c200, 1037;
v0x5a202581c200_1038 .array/port v0x5a202581c200, 1038;
E_0x5a20257c6530/259 .event anyedge, v0x5a202581c200_1035, v0x5a202581c200_1036, v0x5a202581c200_1037, v0x5a202581c200_1038;
v0x5a202581c200_1039 .array/port v0x5a202581c200, 1039;
v0x5a202581c200_1040 .array/port v0x5a202581c200, 1040;
v0x5a202581c200_1041 .array/port v0x5a202581c200, 1041;
v0x5a202581c200_1042 .array/port v0x5a202581c200, 1042;
E_0x5a20257c6530/260 .event anyedge, v0x5a202581c200_1039, v0x5a202581c200_1040, v0x5a202581c200_1041, v0x5a202581c200_1042;
v0x5a202581c200_1043 .array/port v0x5a202581c200, 1043;
v0x5a202581c200_1044 .array/port v0x5a202581c200, 1044;
v0x5a202581c200_1045 .array/port v0x5a202581c200, 1045;
v0x5a202581c200_1046 .array/port v0x5a202581c200, 1046;
E_0x5a20257c6530/261 .event anyedge, v0x5a202581c200_1043, v0x5a202581c200_1044, v0x5a202581c200_1045, v0x5a202581c200_1046;
v0x5a202581c200_1047 .array/port v0x5a202581c200, 1047;
v0x5a202581c200_1048 .array/port v0x5a202581c200, 1048;
v0x5a202581c200_1049 .array/port v0x5a202581c200, 1049;
v0x5a202581c200_1050 .array/port v0x5a202581c200, 1050;
E_0x5a20257c6530/262 .event anyedge, v0x5a202581c200_1047, v0x5a202581c200_1048, v0x5a202581c200_1049, v0x5a202581c200_1050;
v0x5a202581c200_1051 .array/port v0x5a202581c200, 1051;
v0x5a202581c200_1052 .array/port v0x5a202581c200, 1052;
v0x5a202581c200_1053 .array/port v0x5a202581c200, 1053;
v0x5a202581c200_1054 .array/port v0x5a202581c200, 1054;
E_0x5a20257c6530/263 .event anyedge, v0x5a202581c200_1051, v0x5a202581c200_1052, v0x5a202581c200_1053, v0x5a202581c200_1054;
v0x5a202581c200_1055 .array/port v0x5a202581c200, 1055;
v0x5a202581c200_1056 .array/port v0x5a202581c200, 1056;
v0x5a202581c200_1057 .array/port v0x5a202581c200, 1057;
v0x5a202581c200_1058 .array/port v0x5a202581c200, 1058;
E_0x5a20257c6530/264 .event anyedge, v0x5a202581c200_1055, v0x5a202581c200_1056, v0x5a202581c200_1057, v0x5a202581c200_1058;
v0x5a202581c200_1059 .array/port v0x5a202581c200, 1059;
v0x5a202581c200_1060 .array/port v0x5a202581c200, 1060;
v0x5a202581c200_1061 .array/port v0x5a202581c200, 1061;
v0x5a202581c200_1062 .array/port v0x5a202581c200, 1062;
E_0x5a20257c6530/265 .event anyedge, v0x5a202581c200_1059, v0x5a202581c200_1060, v0x5a202581c200_1061, v0x5a202581c200_1062;
v0x5a202581c200_1063 .array/port v0x5a202581c200, 1063;
v0x5a202581c200_1064 .array/port v0x5a202581c200, 1064;
v0x5a202581c200_1065 .array/port v0x5a202581c200, 1065;
v0x5a202581c200_1066 .array/port v0x5a202581c200, 1066;
E_0x5a20257c6530/266 .event anyedge, v0x5a202581c200_1063, v0x5a202581c200_1064, v0x5a202581c200_1065, v0x5a202581c200_1066;
v0x5a202581c200_1067 .array/port v0x5a202581c200, 1067;
v0x5a202581c200_1068 .array/port v0x5a202581c200, 1068;
v0x5a202581c200_1069 .array/port v0x5a202581c200, 1069;
v0x5a202581c200_1070 .array/port v0x5a202581c200, 1070;
E_0x5a20257c6530/267 .event anyedge, v0x5a202581c200_1067, v0x5a202581c200_1068, v0x5a202581c200_1069, v0x5a202581c200_1070;
v0x5a202581c200_1071 .array/port v0x5a202581c200, 1071;
v0x5a202581c200_1072 .array/port v0x5a202581c200, 1072;
v0x5a202581c200_1073 .array/port v0x5a202581c200, 1073;
v0x5a202581c200_1074 .array/port v0x5a202581c200, 1074;
E_0x5a20257c6530/268 .event anyedge, v0x5a202581c200_1071, v0x5a202581c200_1072, v0x5a202581c200_1073, v0x5a202581c200_1074;
v0x5a202581c200_1075 .array/port v0x5a202581c200, 1075;
v0x5a202581c200_1076 .array/port v0x5a202581c200, 1076;
v0x5a202581c200_1077 .array/port v0x5a202581c200, 1077;
v0x5a202581c200_1078 .array/port v0x5a202581c200, 1078;
E_0x5a20257c6530/269 .event anyedge, v0x5a202581c200_1075, v0x5a202581c200_1076, v0x5a202581c200_1077, v0x5a202581c200_1078;
v0x5a202581c200_1079 .array/port v0x5a202581c200, 1079;
v0x5a202581c200_1080 .array/port v0x5a202581c200, 1080;
v0x5a202581c200_1081 .array/port v0x5a202581c200, 1081;
v0x5a202581c200_1082 .array/port v0x5a202581c200, 1082;
E_0x5a20257c6530/270 .event anyedge, v0x5a202581c200_1079, v0x5a202581c200_1080, v0x5a202581c200_1081, v0x5a202581c200_1082;
v0x5a202581c200_1083 .array/port v0x5a202581c200, 1083;
v0x5a202581c200_1084 .array/port v0x5a202581c200, 1084;
v0x5a202581c200_1085 .array/port v0x5a202581c200, 1085;
v0x5a202581c200_1086 .array/port v0x5a202581c200, 1086;
E_0x5a20257c6530/271 .event anyedge, v0x5a202581c200_1083, v0x5a202581c200_1084, v0x5a202581c200_1085, v0x5a202581c200_1086;
v0x5a202581c200_1087 .array/port v0x5a202581c200, 1087;
v0x5a202581c200_1088 .array/port v0x5a202581c200, 1088;
v0x5a202581c200_1089 .array/port v0x5a202581c200, 1089;
v0x5a202581c200_1090 .array/port v0x5a202581c200, 1090;
E_0x5a20257c6530/272 .event anyedge, v0x5a202581c200_1087, v0x5a202581c200_1088, v0x5a202581c200_1089, v0x5a202581c200_1090;
v0x5a202581c200_1091 .array/port v0x5a202581c200, 1091;
v0x5a202581c200_1092 .array/port v0x5a202581c200, 1092;
v0x5a202581c200_1093 .array/port v0x5a202581c200, 1093;
v0x5a202581c200_1094 .array/port v0x5a202581c200, 1094;
E_0x5a20257c6530/273 .event anyedge, v0x5a202581c200_1091, v0x5a202581c200_1092, v0x5a202581c200_1093, v0x5a202581c200_1094;
v0x5a202581c200_1095 .array/port v0x5a202581c200, 1095;
v0x5a202581c200_1096 .array/port v0x5a202581c200, 1096;
v0x5a202581c200_1097 .array/port v0x5a202581c200, 1097;
v0x5a202581c200_1098 .array/port v0x5a202581c200, 1098;
E_0x5a20257c6530/274 .event anyedge, v0x5a202581c200_1095, v0x5a202581c200_1096, v0x5a202581c200_1097, v0x5a202581c200_1098;
v0x5a202581c200_1099 .array/port v0x5a202581c200, 1099;
v0x5a202581c200_1100 .array/port v0x5a202581c200, 1100;
v0x5a202581c200_1101 .array/port v0x5a202581c200, 1101;
v0x5a202581c200_1102 .array/port v0x5a202581c200, 1102;
E_0x5a20257c6530/275 .event anyedge, v0x5a202581c200_1099, v0x5a202581c200_1100, v0x5a202581c200_1101, v0x5a202581c200_1102;
v0x5a202581c200_1103 .array/port v0x5a202581c200, 1103;
v0x5a202581c200_1104 .array/port v0x5a202581c200, 1104;
v0x5a202581c200_1105 .array/port v0x5a202581c200, 1105;
v0x5a202581c200_1106 .array/port v0x5a202581c200, 1106;
E_0x5a20257c6530/276 .event anyedge, v0x5a202581c200_1103, v0x5a202581c200_1104, v0x5a202581c200_1105, v0x5a202581c200_1106;
v0x5a202581c200_1107 .array/port v0x5a202581c200, 1107;
v0x5a202581c200_1108 .array/port v0x5a202581c200, 1108;
v0x5a202581c200_1109 .array/port v0x5a202581c200, 1109;
v0x5a202581c200_1110 .array/port v0x5a202581c200, 1110;
E_0x5a20257c6530/277 .event anyedge, v0x5a202581c200_1107, v0x5a202581c200_1108, v0x5a202581c200_1109, v0x5a202581c200_1110;
v0x5a202581c200_1111 .array/port v0x5a202581c200, 1111;
v0x5a202581c200_1112 .array/port v0x5a202581c200, 1112;
v0x5a202581c200_1113 .array/port v0x5a202581c200, 1113;
v0x5a202581c200_1114 .array/port v0x5a202581c200, 1114;
E_0x5a20257c6530/278 .event anyedge, v0x5a202581c200_1111, v0x5a202581c200_1112, v0x5a202581c200_1113, v0x5a202581c200_1114;
v0x5a202581c200_1115 .array/port v0x5a202581c200, 1115;
v0x5a202581c200_1116 .array/port v0x5a202581c200, 1116;
v0x5a202581c200_1117 .array/port v0x5a202581c200, 1117;
v0x5a202581c200_1118 .array/port v0x5a202581c200, 1118;
E_0x5a20257c6530/279 .event anyedge, v0x5a202581c200_1115, v0x5a202581c200_1116, v0x5a202581c200_1117, v0x5a202581c200_1118;
v0x5a202581c200_1119 .array/port v0x5a202581c200, 1119;
v0x5a202581c200_1120 .array/port v0x5a202581c200, 1120;
v0x5a202581c200_1121 .array/port v0x5a202581c200, 1121;
v0x5a202581c200_1122 .array/port v0x5a202581c200, 1122;
E_0x5a20257c6530/280 .event anyedge, v0x5a202581c200_1119, v0x5a202581c200_1120, v0x5a202581c200_1121, v0x5a202581c200_1122;
v0x5a202581c200_1123 .array/port v0x5a202581c200, 1123;
v0x5a202581c200_1124 .array/port v0x5a202581c200, 1124;
v0x5a202581c200_1125 .array/port v0x5a202581c200, 1125;
v0x5a202581c200_1126 .array/port v0x5a202581c200, 1126;
E_0x5a20257c6530/281 .event anyedge, v0x5a202581c200_1123, v0x5a202581c200_1124, v0x5a202581c200_1125, v0x5a202581c200_1126;
v0x5a202581c200_1127 .array/port v0x5a202581c200, 1127;
v0x5a202581c200_1128 .array/port v0x5a202581c200, 1128;
v0x5a202581c200_1129 .array/port v0x5a202581c200, 1129;
v0x5a202581c200_1130 .array/port v0x5a202581c200, 1130;
E_0x5a20257c6530/282 .event anyedge, v0x5a202581c200_1127, v0x5a202581c200_1128, v0x5a202581c200_1129, v0x5a202581c200_1130;
v0x5a202581c200_1131 .array/port v0x5a202581c200, 1131;
v0x5a202581c200_1132 .array/port v0x5a202581c200, 1132;
v0x5a202581c200_1133 .array/port v0x5a202581c200, 1133;
v0x5a202581c200_1134 .array/port v0x5a202581c200, 1134;
E_0x5a20257c6530/283 .event anyedge, v0x5a202581c200_1131, v0x5a202581c200_1132, v0x5a202581c200_1133, v0x5a202581c200_1134;
v0x5a202581c200_1135 .array/port v0x5a202581c200, 1135;
v0x5a202581c200_1136 .array/port v0x5a202581c200, 1136;
v0x5a202581c200_1137 .array/port v0x5a202581c200, 1137;
v0x5a202581c200_1138 .array/port v0x5a202581c200, 1138;
E_0x5a20257c6530/284 .event anyedge, v0x5a202581c200_1135, v0x5a202581c200_1136, v0x5a202581c200_1137, v0x5a202581c200_1138;
v0x5a202581c200_1139 .array/port v0x5a202581c200, 1139;
v0x5a202581c200_1140 .array/port v0x5a202581c200, 1140;
v0x5a202581c200_1141 .array/port v0x5a202581c200, 1141;
v0x5a202581c200_1142 .array/port v0x5a202581c200, 1142;
E_0x5a20257c6530/285 .event anyedge, v0x5a202581c200_1139, v0x5a202581c200_1140, v0x5a202581c200_1141, v0x5a202581c200_1142;
v0x5a202581c200_1143 .array/port v0x5a202581c200, 1143;
v0x5a202581c200_1144 .array/port v0x5a202581c200, 1144;
v0x5a202581c200_1145 .array/port v0x5a202581c200, 1145;
v0x5a202581c200_1146 .array/port v0x5a202581c200, 1146;
E_0x5a20257c6530/286 .event anyedge, v0x5a202581c200_1143, v0x5a202581c200_1144, v0x5a202581c200_1145, v0x5a202581c200_1146;
v0x5a202581c200_1147 .array/port v0x5a202581c200, 1147;
v0x5a202581c200_1148 .array/port v0x5a202581c200, 1148;
v0x5a202581c200_1149 .array/port v0x5a202581c200, 1149;
v0x5a202581c200_1150 .array/port v0x5a202581c200, 1150;
E_0x5a20257c6530/287 .event anyedge, v0x5a202581c200_1147, v0x5a202581c200_1148, v0x5a202581c200_1149, v0x5a202581c200_1150;
v0x5a202581c200_1151 .array/port v0x5a202581c200, 1151;
v0x5a202581c200_1152 .array/port v0x5a202581c200, 1152;
v0x5a202581c200_1153 .array/port v0x5a202581c200, 1153;
v0x5a202581c200_1154 .array/port v0x5a202581c200, 1154;
E_0x5a20257c6530/288 .event anyedge, v0x5a202581c200_1151, v0x5a202581c200_1152, v0x5a202581c200_1153, v0x5a202581c200_1154;
v0x5a202581c200_1155 .array/port v0x5a202581c200, 1155;
v0x5a202581c200_1156 .array/port v0x5a202581c200, 1156;
v0x5a202581c200_1157 .array/port v0x5a202581c200, 1157;
v0x5a202581c200_1158 .array/port v0x5a202581c200, 1158;
E_0x5a20257c6530/289 .event anyedge, v0x5a202581c200_1155, v0x5a202581c200_1156, v0x5a202581c200_1157, v0x5a202581c200_1158;
v0x5a202581c200_1159 .array/port v0x5a202581c200, 1159;
v0x5a202581c200_1160 .array/port v0x5a202581c200, 1160;
v0x5a202581c200_1161 .array/port v0x5a202581c200, 1161;
v0x5a202581c200_1162 .array/port v0x5a202581c200, 1162;
E_0x5a20257c6530/290 .event anyedge, v0x5a202581c200_1159, v0x5a202581c200_1160, v0x5a202581c200_1161, v0x5a202581c200_1162;
v0x5a202581c200_1163 .array/port v0x5a202581c200, 1163;
v0x5a202581c200_1164 .array/port v0x5a202581c200, 1164;
v0x5a202581c200_1165 .array/port v0x5a202581c200, 1165;
v0x5a202581c200_1166 .array/port v0x5a202581c200, 1166;
E_0x5a20257c6530/291 .event anyedge, v0x5a202581c200_1163, v0x5a202581c200_1164, v0x5a202581c200_1165, v0x5a202581c200_1166;
v0x5a202581c200_1167 .array/port v0x5a202581c200, 1167;
v0x5a202581c200_1168 .array/port v0x5a202581c200, 1168;
v0x5a202581c200_1169 .array/port v0x5a202581c200, 1169;
v0x5a202581c200_1170 .array/port v0x5a202581c200, 1170;
E_0x5a20257c6530/292 .event anyedge, v0x5a202581c200_1167, v0x5a202581c200_1168, v0x5a202581c200_1169, v0x5a202581c200_1170;
v0x5a202581c200_1171 .array/port v0x5a202581c200, 1171;
v0x5a202581c200_1172 .array/port v0x5a202581c200, 1172;
v0x5a202581c200_1173 .array/port v0x5a202581c200, 1173;
v0x5a202581c200_1174 .array/port v0x5a202581c200, 1174;
E_0x5a20257c6530/293 .event anyedge, v0x5a202581c200_1171, v0x5a202581c200_1172, v0x5a202581c200_1173, v0x5a202581c200_1174;
v0x5a202581c200_1175 .array/port v0x5a202581c200, 1175;
v0x5a202581c200_1176 .array/port v0x5a202581c200, 1176;
v0x5a202581c200_1177 .array/port v0x5a202581c200, 1177;
v0x5a202581c200_1178 .array/port v0x5a202581c200, 1178;
E_0x5a20257c6530/294 .event anyedge, v0x5a202581c200_1175, v0x5a202581c200_1176, v0x5a202581c200_1177, v0x5a202581c200_1178;
v0x5a202581c200_1179 .array/port v0x5a202581c200, 1179;
v0x5a202581c200_1180 .array/port v0x5a202581c200, 1180;
v0x5a202581c200_1181 .array/port v0x5a202581c200, 1181;
v0x5a202581c200_1182 .array/port v0x5a202581c200, 1182;
E_0x5a20257c6530/295 .event anyedge, v0x5a202581c200_1179, v0x5a202581c200_1180, v0x5a202581c200_1181, v0x5a202581c200_1182;
v0x5a202581c200_1183 .array/port v0x5a202581c200, 1183;
v0x5a202581c200_1184 .array/port v0x5a202581c200, 1184;
v0x5a202581c200_1185 .array/port v0x5a202581c200, 1185;
v0x5a202581c200_1186 .array/port v0x5a202581c200, 1186;
E_0x5a20257c6530/296 .event anyedge, v0x5a202581c200_1183, v0x5a202581c200_1184, v0x5a202581c200_1185, v0x5a202581c200_1186;
v0x5a202581c200_1187 .array/port v0x5a202581c200, 1187;
v0x5a202581c200_1188 .array/port v0x5a202581c200, 1188;
v0x5a202581c200_1189 .array/port v0x5a202581c200, 1189;
v0x5a202581c200_1190 .array/port v0x5a202581c200, 1190;
E_0x5a20257c6530/297 .event anyedge, v0x5a202581c200_1187, v0x5a202581c200_1188, v0x5a202581c200_1189, v0x5a202581c200_1190;
v0x5a202581c200_1191 .array/port v0x5a202581c200, 1191;
v0x5a202581c200_1192 .array/port v0x5a202581c200, 1192;
v0x5a202581c200_1193 .array/port v0x5a202581c200, 1193;
v0x5a202581c200_1194 .array/port v0x5a202581c200, 1194;
E_0x5a20257c6530/298 .event anyedge, v0x5a202581c200_1191, v0x5a202581c200_1192, v0x5a202581c200_1193, v0x5a202581c200_1194;
v0x5a202581c200_1195 .array/port v0x5a202581c200, 1195;
v0x5a202581c200_1196 .array/port v0x5a202581c200, 1196;
v0x5a202581c200_1197 .array/port v0x5a202581c200, 1197;
v0x5a202581c200_1198 .array/port v0x5a202581c200, 1198;
E_0x5a20257c6530/299 .event anyedge, v0x5a202581c200_1195, v0x5a202581c200_1196, v0x5a202581c200_1197, v0x5a202581c200_1198;
v0x5a202581c200_1199 .array/port v0x5a202581c200, 1199;
v0x5a202581c200_1200 .array/port v0x5a202581c200, 1200;
v0x5a202581c200_1201 .array/port v0x5a202581c200, 1201;
v0x5a202581c200_1202 .array/port v0x5a202581c200, 1202;
E_0x5a20257c6530/300 .event anyedge, v0x5a202581c200_1199, v0x5a202581c200_1200, v0x5a202581c200_1201, v0x5a202581c200_1202;
v0x5a202581c200_1203 .array/port v0x5a202581c200, 1203;
v0x5a202581c200_1204 .array/port v0x5a202581c200, 1204;
v0x5a202581c200_1205 .array/port v0x5a202581c200, 1205;
v0x5a202581c200_1206 .array/port v0x5a202581c200, 1206;
E_0x5a20257c6530/301 .event anyedge, v0x5a202581c200_1203, v0x5a202581c200_1204, v0x5a202581c200_1205, v0x5a202581c200_1206;
v0x5a202581c200_1207 .array/port v0x5a202581c200, 1207;
v0x5a202581c200_1208 .array/port v0x5a202581c200, 1208;
v0x5a202581c200_1209 .array/port v0x5a202581c200, 1209;
v0x5a202581c200_1210 .array/port v0x5a202581c200, 1210;
E_0x5a20257c6530/302 .event anyedge, v0x5a202581c200_1207, v0x5a202581c200_1208, v0x5a202581c200_1209, v0x5a202581c200_1210;
v0x5a202581c200_1211 .array/port v0x5a202581c200, 1211;
v0x5a202581c200_1212 .array/port v0x5a202581c200, 1212;
v0x5a202581c200_1213 .array/port v0x5a202581c200, 1213;
v0x5a202581c200_1214 .array/port v0x5a202581c200, 1214;
E_0x5a20257c6530/303 .event anyedge, v0x5a202581c200_1211, v0x5a202581c200_1212, v0x5a202581c200_1213, v0x5a202581c200_1214;
v0x5a202581c200_1215 .array/port v0x5a202581c200, 1215;
v0x5a202581c200_1216 .array/port v0x5a202581c200, 1216;
v0x5a202581c200_1217 .array/port v0x5a202581c200, 1217;
v0x5a202581c200_1218 .array/port v0x5a202581c200, 1218;
E_0x5a20257c6530/304 .event anyedge, v0x5a202581c200_1215, v0x5a202581c200_1216, v0x5a202581c200_1217, v0x5a202581c200_1218;
v0x5a202581c200_1219 .array/port v0x5a202581c200, 1219;
v0x5a202581c200_1220 .array/port v0x5a202581c200, 1220;
v0x5a202581c200_1221 .array/port v0x5a202581c200, 1221;
v0x5a202581c200_1222 .array/port v0x5a202581c200, 1222;
E_0x5a20257c6530/305 .event anyedge, v0x5a202581c200_1219, v0x5a202581c200_1220, v0x5a202581c200_1221, v0x5a202581c200_1222;
v0x5a202581c200_1223 .array/port v0x5a202581c200, 1223;
v0x5a202581c200_1224 .array/port v0x5a202581c200, 1224;
v0x5a202581c200_1225 .array/port v0x5a202581c200, 1225;
v0x5a202581c200_1226 .array/port v0x5a202581c200, 1226;
E_0x5a20257c6530/306 .event anyedge, v0x5a202581c200_1223, v0x5a202581c200_1224, v0x5a202581c200_1225, v0x5a202581c200_1226;
v0x5a202581c200_1227 .array/port v0x5a202581c200, 1227;
v0x5a202581c200_1228 .array/port v0x5a202581c200, 1228;
v0x5a202581c200_1229 .array/port v0x5a202581c200, 1229;
v0x5a202581c200_1230 .array/port v0x5a202581c200, 1230;
E_0x5a20257c6530/307 .event anyedge, v0x5a202581c200_1227, v0x5a202581c200_1228, v0x5a202581c200_1229, v0x5a202581c200_1230;
v0x5a202581c200_1231 .array/port v0x5a202581c200, 1231;
v0x5a202581c200_1232 .array/port v0x5a202581c200, 1232;
v0x5a202581c200_1233 .array/port v0x5a202581c200, 1233;
v0x5a202581c200_1234 .array/port v0x5a202581c200, 1234;
E_0x5a20257c6530/308 .event anyedge, v0x5a202581c200_1231, v0x5a202581c200_1232, v0x5a202581c200_1233, v0x5a202581c200_1234;
v0x5a202581c200_1235 .array/port v0x5a202581c200, 1235;
v0x5a202581c200_1236 .array/port v0x5a202581c200, 1236;
v0x5a202581c200_1237 .array/port v0x5a202581c200, 1237;
v0x5a202581c200_1238 .array/port v0x5a202581c200, 1238;
E_0x5a20257c6530/309 .event anyedge, v0x5a202581c200_1235, v0x5a202581c200_1236, v0x5a202581c200_1237, v0x5a202581c200_1238;
v0x5a202581c200_1239 .array/port v0x5a202581c200, 1239;
v0x5a202581c200_1240 .array/port v0x5a202581c200, 1240;
v0x5a202581c200_1241 .array/port v0x5a202581c200, 1241;
v0x5a202581c200_1242 .array/port v0x5a202581c200, 1242;
E_0x5a20257c6530/310 .event anyedge, v0x5a202581c200_1239, v0x5a202581c200_1240, v0x5a202581c200_1241, v0x5a202581c200_1242;
v0x5a202581c200_1243 .array/port v0x5a202581c200, 1243;
v0x5a202581c200_1244 .array/port v0x5a202581c200, 1244;
v0x5a202581c200_1245 .array/port v0x5a202581c200, 1245;
v0x5a202581c200_1246 .array/port v0x5a202581c200, 1246;
E_0x5a20257c6530/311 .event anyedge, v0x5a202581c200_1243, v0x5a202581c200_1244, v0x5a202581c200_1245, v0x5a202581c200_1246;
v0x5a202581c200_1247 .array/port v0x5a202581c200, 1247;
v0x5a202581c200_1248 .array/port v0x5a202581c200, 1248;
v0x5a202581c200_1249 .array/port v0x5a202581c200, 1249;
v0x5a202581c200_1250 .array/port v0x5a202581c200, 1250;
E_0x5a20257c6530/312 .event anyedge, v0x5a202581c200_1247, v0x5a202581c200_1248, v0x5a202581c200_1249, v0x5a202581c200_1250;
v0x5a202581c200_1251 .array/port v0x5a202581c200, 1251;
v0x5a202581c200_1252 .array/port v0x5a202581c200, 1252;
v0x5a202581c200_1253 .array/port v0x5a202581c200, 1253;
v0x5a202581c200_1254 .array/port v0x5a202581c200, 1254;
E_0x5a20257c6530/313 .event anyedge, v0x5a202581c200_1251, v0x5a202581c200_1252, v0x5a202581c200_1253, v0x5a202581c200_1254;
v0x5a202581c200_1255 .array/port v0x5a202581c200, 1255;
v0x5a202581c200_1256 .array/port v0x5a202581c200, 1256;
v0x5a202581c200_1257 .array/port v0x5a202581c200, 1257;
v0x5a202581c200_1258 .array/port v0x5a202581c200, 1258;
E_0x5a20257c6530/314 .event anyedge, v0x5a202581c200_1255, v0x5a202581c200_1256, v0x5a202581c200_1257, v0x5a202581c200_1258;
v0x5a202581c200_1259 .array/port v0x5a202581c200, 1259;
v0x5a202581c200_1260 .array/port v0x5a202581c200, 1260;
v0x5a202581c200_1261 .array/port v0x5a202581c200, 1261;
v0x5a202581c200_1262 .array/port v0x5a202581c200, 1262;
E_0x5a20257c6530/315 .event anyedge, v0x5a202581c200_1259, v0x5a202581c200_1260, v0x5a202581c200_1261, v0x5a202581c200_1262;
v0x5a202581c200_1263 .array/port v0x5a202581c200, 1263;
v0x5a202581c200_1264 .array/port v0x5a202581c200, 1264;
v0x5a202581c200_1265 .array/port v0x5a202581c200, 1265;
v0x5a202581c200_1266 .array/port v0x5a202581c200, 1266;
E_0x5a20257c6530/316 .event anyedge, v0x5a202581c200_1263, v0x5a202581c200_1264, v0x5a202581c200_1265, v0x5a202581c200_1266;
v0x5a202581c200_1267 .array/port v0x5a202581c200, 1267;
v0x5a202581c200_1268 .array/port v0x5a202581c200, 1268;
v0x5a202581c200_1269 .array/port v0x5a202581c200, 1269;
v0x5a202581c200_1270 .array/port v0x5a202581c200, 1270;
E_0x5a20257c6530/317 .event anyedge, v0x5a202581c200_1267, v0x5a202581c200_1268, v0x5a202581c200_1269, v0x5a202581c200_1270;
v0x5a202581c200_1271 .array/port v0x5a202581c200, 1271;
v0x5a202581c200_1272 .array/port v0x5a202581c200, 1272;
v0x5a202581c200_1273 .array/port v0x5a202581c200, 1273;
v0x5a202581c200_1274 .array/port v0x5a202581c200, 1274;
E_0x5a20257c6530/318 .event anyedge, v0x5a202581c200_1271, v0x5a202581c200_1272, v0x5a202581c200_1273, v0x5a202581c200_1274;
v0x5a202581c200_1275 .array/port v0x5a202581c200, 1275;
v0x5a202581c200_1276 .array/port v0x5a202581c200, 1276;
v0x5a202581c200_1277 .array/port v0x5a202581c200, 1277;
v0x5a202581c200_1278 .array/port v0x5a202581c200, 1278;
E_0x5a20257c6530/319 .event anyedge, v0x5a202581c200_1275, v0x5a202581c200_1276, v0x5a202581c200_1277, v0x5a202581c200_1278;
v0x5a202581c200_1279 .array/port v0x5a202581c200, 1279;
v0x5a202581c200_1280 .array/port v0x5a202581c200, 1280;
v0x5a202581c200_1281 .array/port v0x5a202581c200, 1281;
v0x5a202581c200_1282 .array/port v0x5a202581c200, 1282;
E_0x5a20257c6530/320 .event anyedge, v0x5a202581c200_1279, v0x5a202581c200_1280, v0x5a202581c200_1281, v0x5a202581c200_1282;
v0x5a202581c200_1283 .array/port v0x5a202581c200, 1283;
v0x5a202581c200_1284 .array/port v0x5a202581c200, 1284;
v0x5a202581c200_1285 .array/port v0x5a202581c200, 1285;
v0x5a202581c200_1286 .array/port v0x5a202581c200, 1286;
E_0x5a20257c6530/321 .event anyedge, v0x5a202581c200_1283, v0x5a202581c200_1284, v0x5a202581c200_1285, v0x5a202581c200_1286;
v0x5a202581c200_1287 .array/port v0x5a202581c200, 1287;
v0x5a202581c200_1288 .array/port v0x5a202581c200, 1288;
v0x5a202581c200_1289 .array/port v0x5a202581c200, 1289;
v0x5a202581c200_1290 .array/port v0x5a202581c200, 1290;
E_0x5a20257c6530/322 .event anyedge, v0x5a202581c200_1287, v0x5a202581c200_1288, v0x5a202581c200_1289, v0x5a202581c200_1290;
v0x5a202581c200_1291 .array/port v0x5a202581c200, 1291;
v0x5a202581c200_1292 .array/port v0x5a202581c200, 1292;
v0x5a202581c200_1293 .array/port v0x5a202581c200, 1293;
v0x5a202581c200_1294 .array/port v0x5a202581c200, 1294;
E_0x5a20257c6530/323 .event anyedge, v0x5a202581c200_1291, v0x5a202581c200_1292, v0x5a202581c200_1293, v0x5a202581c200_1294;
v0x5a202581c200_1295 .array/port v0x5a202581c200, 1295;
v0x5a202581c200_1296 .array/port v0x5a202581c200, 1296;
v0x5a202581c200_1297 .array/port v0x5a202581c200, 1297;
v0x5a202581c200_1298 .array/port v0x5a202581c200, 1298;
E_0x5a20257c6530/324 .event anyedge, v0x5a202581c200_1295, v0x5a202581c200_1296, v0x5a202581c200_1297, v0x5a202581c200_1298;
v0x5a202581c200_1299 .array/port v0x5a202581c200, 1299;
v0x5a202581c200_1300 .array/port v0x5a202581c200, 1300;
v0x5a202581c200_1301 .array/port v0x5a202581c200, 1301;
v0x5a202581c200_1302 .array/port v0x5a202581c200, 1302;
E_0x5a20257c6530/325 .event anyedge, v0x5a202581c200_1299, v0x5a202581c200_1300, v0x5a202581c200_1301, v0x5a202581c200_1302;
v0x5a202581c200_1303 .array/port v0x5a202581c200, 1303;
v0x5a202581c200_1304 .array/port v0x5a202581c200, 1304;
v0x5a202581c200_1305 .array/port v0x5a202581c200, 1305;
v0x5a202581c200_1306 .array/port v0x5a202581c200, 1306;
E_0x5a20257c6530/326 .event anyedge, v0x5a202581c200_1303, v0x5a202581c200_1304, v0x5a202581c200_1305, v0x5a202581c200_1306;
v0x5a202581c200_1307 .array/port v0x5a202581c200, 1307;
v0x5a202581c200_1308 .array/port v0x5a202581c200, 1308;
v0x5a202581c200_1309 .array/port v0x5a202581c200, 1309;
v0x5a202581c200_1310 .array/port v0x5a202581c200, 1310;
E_0x5a20257c6530/327 .event anyedge, v0x5a202581c200_1307, v0x5a202581c200_1308, v0x5a202581c200_1309, v0x5a202581c200_1310;
v0x5a202581c200_1311 .array/port v0x5a202581c200, 1311;
v0x5a202581c200_1312 .array/port v0x5a202581c200, 1312;
v0x5a202581c200_1313 .array/port v0x5a202581c200, 1313;
v0x5a202581c200_1314 .array/port v0x5a202581c200, 1314;
E_0x5a20257c6530/328 .event anyedge, v0x5a202581c200_1311, v0x5a202581c200_1312, v0x5a202581c200_1313, v0x5a202581c200_1314;
v0x5a202581c200_1315 .array/port v0x5a202581c200, 1315;
v0x5a202581c200_1316 .array/port v0x5a202581c200, 1316;
v0x5a202581c200_1317 .array/port v0x5a202581c200, 1317;
v0x5a202581c200_1318 .array/port v0x5a202581c200, 1318;
E_0x5a20257c6530/329 .event anyedge, v0x5a202581c200_1315, v0x5a202581c200_1316, v0x5a202581c200_1317, v0x5a202581c200_1318;
v0x5a202581c200_1319 .array/port v0x5a202581c200, 1319;
v0x5a202581c200_1320 .array/port v0x5a202581c200, 1320;
v0x5a202581c200_1321 .array/port v0x5a202581c200, 1321;
v0x5a202581c200_1322 .array/port v0x5a202581c200, 1322;
E_0x5a20257c6530/330 .event anyedge, v0x5a202581c200_1319, v0x5a202581c200_1320, v0x5a202581c200_1321, v0x5a202581c200_1322;
v0x5a202581c200_1323 .array/port v0x5a202581c200, 1323;
v0x5a202581c200_1324 .array/port v0x5a202581c200, 1324;
v0x5a202581c200_1325 .array/port v0x5a202581c200, 1325;
v0x5a202581c200_1326 .array/port v0x5a202581c200, 1326;
E_0x5a20257c6530/331 .event anyedge, v0x5a202581c200_1323, v0x5a202581c200_1324, v0x5a202581c200_1325, v0x5a202581c200_1326;
v0x5a202581c200_1327 .array/port v0x5a202581c200, 1327;
v0x5a202581c200_1328 .array/port v0x5a202581c200, 1328;
v0x5a202581c200_1329 .array/port v0x5a202581c200, 1329;
v0x5a202581c200_1330 .array/port v0x5a202581c200, 1330;
E_0x5a20257c6530/332 .event anyedge, v0x5a202581c200_1327, v0x5a202581c200_1328, v0x5a202581c200_1329, v0x5a202581c200_1330;
v0x5a202581c200_1331 .array/port v0x5a202581c200, 1331;
v0x5a202581c200_1332 .array/port v0x5a202581c200, 1332;
v0x5a202581c200_1333 .array/port v0x5a202581c200, 1333;
v0x5a202581c200_1334 .array/port v0x5a202581c200, 1334;
E_0x5a20257c6530/333 .event anyedge, v0x5a202581c200_1331, v0x5a202581c200_1332, v0x5a202581c200_1333, v0x5a202581c200_1334;
v0x5a202581c200_1335 .array/port v0x5a202581c200, 1335;
v0x5a202581c200_1336 .array/port v0x5a202581c200, 1336;
v0x5a202581c200_1337 .array/port v0x5a202581c200, 1337;
v0x5a202581c200_1338 .array/port v0x5a202581c200, 1338;
E_0x5a20257c6530/334 .event anyedge, v0x5a202581c200_1335, v0x5a202581c200_1336, v0x5a202581c200_1337, v0x5a202581c200_1338;
v0x5a202581c200_1339 .array/port v0x5a202581c200, 1339;
v0x5a202581c200_1340 .array/port v0x5a202581c200, 1340;
v0x5a202581c200_1341 .array/port v0x5a202581c200, 1341;
v0x5a202581c200_1342 .array/port v0x5a202581c200, 1342;
E_0x5a20257c6530/335 .event anyedge, v0x5a202581c200_1339, v0x5a202581c200_1340, v0x5a202581c200_1341, v0x5a202581c200_1342;
v0x5a202581c200_1343 .array/port v0x5a202581c200, 1343;
v0x5a202581c200_1344 .array/port v0x5a202581c200, 1344;
v0x5a202581c200_1345 .array/port v0x5a202581c200, 1345;
v0x5a202581c200_1346 .array/port v0x5a202581c200, 1346;
E_0x5a20257c6530/336 .event anyedge, v0x5a202581c200_1343, v0x5a202581c200_1344, v0x5a202581c200_1345, v0x5a202581c200_1346;
v0x5a202581c200_1347 .array/port v0x5a202581c200, 1347;
v0x5a202581c200_1348 .array/port v0x5a202581c200, 1348;
v0x5a202581c200_1349 .array/port v0x5a202581c200, 1349;
v0x5a202581c200_1350 .array/port v0x5a202581c200, 1350;
E_0x5a20257c6530/337 .event anyedge, v0x5a202581c200_1347, v0x5a202581c200_1348, v0x5a202581c200_1349, v0x5a202581c200_1350;
v0x5a202581c200_1351 .array/port v0x5a202581c200, 1351;
v0x5a202581c200_1352 .array/port v0x5a202581c200, 1352;
v0x5a202581c200_1353 .array/port v0x5a202581c200, 1353;
v0x5a202581c200_1354 .array/port v0x5a202581c200, 1354;
E_0x5a20257c6530/338 .event anyedge, v0x5a202581c200_1351, v0x5a202581c200_1352, v0x5a202581c200_1353, v0x5a202581c200_1354;
v0x5a202581c200_1355 .array/port v0x5a202581c200, 1355;
v0x5a202581c200_1356 .array/port v0x5a202581c200, 1356;
v0x5a202581c200_1357 .array/port v0x5a202581c200, 1357;
v0x5a202581c200_1358 .array/port v0x5a202581c200, 1358;
E_0x5a20257c6530/339 .event anyedge, v0x5a202581c200_1355, v0x5a202581c200_1356, v0x5a202581c200_1357, v0x5a202581c200_1358;
v0x5a202581c200_1359 .array/port v0x5a202581c200, 1359;
v0x5a202581c200_1360 .array/port v0x5a202581c200, 1360;
v0x5a202581c200_1361 .array/port v0x5a202581c200, 1361;
v0x5a202581c200_1362 .array/port v0x5a202581c200, 1362;
E_0x5a20257c6530/340 .event anyedge, v0x5a202581c200_1359, v0x5a202581c200_1360, v0x5a202581c200_1361, v0x5a202581c200_1362;
v0x5a202581c200_1363 .array/port v0x5a202581c200, 1363;
v0x5a202581c200_1364 .array/port v0x5a202581c200, 1364;
v0x5a202581c200_1365 .array/port v0x5a202581c200, 1365;
v0x5a202581c200_1366 .array/port v0x5a202581c200, 1366;
E_0x5a20257c6530/341 .event anyedge, v0x5a202581c200_1363, v0x5a202581c200_1364, v0x5a202581c200_1365, v0x5a202581c200_1366;
v0x5a202581c200_1367 .array/port v0x5a202581c200, 1367;
v0x5a202581c200_1368 .array/port v0x5a202581c200, 1368;
v0x5a202581c200_1369 .array/port v0x5a202581c200, 1369;
v0x5a202581c200_1370 .array/port v0x5a202581c200, 1370;
E_0x5a20257c6530/342 .event anyedge, v0x5a202581c200_1367, v0x5a202581c200_1368, v0x5a202581c200_1369, v0x5a202581c200_1370;
v0x5a202581c200_1371 .array/port v0x5a202581c200, 1371;
v0x5a202581c200_1372 .array/port v0x5a202581c200, 1372;
v0x5a202581c200_1373 .array/port v0x5a202581c200, 1373;
v0x5a202581c200_1374 .array/port v0x5a202581c200, 1374;
E_0x5a20257c6530/343 .event anyedge, v0x5a202581c200_1371, v0x5a202581c200_1372, v0x5a202581c200_1373, v0x5a202581c200_1374;
v0x5a202581c200_1375 .array/port v0x5a202581c200, 1375;
v0x5a202581c200_1376 .array/port v0x5a202581c200, 1376;
v0x5a202581c200_1377 .array/port v0x5a202581c200, 1377;
v0x5a202581c200_1378 .array/port v0x5a202581c200, 1378;
E_0x5a20257c6530/344 .event anyedge, v0x5a202581c200_1375, v0x5a202581c200_1376, v0x5a202581c200_1377, v0x5a202581c200_1378;
v0x5a202581c200_1379 .array/port v0x5a202581c200, 1379;
v0x5a202581c200_1380 .array/port v0x5a202581c200, 1380;
v0x5a202581c200_1381 .array/port v0x5a202581c200, 1381;
v0x5a202581c200_1382 .array/port v0x5a202581c200, 1382;
E_0x5a20257c6530/345 .event anyedge, v0x5a202581c200_1379, v0x5a202581c200_1380, v0x5a202581c200_1381, v0x5a202581c200_1382;
v0x5a202581c200_1383 .array/port v0x5a202581c200, 1383;
v0x5a202581c200_1384 .array/port v0x5a202581c200, 1384;
v0x5a202581c200_1385 .array/port v0x5a202581c200, 1385;
v0x5a202581c200_1386 .array/port v0x5a202581c200, 1386;
E_0x5a20257c6530/346 .event anyedge, v0x5a202581c200_1383, v0x5a202581c200_1384, v0x5a202581c200_1385, v0x5a202581c200_1386;
v0x5a202581c200_1387 .array/port v0x5a202581c200, 1387;
v0x5a202581c200_1388 .array/port v0x5a202581c200, 1388;
v0x5a202581c200_1389 .array/port v0x5a202581c200, 1389;
v0x5a202581c200_1390 .array/port v0x5a202581c200, 1390;
E_0x5a20257c6530/347 .event anyedge, v0x5a202581c200_1387, v0x5a202581c200_1388, v0x5a202581c200_1389, v0x5a202581c200_1390;
v0x5a202581c200_1391 .array/port v0x5a202581c200, 1391;
v0x5a202581c200_1392 .array/port v0x5a202581c200, 1392;
v0x5a202581c200_1393 .array/port v0x5a202581c200, 1393;
v0x5a202581c200_1394 .array/port v0x5a202581c200, 1394;
E_0x5a20257c6530/348 .event anyedge, v0x5a202581c200_1391, v0x5a202581c200_1392, v0x5a202581c200_1393, v0x5a202581c200_1394;
v0x5a202581c200_1395 .array/port v0x5a202581c200, 1395;
v0x5a202581c200_1396 .array/port v0x5a202581c200, 1396;
v0x5a202581c200_1397 .array/port v0x5a202581c200, 1397;
v0x5a202581c200_1398 .array/port v0x5a202581c200, 1398;
E_0x5a20257c6530/349 .event anyedge, v0x5a202581c200_1395, v0x5a202581c200_1396, v0x5a202581c200_1397, v0x5a202581c200_1398;
v0x5a202581c200_1399 .array/port v0x5a202581c200, 1399;
v0x5a202581c200_1400 .array/port v0x5a202581c200, 1400;
v0x5a202581c200_1401 .array/port v0x5a202581c200, 1401;
v0x5a202581c200_1402 .array/port v0x5a202581c200, 1402;
E_0x5a20257c6530/350 .event anyedge, v0x5a202581c200_1399, v0x5a202581c200_1400, v0x5a202581c200_1401, v0x5a202581c200_1402;
v0x5a202581c200_1403 .array/port v0x5a202581c200, 1403;
v0x5a202581c200_1404 .array/port v0x5a202581c200, 1404;
v0x5a202581c200_1405 .array/port v0x5a202581c200, 1405;
v0x5a202581c200_1406 .array/port v0x5a202581c200, 1406;
E_0x5a20257c6530/351 .event anyedge, v0x5a202581c200_1403, v0x5a202581c200_1404, v0x5a202581c200_1405, v0x5a202581c200_1406;
v0x5a202581c200_1407 .array/port v0x5a202581c200, 1407;
v0x5a202581c200_1408 .array/port v0x5a202581c200, 1408;
v0x5a202581c200_1409 .array/port v0x5a202581c200, 1409;
v0x5a202581c200_1410 .array/port v0x5a202581c200, 1410;
E_0x5a20257c6530/352 .event anyedge, v0x5a202581c200_1407, v0x5a202581c200_1408, v0x5a202581c200_1409, v0x5a202581c200_1410;
v0x5a202581c200_1411 .array/port v0x5a202581c200, 1411;
v0x5a202581c200_1412 .array/port v0x5a202581c200, 1412;
v0x5a202581c200_1413 .array/port v0x5a202581c200, 1413;
v0x5a202581c200_1414 .array/port v0x5a202581c200, 1414;
E_0x5a20257c6530/353 .event anyedge, v0x5a202581c200_1411, v0x5a202581c200_1412, v0x5a202581c200_1413, v0x5a202581c200_1414;
v0x5a202581c200_1415 .array/port v0x5a202581c200, 1415;
v0x5a202581c200_1416 .array/port v0x5a202581c200, 1416;
v0x5a202581c200_1417 .array/port v0x5a202581c200, 1417;
v0x5a202581c200_1418 .array/port v0x5a202581c200, 1418;
E_0x5a20257c6530/354 .event anyedge, v0x5a202581c200_1415, v0x5a202581c200_1416, v0x5a202581c200_1417, v0x5a202581c200_1418;
v0x5a202581c200_1419 .array/port v0x5a202581c200, 1419;
v0x5a202581c200_1420 .array/port v0x5a202581c200, 1420;
v0x5a202581c200_1421 .array/port v0x5a202581c200, 1421;
v0x5a202581c200_1422 .array/port v0x5a202581c200, 1422;
E_0x5a20257c6530/355 .event anyedge, v0x5a202581c200_1419, v0x5a202581c200_1420, v0x5a202581c200_1421, v0x5a202581c200_1422;
v0x5a202581c200_1423 .array/port v0x5a202581c200, 1423;
v0x5a202581c200_1424 .array/port v0x5a202581c200, 1424;
v0x5a202581c200_1425 .array/port v0x5a202581c200, 1425;
v0x5a202581c200_1426 .array/port v0x5a202581c200, 1426;
E_0x5a20257c6530/356 .event anyedge, v0x5a202581c200_1423, v0x5a202581c200_1424, v0x5a202581c200_1425, v0x5a202581c200_1426;
v0x5a202581c200_1427 .array/port v0x5a202581c200, 1427;
v0x5a202581c200_1428 .array/port v0x5a202581c200, 1428;
v0x5a202581c200_1429 .array/port v0x5a202581c200, 1429;
v0x5a202581c200_1430 .array/port v0x5a202581c200, 1430;
E_0x5a20257c6530/357 .event anyedge, v0x5a202581c200_1427, v0x5a202581c200_1428, v0x5a202581c200_1429, v0x5a202581c200_1430;
v0x5a202581c200_1431 .array/port v0x5a202581c200, 1431;
v0x5a202581c200_1432 .array/port v0x5a202581c200, 1432;
v0x5a202581c200_1433 .array/port v0x5a202581c200, 1433;
v0x5a202581c200_1434 .array/port v0x5a202581c200, 1434;
E_0x5a20257c6530/358 .event anyedge, v0x5a202581c200_1431, v0x5a202581c200_1432, v0x5a202581c200_1433, v0x5a202581c200_1434;
v0x5a202581c200_1435 .array/port v0x5a202581c200, 1435;
v0x5a202581c200_1436 .array/port v0x5a202581c200, 1436;
v0x5a202581c200_1437 .array/port v0x5a202581c200, 1437;
v0x5a202581c200_1438 .array/port v0x5a202581c200, 1438;
E_0x5a20257c6530/359 .event anyedge, v0x5a202581c200_1435, v0x5a202581c200_1436, v0x5a202581c200_1437, v0x5a202581c200_1438;
v0x5a202581c200_1439 .array/port v0x5a202581c200, 1439;
v0x5a202581c200_1440 .array/port v0x5a202581c200, 1440;
v0x5a202581c200_1441 .array/port v0x5a202581c200, 1441;
v0x5a202581c200_1442 .array/port v0x5a202581c200, 1442;
E_0x5a20257c6530/360 .event anyedge, v0x5a202581c200_1439, v0x5a202581c200_1440, v0x5a202581c200_1441, v0x5a202581c200_1442;
v0x5a202581c200_1443 .array/port v0x5a202581c200, 1443;
v0x5a202581c200_1444 .array/port v0x5a202581c200, 1444;
v0x5a202581c200_1445 .array/port v0x5a202581c200, 1445;
v0x5a202581c200_1446 .array/port v0x5a202581c200, 1446;
E_0x5a20257c6530/361 .event anyedge, v0x5a202581c200_1443, v0x5a202581c200_1444, v0x5a202581c200_1445, v0x5a202581c200_1446;
v0x5a202581c200_1447 .array/port v0x5a202581c200, 1447;
v0x5a202581c200_1448 .array/port v0x5a202581c200, 1448;
v0x5a202581c200_1449 .array/port v0x5a202581c200, 1449;
v0x5a202581c200_1450 .array/port v0x5a202581c200, 1450;
E_0x5a20257c6530/362 .event anyedge, v0x5a202581c200_1447, v0x5a202581c200_1448, v0x5a202581c200_1449, v0x5a202581c200_1450;
v0x5a202581c200_1451 .array/port v0x5a202581c200, 1451;
v0x5a202581c200_1452 .array/port v0x5a202581c200, 1452;
v0x5a202581c200_1453 .array/port v0x5a202581c200, 1453;
v0x5a202581c200_1454 .array/port v0x5a202581c200, 1454;
E_0x5a20257c6530/363 .event anyedge, v0x5a202581c200_1451, v0x5a202581c200_1452, v0x5a202581c200_1453, v0x5a202581c200_1454;
v0x5a202581c200_1455 .array/port v0x5a202581c200, 1455;
v0x5a202581c200_1456 .array/port v0x5a202581c200, 1456;
v0x5a202581c200_1457 .array/port v0x5a202581c200, 1457;
v0x5a202581c200_1458 .array/port v0x5a202581c200, 1458;
E_0x5a20257c6530/364 .event anyedge, v0x5a202581c200_1455, v0x5a202581c200_1456, v0x5a202581c200_1457, v0x5a202581c200_1458;
v0x5a202581c200_1459 .array/port v0x5a202581c200, 1459;
v0x5a202581c200_1460 .array/port v0x5a202581c200, 1460;
v0x5a202581c200_1461 .array/port v0x5a202581c200, 1461;
v0x5a202581c200_1462 .array/port v0x5a202581c200, 1462;
E_0x5a20257c6530/365 .event anyedge, v0x5a202581c200_1459, v0x5a202581c200_1460, v0x5a202581c200_1461, v0x5a202581c200_1462;
v0x5a202581c200_1463 .array/port v0x5a202581c200, 1463;
v0x5a202581c200_1464 .array/port v0x5a202581c200, 1464;
v0x5a202581c200_1465 .array/port v0x5a202581c200, 1465;
v0x5a202581c200_1466 .array/port v0x5a202581c200, 1466;
E_0x5a20257c6530/366 .event anyedge, v0x5a202581c200_1463, v0x5a202581c200_1464, v0x5a202581c200_1465, v0x5a202581c200_1466;
v0x5a202581c200_1467 .array/port v0x5a202581c200, 1467;
v0x5a202581c200_1468 .array/port v0x5a202581c200, 1468;
v0x5a202581c200_1469 .array/port v0x5a202581c200, 1469;
v0x5a202581c200_1470 .array/port v0x5a202581c200, 1470;
E_0x5a20257c6530/367 .event anyedge, v0x5a202581c200_1467, v0x5a202581c200_1468, v0x5a202581c200_1469, v0x5a202581c200_1470;
v0x5a202581c200_1471 .array/port v0x5a202581c200, 1471;
v0x5a202581c200_1472 .array/port v0x5a202581c200, 1472;
v0x5a202581c200_1473 .array/port v0x5a202581c200, 1473;
v0x5a202581c200_1474 .array/port v0x5a202581c200, 1474;
E_0x5a20257c6530/368 .event anyedge, v0x5a202581c200_1471, v0x5a202581c200_1472, v0x5a202581c200_1473, v0x5a202581c200_1474;
v0x5a202581c200_1475 .array/port v0x5a202581c200, 1475;
v0x5a202581c200_1476 .array/port v0x5a202581c200, 1476;
v0x5a202581c200_1477 .array/port v0x5a202581c200, 1477;
v0x5a202581c200_1478 .array/port v0x5a202581c200, 1478;
E_0x5a20257c6530/369 .event anyedge, v0x5a202581c200_1475, v0x5a202581c200_1476, v0x5a202581c200_1477, v0x5a202581c200_1478;
v0x5a202581c200_1479 .array/port v0x5a202581c200, 1479;
v0x5a202581c200_1480 .array/port v0x5a202581c200, 1480;
v0x5a202581c200_1481 .array/port v0x5a202581c200, 1481;
v0x5a202581c200_1482 .array/port v0x5a202581c200, 1482;
E_0x5a20257c6530/370 .event anyedge, v0x5a202581c200_1479, v0x5a202581c200_1480, v0x5a202581c200_1481, v0x5a202581c200_1482;
v0x5a202581c200_1483 .array/port v0x5a202581c200, 1483;
v0x5a202581c200_1484 .array/port v0x5a202581c200, 1484;
v0x5a202581c200_1485 .array/port v0x5a202581c200, 1485;
v0x5a202581c200_1486 .array/port v0x5a202581c200, 1486;
E_0x5a20257c6530/371 .event anyedge, v0x5a202581c200_1483, v0x5a202581c200_1484, v0x5a202581c200_1485, v0x5a202581c200_1486;
v0x5a202581c200_1487 .array/port v0x5a202581c200, 1487;
v0x5a202581c200_1488 .array/port v0x5a202581c200, 1488;
v0x5a202581c200_1489 .array/port v0x5a202581c200, 1489;
v0x5a202581c200_1490 .array/port v0x5a202581c200, 1490;
E_0x5a20257c6530/372 .event anyedge, v0x5a202581c200_1487, v0x5a202581c200_1488, v0x5a202581c200_1489, v0x5a202581c200_1490;
v0x5a202581c200_1491 .array/port v0x5a202581c200, 1491;
v0x5a202581c200_1492 .array/port v0x5a202581c200, 1492;
v0x5a202581c200_1493 .array/port v0x5a202581c200, 1493;
v0x5a202581c200_1494 .array/port v0x5a202581c200, 1494;
E_0x5a20257c6530/373 .event anyedge, v0x5a202581c200_1491, v0x5a202581c200_1492, v0x5a202581c200_1493, v0x5a202581c200_1494;
v0x5a202581c200_1495 .array/port v0x5a202581c200, 1495;
v0x5a202581c200_1496 .array/port v0x5a202581c200, 1496;
v0x5a202581c200_1497 .array/port v0x5a202581c200, 1497;
v0x5a202581c200_1498 .array/port v0x5a202581c200, 1498;
E_0x5a20257c6530/374 .event anyedge, v0x5a202581c200_1495, v0x5a202581c200_1496, v0x5a202581c200_1497, v0x5a202581c200_1498;
v0x5a202581c200_1499 .array/port v0x5a202581c200, 1499;
v0x5a202581c200_1500 .array/port v0x5a202581c200, 1500;
v0x5a202581c200_1501 .array/port v0x5a202581c200, 1501;
v0x5a202581c200_1502 .array/port v0x5a202581c200, 1502;
E_0x5a20257c6530/375 .event anyedge, v0x5a202581c200_1499, v0x5a202581c200_1500, v0x5a202581c200_1501, v0x5a202581c200_1502;
v0x5a202581c200_1503 .array/port v0x5a202581c200, 1503;
v0x5a202581c200_1504 .array/port v0x5a202581c200, 1504;
v0x5a202581c200_1505 .array/port v0x5a202581c200, 1505;
v0x5a202581c200_1506 .array/port v0x5a202581c200, 1506;
E_0x5a20257c6530/376 .event anyedge, v0x5a202581c200_1503, v0x5a202581c200_1504, v0x5a202581c200_1505, v0x5a202581c200_1506;
v0x5a202581c200_1507 .array/port v0x5a202581c200, 1507;
v0x5a202581c200_1508 .array/port v0x5a202581c200, 1508;
v0x5a202581c200_1509 .array/port v0x5a202581c200, 1509;
v0x5a202581c200_1510 .array/port v0x5a202581c200, 1510;
E_0x5a20257c6530/377 .event anyedge, v0x5a202581c200_1507, v0x5a202581c200_1508, v0x5a202581c200_1509, v0x5a202581c200_1510;
v0x5a202581c200_1511 .array/port v0x5a202581c200, 1511;
v0x5a202581c200_1512 .array/port v0x5a202581c200, 1512;
v0x5a202581c200_1513 .array/port v0x5a202581c200, 1513;
v0x5a202581c200_1514 .array/port v0x5a202581c200, 1514;
E_0x5a20257c6530/378 .event anyedge, v0x5a202581c200_1511, v0x5a202581c200_1512, v0x5a202581c200_1513, v0x5a202581c200_1514;
v0x5a202581c200_1515 .array/port v0x5a202581c200, 1515;
v0x5a202581c200_1516 .array/port v0x5a202581c200, 1516;
v0x5a202581c200_1517 .array/port v0x5a202581c200, 1517;
v0x5a202581c200_1518 .array/port v0x5a202581c200, 1518;
E_0x5a20257c6530/379 .event anyedge, v0x5a202581c200_1515, v0x5a202581c200_1516, v0x5a202581c200_1517, v0x5a202581c200_1518;
v0x5a202581c200_1519 .array/port v0x5a202581c200, 1519;
v0x5a202581c200_1520 .array/port v0x5a202581c200, 1520;
v0x5a202581c200_1521 .array/port v0x5a202581c200, 1521;
v0x5a202581c200_1522 .array/port v0x5a202581c200, 1522;
E_0x5a20257c6530/380 .event anyedge, v0x5a202581c200_1519, v0x5a202581c200_1520, v0x5a202581c200_1521, v0x5a202581c200_1522;
v0x5a202581c200_1523 .array/port v0x5a202581c200, 1523;
v0x5a202581c200_1524 .array/port v0x5a202581c200, 1524;
v0x5a202581c200_1525 .array/port v0x5a202581c200, 1525;
v0x5a202581c200_1526 .array/port v0x5a202581c200, 1526;
E_0x5a20257c6530/381 .event anyedge, v0x5a202581c200_1523, v0x5a202581c200_1524, v0x5a202581c200_1525, v0x5a202581c200_1526;
v0x5a202581c200_1527 .array/port v0x5a202581c200, 1527;
v0x5a202581c200_1528 .array/port v0x5a202581c200, 1528;
v0x5a202581c200_1529 .array/port v0x5a202581c200, 1529;
v0x5a202581c200_1530 .array/port v0x5a202581c200, 1530;
E_0x5a20257c6530/382 .event anyedge, v0x5a202581c200_1527, v0x5a202581c200_1528, v0x5a202581c200_1529, v0x5a202581c200_1530;
v0x5a202581c200_1531 .array/port v0x5a202581c200, 1531;
v0x5a202581c200_1532 .array/port v0x5a202581c200, 1532;
v0x5a202581c200_1533 .array/port v0x5a202581c200, 1533;
v0x5a202581c200_1534 .array/port v0x5a202581c200, 1534;
E_0x5a20257c6530/383 .event anyedge, v0x5a202581c200_1531, v0x5a202581c200_1532, v0x5a202581c200_1533, v0x5a202581c200_1534;
v0x5a202581c200_1535 .array/port v0x5a202581c200, 1535;
v0x5a202581c200_1536 .array/port v0x5a202581c200, 1536;
v0x5a202581c200_1537 .array/port v0x5a202581c200, 1537;
v0x5a202581c200_1538 .array/port v0x5a202581c200, 1538;
E_0x5a20257c6530/384 .event anyedge, v0x5a202581c200_1535, v0x5a202581c200_1536, v0x5a202581c200_1537, v0x5a202581c200_1538;
v0x5a202581c200_1539 .array/port v0x5a202581c200, 1539;
v0x5a202581c200_1540 .array/port v0x5a202581c200, 1540;
v0x5a202581c200_1541 .array/port v0x5a202581c200, 1541;
v0x5a202581c200_1542 .array/port v0x5a202581c200, 1542;
E_0x5a20257c6530/385 .event anyedge, v0x5a202581c200_1539, v0x5a202581c200_1540, v0x5a202581c200_1541, v0x5a202581c200_1542;
v0x5a202581c200_1543 .array/port v0x5a202581c200, 1543;
v0x5a202581c200_1544 .array/port v0x5a202581c200, 1544;
v0x5a202581c200_1545 .array/port v0x5a202581c200, 1545;
v0x5a202581c200_1546 .array/port v0x5a202581c200, 1546;
E_0x5a20257c6530/386 .event anyedge, v0x5a202581c200_1543, v0x5a202581c200_1544, v0x5a202581c200_1545, v0x5a202581c200_1546;
v0x5a202581c200_1547 .array/port v0x5a202581c200, 1547;
v0x5a202581c200_1548 .array/port v0x5a202581c200, 1548;
v0x5a202581c200_1549 .array/port v0x5a202581c200, 1549;
v0x5a202581c200_1550 .array/port v0x5a202581c200, 1550;
E_0x5a20257c6530/387 .event anyedge, v0x5a202581c200_1547, v0x5a202581c200_1548, v0x5a202581c200_1549, v0x5a202581c200_1550;
v0x5a202581c200_1551 .array/port v0x5a202581c200, 1551;
v0x5a202581c200_1552 .array/port v0x5a202581c200, 1552;
v0x5a202581c200_1553 .array/port v0x5a202581c200, 1553;
v0x5a202581c200_1554 .array/port v0x5a202581c200, 1554;
E_0x5a20257c6530/388 .event anyedge, v0x5a202581c200_1551, v0x5a202581c200_1552, v0x5a202581c200_1553, v0x5a202581c200_1554;
v0x5a202581c200_1555 .array/port v0x5a202581c200, 1555;
v0x5a202581c200_1556 .array/port v0x5a202581c200, 1556;
v0x5a202581c200_1557 .array/port v0x5a202581c200, 1557;
v0x5a202581c200_1558 .array/port v0x5a202581c200, 1558;
E_0x5a20257c6530/389 .event anyedge, v0x5a202581c200_1555, v0x5a202581c200_1556, v0x5a202581c200_1557, v0x5a202581c200_1558;
v0x5a202581c200_1559 .array/port v0x5a202581c200, 1559;
v0x5a202581c200_1560 .array/port v0x5a202581c200, 1560;
v0x5a202581c200_1561 .array/port v0x5a202581c200, 1561;
v0x5a202581c200_1562 .array/port v0x5a202581c200, 1562;
E_0x5a20257c6530/390 .event anyedge, v0x5a202581c200_1559, v0x5a202581c200_1560, v0x5a202581c200_1561, v0x5a202581c200_1562;
v0x5a202581c200_1563 .array/port v0x5a202581c200, 1563;
v0x5a202581c200_1564 .array/port v0x5a202581c200, 1564;
v0x5a202581c200_1565 .array/port v0x5a202581c200, 1565;
v0x5a202581c200_1566 .array/port v0x5a202581c200, 1566;
E_0x5a20257c6530/391 .event anyedge, v0x5a202581c200_1563, v0x5a202581c200_1564, v0x5a202581c200_1565, v0x5a202581c200_1566;
v0x5a202581c200_1567 .array/port v0x5a202581c200, 1567;
v0x5a202581c200_1568 .array/port v0x5a202581c200, 1568;
v0x5a202581c200_1569 .array/port v0x5a202581c200, 1569;
v0x5a202581c200_1570 .array/port v0x5a202581c200, 1570;
E_0x5a20257c6530/392 .event anyedge, v0x5a202581c200_1567, v0x5a202581c200_1568, v0x5a202581c200_1569, v0x5a202581c200_1570;
v0x5a202581c200_1571 .array/port v0x5a202581c200, 1571;
v0x5a202581c200_1572 .array/port v0x5a202581c200, 1572;
v0x5a202581c200_1573 .array/port v0x5a202581c200, 1573;
v0x5a202581c200_1574 .array/port v0x5a202581c200, 1574;
E_0x5a20257c6530/393 .event anyedge, v0x5a202581c200_1571, v0x5a202581c200_1572, v0x5a202581c200_1573, v0x5a202581c200_1574;
v0x5a202581c200_1575 .array/port v0x5a202581c200, 1575;
v0x5a202581c200_1576 .array/port v0x5a202581c200, 1576;
v0x5a202581c200_1577 .array/port v0x5a202581c200, 1577;
v0x5a202581c200_1578 .array/port v0x5a202581c200, 1578;
E_0x5a20257c6530/394 .event anyedge, v0x5a202581c200_1575, v0x5a202581c200_1576, v0x5a202581c200_1577, v0x5a202581c200_1578;
v0x5a202581c200_1579 .array/port v0x5a202581c200, 1579;
v0x5a202581c200_1580 .array/port v0x5a202581c200, 1580;
v0x5a202581c200_1581 .array/port v0x5a202581c200, 1581;
v0x5a202581c200_1582 .array/port v0x5a202581c200, 1582;
E_0x5a20257c6530/395 .event anyedge, v0x5a202581c200_1579, v0x5a202581c200_1580, v0x5a202581c200_1581, v0x5a202581c200_1582;
v0x5a202581c200_1583 .array/port v0x5a202581c200, 1583;
v0x5a202581c200_1584 .array/port v0x5a202581c200, 1584;
v0x5a202581c200_1585 .array/port v0x5a202581c200, 1585;
v0x5a202581c200_1586 .array/port v0x5a202581c200, 1586;
E_0x5a20257c6530/396 .event anyedge, v0x5a202581c200_1583, v0x5a202581c200_1584, v0x5a202581c200_1585, v0x5a202581c200_1586;
v0x5a202581c200_1587 .array/port v0x5a202581c200, 1587;
v0x5a202581c200_1588 .array/port v0x5a202581c200, 1588;
v0x5a202581c200_1589 .array/port v0x5a202581c200, 1589;
v0x5a202581c200_1590 .array/port v0x5a202581c200, 1590;
E_0x5a20257c6530/397 .event anyedge, v0x5a202581c200_1587, v0x5a202581c200_1588, v0x5a202581c200_1589, v0x5a202581c200_1590;
v0x5a202581c200_1591 .array/port v0x5a202581c200, 1591;
v0x5a202581c200_1592 .array/port v0x5a202581c200, 1592;
v0x5a202581c200_1593 .array/port v0x5a202581c200, 1593;
v0x5a202581c200_1594 .array/port v0x5a202581c200, 1594;
E_0x5a20257c6530/398 .event anyedge, v0x5a202581c200_1591, v0x5a202581c200_1592, v0x5a202581c200_1593, v0x5a202581c200_1594;
v0x5a202581c200_1595 .array/port v0x5a202581c200, 1595;
v0x5a202581c200_1596 .array/port v0x5a202581c200, 1596;
v0x5a202581c200_1597 .array/port v0x5a202581c200, 1597;
v0x5a202581c200_1598 .array/port v0x5a202581c200, 1598;
E_0x5a20257c6530/399 .event anyedge, v0x5a202581c200_1595, v0x5a202581c200_1596, v0x5a202581c200_1597, v0x5a202581c200_1598;
v0x5a202581c200_1599 .array/port v0x5a202581c200, 1599;
v0x5a202581c200_1600 .array/port v0x5a202581c200, 1600;
v0x5a202581c200_1601 .array/port v0x5a202581c200, 1601;
v0x5a202581c200_1602 .array/port v0x5a202581c200, 1602;
E_0x5a20257c6530/400 .event anyedge, v0x5a202581c200_1599, v0x5a202581c200_1600, v0x5a202581c200_1601, v0x5a202581c200_1602;
v0x5a202581c200_1603 .array/port v0x5a202581c200, 1603;
v0x5a202581c200_1604 .array/port v0x5a202581c200, 1604;
v0x5a202581c200_1605 .array/port v0x5a202581c200, 1605;
v0x5a202581c200_1606 .array/port v0x5a202581c200, 1606;
E_0x5a20257c6530/401 .event anyedge, v0x5a202581c200_1603, v0x5a202581c200_1604, v0x5a202581c200_1605, v0x5a202581c200_1606;
v0x5a202581c200_1607 .array/port v0x5a202581c200, 1607;
v0x5a202581c200_1608 .array/port v0x5a202581c200, 1608;
v0x5a202581c200_1609 .array/port v0x5a202581c200, 1609;
v0x5a202581c200_1610 .array/port v0x5a202581c200, 1610;
E_0x5a20257c6530/402 .event anyedge, v0x5a202581c200_1607, v0x5a202581c200_1608, v0x5a202581c200_1609, v0x5a202581c200_1610;
v0x5a202581c200_1611 .array/port v0x5a202581c200, 1611;
v0x5a202581c200_1612 .array/port v0x5a202581c200, 1612;
v0x5a202581c200_1613 .array/port v0x5a202581c200, 1613;
v0x5a202581c200_1614 .array/port v0x5a202581c200, 1614;
E_0x5a20257c6530/403 .event anyedge, v0x5a202581c200_1611, v0x5a202581c200_1612, v0x5a202581c200_1613, v0x5a202581c200_1614;
v0x5a202581c200_1615 .array/port v0x5a202581c200, 1615;
v0x5a202581c200_1616 .array/port v0x5a202581c200, 1616;
v0x5a202581c200_1617 .array/port v0x5a202581c200, 1617;
v0x5a202581c200_1618 .array/port v0x5a202581c200, 1618;
E_0x5a20257c6530/404 .event anyedge, v0x5a202581c200_1615, v0x5a202581c200_1616, v0x5a202581c200_1617, v0x5a202581c200_1618;
v0x5a202581c200_1619 .array/port v0x5a202581c200, 1619;
v0x5a202581c200_1620 .array/port v0x5a202581c200, 1620;
v0x5a202581c200_1621 .array/port v0x5a202581c200, 1621;
v0x5a202581c200_1622 .array/port v0x5a202581c200, 1622;
E_0x5a20257c6530/405 .event anyedge, v0x5a202581c200_1619, v0x5a202581c200_1620, v0x5a202581c200_1621, v0x5a202581c200_1622;
v0x5a202581c200_1623 .array/port v0x5a202581c200, 1623;
v0x5a202581c200_1624 .array/port v0x5a202581c200, 1624;
v0x5a202581c200_1625 .array/port v0x5a202581c200, 1625;
v0x5a202581c200_1626 .array/port v0x5a202581c200, 1626;
E_0x5a20257c6530/406 .event anyedge, v0x5a202581c200_1623, v0x5a202581c200_1624, v0x5a202581c200_1625, v0x5a202581c200_1626;
v0x5a202581c200_1627 .array/port v0x5a202581c200, 1627;
v0x5a202581c200_1628 .array/port v0x5a202581c200, 1628;
v0x5a202581c200_1629 .array/port v0x5a202581c200, 1629;
v0x5a202581c200_1630 .array/port v0x5a202581c200, 1630;
E_0x5a20257c6530/407 .event anyedge, v0x5a202581c200_1627, v0x5a202581c200_1628, v0x5a202581c200_1629, v0x5a202581c200_1630;
v0x5a202581c200_1631 .array/port v0x5a202581c200, 1631;
v0x5a202581c200_1632 .array/port v0x5a202581c200, 1632;
v0x5a202581c200_1633 .array/port v0x5a202581c200, 1633;
v0x5a202581c200_1634 .array/port v0x5a202581c200, 1634;
E_0x5a20257c6530/408 .event anyedge, v0x5a202581c200_1631, v0x5a202581c200_1632, v0x5a202581c200_1633, v0x5a202581c200_1634;
v0x5a202581c200_1635 .array/port v0x5a202581c200, 1635;
v0x5a202581c200_1636 .array/port v0x5a202581c200, 1636;
v0x5a202581c200_1637 .array/port v0x5a202581c200, 1637;
v0x5a202581c200_1638 .array/port v0x5a202581c200, 1638;
E_0x5a20257c6530/409 .event anyedge, v0x5a202581c200_1635, v0x5a202581c200_1636, v0x5a202581c200_1637, v0x5a202581c200_1638;
v0x5a202581c200_1639 .array/port v0x5a202581c200, 1639;
v0x5a202581c200_1640 .array/port v0x5a202581c200, 1640;
v0x5a202581c200_1641 .array/port v0x5a202581c200, 1641;
v0x5a202581c200_1642 .array/port v0x5a202581c200, 1642;
E_0x5a20257c6530/410 .event anyedge, v0x5a202581c200_1639, v0x5a202581c200_1640, v0x5a202581c200_1641, v0x5a202581c200_1642;
v0x5a202581c200_1643 .array/port v0x5a202581c200, 1643;
v0x5a202581c200_1644 .array/port v0x5a202581c200, 1644;
v0x5a202581c200_1645 .array/port v0x5a202581c200, 1645;
v0x5a202581c200_1646 .array/port v0x5a202581c200, 1646;
E_0x5a20257c6530/411 .event anyedge, v0x5a202581c200_1643, v0x5a202581c200_1644, v0x5a202581c200_1645, v0x5a202581c200_1646;
v0x5a202581c200_1647 .array/port v0x5a202581c200, 1647;
v0x5a202581c200_1648 .array/port v0x5a202581c200, 1648;
v0x5a202581c200_1649 .array/port v0x5a202581c200, 1649;
v0x5a202581c200_1650 .array/port v0x5a202581c200, 1650;
E_0x5a20257c6530/412 .event anyedge, v0x5a202581c200_1647, v0x5a202581c200_1648, v0x5a202581c200_1649, v0x5a202581c200_1650;
v0x5a202581c200_1651 .array/port v0x5a202581c200, 1651;
v0x5a202581c200_1652 .array/port v0x5a202581c200, 1652;
v0x5a202581c200_1653 .array/port v0x5a202581c200, 1653;
v0x5a202581c200_1654 .array/port v0x5a202581c200, 1654;
E_0x5a20257c6530/413 .event anyedge, v0x5a202581c200_1651, v0x5a202581c200_1652, v0x5a202581c200_1653, v0x5a202581c200_1654;
v0x5a202581c200_1655 .array/port v0x5a202581c200, 1655;
v0x5a202581c200_1656 .array/port v0x5a202581c200, 1656;
v0x5a202581c200_1657 .array/port v0x5a202581c200, 1657;
v0x5a202581c200_1658 .array/port v0x5a202581c200, 1658;
E_0x5a20257c6530/414 .event anyedge, v0x5a202581c200_1655, v0x5a202581c200_1656, v0x5a202581c200_1657, v0x5a202581c200_1658;
v0x5a202581c200_1659 .array/port v0x5a202581c200, 1659;
v0x5a202581c200_1660 .array/port v0x5a202581c200, 1660;
v0x5a202581c200_1661 .array/port v0x5a202581c200, 1661;
v0x5a202581c200_1662 .array/port v0x5a202581c200, 1662;
E_0x5a20257c6530/415 .event anyedge, v0x5a202581c200_1659, v0x5a202581c200_1660, v0x5a202581c200_1661, v0x5a202581c200_1662;
v0x5a202581c200_1663 .array/port v0x5a202581c200, 1663;
v0x5a202581c200_1664 .array/port v0x5a202581c200, 1664;
v0x5a202581c200_1665 .array/port v0x5a202581c200, 1665;
v0x5a202581c200_1666 .array/port v0x5a202581c200, 1666;
E_0x5a20257c6530/416 .event anyedge, v0x5a202581c200_1663, v0x5a202581c200_1664, v0x5a202581c200_1665, v0x5a202581c200_1666;
v0x5a202581c200_1667 .array/port v0x5a202581c200, 1667;
v0x5a202581c200_1668 .array/port v0x5a202581c200, 1668;
v0x5a202581c200_1669 .array/port v0x5a202581c200, 1669;
v0x5a202581c200_1670 .array/port v0x5a202581c200, 1670;
E_0x5a20257c6530/417 .event anyedge, v0x5a202581c200_1667, v0x5a202581c200_1668, v0x5a202581c200_1669, v0x5a202581c200_1670;
v0x5a202581c200_1671 .array/port v0x5a202581c200, 1671;
v0x5a202581c200_1672 .array/port v0x5a202581c200, 1672;
v0x5a202581c200_1673 .array/port v0x5a202581c200, 1673;
v0x5a202581c200_1674 .array/port v0x5a202581c200, 1674;
E_0x5a20257c6530/418 .event anyedge, v0x5a202581c200_1671, v0x5a202581c200_1672, v0x5a202581c200_1673, v0x5a202581c200_1674;
v0x5a202581c200_1675 .array/port v0x5a202581c200, 1675;
v0x5a202581c200_1676 .array/port v0x5a202581c200, 1676;
v0x5a202581c200_1677 .array/port v0x5a202581c200, 1677;
v0x5a202581c200_1678 .array/port v0x5a202581c200, 1678;
E_0x5a20257c6530/419 .event anyedge, v0x5a202581c200_1675, v0x5a202581c200_1676, v0x5a202581c200_1677, v0x5a202581c200_1678;
v0x5a202581c200_1679 .array/port v0x5a202581c200, 1679;
v0x5a202581c200_1680 .array/port v0x5a202581c200, 1680;
v0x5a202581c200_1681 .array/port v0x5a202581c200, 1681;
v0x5a202581c200_1682 .array/port v0x5a202581c200, 1682;
E_0x5a20257c6530/420 .event anyedge, v0x5a202581c200_1679, v0x5a202581c200_1680, v0x5a202581c200_1681, v0x5a202581c200_1682;
v0x5a202581c200_1683 .array/port v0x5a202581c200, 1683;
v0x5a202581c200_1684 .array/port v0x5a202581c200, 1684;
v0x5a202581c200_1685 .array/port v0x5a202581c200, 1685;
v0x5a202581c200_1686 .array/port v0x5a202581c200, 1686;
E_0x5a20257c6530/421 .event anyedge, v0x5a202581c200_1683, v0x5a202581c200_1684, v0x5a202581c200_1685, v0x5a202581c200_1686;
v0x5a202581c200_1687 .array/port v0x5a202581c200, 1687;
v0x5a202581c200_1688 .array/port v0x5a202581c200, 1688;
v0x5a202581c200_1689 .array/port v0x5a202581c200, 1689;
v0x5a202581c200_1690 .array/port v0x5a202581c200, 1690;
E_0x5a20257c6530/422 .event anyedge, v0x5a202581c200_1687, v0x5a202581c200_1688, v0x5a202581c200_1689, v0x5a202581c200_1690;
v0x5a202581c200_1691 .array/port v0x5a202581c200, 1691;
v0x5a202581c200_1692 .array/port v0x5a202581c200, 1692;
v0x5a202581c200_1693 .array/port v0x5a202581c200, 1693;
v0x5a202581c200_1694 .array/port v0x5a202581c200, 1694;
E_0x5a20257c6530/423 .event anyedge, v0x5a202581c200_1691, v0x5a202581c200_1692, v0x5a202581c200_1693, v0x5a202581c200_1694;
v0x5a202581c200_1695 .array/port v0x5a202581c200, 1695;
v0x5a202581c200_1696 .array/port v0x5a202581c200, 1696;
v0x5a202581c200_1697 .array/port v0x5a202581c200, 1697;
v0x5a202581c200_1698 .array/port v0x5a202581c200, 1698;
E_0x5a20257c6530/424 .event anyedge, v0x5a202581c200_1695, v0x5a202581c200_1696, v0x5a202581c200_1697, v0x5a202581c200_1698;
v0x5a202581c200_1699 .array/port v0x5a202581c200, 1699;
v0x5a202581c200_1700 .array/port v0x5a202581c200, 1700;
v0x5a202581c200_1701 .array/port v0x5a202581c200, 1701;
v0x5a202581c200_1702 .array/port v0x5a202581c200, 1702;
E_0x5a20257c6530/425 .event anyedge, v0x5a202581c200_1699, v0x5a202581c200_1700, v0x5a202581c200_1701, v0x5a202581c200_1702;
v0x5a202581c200_1703 .array/port v0x5a202581c200, 1703;
v0x5a202581c200_1704 .array/port v0x5a202581c200, 1704;
v0x5a202581c200_1705 .array/port v0x5a202581c200, 1705;
v0x5a202581c200_1706 .array/port v0x5a202581c200, 1706;
E_0x5a20257c6530/426 .event anyedge, v0x5a202581c200_1703, v0x5a202581c200_1704, v0x5a202581c200_1705, v0x5a202581c200_1706;
v0x5a202581c200_1707 .array/port v0x5a202581c200, 1707;
v0x5a202581c200_1708 .array/port v0x5a202581c200, 1708;
v0x5a202581c200_1709 .array/port v0x5a202581c200, 1709;
v0x5a202581c200_1710 .array/port v0x5a202581c200, 1710;
E_0x5a20257c6530/427 .event anyedge, v0x5a202581c200_1707, v0x5a202581c200_1708, v0x5a202581c200_1709, v0x5a202581c200_1710;
v0x5a202581c200_1711 .array/port v0x5a202581c200, 1711;
v0x5a202581c200_1712 .array/port v0x5a202581c200, 1712;
v0x5a202581c200_1713 .array/port v0x5a202581c200, 1713;
v0x5a202581c200_1714 .array/port v0x5a202581c200, 1714;
E_0x5a20257c6530/428 .event anyedge, v0x5a202581c200_1711, v0x5a202581c200_1712, v0x5a202581c200_1713, v0x5a202581c200_1714;
v0x5a202581c200_1715 .array/port v0x5a202581c200, 1715;
v0x5a202581c200_1716 .array/port v0x5a202581c200, 1716;
v0x5a202581c200_1717 .array/port v0x5a202581c200, 1717;
v0x5a202581c200_1718 .array/port v0x5a202581c200, 1718;
E_0x5a20257c6530/429 .event anyedge, v0x5a202581c200_1715, v0x5a202581c200_1716, v0x5a202581c200_1717, v0x5a202581c200_1718;
v0x5a202581c200_1719 .array/port v0x5a202581c200, 1719;
v0x5a202581c200_1720 .array/port v0x5a202581c200, 1720;
v0x5a202581c200_1721 .array/port v0x5a202581c200, 1721;
v0x5a202581c200_1722 .array/port v0x5a202581c200, 1722;
E_0x5a20257c6530/430 .event anyedge, v0x5a202581c200_1719, v0x5a202581c200_1720, v0x5a202581c200_1721, v0x5a202581c200_1722;
v0x5a202581c200_1723 .array/port v0x5a202581c200, 1723;
v0x5a202581c200_1724 .array/port v0x5a202581c200, 1724;
v0x5a202581c200_1725 .array/port v0x5a202581c200, 1725;
v0x5a202581c200_1726 .array/port v0x5a202581c200, 1726;
E_0x5a20257c6530/431 .event anyedge, v0x5a202581c200_1723, v0x5a202581c200_1724, v0x5a202581c200_1725, v0x5a202581c200_1726;
v0x5a202581c200_1727 .array/port v0x5a202581c200, 1727;
v0x5a202581c200_1728 .array/port v0x5a202581c200, 1728;
v0x5a202581c200_1729 .array/port v0x5a202581c200, 1729;
v0x5a202581c200_1730 .array/port v0x5a202581c200, 1730;
E_0x5a20257c6530/432 .event anyedge, v0x5a202581c200_1727, v0x5a202581c200_1728, v0x5a202581c200_1729, v0x5a202581c200_1730;
v0x5a202581c200_1731 .array/port v0x5a202581c200, 1731;
v0x5a202581c200_1732 .array/port v0x5a202581c200, 1732;
v0x5a202581c200_1733 .array/port v0x5a202581c200, 1733;
v0x5a202581c200_1734 .array/port v0x5a202581c200, 1734;
E_0x5a20257c6530/433 .event anyedge, v0x5a202581c200_1731, v0x5a202581c200_1732, v0x5a202581c200_1733, v0x5a202581c200_1734;
v0x5a202581c200_1735 .array/port v0x5a202581c200, 1735;
v0x5a202581c200_1736 .array/port v0x5a202581c200, 1736;
v0x5a202581c200_1737 .array/port v0x5a202581c200, 1737;
v0x5a202581c200_1738 .array/port v0x5a202581c200, 1738;
E_0x5a20257c6530/434 .event anyedge, v0x5a202581c200_1735, v0x5a202581c200_1736, v0x5a202581c200_1737, v0x5a202581c200_1738;
v0x5a202581c200_1739 .array/port v0x5a202581c200, 1739;
v0x5a202581c200_1740 .array/port v0x5a202581c200, 1740;
v0x5a202581c200_1741 .array/port v0x5a202581c200, 1741;
v0x5a202581c200_1742 .array/port v0x5a202581c200, 1742;
E_0x5a20257c6530/435 .event anyedge, v0x5a202581c200_1739, v0x5a202581c200_1740, v0x5a202581c200_1741, v0x5a202581c200_1742;
v0x5a202581c200_1743 .array/port v0x5a202581c200, 1743;
v0x5a202581c200_1744 .array/port v0x5a202581c200, 1744;
v0x5a202581c200_1745 .array/port v0x5a202581c200, 1745;
v0x5a202581c200_1746 .array/port v0x5a202581c200, 1746;
E_0x5a20257c6530/436 .event anyedge, v0x5a202581c200_1743, v0x5a202581c200_1744, v0x5a202581c200_1745, v0x5a202581c200_1746;
v0x5a202581c200_1747 .array/port v0x5a202581c200, 1747;
v0x5a202581c200_1748 .array/port v0x5a202581c200, 1748;
v0x5a202581c200_1749 .array/port v0x5a202581c200, 1749;
v0x5a202581c200_1750 .array/port v0x5a202581c200, 1750;
E_0x5a20257c6530/437 .event anyedge, v0x5a202581c200_1747, v0x5a202581c200_1748, v0x5a202581c200_1749, v0x5a202581c200_1750;
v0x5a202581c200_1751 .array/port v0x5a202581c200, 1751;
v0x5a202581c200_1752 .array/port v0x5a202581c200, 1752;
v0x5a202581c200_1753 .array/port v0x5a202581c200, 1753;
v0x5a202581c200_1754 .array/port v0x5a202581c200, 1754;
E_0x5a20257c6530/438 .event anyedge, v0x5a202581c200_1751, v0x5a202581c200_1752, v0x5a202581c200_1753, v0x5a202581c200_1754;
v0x5a202581c200_1755 .array/port v0x5a202581c200, 1755;
v0x5a202581c200_1756 .array/port v0x5a202581c200, 1756;
v0x5a202581c200_1757 .array/port v0x5a202581c200, 1757;
v0x5a202581c200_1758 .array/port v0x5a202581c200, 1758;
E_0x5a20257c6530/439 .event anyedge, v0x5a202581c200_1755, v0x5a202581c200_1756, v0x5a202581c200_1757, v0x5a202581c200_1758;
v0x5a202581c200_1759 .array/port v0x5a202581c200, 1759;
v0x5a202581c200_1760 .array/port v0x5a202581c200, 1760;
v0x5a202581c200_1761 .array/port v0x5a202581c200, 1761;
v0x5a202581c200_1762 .array/port v0x5a202581c200, 1762;
E_0x5a20257c6530/440 .event anyedge, v0x5a202581c200_1759, v0x5a202581c200_1760, v0x5a202581c200_1761, v0x5a202581c200_1762;
v0x5a202581c200_1763 .array/port v0x5a202581c200, 1763;
v0x5a202581c200_1764 .array/port v0x5a202581c200, 1764;
v0x5a202581c200_1765 .array/port v0x5a202581c200, 1765;
v0x5a202581c200_1766 .array/port v0x5a202581c200, 1766;
E_0x5a20257c6530/441 .event anyedge, v0x5a202581c200_1763, v0x5a202581c200_1764, v0x5a202581c200_1765, v0x5a202581c200_1766;
v0x5a202581c200_1767 .array/port v0x5a202581c200, 1767;
v0x5a202581c200_1768 .array/port v0x5a202581c200, 1768;
v0x5a202581c200_1769 .array/port v0x5a202581c200, 1769;
v0x5a202581c200_1770 .array/port v0x5a202581c200, 1770;
E_0x5a20257c6530/442 .event anyedge, v0x5a202581c200_1767, v0x5a202581c200_1768, v0x5a202581c200_1769, v0x5a202581c200_1770;
v0x5a202581c200_1771 .array/port v0x5a202581c200, 1771;
v0x5a202581c200_1772 .array/port v0x5a202581c200, 1772;
v0x5a202581c200_1773 .array/port v0x5a202581c200, 1773;
v0x5a202581c200_1774 .array/port v0x5a202581c200, 1774;
E_0x5a20257c6530/443 .event anyedge, v0x5a202581c200_1771, v0x5a202581c200_1772, v0x5a202581c200_1773, v0x5a202581c200_1774;
v0x5a202581c200_1775 .array/port v0x5a202581c200, 1775;
v0x5a202581c200_1776 .array/port v0x5a202581c200, 1776;
v0x5a202581c200_1777 .array/port v0x5a202581c200, 1777;
v0x5a202581c200_1778 .array/port v0x5a202581c200, 1778;
E_0x5a20257c6530/444 .event anyedge, v0x5a202581c200_1775, v0x5a202581c200_1776, v0x5a202581c200_1777, v0x5a202581c200_1778;
v0x5a202581c200_1779 .array/port v0x5a202581c200, 1779;
v0x5a202581c200_1780 .array/port v0x5a202581c200, 1780;
v0x5a202581c200_1781 .array/port v0x5a202581c200, 1781;
v0x5a202581c200_1782 .array/port v0x5a202581c200, 1782;
E_0x5a20257c6530/445 .event anyedge, v0x5a202581c200_1779, v0x5a202581c200_1780, v0x5a202581c200_1781, v0x5a202581c200_1782;
v0x5a202581c200_1783 .array/port v0x5a202581c200, 1783;
v0x5a202581c200_1784 .array/port v0x5a202581c200, 1784;
v0x5a202581c200_1785 .array/port v0x5a202581c200, 1785;
v0x5a202581c200_1786 .array/port v0x5a202581c200, 1786;
E_0x5a20257c6530/446 .event anyedge, v0x5a202581c200_1783, v0x5a202581c200_1784, v0x5a202581c200_1785, v0x5a202581c200_1786;
v0x5a202581c200_1787 .array/port v0x5a202581c200, 1787;
v0x5a202581c200_1788 .array/port v0x5a202581c200, 1788;
v0x5a202581c200_1789 .array/port v0x5a202581c200, 1789;
v0x5a202581c200_1790 .array/port v0x5a202581c200, 1790;
E_0x5a20257c6530/447 .event anyedge, v0x5a202581c200_1787, v0x5a202581c200_1788, v0x5a202581c200_1789, v0x5a202581c200_1790;
v0x5a202581c200_1791 .array/port v0x5a202581c200, 1791;
v0x5a202581c200_1792 .array/port v0x5a202581c200, 1792;
v0x5a202581c200_1793 .array/port v0x5a202581c200, 1793;
v0x5a202581c200_1794 .array/port v0x5a202581c200, 1794;
E_0x5a20257c6530/448 .event anyedge, v0x5a202581c200_1791, v0x5a202581c200_1792, v0x5a202581c200_1793, v0x5a202581c200_1794;
v0x5a202581c200_1795 .array/port v0x5a202581c200, 1795;
v0x5a202581c200_1796 .array/port v0x5a202581c200, 1796;
v0x5a202581c200_1797 .array/port v0x5a202581c200, 1797;
v0x5a202581c200_1798 .array/port v0x5a202581c200, 1798;
E_0x5a20257c6530/449 .event anyedge, v0x5a202581c200_1795, v0x5a202581c200_1796, v0x5a202581c200_1797, v0x5a202581c200_1798;
v0x5a202581c200_1799 .array/port v0x5a202581c200, 1799;
v0x5a202581c200_1800 .array/port v0x5a202581c200, 1800;
v0x5a202581c200_1801 .array/port v0x5a202581c200, 1801;
v0x5a202581c200_1802 .array/port v0x5a202581c200, 1802;
E_0x5a20257c6530/450 .event anyedge, v0x5a202581c200_1799, v0x5a202581c200_1800, v0x5a202581c200_1801, v0x5a202581c200_1802;
v0x5a202581c200_1803 .array/port v0x5a202581c200, 1803;
v0x5a202581c200_1804 .array/port v0x5a202581c200, 1804;
v0x5a202581c200_1805 .array/port v0x5a202581c200, 1805;
v0x5a202581c200_1806 .array/port v0x5a202581c200, 1806;
E_0x5a20257c6530/451 .event anyedge, v0x5a202581c200_1803, v0x5a202581c200_1804, v0x5a202581c200_1805, v0x5a202581c200_1806;
v0x5a202581c200_1807 .array/port v0x5a202581c200, 1807;
v0x5a202581c200_1808 .array/port v0x5a202581c200, 1808;
v0x5a202581c200_1809 .array/port v0x5a202581c200, 1809;
v0x5a202581c200_1810 .array/port v0x5a202581c200, 1810;
E_0x5a20257c6530/452 .event anyedge, v0x5a202581c200_1807, v0x5a202581c200_1808, v0x5a202581c200_1809, v0x5a202581c200_1810;
v0x5a202581c200_1811 .array/port v0x5a202581c200, 1811;
v0x5a202581c200_1812 .array/port v0x5a202581c200, 1812;
v0x5a202581c200_1813 .array/port v0x5a202581c200, 1813;
v0x5a202581c200_1814 .array/port v0x5a202581c200, 1814;
E_0x5a20257c6530/453 .event anyedge, v0x5a202581c200_1811, v0x5a202581c200_1812, v0x5a202581c200_1813, v0x5a202581c200_1814;
v0x5a202581c200_1815 .array/port v0x5a202581c200, 1815;
v0x5a202581c200_1816 .array/port v0x5a202581c200, 1816;
v0x5a202581c200_1817 .array/port v0x5a202581c200, 1817;
v0x5a202581c200_1818 .array/port v0x5a202581c200, 1818;
E_0x5a20257c6530/454 .event anyedge, v0x5a202581c200_1815, v0x5a202581c200_1816, v0x5a202581c200_1817, v0x5a202581c200_1818;
v0x5a202581c200_1819 .array/port v0x5a202581c200, 1819;
v0x5a202581c200_1820 .array/port v0x5a202581c200, 1820;
v0x5a202581c200_1821 .array/port v0x5a202581c200, 1821;
v0x5a202581c200_1822 .array/port v0x5a202581c200, 1822;
E_0x5a20257c6530/455 .event anyedge, v0x5a202581c200_1819, v0x5a202581c200_1820, v0x5a202581c200_1821, v0x5a202581c200_1822;
v0x5a202581c200_1823 .array/port v0x5a202581c200, 1823;
v0x5a202581c200_1824 .array/port v0x5a202581c200, 1824;
v0x5a202581c200_1825 .array/port v0x5a202581c200, 1825;
v0x5a202581c200_1826 .array/port v0x5a202581c200, 1826;
E_0x5a20257c6530/456 .event anyedge, v0x5a202581c200_1823, v0x5a202581c200_1824, v0x5a202581c200_1825, v0x5a202581c200_1826;
v0x5a202581c200_1827 .array/port v0x5a202581c200, 1827;
v0x5a202581c200_1828 .array/port v0x5a202581c200, 1828;
v0x5a202581c200_1829 .array/port v0x5a202581c200, 1829;
v0x5a202581c200_1830 .array/port v0x5a202581c200, 1830;
E_0x5a20257c6530/457 .event anyedge, v0x5a202581c200_1827, v0x5a202581c200_1828, v0x5a202581c200_1829, v0x5a202581c200_1830;
v0x5a202581c200_1831 .array/port v0x5a202581c200, 1831;
v0x5a202581c200_1832 .array/port v0x5a202581c200, 1832;
v0x5a202581c200_1833 .array/port v0x5a202581c200, 1833;
v0x5a202581c200_1834 .array/port v0x5a202581c200, 1834;
E_0x5a20257c6530/458 .event anyedge, v0x5a202581c200_1831, v0x5a202581c200_1832, v0x5a202581c200_1833, v0x5a202581c200_1834;
v0x5a202581c200_1835 .array/port v0x5a202581c200, 1835;
v0x5a202581c200_1836 .array/port v0x5a202581c200, 1836;
v0x5a202581c200_1837 .array/port v0x5a202581c200, 1837;
v0x5a202581c200_1838 .array/port v0x5a202581c200, 1838;
E_0x5a20257c6530/459 .event anyedge, v0x5a202581c200_1835, v0x5a202581c200_1836, v0x5a202581c200_1837, v0x5a202581c200_1838;
v0x5a202581c200_1839 .array/port v0x5a202581c200, 1839;
v0x5a202581c200_1840 .array/port v0x5a202581c200, 1840;
v0x5a202581c200_1841 .array/port v0x5a202581c200, 1841;
v0x5a202581c200_1842 .array/port v0x5a202581c200, 1842;
E_0x5a20257c6530/460 .event anyedge, v0x5a202581c200_1839, v0x5a202581c200_1840, v0x5a202581c200_1841, v0x5a202581c200_1842;
v0x5a202581c200_1843 .array/port v0x5a202581c200, 1843;
v0x5a202581c200_1844 .array/port v0x5a202581c200, 1844;
v0x5a202581c200_1845 .array/port v0x5a202581c200, 1845;
v0x5a202581c200_1846 .array/port v0x5a202581c200, 1846;
E_0x5a20257c6530/461 .event anyedge, v0x5a202581c200_1843, v0x5a202581c200_1844, v0x5a202581c200_1845, v0x5a202581c200_1846;
v0x5a202581c200_1847 .array/port v0x5a202581c200, 1847;
v0x5a202581c200_1848 .array/port v0x5a202581c200, 1848;
v0x5a202581c200_1849 .array/port v0x5a202581c200, 1849;
v0x5a202581c200_1850 .array/port v0x5a202581c200, 1850;
E_0x5a20257c6530/462 .event anyedge, v0x5a202581c200_1847, v0x5a202581c200_1848, v0x5a202581c200_1849, v0x5a202581c200_1850;
v0x5a202581c200_1851 .array/port v0x5a202581c200, 1851;
v0x5a202581c200_1852 .array/port v0x5a202581c200, 1852;
v0x5a202581c200_1853 .array/port v0x5a202581c200, 1853;
v0x5a202581c200_1854 .array/port v0x5a202581c200, 1854;
E_0x5a20257c6530/463 .event anyedge, v0x5a202581c200_1851, v0x5a202581c200_1852, v0x5a202581c200_1853, v0x5a202581c200_1854;
v0x5a202581c200_1855 .array/port v0x5a202581c200, 1855;
v0x5a202581c200_1856 .array/port v0x5a202581c200, 1856;
v0x5a202581c200_1857 .array/port v0x5a202581c200, 1857;
v0x5a202581c200_1858 .array/port v0x5a202581c200, 1858;
E_0x5a20257c6530/464 .event anyedge, v0x5a202581c200_1855, v0x5a202581c200_1856, v0x5a202581c200_1857, v0x5a202581c200_1858;
v0x5a202581c200_1859 .array/port v0x5a202581c200, 1859;
v0x5a202581c200_1860 .array/port v0x5a202581c200, 1860;
v0x5a202581c200_1861 .array/port v0x5a202581c200, 1861;
v0x5a202581c200_1862 .array/port v0x5a202581c200, 1862;
E_0x5a20257c6530/465 .event anyedge, v0x5a202581c200_1859, v0x5a202581c200_1860, v0x5a202581c200_1861, v0x5a202581c200_1862;
v0x5a202581c200_1863 .array/port v0x5a202581c200, 1863;
v0x5a202581c200_1864 .array/port v0x5a202581c200, 1864;
v0x5a202581c200_1865 .array/port v0x5a202581c200, 1865;
v0x5a202581c200_1866 .array/port v0x5a202581c200, 1866;
E_0x5a20257c6530/466 .event anyedge, v0x5a202581c200_1863, v0x5a202581c200_1864, v0x5a202581c200_1865, v0x5a202581c200_1866;
v0x5a202581c200_1867 .array/port v0x5a202581c200, 1867;
v0x5a202581c200_1868 .array/port v0x5a202581c200, 1868;
v0x5a202581c200_1869 .array/port v0x5a202581c200, 1869;
v0x5a202581c200_1870 .array/port v0x5a202581c200, 1870;
E_0x5a20257c6530/467 .event anyedge, v0x5a202581c200_1867, v0x5a202581c200_1868, v0x5a202581c200_1869, v0x5a202581c200_1870;
v0x5a202581c200_1871 .array/port v0x5a202581c200, 1871;
v0x5a202581c200_1872 .array/port v0x5a202581c200, 1872;
v0x5a202581c200_1873 .array/port v0x5a202581c200, 1873;
v0x5a202581c200_1874 .array/port v0x5a202581c200, 1874;
E_0x5a20257c6530/468 .event anyedge, v0x5a202581c200_1871, v0x5a202581c200_1872, v0x5a202581c200_1873, v0x5a202581c200_1874;
v0x5a202581c200_1875 .array/port v0x5a202581c200, 1875;
v0x5a202581c200_1876 .array/port v0x5a202581c200, 1876;
v0x5a202581c200_1877 .array/port v0x5a202581c200, 1877;
v0x5a202581c200_1878 .array/port v0x5a202581c200, 1878;
E_0x5a20257c6530/469 .event anyedge, v0x5a202581c200_1875, v0x5a202581c200_1876, v0x5a202581c200_1877, v0x5a202581c200_1878;
v0x5a202581c200_1879 .array/port v0x5a202581c200, 1879;
v0x5a202581c200_1880 .array/port v0x5a202581c200, 1880;
v0x5a202581c200_1881 .array/port v0x5a202581c200, 1881;
v0x5a202581c200_1882 .array/port v0x5a202581c200, 1882;
E_0x5a20257c6530/470 .event anyedge, v0x5a202581c200_1879, v0x5a202581c200_1880, v0x5a202581c200_1881, v0x5a202581c200_1882;
v0x5a202581c200_1883 .array/port v0x5a202581c200, 1883;
v0x5a202581c200_1884 .array/port v0x5a202581c200, 1884;
v0x5a202581c200_1885 .array/port v0x5a202581c200, 1885;
v0x5a202581c200_1886 .array/port v0x5a202581c200, 1886;
E_0x5a20257c6530/471 .event anyedge, v0x5a202581c200_1883, v0x5a202581c200_1884, v0x5a202581c200_1885, v0x5a202581c200_1886;
v0x5a202581c200_1887 .array/port v0x5a202581c200, 1887;
v0x5a202581c200_1888 .array/port v0x5a202581c200, 1888;
v0x5a202581c200_1889 .array/port v0x5a202581c200, 1889;
v0x5a202581c200_1890 .array/port v0x5a202581c200, 1890;
E_0x5a20257c6530/472 .event anyedge, v0x5a202581c200_1887, v0x5a202581c200_1888, v0x5a202581c200_1889, v0x5a202581c200_1890;
v0x5a202581c200_1891 .array/port v0x5a202581c200, 1891;
v0x5a202581c200_1892 .array/port v0x5a202581c200, 1892;
v0x5a202581c200_1893 .array/port v0x5a202581c200, 1893;
v0x5a202581c200_1894 .array/port v0x5a202581c200, 1894;
E_0x5a20257c6530/473 .event anyedge, v0x5a202581c200_1891, v0x5a202581c200_1892, v0x5a202581c200_1893, v0x5a202581c200_1894;
v0x5a202581c200_1895 .array/port v0x5a202581c200, 1895;
v0x5a202581c200_1896 .array/port v0x5a202581c200, 1896;
v0x5a202581c200_1897 .array/port v0x5a202581c200, 1897;
v0x5a202581c200_1898 .array/port v0x5a202581c200, 1898;
E_0x5a20257c6530/474 .event anyedge, v0x5a202581c200_1895, v0x5a202581c200_1896, v0x5a202581c200_1897, v0x5a202581c200_1898;
v0x5a202581c200_1899 .array/port v0x5a202581c200, 1899;
v0x5a202581c200_1900 .array/port v0x5a202581c200, 1900;
v0x5a202581c200_1901 .array/port v0x5a202581c200, 1901;
v0x5a202581c200_1902 .array/port v0x5a202581c200, 1902;
E_0x5a20257c6530/475 .event anyedge, v0x5a202581c200_1899, v0x5a202581c200_1900, v0x5a202581c200_1901, v0x5a202581c200_1902;
v0x5a202581c200_1903 .array/port v0x5a202581c200, 1903;
v0x5a202581c200_1904 .array/port v0x5a202581c200, 1904;
v0x5a202581c200_1905 .array/port v0x5a202581c200, 1905;
v0x5a202581c200_1906 .array/port v0x5a202581c200, 1906;
E_0x5a20257c6530/476 .event anyedge, v0x5a202581c200_1903, v0x5a202581c200_1904, v0x5a202581c200_1905, v0x5a202581c200_1906;
v0x5a202581c200_1907 .array/port v0x5a202581c200, 1907;
v0x5a202581c200_1908 .array/port v0x5a202581c200, 1908;
v0x5a202581c200_1909 .array/port v0x5a202581c200, 1909;
v0x5a202581c200_1910 .array/port v0x5a202581c200, 1910;
E_0x5a20257c6530/477 .event anyedge, v0x5a202581c200_1907, v0x5a202581c200_1908, v0x5a202581c200_1909, v0x5a202581c200_1910;
v0x5a202581c200_1911 .array/port v0x5a202581c200, 1911;
v0x5a202581c200_1912 .array/port v0x5a202581c200, 1912;
v0x5a202581c200_1913 .array/port v0x5a202581c200, 1913;
v0x5a202581c200_1914 .array/port v0x5a202581c200, 1914;
E_0x5a20257c6530/478 .event anyedge, v0x5a202581c200_1911, v0x5a202581c200_1912, v0x5a202581c200_1913, v0x5a202581c200_1914;
v0x5a202581c200_1915 .array/port v0x5a202581c200, 1915;
v0x5a202581c200_1916 .array/port v0x5a202581c200, 1916;
v0x5a202581c200_1917 .array/port v0x5a202581c200, 1917;
v0x5a202581c200_1918 .array/port v0x5a202581c200, 1918;
E_0x5a20257c6530/479 .event anyedge, v0x5a202581c200_1915, v0x5a202581c200_1916, v0x5a202581c200_1917, v0x5a202581c200_1918;
v0x5a202581c200_1919 .array/port v0x5a202581c200, 1919;
v0x5a202581c200_1920 .array/port v0x5a202581c200, 1920;
v0x5a202581c200_1921 .array/port v0x5a202581c200, 1921;
v0x5a202581c200_1922 .array/port v0x5a202581c200, 1922;
E_0x5a20257c6530/480 .event anyedge, v0x5a202581c200_1919, v0x5a202581c200_1920, v0x5a202581c200_1921, v0x5a202581c200_1922;
v0x5a202581c200_1923 .array/port v0x5a202581c200, 1923;
v0x5a202581c200_1924 .array/port v0x5a202581c200, 1924;
v0x5a202581c200_1925 .array/port v0x5a202581c200, 1925;
v0x5a202581c200_1926 .array/port v0x5a202581c200, 1926;
E_0x5a20257c6530/481 .event anyedge, v0x5a202581c200_1923, v0x5a202581c200_1924, v0x5a202581c200_1925, v0x5a202581c200_1926;
v0x5a202581c200_1927 .array/port v0x5a202581c200, 1927;
v0x5a202581c200_1928 .array/port v0x5a202581c200, 1928;
v0x5a202581c200_1929 .array/port v0x5a202581c200, 1929;
v0x5a202581c200_1930 .array/port v0x5a202581c200, 1930;
E_0x5a20257c6530/482 .event anyedge, v0x5a202581c200_1927, v0x5a202581c200_1928, v0x5a202581c200_1929, v0x5a202581c200_1930;
v0x5a202581c200_1931 .array/port v0x5a202581c200, 1931;
v0x5a202581c200_1932 .array/port v0x5a202581c200, 1932;
v0x5a202581c200_1933 .array/port v0x5a202581c200, 1933;
v0x5a202581c200_1934 .array/port v0x5a202581c200, 1934;
E_0x5a20257c6530/483 .event anyedge, v0x5a202581c200_1931, v0x5a202581c200_1932, v0x5a202581c200_1933, v0x5a202581c200_1934;
v0x5a202581c200_1935 .array/port v0x5a202581c200, 1935;
v0x5a202581c200_1936 .array/port v0x5a202581c200, 1936;
v0x5a202581c200_1937 .array/port v0x5a202581c200, 1937;
v0x5a202581c200_1938 .array/port v0x5a202581c200, 1938;
E_0x5a20257c6530/484 .event anyedge, v0x5a202581c200_1935, v0x5a202581c200_1936, v0x5a202581c200_1937, v0x5a202581c200_1938;
v0x5a202581c200_1939 .array/port v0x5a202581c200, 1939;
v0x5a202581c200_1940 .array/port v0x5a202581c200, 1940;
v0x5a202581c200_1941 .array/port v0x5a202581c200, 1941;
v0x5a202581c200_1942 .array/port v0x5a202581c200, 1942;
E_0x5a20257c6530/485 .event anyedge, v0x5a202581c200_1939, v0x5a202581c200_1940, v0x5a202581c200_1941, v0x5a202581c200_1942;
v0x5a202581c200_1943 .array/port v0x5a202581c200, 1943;
v0x5a202581c200_1944 .array/port v0x5a202581c200, 1944;
v0x5a202581c200_1945 .array/port v0x5a202581c200, 1945;
v0x5a202581c200_1946 .array/port v0x5a202581c200, 1946;
E_0x5a20257c6530/486 .event anyedge, v0x5a202581c200_1943, v0x5a202581c200_1944, v0x5a202581c200_1945, v0x5a202581c200_1946;
v0x5a202581c200_1947 .array/port v0x5a202581c200, 1947;
v0x5a202581c200_1948 .array/port v0x5a202581c200, 1948;
v0x5a202581c200_1949 .array/port v0x5a202581c200, 1949;
v0x5a202581c200_1950 .array/port v0x5a202581c200, 1950;
E_0x5a20257c6530/487 .event anyedge, v0x5a202581c200_1947, v0x5a202581c200_1948, v0x5a202581c200_1949, v0x5a202581c200_1950;
v0x5a202581c200_1951 .array/port v0x5a202581c200, 1951;
v0x5a202581c200_1952 .array/port v0x5a202581c200, 1952;
v0x5a202581c200_1953 .array/port v0x5a202581c200, 1953;
v0x5a202581c200_1954 .array/port v0x5a202581c200, 1954;
E_0x5a20257c6530/488 .event anyedge, v0x5a202581c200_1951, v0x5a202581c200_1952, v0x5a202581c200_1953, v0x5a202581c200_1954;
v0x5a202581c200_1955 .array/port v0x5a202581c200, 1955;
v0x5a202581c200_1956 .array/port v0x5a202581c200, 1956;
v0x5a202581c200_1957 .array/port v0x5a202581c200, 1957;
v0x5a202581c200_1958 .array/port v0x5a202581c200, 1958;
E_0x5a20257c6530/489 .event anyedge, v0x5a202581c200_1955, v0x5a202581c200_1956, v0x5a202581c200_1957, v0x5a202581c200_1958;
v0x5a202581c200_1959 .array/port v0x5a202581c200, 1959;
v0x5a202581c200_1960 .array/port v0x5a202581c200, 1960;
v0x5a202581c200_1961 .array/port v0x5a202581c200, 1961;
v0x5a202581c200_1962 .array/port v0x5a202581c200, 1962;
E_0x5a20257c6530/490 .event anyedge, v0x5a202581c200_1959, v0x5a202581c200_1960, v0x5a202581c200_1961, v0x5a202581c200_1962;
v0x5a202581c200_1963 .array/port v0x5a202581c200, 1963;
v0x5a202581c200_1964 .array/port v0x5a202581c200, 1964;
v0x5a202581c200_1965 .array/port v0x5a202581c200, 1965;
v0x5a202581c200_1966 .array/port v0x5a202581c200, 1966;
E_0x5a20257c6530/491 .event anyedge, v0x5a202581c200_1963, v0x5a202581c200_1964, v0x5a202581c200_1965, v0x5a202581c200_1966;
v0x5a202581c200_1967 .array/port v0x5a202581c200, 1967;
v0x5a202581c200_1968 .array/port v0x5a202581c200, 1968;
v0x5a202581c200_1969 .array/port v0x5a202581c200, 1969;
v0x5a202581c200_1970 .array/port v0x5a202581c200, 1970;
E_0x5a20257c6530/492 .event anyedge, v0x5a202581c200_1967, v0x5a202581c200_1968, v0x5a202581c200_1969, v0x5a202581c200_1970;
v0x5a202581c200_1971 .array/port v0x5a202581c200, 1971;
v0x5a202581c200_1972 .array/port v0x5a202581c200, 1972;
v0x5a202581c200_1973 .array/port v0x5a202581c200, 1973;
v0x5a202581c200_1974 .array/port v0x5a202581c200, 1974;
E_0x5a20257c6530/493 .event anyedge, v0x5a202581c200_1971, v0x5a202581c200_1972, v0x5a202581c200_1973, v0x5a202581c200_1974;
v0x5a202581c200_1975 .array/port v0x5a202581c200, 1975;
v0x5a202581c200_1976 .array/port v0x5a202581c200, 1976;
v0x5a202581c200_1977 .array/port v0x5a202581c200, 1977;
v0x5a202581c200_1978 .array/port v0x5a202581c200, 1978;
E_0x5a20257c6530/494 .event anyedge, v0x5a202581c200_1975, v0x5a202581c200_1976, v0x5a202581c200_1977, v0x5a202581c200_1978;
v0x5a202581c200_1979 .array/port v0x5a202581c200, 1979;
v0x5a202581c200_1980 .array/port v0x5a202581c200, 1980;
v0x5a202581c200_1981 .array/port v0x5a202581c200, 1981;
v0x5a202581c200_1982 .array/port v0x5a202581c200, 1982;
E_0x5a20257c6530/495 .event anyedge, v0x5a202581c200_1979, v0x5a202581c200_1980, v0x5a202581c200_1981, v0x5a202581c200_1982;
v0x5a202581c200_1983 .array/port v0x5a202581c200, 1983;
v0x5a202581c200_1984 .array/port v0x5a202581c200, 1984;
v0x5a202581c200_1985 .array/port v0x5a202581c200, 1985;
v0x5a202581c200_1986 .array/port v0x5a202581c200, 1986;
E_0x5a20257c6530/496 .event anyedge, v0x5a202581c200_1983, v0x5a202581c200_1984, v0x5a202581c200_1985, v0x5a202581c200_1986;
v0x5a202581c200_1987 .array/port v0x5a202581c200, 1987;
v0x5a202581c200_1988 .array/port v0x5a202581c200, 1988;
v0x5a202581c200_1989 .array/port v0x5a202581c200, 1989;
v0x5a202581c200_1990 .array/port v0x5a202581c200, 1990;
E_0x5a20257c6530/497 .event anyedge, v0x5a202581c200_1987, v0x5a202581c200_1988, v0x5a202581c200_1989, v0x5a202581c200_1990;
v0x5a202581c200_1991 .array/port v0x5a202581c200, 1991;
v0x5a202581c200_1992 .array/port v0x5a202581c200, 1992;
v0x5a202581c200_1993 .array/port v0x5a202581c200, 1993;
v0x5a202581c200_1994 .array/port v0x5a202581c200, 1994;
E_0x5a20257c6530/498 .event anyedge, v0x5a202581c200_1991, v0x5a202581c200_1992, v0x5a202581c200_1993, v0x5a202581c200_1994;
v0x5a202581c200_1995 .array/port v0x5a202581c200, 1995;
v0x5a202581c200_1996 .array/port v0x5a202581c200, 1996;
v0x5a202581c200_1997 .array/port v0x5a202581c200, 1997;
v0x5a202581c200_1998 .array/port v0x5a202581c200, 1998;
E_0x5a20257c6530/499 .event anyedge, v0x5a202581c200_1995, v0x5a202581c200_1996, v0x5a202581c200_1997, v0x5a202581c200_1998;
v0x5a202581c200_1999 .array/port v0x5a202581c200, 1999;
v0x5a202581c200_2000 .array/port v0x5a202581c200, 2000;
v0x5a202581c200_2001 .array/port v0x5a202581c200, 2001;
v0x5a202581c200_2002 .array/port v0x5a202581c200, 2002;
E_0x5a20257c6530/500 .event anyedge, v0x5a202581c200_1999, v0x5a202581c200_2000, v0x5a202581c200_2001, v0x5a202581c200_2002;
v0x5a202581c200_2003 .array/port v0x5a202581c200, 2003;
v0x5a202581c200_2004 .array/port v0x5a202581c200, 2004;
v0x5a202581c200_2005 .array/port v0x5a202581c200, 2005;
v0x5a202581c200_2006 .array/port v0x5a202581c200, 2006;
E_0x5a20257c6530/501 .event anyedge, v0x5a202581c200_2003, v0x5a202581c200_2004, v0x5a202581c200_2005, v0x5a202581c200_2006;
v0x5a202581c200_2007 .array/port v0x5a202581c200, 2007;
v0x5a202581c200_2008 .array/port v0x5a202581c200, 2008;
v0x5a202581c200_2009 .array/port v0x5a202581c200, 2009;
v0x5a202581c200_2010 .array/port v0x5a202581c200, 2010;
E_0x5a20257c6530/502 .event anyedge, v0x5a202581c200_2007, v0x5a202581c200_2008, v0x5a202581c200_2009, v0x5a202581c200_2010;
v0x5a202581c200_2011 .array/port v0x5a202581c200, 2011;
v0x5a202581c200_2012 .array/port v0x5a202581c200, 2012;
v0x5a202581c200_2013 .array/port v0x5a202581c200, 2013;
v0x5a202581c200_2014 .array/port v0x5a202581c200, 2014;
E_0x5a20257c6530/503 .event anyedge, v0x5a202581c200_2011, v0x5a202581c200_2012, v0x5a202581c200_2013, v0x5a202581c200_2014;
v0x5a202581c200_2015 .array/port v0x5a202581c200, 2015;
v0x5a202581c200_2016 .array/port v0x5a202581c200, 2016;
v0x5a202581c200_2017 .array/port v0x5a202581c200, 2017;
v0x5a202581c200_2018 .array/port v0x5a202581c200, 2018;
E_0x5a20257c6530/504 .event anyedge, v0x5a202581c200_2015, v0x5a202581c200_2016, v0x5a202581c200_2017, v0x5a202581c200_2018;
v0x5a202581c200_2019 .array/port v0x5a202581c200, 2019;
v0x5a202581c200_2020 .array/port v0x5a202581c200, 2020;
v0x5a202581c200_2021 .array/port v0x5a202581c200, 2021;
v0x5a202581c200_2022 .array/port v0x5a202581c200, 2022;
E_0x5a20257c6530/505 .event anyedge, v0x5a202581c200_2019, v0x5a202581c200_2020, v0x5a202581c200_2021, v0x5a202581c200_2022;
v0x5a202581c200_2023 .array/port v0x5a202581c200, 2023;
v0x5a202581c200_2024 .array/port v0x5a202581c200, 2024;
v0x5a202581c200_2025 .array/port v0x5a202581c200, 2025;
v0x5a202581c200_2026 .array/port v0x5a202581c200, 2026;
E_0x5a20257c6530/506 .event anyedge, v0x5a202581c200_2023, v0x5a202581c200_2024, v0x5a202581c200_2025, v0x5a202581c200_2026;
v0x5a202581c200_2027 .array/port v0x5a202581c200, 2027;
v0x5a202581c200_2028 .array/port v0x5a202581c200, 2028;
v0x5a202581c200_2029 .array/port v0x5a202581c200, 2029;
v0x5a202581c200_2030 .array/port v0x5a202581c200, 2030;
E_0x5a20257c6530/507 .event anyedge, v0x5a202581c200_2027, v0x5a202581c200_2028, v0x5a202581c200_2029, v0x5a202581c200_2030;
v0x5a202581c200_2031 .array/port v0x5a202581c200, 2031;
v0x5a202581c200_2032 .array/port v0x5a202581c200, 2032;
v0x5a202581c200_2033 .array/port v0x5a202581c200, 2033;
v0x5a202581c200_2034 .array/port v0x5a202581c200, 2034;
E_0x5a20257c6530/508 .event anyedge, v0x5a202581c200_2031, v0x5a202581c200_2032, v0x5a202581c200_2033, v0x5a202581c200_2034;
v0x5a202581c200_2035 .array/port v0x5a202581c200, 2035;
v0x5a202581c200_2036 .array/port v0x5a202581c200, 2036;
v0x5a202581c200_2037 .array/port v0x5a202581c200, 2037;
v0x5a202581c200_2038 .array/port v0x5a202581c200, 2038;
E_0x5a20257c6530/509 .event anyedge, v0x5a202581c200_2035, v0x5a202581c200_2036, v0x5a202581c200_2037, v0x5a202581c200_2038;
v0x5a202581c200_2039 .array/port v0x5a202581c200, 2039;
v0x5a202581c200_2040 .array/port v0x5a202581c200, 2040;
v0x5a202581c200_2041 .array/port v0x5a202581c200, 2041;
v0x5a202581c200_2042 .array/port v0x5a202581c200, 2042;
E_0x5a20257c6530/510 .event anyedge, v0x5a202581c200_2039, v0x5a202581c200_2040, v0x5a202581c200_2041, v0x5a202581c200_2042;
v0x5a202581c200_2043 .array/port v0x5a202581c200, 2043;
v0x5a202581c200_2044 .array/port v0x5a202581c200, 2044;
v0x5a202581c200_2045 .array/port v0x5a202581c200, 2045;
v0x5a202581c200_2046 .array/port v0x5a202581c200, 2046;
E_0x5a20257c6530/511 .event anyedge, v0x5a202581c200_2043, v0x5a202581c200_2044, v0x5a202581c200_2045, v0x5a202581c200_2046;
v0x5a202581c200_2047 .array/port v0x5a202581c200, 2047;
v0x5a202581c200_2048 .array/port v0x5a202581c200, 2048;
v0x5a202581c200_2049 .array/port v0x5a202581c200, 2049;
v0x5a202581c200_2050 .array/port v0x5a202581c200, 2050;
E_0x5a20257c6530/512 .event anyedge, v0x5a202581c200_2047, v0x5a202581c200_2048, v0x5a202581c200_2049, v0x5a202581c200_2050;
v0x5a202581c200_2051 .array/port v0x5a202581c200, 2051;
v0x5a202581c200_2052 .array/port v0x5a202581c200, 2052;
v0x5a202581c200_2053 .array/port v0x5a202581c200, 2053;
v0x5a202581c200_2054 .array/port v0x5a202581c200, 2054;
E_0x5a20257c6530/513 .event anyedge, v0x5a202581c200_2051, v0x5a202581c200_2052, v0x5a202581c200_2053, v0x5a202581c200_2054;
v0x5a202581c200_2055 .array/port v0x5a202581c200, 2055;
v0x5a202581c200_2056 .array/port v0x5a202581c200, 2056;
v0x5a202581c200_2057 .array/port v0x5a202581c200, 2057;
v0x5a202581c200_2058 .array/port v0x5a202581c200, 2058;
E_0x5a20257c6530/514 .event anyedge, v0x5a202581c200_2055, v0x5a202581c200_2056, v0x5a202581c200_2057, v0x5a202581c200_2058;
v0x5a202581c200_2059 .array/port v0x5a202581c200, 2059;
v0x5a202581c200_2060 .array/port v0x5a202581c200, 2060;
v0x5a202581c200_2061 .array/port v0x5a202581c200, 2061;
v0x5a202581c200_2062 .array/port v0x5a202581c200, 2062;
E_0x5a20257c6530/515 .event anyedge, v0x5a202581c200_2059, v0x5a202581c200_2060, v0x5a202581c200_2061, v0x5a202581c200_2062;
v0x5a202581c200_2063 .array/port v0x5a202581c200, 2063;
v0x5a202581c200_2064 .array/port v0x5a202581c200, 2064;
v0x5a202581c200_2065 .array/port v0x5a202581c200, 2065;
v0x5a202581c200_2066 .array/port v0x5a202581c200, 2066;
E_0x5a20257c6530/516 .event anyedge, v0x5a202581c200_2063, v0x5a202581c200_2064, v0x5a202581c200_2065, v0x5a202581c200_2066;
v0x5a202581c200_2067 .array/port v0x5a202581c200, 2067;
v0x5a202581c200_2068 .array/port v0x5a202581c200, 2068;
v0x5a202581c200_2069 .array/port v0x5a202581c200, 2069;
v0x5a202581c200_2070 .array/port v0x5a202581c200, 2070;
E_0x5a20257c6530/517 .event anyedge, v0x5a202581c200_2067, v0x5a202581c200_2068, v0x5a202581c200_2069, v0x5a202581c200_2070;
v0x5a202581c200_2071 .array/port v0x5a202581c200, 2071;
v0x5a202581c200_2072 .array/port v0x5a202581c200, 2072;
v0x5a202581c200_2073 .array/port v0x5a202581c200, 2073;
v0x5a202581c200_2074 .array/port v0x5a202581c200, 2074;
E_0x5a20257c6530/518 .event anyedge, v0x5a202581c200_2071, v0x5a202581c200_2072, v0x5a202581c200_2073, v0x5a202581c200_2074;
v0x5a202581c200_2075 .array/port v0x5a202581c200, 2075;
v0x5a202581c200_2076 .array/port v0x5a202581c200, 2076;
v0x5a202581c200_2077 .array/port v0x5a202581c200, 2077;
v0x5a202581c200_2078 .array/port v0x5a202581c200, 2078;
E_0x5a20257c6530/519 .event anyedge, v0x5a202581c200_2075, v0x5a202581c200_2076, v0x5a202581c200_2077, v0x5a202581c200_2078;
v0x5a202581c200_2079 .array/port v0x5a202581c200, 2079;
v0x5a202581c200_2080 .array/port v0x5a202581c200, 2080;
v0x5a202581c200_2081 .array/port v0x5a202581c200, 2081;
v0x5a202581c200_2082 .array/port v0x5a202581c200, 2082;
E_0x5a20257c6530/520 .event anyedge, v0x5a202581c200_2079, v0x5a202581c200_2080, v0x5a202581c200_2081, v0x5a202581c200_2082;
v0x5a202581c200_2083 .array/port v0x5a202581c200, 2083;
v0x5a202581c200_2084 .array/port v0x5a202581c200, 2084;
v0x5a202581c200_2085 .array/port v0x5a202581c200, 2085;
v0x5a202581c200_2086 .array/port v0x5a202581c200, 2086;
E_0x5a20257c6530/521 .event anyedge, v0x5a202581c200_2083, v0x5a202581c200_2084, v0x5a202581c200_2085, v0x5a202581c200_2086;
v0x5a202581c200_2087 .array/port v0x5a202581c200, 2087;
v0x5a202581c200_2088 .array/port v0x5a202581c200, 2088;
v0x5a202581c200_2089 .array/port v0x5a202581c200, 2089;
v0x5a202581c200_2090 .array/port v0x5a202581c200, 2090;
E_0x5a20257c6530/522 .event anyedge, v0x5a202581c200_2087, v0x5a202581c200_2088, v0x5a202581c200_2089, v0x5a202581c200_2090;
v0x5a202581c200_2091 .array/port v0x5a202581c200, 2091;
v0x5a202581c200_2092 .array/port v0x5a202581c200, 2092;
v0x5a202581c200_2093 .array/port v0x5a202581c200, 2093;
v0x5a202581c200_2094 .array/port v0x5a202581c200, 2094;
E_0x5a20257c6530/523 .event anyedge, v0x5a202581c200_2091, v0x5a202581c200_2092, v0x5a202581c200_2093, v0x5a202581c200_2094;
v0x5a202581c200_2095 .array/port v0x5a202581c200, 2095;
v0x5a202581c200_2096 .array/port v0x5a202581c200, 2096;
v0x5a202581c200_2097 .array/port v0x5a202581c200, 2097;
v0x5a202581c200_2098 .array/port v0x5a202581c200, 2098;
E_0x5a20257c6530/524 .event anyedge, v0x5a202581c200_2095, v0x5a202581c200_2096, v0x5a202581c200_2097, v0x5a202581c200_2098;
v0x5a202581c200_2099 .array/port v0x5a202581c200, 2099;
v0x5a202581c200_2100 .array/port v0x5a202581c200, 2100;
v0x5a202581c200_2101 .array/port v0x5a202581c200, 2101;
v0x5a202581c200_2102 .array/port v0x5a202581c200, 2102;
E_0x5a20257c6530/525 .event anyedge, v0x5a202581c200_2099, v0x5a202581c200_2100, v0x5a202581c200_2101, v0x5a202581c200_2102;
v0x5a202581c200_2103 .array/port v0x5a202581c200, 2103;
v0x5a202581c200_2104 .array/port v0x5a202581c200, 2104;
v0x5a202581c200_2105 .array/port v0x5a202581c200, 2105;
v0x5a202581c200_2106 .array/port v0x5a202581c200, 2106;
E_0x5a20257c6530/526 .event anyedge, v0x5a202581c200_2103, v0x5a202581c200_2104, v0x5a202581c200_2105, v0x5a202581c200_2106;
v0x5a202581c200_2107 .array/port v0x5a202581c200, 2107;
v0x5a202581c200_2108 .array/port v0x5a202581c200, 2108;
v0x5a202581c200_2109 .array/port v0x5a202581c200, 2109;
v0x5a202581c200_2110 .array/port v0x5a202581c200, 2110;
E_0x5a20257c6530/527 .event anyedge, v0x5a202581c200_2107, v0x5a202581c200_2108, v0x5a202581c200_2109, v0x5a202581c200_2110;
v0x5a202581c200_2111 .array/port v0x5a202581c200, 2111;
v0x5a202581c200_2112 .array/port v0x5a202581c200, 2112;
v0x5a202581c200_2113 .array/port v0x5a202581c200, 2113;
v0x5a202581c200_2114 .array/port v0x5a202581c200, 2114;
E_0x5a20257c6530/528 .event anyedge, v0x5a202581c200_2111, v0x5a202581c200_2112, v0x5a202581c200_2113, v0x5a202581c200_2114;
v0x5a202581c200_2115 .array/port v0x5a202581c200, 2115;
v0x5a202581c200_2116 .array/port v0x5a202581c200, 2116;
v0x5a202581c200_2117 .array/port v0x5a202581c200, 2117;
v0x5a202581c200_2118 .array/port v0x5a202581c200, 2118;
E_0x5a20257c6530/529 .event anyedge, v0x5a202581c200_2115, v0x5a202581c200_2116, v0x5a202581c200_2117, v0x5a202581c200_2118;
v0x5a202581c200_2119 .array/port v0x5a202581c200, 2119;
v0x5a202581c200_2120 .array/port v0x5a202581c200, 2120;
v0x5a202581c200_2121 .array/port v0x5a202581c200, 2121;
v0x5a202581c200_2122 .array/port v0x5a202581c200, 2122;
E_0x5a20257c6530/530 .event anyedge, v0x5a202581c200_2119, v0x5a202581c200_2120, v0x5a202581c200_2121, v0x5a202581c200_2122;
v0x5a202581c200_2123 .array/port v0x5a202581c200, 2123;
v0x5a202581c200_2124 .array/port v0x5a202581c200, 2124;
v0x5a202581c200_2125 .array/port v0x5a202581c200, 2125;
v0x5a202581c200_2126 .array/port v0x5a202581c200, 2126;
E_0x5a20257c6530/531 .event anyedge, v0x5a202581c200_2123, v0x5a202581c200_2124, v0x5a202581c200_2125, v0x5a202581c200_2126;
v0x5a202581c200_2127 .array/port v0x5a202581c200, 2127;
v0x5a202581c200_2128 .array/port v0x5a202581c200, 2128;
v0x5a202581c200_2129 .array/port v0x5a202581c200, 2129;
v0x5a202581c200_2130 .array/port v0x5a202581c200, 2130;
E_0x5a20257c6530/532 .event anyedge, v0x5a202581c200_2127, v0x5a202581c200_2128, v0x5a202581c200_2129, v0x5a202581c200_2130;
v0x5a202581c200_2131 .array/port v0x5a202581c200, 2131;
v0x5a202581c200_2132 .array/port v0x5a202581c200, 2132;
v0x5a202581c200_2133 .array/port v0x5a202581c200, 2133;
v0x5a202581c200_2134 .array/port v0x5a202581c200, 2134;
E_0x5a20257c6530/533 .event anyedge, v0x5a202581c200_2131, v0x5a202581c200_2132, v0x5a202581c200_2133, v0x5a202581c200_2134;
v0x5a202581c200_2135 .array/port v0x5a202581c200, 2135;
v0x5a202581c200_2136 .array/port v0x5a202581c200, 2136;
v0x5a202581c200_2137 .array/port v0x5a202581c200, 2137;
v0x5a202581c200_2138 .array/port v0x5a202581c200, 2138;
E_0x5a20257c6530/534 .event anyedge, v0x5a202581c200_2135, v0x5a202581c200_2136, v0x5a202581c200_2137, v0x5a202581c200_2138;
v0x5a202581c200_2139 .array/port v0x5a202581c200, 2139;
v0x5a202581c200_2140 .array/port v0x5a202581c200, 2140;
v0x5a202581c200_2141 .array/port v0x5a202581c200, 2141;
v0x5a202581c200_2142 .array/port v0x5a202581c200, 2142;
E_0x5a20257c6530/535 .event anyedge, v0x5a202581c200_2139, v0x5a202581c200_2140, v0x5a202581c200_2141, v0x5a202581c200_2142;
v0x5a202581c200_2143 .array/port v0x5a202581c200, 2143;
v0x5a202581c200_2144 .array/port v0x5a202581c200, 2144;
v0x5a202581c200_2145 .array/port v0x5a202581c200, 2145;
v0x5a202581c200_2146 .array/port v0x5a202581c200, 2146;
E_0x5a20257c6530/536 .event anyedge, v0x5a202581c200_2143, v0x5a202581c200_2144, v0x5a202581c200_2145, v0x5a202581c200_2146;
v0x5a202581c200_2147 .array/port v0x5a202581c200, 2147;
v0x5a202581c200_2148 .array/port v0x5a202581c200, 2148;
v0x5a202581c200_2149 .array/port v0x5a202581c200, 2149;
v0x5a202581c200_2150 .array/port v0x5a202581c200, 2150;
E_0x5a20257c6530/537 .event anyedge, v0x5a202581c200_2147, v0x5a202581c200_2148, v0x5a202581c200_2149, v0x5a202581c200_2150;
v0x5a202581c200_2151 .array/port v0x5a202581c200, 2151;
v0x5a202581c200_2152 .array/port v0x5a202581c200, 2152;
v0x5a202581c200_2153 .array/port v0x5a202581c200, 2153;
v0x5a202581c200_2154 .array/port v0x5a202581c200, 2154;
E_0x5a20257c6530/538 .event anyedge, v0x5a202581c200_2151, v0x5a202581c200_2152, v0x5a202581c200_2153, v0x5a202581c200_2154;
v0x5a202581c200_2155 .array/port v0x5a202581c200, 2155;
v0x5a202581c200_2156 .array/port v0x5a202581c200, 2156;
v0x5a202581c200_2157 .array/port v0x5a202581c200, 2157;
v0x5a202581c200_2158 .array/port v0x5a202581c200, 2158;
E_0x5a20257c6530/539 .event anyedge, v0x5a202581c200_2155, v0x5a202581c200_2156, v0x5a202581c200_2157, v0x5a202581c200_2158;
v0x5a202581c200_2159 .array/port v0x5a202581c200, 2159;
v0x5a202581c200_2160 .array/port v0x5a202581c200, 2160;
v0x5a202581c200_2161 .array/port v0x5a202581c200, 2161;
v0x5a202581c200_2162 .array/port v0x5a202581c200, 2162;
E_0x5a20257c6530/540 .event anyedge, v0x5a202581c200_2159, v0x5a202581c200_2160, v0x5a202581c200_2161, v0x5a202581c200_2162;
v0x5a202581c200_2163 .array/port v0x5a202581c200, 2163;
v0x5a202581c200_2164 .array/port v0x5a202581c200, 2164;
v0x5a202581c200_2165 .array/port v0x5a202581c200, 2165;
v0x5a202581c200_2166 .array/port v0x5a202581c200, 2166;
E_0x5a20257c6530/541 .event anyedge, v0x5a202581c200_2163, v0x5a202581c200_2164, v0x5a202581c200_2165, v0x5a202581c200_2166;
v0x5a202581c200_2167 .array/port v0x5a202581c200, 2167;
v0x5a202581c200_2168 .array/port v0x5a202581c200, 2168;
v0x5a202581c200_2169 .array/port v0x5a202581c200, 2169;
v0x5a202581c200_2170 .array/port v0x5a202581c200, 2170;
E_0x5a20257c6530/542 .event anyedge, v0x5a202581c200_2167, v0x5a202581c200_2168, v0x5a202581c200_2169, v0x5a202581c200_2170;
v0x5a202581c200_2171 .array/port v0x5a202581c200, 2171;
v0x5a202581c200_2172 .array/port v0x5a202581c200, 2172;
v0x5a202581c200_2173 .array/port v0x5a202581c200, 2173;
v0x5a202581c200_2174 .array/port v0x5a202581c200, 2174;
E_0x5a20257c6530/543 .event anyedge, v0x5a202581c200_2171, v0x5a202581c200_2172, v0x5a202581c200_2173, v0x5a202581c200_2174;
v0x5a202581c200_2175 .array/port v0x5a202581c200, 2175;
v0x5a202581c200_2176 .array/port v0x5a202581c200, 2176;
v0x5a202581c200_2177 .array/port v0x5a202581c200, 2177;
v0x5a202581c200_2178 .array/port v0x5a202581c200, 2178;
E_0x5a20257c6530/544 .event anyedge, v0x5a202581c200_2175, v0x5a202581c200_2176, v0x5a202581c200_2177, v0x5a202581c200_2178;
v0x5a202581c200_2179 .array/port v0x5a202581c200, 2179;
v0x5a202581c200_2180 .array/port v0x5a202581c200, 2180;
v0x5a202581c200_2181 .array/port v0x5a202581c200, 2181;
v0x5a202581c200_2182 .array/port v0x5a202581c200, 2182;
E_0x5a20257c6530/545 .event anyedge, v0x5a202581c200_2179, v0x5a202581c200_2180, v0x5a202581c200_2181, v0x5a202581c200_2182;
v0x5a202581c200_2183 .array/port v0x5a202581c200, 2183;
v0x5a202581c200_2184 .array/port v0x5a202581c200, 2184;
v0x5a202581c200_2185 .array/port v0x5a202581c200, 2185;
v0x5a202581c200_2186 .array/port v0x5a202581c200, 2186;
E_0x5a20257c6530/546 .event anyedge, v0x5a202581c200_2183, v0x5a202581c200_2184, v0x5a202581c200_2185, v0x5a202581c200_2186;
v0x5a202581c200_2187 .array/port v0x5a202581c200, 2187;
v0x5a202581c200_2188 .array/port v0x5a202581c200, 2188;
v0x5a202581c200_2189 .array/port v0x5a202581c200, 2189;
v0x5a202581c200_2190 .array/port v0x5a202581c200, 2190;
E_0x5a20257c6530/547 .event anyedge, v0x5a202581c200_2187, v0x5a202581c200_2188, v0x5a202581c200_2189, v0x5a202581c200_2190;
v0x5a202581c200_2191 .array/port v0x5a202581c200, 2191;
v0x5a202581c200_2192 .array/port v0x5a202581c200, 2192;
v0x5a202581c200_2193 .array/port v0x5a202581c200, 2193;
v0x5a202581c200_2194 .array/port v0x5a202581c200, 2194;
E_0x5a20257c6530/548 .event anyedge, v0x5a202581c200_2191, v0x5a202581c200_2192, v0x5a202581c200_2193, v0x5a202581c200_2194;
v0x5a202581c200_2195 .array/port v0x5a202581c200, 2195;
v0x5a202581c200_2196 .array/port v0x5a202581c200, 2196;
v0x5a202581c200_2197 .array/port v0x5a202581c200, 2197;
v0x5a202581c200_2198 .array/port v0x5a202581c200, 2198;
E_0x5a20257c6530/549 .event anyedge, v0x5a202581c200_2195, v0x5a202581c200_2196, v0x5a202581c200_2197, v0x5a202581c200_2198;
v0x5a202581c200_2199 .array/port v0x5a202581c200, 2199;
v0x5a202581c200_2200 .array/port v0x5a202581c200, 2200;
v0x5a202581c200_2201 .array/port v0x5a202581c200, 2201;
v0x5a202581c200_2202 .array/port v0x5a202581c200, 2202;
E_0x5a20257c6530/550 .event anyedge, v0x5a202581c200_2199, v0x5a202581c200_2200, v0x5a202581c200_2201, v0x5a202581c200_2202;
v0x5a202581c200_2203 .array/port v0x5a202581c200, 2203;
v0x5a202581c200_2204 .array/port v0x5a202581c200, 2204;
v0x5a202581c200_2205 .array/port v0x5a202581c200, 2205;
v0x5a202581c200_2206 .array/port v0x5a202581c200, 2206;
E_0x5a20257c6530/551 .event anyedge, v0x5a202581c200_2203, v0x5a202581c200_2204, v0x5a202581c200_2205, v0x5a202581c200_2206;
v0x5a202581c200_2207 .array/port v0x5a202581c200, 2207;
v0x5a202581c200_2208 .array/port v0x5a202581c200, 2208;
v0x5a202581c200_2209 .array/port v0x5a202581c200, 2209;
v0x5a202581c200_2210 .array/port v0x5a202581c200, 2210;
E_0x5a20257c6530/552 .event anyedge, v0x5a202581c200_2207, v0x5a202581c200_2208, v0x5a202581c200_2209, v0x5a202581c200_2210;
v0x5a202581c200_2211 .array/port v0x5a202581c200, 2211;
v0x5a202581c200_2212 .array/port v0x5a202581c200, 2212;
v0x5a202581c200_2213 .array/port v0x5a202581c200, 2213;
v0x5a202581c200_2214 .array/port v0x5a202581c200, 2214;
E_0x5a20257c6530/553 .event anyedge, v0x5a202581c200_2211, v0x5a202581c200_2212, v0x5a202581c200_2213, v0x5a202581c200_2214;
v0x5a202581c200_2215 .array/port v0x5a202581c200, 2215;
v0x5a202581c200_2216 .array/port v0x5a202581c200, 2216;
v0x5a202581c200_2217 .array/port v0x5a202581c200, 2217;
v0x5a202581c200_2218 .array/port v0x5a202581c200, 2218;
E_0x5a20257c6530/554 .event anyedge, v0x5a202581c200_2215, v0x5a202581c200_2216, v0x5a202581c200_2217, v0x5a202581c200_2218;
v0x5a202581c200_2219 .array/port v0x5a202581c200, 2219;
v0x5a202581c200_2220 .array/port v0x5a202581c200, 2220;
v0x5a202581c200_2221 .array/port v0x5a202581c200, 2221;
v0x5a202581c200_2222 .array/port v0x5a202581c200, 2222;
E_0x5a20257c6530/555 .event anyedge, v0x5a202581c200_2219, v0x5a202581c200_2220, v0x5a202581c200_2221, v0x5a202581c200_2222;
v0x5a202581c200_2223 .array/port v0x5a202581c200, 2223;
v0x5a202581c200_2224 .array/port v0x5a202581c200, 2224;
v0x5a202581c200_2225 .array/port v0x5a202581c200, 2225;
v0x5a202581c200_2226 .array/port v0x5a202581c200, 2226;
E_0x5a20257c6530/556 .event anyedge, v0x5a202581c200_2223, v0x5a202581c200_2224, v0x5a202581c200_2225, v0x5a202581c200_2226;
v0x5a202581c200_2227 .array/port v0x5a202581c200, 2227;
v0x5a202581c200_2228 .array/port v0x5a202581c200, 2228;
v0x5a202581c200_2229 .array/port v0x5a202581c200, 2229;
v0x5a202581c200_2230 .array/port v0x5a202581c200, 2230;
E_0x5a20257c6530/557 .event anyedge, v0x5a202581c200_2227, v0x5a202581c200_2228, v0x5a202581c200_2229, v0x5a202581c200_2230;
v0x5a202581c200_2231 .array/port v0x5a202581c200, 2231;
v0x5a202581c200_2232 .array/port v0x5a202581c200, 2232;
v0x5a202581c200_2233 .array/port v0x5a202581c200, 2233;
v0x5a202581c200_2234 .array/port v0x5a202581c200, 2234;
E_0x5a20257c6530/558 .event anyedge, v0x5a202581c200_2231, v0x5a202581c200_2232, v0x5a202581c200_2233, v0x5a202581c200_2234;
v0x5a202581c200_2235 .array/port v0x5a202581c200, 2235;
v0x5a202581c200_2236 .array/port v0x5a202581c200, 2236;
v0x5a202581c200_2237 .array/port v0x5a202581c200, 2237;
v0x5a202581c200_2238 .array/port v0x5a202581c200, 2238;
E_0x5a20257c6530/559 .event anyedge, v0x5a202581c200_2235, v0x5a202581c200_2236, v0x5a202581c200_2237, v0x5a202581c200_2238;
v0x5a202581c200_2239 .array/port v0x5a202581c200, 2239;
v0x5a202581c200_2240 .array/port v0x5a202581c200, 2240;
v0x5a202581c200_2241 .array/port v0x5a202581c200, 2241;
v0x5a202581c200_2242 .array/port v0x5a202581c200, 2242;
E_0x5a20257c6530/560 .event anyedge, v0x5a202581c200_2239, v0x5a202581c200_2240, v0x5a202581c200_2241, v0x5a202581c200_2242;
v0x5a202581c200_2243 .array/port v0x5a202581c200, 2243;
v0x5a202581c200_2244 .array/port v0x5a202581c200, 2244;
v0x5a202581c200_2245 .array/port v0x5a202581c200, 2245;
v0x5a202581c200_2246 .array/port v0x5a202581c200, 2246;
E_0x5a20257c6530/561 .event anyedge, v0x5a202581c200_2243, v0x5a202581c200_2244, v0x5a202581c200_2245, v0x5a202581c200_2246;
v0x5a202581c200_2247 .array/port v0x5a202581c200, 2247;
v0x5a202581c200_2248 .array/port v0x5a202581c200, 2248;
v0x5a202581c200_2249 .array/port v0x5a202581c200, 2249;
v0x5a202581c200_2250 .array/port v0x5a202581c200, 2250;
E_0x5a20257c6530/562 .event anyedge, v0x5a202581c200_2247, v0x5a202581c200_2248, v0x5a202581c200_2249, v0x5a202581c200_2250;
v0x5a202581c200_2251 .array/port v0x5a202581c200, 2251;
v0x5a202581c200_2252 .array/port v0x5a202581c200, 2252;
v0x5a202581c200_2253 .array/port v0x5a202581c200, 2253;
v0x5a202581c200_2254 .array/port v0x5a202581c200, 2254;
E_0x5a20257c6530/563 .event anyedge, v0x5a202581c200_2251, v0x5a202581c200_2252, v0x5a202581c200_2253, v0x5a202581c200_2254;
v0x5a202581c200_2255 .array/port v0x5a202581c200, 2255;
v0x5a202581c200_2256 .array/port v0x5a202581c200, 2256;
v0x5a202581c200_2257 .array/port v0x5a202581c200, 2257;
v0x5a202581c200_2258 .array/port v0x5a202581c200, 2258;
E_0x5a20257c6530/564 .event anyedge, v0x5a202581c200_2255, v0x5a202581c200_2256, v0x5a202581c200_2257, v0x5a202581c200_2258;
v0x5a202581c200_2259 .array/port v0x5a202581c200, 2259;
v0x5a202581c200_2260 .array/port v0x5a202581c200, 2260;
v0x5a202581c200_2261 .array/port v0x5a202581c200, 2261;
v0x5a202581c200_2262 .array/port v0x5a202581c200, 2262;
E_0x5a20257c6530/565 .event anyedge, v0x5a202581c200_2259, v0x5a202581c200_2260, v0x5a202581c200_2261, v0x5a202581c200_2262;
v0x5a202581c200_2263 .array/port v0x5a202581c200, 2263;
v0x5a202581c200_2264 .array/port v0x5a202581c200, 2264;
v0x5a202581c200_2265 .array/port v0x5a202581c200, 2265;
v0x5a202581c200_2266 .array/port v0x5a202581c200, 2266;
E_0x5a20257c6530/566 .event anyedge, v0x5a202581c200_2263, v0x5a202581c200_2264, v0x5a202581c200_2265, v0x5a202581c200_2266;
v0x5a202581c200_2267 .array/port v0x5a202581c200, 2267;
v0x5a202581c200_2268 .array/port v0x5a202581c200, 2268;
v0x5a202581c200_2269 .array/port v0x5a202581c200, 2269;
v0x5a202581c200_2270 .array/port v0x5a202581c200, 2270;
E_0x5a20257c6530/567 .event anyedge, v0x5a202581c200_2267, v0x5a202581c200_2268, v0x5a202581c200_2269, v0x5a202581c200_2270;
v0x5a202581c200_2271 .array/port v0x5a202581c200, 2271;
v0x5a202581c200_2272 .array/port v0x5a202581c200, 2272;
v0x5a202581c200_2273 .array/port v0x5a202581c200, 2273;
v0x5a202581c200_2274 .array/port v0x5a202581c200, 2274;
E_0x5a20257c6530/568 .event anyedge, v0x5a202581c200_2271, v0x5a202581c200_2272, v0x5a202581c200_2273, v0x5a202581c200_2274;
v0x5a202581c200_2275 .array/port v0x5a202581c200, 2275;
v0x5a202581c200_2276 .array/port v0x5a202581c200, 2276;
v0x5a202581c200_2277 .array/port v0x5a202581c200, 2277;
v0x5a202581c200_2278 .array/port v0x5a202581c200, 2278;
E_0x5a20257c6530/569 .event anyedge, v0x5a202581c200_2275, v0x5a202581c200_2276, v0x5a202581c200_2277, v0x5a202581c200_2278;
v0x5a202581c200_2279 .array/port v0x5a202581c200, 2279;
v0x5a202581c200_2280 .array/port v0x5a202581c200, 2280;
v0x5a202581c200_2281 .array/port v0x5a202581c200, 2281;
v0x5a202581c200_2282 .array/port v0x5a202581c200, 2282;
E_0x5a20257c6530/570 .event anyedge, v0x5a202581c200_2279, v0x5a202581c200_2280, v0x5a202581c200_2281, v0x5a202581c200_2282;
v0x5a202581c200_2283 .array/port v0x5a202581c200, 2283;
v0x5a202581c200_2284 .array/port v0x5a202581c200, 2284;
v0x5a202581c200_2285 .array/port v0x5a202581c200, 2285;
v0x5a202581c200_2286 .array/port v0x5a202581c200, 2286;
E_0x5a20257c6530/571 .event anyedge, v0x5a202581c200_2283, v0x5a202581c200_2284, v0x5a202581c200_2285, v0x5a202581c200_2286;
v0x5a202581c200_2287 .array/port v0x5a202581c200, 2287;
v0x5a202581c200_2288 .array/port v0x5a202581c200, 2288;
v0x5a202581c200_2289 .array/port v0x5a202581c200, 2289;
v0x5a202581c200_2290 .array/port v0x5a202581c200, 2290;
E_0x5a20257c6530/572 .event anyedge, v0x5a202581c200_2287, v0x5a202581c200_2288, v0x5a202581c200_2289, v0x5a202581c200_2290;
v0x5a202581c200_2291 .array/port v0x5a202581c200, 2291;
v0x5a202581c200_2292 .array/port v0x5a202581c200, 2292;
v0x5a202581c200_2293 .array/port v0x5a202581c200, 2293;
v0x5a202581c200_2294 .array/port v0x5a202581c200, 2294;
E_0x5a20257c6530/573 .event anyedge, v0x5a202581c200_2291, v0x5a202581c200_2292, v0x5a202581c200_2293, v0x5a202581c200_2294;
v0x5a202581c200_2295 .array/port v0x5a202581c200, 2295;
v0x5a202581c200_2296 .array/port v0x5a202581c200, 2296;
v0x5a202581c200_2297 .array/port v0x5a202581c200, 2297;
v0x5a202581c200_2298 .array/port v0x5a202581c200, 2298;
E_0x5a20257c6530/574 .event anyedge, v0x5a202581c200_2295, v0x5a202581c200_2296, v0x5a202581c200_2297, v0x5a202581c200_2298;
v0x5a202581c200_2299 .array/port v0x5a202581c200, 2299;
v0x5a202581c200_2300 .array/port v0x5a202581c200, 2300;
v0x5a202581c200_2301 .array/port v0x5a202581c200, 2301;
v0x5a202581c200_2302 .array/port v0x5a202581c200, 2302;
E_0x5a20257c6530/575 .event anyedge, v0x5a202581c200_2299, v0x5a202581c200_2300, v0x5a202581c200_2301, v0x5a202581c200_2302;
v0x5a202581c200_2303 .array/port v0x5a202581c200, 2303;
v0x5a202581c200_2304 .array/port v0x5a202581c200, 2304;
v0x5a202581c200_2305 .array/port v0x5a202581c200, 2305;
v0x5a202581c200_2306 .array/port v0x5a202581c200, 2306;
E_0x5a20257c6530/576 .event anyedge, v0x5a202581c200_2303, v0x5a202581c200_2304, v0x5a202581c200_2305, v0x5a202581c200_2306;
v0x5a202581c200_2307 .array/port v0x5a202581c200, 2307;
v0x5a202581c200_2308 .array/port v0x5a202581c200, 2308;
v0x5a202581c200_2309 .array/port v0x5a202581c200, 2309;
v0x5a202581c200_2310 .array/port v0x5a202581c200, 2310;
E_0x5a20257c6530/577 .event anyedge, v0x5a202581c200_2307, v0x5a202581c200_2308, v0x5a202581c200_2309, v0x5a202581c200_2310;
v0x5a202581c200_2311 .array/port v0x5a202581c200, 2311;
v0x5a202581c200_2312 .array/port v0x5a202581c200, 2312;
v0x5a202581c200_2313 .array/port v0x5a202581c200, 2313;
v0x5a202581c200_2314 .array/port v0x5a202581c200, 2314;
E_0x5a20257c6530/578 .event anyedge, v0x5a202581c200_2311, v0x5a202581c200_2312, v0x5a202581c200_2313, v0x5a202581c200_2314;
v0x5a202581c200_2315 .array/port v0x5a202581c200, 2315;
v0x5a202581c200_2316 .array/port v0x5a202581c200, 2316;
v0x5a202581c200_2317 .array/port v0x5a202581c200, 2317;
v0x5a202581c200_2318 .array/port v0x5a202581c200, 2318;
E_0x5a20257c6530/579 .event anyedge, v0x5a202581c200_2315, v0x5a202581c200_2316, v0x5a202581c200_2317, v0x5a202581c200_2318;
v0x5a202581c200_2319 .array/port v0x5a202581c200, 2319;
v0x5a202581c200_2320 .array/port v0x5a202581c200, 2320;
v0x5a202581c200_2321 .array/port v0x5a202581c200, 2321;
v0x5a202581c200_2322 .array/port v0x5a202581c200, 2322;
E_0x5a20257c6530/580 .event anyedge, v0x5a202581c200_2319, v0x5a202581c200_2320, v0x5a202581c200_2321, v0x5a202581c200_2322;
v0x5a202581c200_2323 .array/port v0x5a202581c200, 2323;
v0x5a202581c200_2324 .array/port v0x5a202581c200, 2324;
v0x5a202581c200_2325 .array/port v0x5a202581c200, 2325;
v0x5a202581c200_2326 .array/port v0x5a202581c200, 2326;
E_0x5a20257c6530/581 .event anyedge, v0x5a202581c200_2323, v0x5a202581c200_2324, v0x5a202581c200_2325, v0x5a202581c200_2326;
v0x5a202581c200_2327 .array/port v0x5a202581c200, 2327;
v0x5a202581c200_2328 .array/port v0x5a202581c200, 2328;
v0x5a202581c200_2329 .array/port v0x5a202581c200, 2329;
v0x5a202581c200_2330 .array/port v0x5a202581c200, 2330;
E_0x5a20257c6530/582 .event anyedge, v0x5a202581c200_2327, v0x5a202581c200_2328, v0x5a202581c200_2329, v0x5a202581c200_2330;
v0x5a202581c200_2331 .array/port v0x5a202581c200, 2331;
v0x5a202581c200_2332 .array/port v0x5a202581c200, 2332;
v0x5a202581c200_2333 .array/port v0x5a202581c200, 2333;
v0x5a202581c200_2334 .array/port v0x5a202581c200, 2334;
E_0x5a20257c6530/583 .event anyedge, v0x5a202581c200_2331, v0x5a202581c200_2332, v0x5a202581c200_2333, v0x5a202581c200_2334;
v0x5a202581c200_2335 .array/port v0x5a202581c200, 2335;
v0x5a202581c200_2336 .array/port v0x5a202581c200, 2336;
v0x5a202581c200_2337 .array/port v0x5a202581c200, 2337;
v0x5a202581c200_2338 .array/port v0x5a202581c200, 2338;
E_0x5a20257c6530/584 .event anyedge, v0x5a202581c200_2335, v0x5a202581c200_2336, v0x5a202581c200_2337, v0x5a202581c200_2338;
v0x5a202581c200_2339 .array/port v0x5a202581c200, 2339;
v0x5a202581c200_2340 .array/port v0x5a202581c200, 2340;
v0x5a202581c200_2341 .array/port v0x5a202581c200, 2341;
v0x5a202581c200_2342 .array/port v0x5a202581c200, 2342;
E_0x5a20257c6530/585 .event anyedge, v0x5a202581c200_2339, v0x5a202581c200_2340, v0x5a202581c200_2341, v0x5a202581c200_2342;
v0x5a202581c200_2343 .array/port v0x5a202581c200, 2343;
v0x5a202581c200_2344 .array/port v0x5a202581c200, 2344;
v0x5a202581c200_2345 .array/port v0x5a202581c200, 2345;
v0x5a202581c200_2346 .array/port v0x5a202581c200, 2346;
E_0x5a20257c6530/586 .event anyedge, v0x5a202581c200_2343, v0x5a202581c200_2344, v0x5a202581c200_2345, v0x5a202581c200_2346;
v0x5a202581c200_2347 .array/port v0x5a202581c200, 2347;
v0x5a202581c200_2348 .array/port v0x5a202581c200, 2348;
v0x5a202581c200_2349 .array/port v0x5a202581c200, 2349;
v0x5a202581c200_2350 .array/port v0x5a202581c200, 2350;
E_0x5a20257c6530/587 .event anyedge, v0x5a202581c200_2347, v0x5a202581c200_2348, v0x5a202581c200_2349, v0x5a202581c200_2350;
v0x5a202581c200_2351 .array/port v0x5a202581c200, 2351;
v0x5a202581c200_2352 .array/port v0x5a202581c200, 2352;
v0x5a202581c200_2353 .array/port v0x5a202581c200, 2353;
v0x5a202581c200_2354 .array/port v0x5a202581c200, 2354;
E_0x5a20257c6530/588 .event anyedge, v0x5a202581c200_2351, v0x5a202581c200_2352, v0x5a202581c200_2353, v0x5a202581c200_2354;
v0x5a202581c200_2355 .array/port v0x5a202581c200, 2355;
v0x5a202581c200_2356 .array/port v0x5a202581c200, 2356;
v0x5a202581c200_2357 .array/port v0x5a202581c200, 2357;
v0x5a202581c200_2358 .array/port v0x5a202581c200, 2358;
E_0x5a20257c6530/589 .event anyedge, v0x5a202581c200_2355, v0x5a202581c200_2356, v0x5a202581c200_2357, v0x5a202581c200_2358;
v0x5a202581c200_2359 .array/port v0x5a202581c200, 2359;
v0x5a202581c200_2360 .array/port v0x5a202581c200, 2360;
v0x5a202581c200_2361 .array/port v0x5a202581c200, 2361;
v0x5a202581c200_2362 .array/port v0x5a202581c200, 2362;
E_0x5a20257c6530/590 .event anyedge, v0x5a202581c200_2359, v0x5a202581c200_2360, v0x5a202581c200_2361, v0x5a202581c200_2362;
v0x5a202581c200_2363 .array/port v0x5a202581c200, 2363;
v0x5a202581c200_2364 .array/port v0x5a202581c200, 2364;
v0x5a202581c200_2365 .array/port v0x5a202581c200, 2365;
v0x5a202581c200_2366 .array/port v0x5a202581c200, 2366;
E_0x5a20257c6530/591 .event anyedge, v0x5a202581c200_2363, v0x5a202581c200_2364, v0x5a202581c200_2365, v0x5a202581c200_2366;
v0x5a202581c200_2367 .array/port v0x5a202581c200, 2367;
v0x5a202581c200_2368 .array/port v0x5a202581c200, 2368;
v0x5a202581c200_2369 .array/port v0x5a202581c200, 2369;
v0x5a202581c200_2370 .array/port v0x5a202581c200, 2370;
E_0x5a20257c6530/592 .event anyedge, v0x5a202581c200_2367, v0x5a202581c200_2368, v0x5a202581c200_2369, v0x5a202581c200_2370;
v0x5a202581c200_2371 .array/port v0x5a202581c200, 2371;
v0x5a202581c200_2372 .array/port v0x5a202581c200, 2372;
v0x5a202581c200_2373 .array/port v0x5a202581c200, 2373;
v0x5a202581c200_2374 .array/port v0x5a202581c200, 2374;
E_0x5a20257c6530/593 .event anyedge, v0x5a202581c200_2371, v0x5a202581c200_2372, v0x5a202581c200_2373, v0x5a202581c200_2374;
v0x5a202581c200_2375 .array/port v0x5a202581c200, 2375;
v0x5a202581c200_2376 .array/port v0x5a202581c200, 2376;
v0x5a202581c200_2377 .array/port v0x5a202581c200, 2377;
v0x5a202581c200_2378 .array/port v0x5a202581c200, 2378;
E_0x5a20257c6530/594 .event anyedge, v0x5a202581c200_2375, v0x5a202581c200_2376, v0x5a202581c200_2377, v0x5a202581c200_2378;
v0x5a202581c200_2379 .array/port v0x5a202581c200, 2379;
v0x5a202581c200_2380 .array/port v0x5a202581c200, 2380;
v0x5a202581c200_2381 .array/port v0x5a202581c200, 2381;
v0x5a202581c200_2382 .array/port v0x5a202581c200, 2382;
E_0x5a20257c6530/595 .event anyedge, v0x5a202581c200_2379, v0x5a202581c200_2380, v0x5a202581c200_2381, v0x5a202581c200_2382;
v0x5a202581c200_2383 .array/port v0x5a202581c200, 2383;
v0x5a202581c200_2384 .array/port v0x5a202581c200, 2384;
v0x5a202581c200_2385 .array/port v0x5a202581c200, 2385;
v0x5a202581c200_2386 .array/port v0x5a202581c200, 2386;
E_0x5a20257c6530/596 .event anyedge, v0x5a202581c200_2383, v0x5a202581c200_2384, v0x5a202581c200_2385, v0x5a202581c200_2386;
v0x5a202581c200_2387 .array/port v0x5a202581c200, 2387;
v0x5a202581c200_2388 .array/port v0x5a202581c200, 2388;
v0x5a202581c200_2389 .array/port v0x5a202581c200, 2389;
v0x5a202581c200_2390 .array/port v0x5a202581c200, 2390;
E_0x5a20257c6530/597 .event anyedge, v0x5a202581c200_2387, v0x5a202581c200_2388, v0x5a202581c200_2389, v0x5a202581c200_2390;
v0x5a202581c200_2391 .array/port v0x5a202581c200, 2391;
v0x5a202581c200_2392 .array/port v0x5a202581c200, 2392;
v0x5a202581c200_2393 .array/port v0x5a202581c200, 2393;
v0x5a202581c200_2394 .array/port v0x5a202581c200, 2394;
E_0x5a20257c6530/598 .event anyedge, v0x5a202581c200_2391, v0x5a202581c200_2392, v0x5a202581c200_2393, v0x5a202581c200_2394;
v0x5a202581c200_2395 .array/port v0x5a202581c200, 2395;
v0x5a202581c200_2396 .array/port v0x5a202581c200, 2396;
v0x5a202581c200_2397 .array/port v0x5a202581c200, 2397;
v0x5a202581c200_2398 .array/port v0x5a202581c200, 2398;
E_0x5a20257c6530/599 .event anyedge, v0x5a202581c200_2395, v0x5a202581c200_2396, v0x5a202581c200_2397, v0x5a202581c200_2398;
v0x5a202581c200_2399 .array/port v0x5a202581c200, 2399;
v0x5a202581c200_2400 .array/port v0x5a202581c200, 2400;
v0x5a202581c200_2401 .array/port v0x5a202581c200, 2401;
v0x5a202581c200_2402 .array/port v0x5a202581c200, 2402;
E_0x5a20257c6530/600 .event anyedge, v0x5a202581c200_2399, v0x5a202581c200_2400, v0x5a202581c200_2401, v0x5a202581c200_2402;
v0x5a202581c200_2403 .array/port v0x5a202581c200, 2403;
v0x5a202581c200_2404 .array/port v0x5a202581c200, 2404;
v0x5a202581c200_2405 .array/port v0x5a202581c200, 2405;
v0x5a202581c200_2406 .array/port v0x5a202581c200, 2406;
E_0x5a20257c6530/601 .event anyedge, v0x5a202581c200_2403, v0x5a202581c200_2404, v0x5a202581c200_2405, v0x5a202581c200_2406;
v0x5a202581c200_2407 .array/port v0x5a202581c200, 2407;
v0x5a202581c200_2408 .array/port v0x5a202581c200, 2408;
v0x5a202581c200_2409 .array/port v0x5a202581c200, 2409;
v0x5a202581c200_2410 .array/port v0x5a202581c200, 2410;
E_0x5a20257c6530/602 .event anyedge, v0x5a202581c200_2407, v0x5a202581c200_2408, v0x5a202581c200_2409, v0x5a202581c200_2410;
v0x5a202581c200_2411 .array/port v0x5a202581c200, 2411;
v0x5a202581c200_2412 .array/port v0x5a202581c200, 2412;
v0x5a202581c200_2413 .array/port v0x5a202581c200, 2413;
v0x5a202581c200_2414 .array/port v0x5a202581c200, 2414;
E_0x5a20257c6530/603 .event anyedge, v0x5a202581c200_2411, v0x5a202581c200_2412, v0x5a202581c200_2413, v0x5a202581c200_2414;
v0x5a202581c200_2415 .array/port v0x5a202581c200, 2415;
v0x5a202581c200_2416 .array/port v0x5a202581c200, 2416;
v0x5a202581c200_2417 .array/port v0x5a202581c200, 2417;
v0x5a202581c200_2418 .array/port v0x5a202581c200, 2418;
E_0x5a20257c6530/604 .event anyedge, v0x5a202581c200_2415, v0x5a202581c200_2416, v0x5a202581c200_2417, v0x5a202581c200_2418;
v0x5a202581c200_2419 .array/port v0x5a202581c200, 2419;
v0x5a202581c200_2420 .array/port v0x5a202581c200, 2420;
v0x5a202581c200_2421 .array/port v0x5a202581c200, 2421;
v0x5a202581c200_2422 .array/port v0x5a202581c200, 2422;
E_0x5a20257c6530/605 .event anyedge, v0x5a202581c200_2419, v0x5a202581c200_2420, v0x5a202581c200_2421, v0x5a202581c200_2422;
v0x5a202581c200_2423 .array/port v0x5a202581c200, 2423;
v0x5a202581c200_2424 .array/port v0x5a202581c200, 2424;
v0x5a202581c200_2425 .array/port v0x5a202581c200, 2425;
v0x5a202581c200_2426 .array/port v0x5a202581c200, 2426;
E_0x5a20257c6530/606 .event anyedge, v0x5a202581c200_2423, v0x5a202581c200_2424, v0x5a202581c200_2425, v0x5a202581c200_2426;
v0x5a202581c200_2427 .array/port v0x5a202581c200, 2427;
v0x5a202581c200_2428 .array/port v0x5a202581c200, 2428;
v0x5a202581c200_2429 .array/port v0x5a202581c200, 2429;
v0x5a202581c200_2430 .array/port v0x5a202581c200, 2430;
E_0x5a20257c6530/607 .event anyedge, v0x5a202581c200_2427, v0x5a202581c200_2428, v0x5a202581c200_2429, v0x5a202581c200_2430;
v0x5a202581c200_2431 .array/port v0x5a202581c200, 2431;
v0x5a202581c200_2432 .array/port v0x5a202581c200, 2432;
v0x5a202581c200_2433 .array/port v0x5a202581c200, 2433;
v0x5a202581c200_2434 .array/port v0x5a202581c200, 2434;
E_0x5a20257c6530/608 .event anyedge, v0x5a202581c200_2431, v0x5a202581c200_2432, v0x5a202581c200_2433, v0x5a202581c200_2434;
v0x5a202581c200_2435 .array/port v0x5a202581c200, 2435;
v0x5a202581c200_2436 .array/port v0x5a202581c200, 2436;
v0x5a202581c200_2437 .array/port v0x5a202581c200, 2437;
v0x5a202581c200_2438 .array/port v0x5a202581c200, 2438;
E_0x5a20257c6530/609 .event anyedge, v0x5a202581c200_2435, v0x5a202581c200_2436, v0x5a202581c200_2437, v0x5a202581c200_2438;
v0x5a202581c200_2439 .array/port v0x5a202581c200, 2439;
v0x5a202581c200_2440 .array/port v0x5a202581c200, 2440;
v0x5a202581c200_2441 .array/port v0x5a202581c200, 2441;
v0x5a202581c200_2442 .array/port v0x5a202581c200, 2442;
E_0x5a20257c6530/610 .event anyedge, v0x5a202581c200_2439, v0x5a202581c200_2440, v0x5a202581c200_2441, v0x5a202581c200_2442;
v0x5a202581c200_2443 .array/port v0x5a202581c200, 2443;
v0x5a202581c200_2444 .array/port v0x5a202581c200, 2444;
v0x5a202581c200_2445 .array/port v0x5a202581c200, 2445;
v0x5a202581c200_2446 .array/port v0x5a202581c200, 2446;
E_0x5a20257c6530/611 .event anyedge, v0x5a202581c200_2443, v0x5a202581c200_2444, v0x5a202581c200_2445, v0x5a202581c200_2446;
v0x5a202581c200_2447 .array/port v0x5a202581c200, 2447;
v0x5a202581c200_2448 .array/port v0x5a202581c200, 2448;
v0x5a202581c200_2449 .array/port v0x5a202581c200, 2449;
v0x5a202581c200_2450 .array/port v0x5a202581c200, 2450;
E_0x5a20257c6530/612 .event anyedge, v0x5a202581c200_2447, v0x5a202581c200_2448, v0x5a202581c200_2449, v0x5a202581c200_2450;
v0x5a202581c200_2451 .array/port v0x5a202581c200, 2451;
v0x5a202581c200_2452 .array/port v0x5a202581c200, 2452;
v0x5a202581c200_2453 .array/port v0x5a202581c200, 2453;
v0x5a202581c200_2454 .array/port v0x5a202581c200, 2454;
E_0x5a20257c6530/613 .event anyedge, v0x5a202581c200_2451, v0x5a202581c200_2452, v0x5a202581c200_2453, v0x5a202581c200_2454;
v0x5a202581c200_2455 .array/port v0x5a202581c200, 2455;
v0x5a202581c200_2456 .array/port v0x5a202581c200, 2456;
v0x5a202581c200_2457 .array/port v0x5a202581c200, 2457;
v0x5a202581c200_2458 .array/port v0x5a202581c200, 2458;
E_0x5a20257c6530/614 .event anyedge, v0x5a202581c200_2455, v0x5a202581c200_2456, v0x5a202581c200_2457, v0x5a202581c200_2458;
v0x5a202581c200_2459 .array/port v0x5a202581c200, 2459;
v0x5a202581c200_2460 .array/port v0x5a202581c200, 2460;
v0x5a202581c200_2461 .array/port v0x5a202581c200, 2461;
v0x5a202581c200_2462 .array/port v0x5a202581c200, 2462;
E_0x5a20257c6530/615 .event anyedge, v0x5a202581c200_2459, v0x5a202581c200_2460, v0x5a202581c200_2461, v0x5a202581c200_2462;
v0x5a202581c200_2463 .array/port v0x5a202581c200, 2463;
v0x5a202581c200_2464 .array/port v0x5a202581c200, 2464;
v0x5a202581c200_2465 .array/port v0x5a202581c200, 2465;
v0x5a202581c200_2466 .array/port v0x5a202581c200, 2466;
E_0x5a20257c6530/616 .event anyedge, v0x5a202581c200_2463, v0x5a202581c200_2464, v0x5a202581c200_2465, v0x5a202581c200_2466;
v0x5a202581c200_2467 .array/port v0x5a202581c200, 2467;
v0x5a202581c200_2468 .array/port v0x5a202581c200, 2468;
v0x5a202581c200_2469 .array/port v0x5a202581c200, 2469;
v0x5a202581c200_2470 .array/port v0x5a202581c200, 2470;
E_0x5a20257c6530/617 .event anyedge, v0x5a202581c200_2467, v0x5a202581c200_2468, v0x5a202581c200_2469, v0x5a202581c200_2470;
v0x5a202581c200_2471 .array/port v0x5a202581c200, 2471;
v0x5a202581c200_2472 .array/port v0x5a202581c200, 2472;
v0x5a202581c200_2473 .array/port v0x5a202581c200, 2473;
v0x5a202581c200_2474 .array/port v0x5a202581c200, 2474;
E_0x5a20257c6530/618 .event anyedge, v0x5a202581c200_2471, v0x5a202581c200_2472, v0x5a202581c200_2473, v0x5a202581c200_2474;
v0x5a202581c200_2475 .array/port v0x5a202581c200, 2475;
v0x5a202581c200_2476 .array/port v0x5a202581c200, 2476;
v0x5a202581c200_2477 .array/port v0x5a202581c200, 2477;
v0x5a202581c200_2478 .array/port v0x5a202581c200, 2478;
E_0x5a20257c6530/619 .event anyedge, v0x5a202581c200_2475, v0x5a202581c200_2476, v0x5a202581c200_2477, v0x5a202581c200_2478;
v0x5a202581c200_2479 .array/port v0x5a202581c200, 2479;
v0x5a202581c200_2480 .array/port v0x5a202581c200, 2480;
v0x5a202581c200_2481 .array/port v0x5a202581c200, 2481;
v0x5a202581c200_2482 .array/port v0x5a202581c200, 2482;
E_0x5a20257c6530/620 .event anyedge, v0x5a202581c200_2479, v0x5a202581c200_2480, v0x5a202581c200_2481, v0x5a202581c200_2482;
v0x5a202581c200_2483 .array/port v0x5a202581c200, 2483;
v0x5a202581c200_2484 .array/port v0x5a202581c200, 2484;
v0x5a202581c200_2485 .array/port v0x5a202581c200, 2485;
v0x5a202581c200_2486 .array/port v0x5a202581c200, 2486;
E_0x5a20257c6530/621 .event anyedge, v0x5a202581c200_2483, v0x5a202581c200_2484, v0x5a202581c200_2485, v0x5a202581c200_2486;
v0x5a202581c200_2487 .array/port v0x5a202581c200, 2487;
v0x5a202581c200_2488 .array/port v0x5a202581c200, 2488;
v0x5a202581c200_2489 .array/port v0x5a202581c200, 2489;
v0x5a202581c200_2490 .array/port v0x5a202581c200, 2490;
E_0x5a20257c6530/622 .event anyedge, v0x5a202581c200_2487, v0x5a202581c200_2488, v0x5a202581c200_2489, v0x5a202581c200_2490;
v0x5a202581c200_2491 .array/port v0x5a202581c200, 2491;
v0x5a202581c200_2492 .array/port v0x5a202581c200, 2492;
v0x5a202581c200_2493 .array/port v0x5a202581c200, 2493;
v0x5a202581c200_2494 .array/port v0x5a202581c200, 2494;
E_0x5a20257c6530/623 .event anyedge, v0x5a202581c200_2491, v0x5a202581c200_2492, v0x5a202581c200_2493, v0x5a202581c200_2494;
v0x5a202581c200_2495 .array/port v0x5a202581c200, 2495;
v0x5a202581c200_2496 .array/port v0x5a202581c200, 2496;
v0x5a202581c200_2497 .array/port v0x5a202581c200, 2497;
v0x5a202581c200_2498 .array/port v0x5a202581c200, 2498;
E_0x5a20257c6530/624 .event anyedge, v0x5a202581c200_2495, v0x5a202581c200_2496, v0x5a202581c200_2497, v0x5a202581c200_2498;
v0x5a202581c200_2499 .array/port v0x5a202581c200, 2499;
v0x5a202581c200_2500 .array/port v0x5a202581c200, 2500;
v0x5a202581c200_2501 .array/port v0x5a202581c200, 2501;
v0x5a202581c200_2502 .array/port v0x5a202581c200, 2502;
E_0x5a20257c6530/625 .event anyedge, v0x5a202581c200_2499, v0x5a202581c200_2500, v0x5a202581c200_2501, v0x5a202581c200_2502;
v0x5a202581c200_2503 .array/port v0x5a202581c200, 2503;
v0x5a202581c200_2504 .array/port v0x5a202581c200, 2504;
v0x5a202581c200_2505 .array/port v0x5a202581c200, 2505;
v0x5a202581c200_2506 .array/port v0x5a202581c200, 2506;
E_0x5a20257c6530/626 .event anyedge, v0x5a202581c200_2503, v0x5a202581c200_2504, v0x5a202581c200_2505, v0x5a202581c200_2506;
v0x5a202581c200_2507 .array/port v0x5a202581c200, 2507;
v0x5a202581c200_2508 .array/port v0x5a202581c200, 2508;
v0x5a202581c200_2509 .array/port v0x5a202581c200, 2509;
v0x5a202581c200_2510 .array/port v0x5a202581c200, 2510;
E_0x5a20257c6530/627 .event anyedge, v0x5a202581c200_2507, v0x5a202581c200_2508, v0x5a202581c200_2509, v0x5a202581c200_2510;
v0x5a202581c200_2511 .array/port v0x5a202581c200, 2511;
v0x5a202581c200_2512 .array/port v0x5a202581c200, 2512;
v0x5a202581c200_2513 .array/port v0x5a202581c200, 2513;
v0x5a202581c200_2514 .array/port v0x5a202581c200, 2514;
E_0x5a20257c6530/628 .event anyedge, v0x5a202581c200_2511, v0x5a202581c200_2512, v0x5a202581c200_2513, v0x5a202581c200_2514;
v0x5a202581c200_2515 .array/port v0x5a202581c200, 2515;
v0x5a202581c200_2516 .array/port v0x5a202581c200, 2516;
v0x5a202581c200_2517 .array/port v0x5a202581c200, 2517;
v0x5a202581c200_2518 .array/port v0x5a202581c200, 2518;
E_0x5a20257c6530/629 .event anyedge, v0x5a202581c200_2515, v0x5a202581c200_2516, v0x5a202581c200_2517, v0x5a202581c200_2518;
v0x5a202581c200_2519 .array/port v0x5a202581c200, 2519;
v0x5a202581c200_2520 .array/port v0x5a202581c200, 2520;
v0x5a202581c200_2521 .array/port v0x5a202581c200, 2521;
v0x5a202581c200_2522 .array/port v0x5a202581c200, 2522;
E_0x5a20257c6530/630 .event anyedge, v0x5a202581c200_2519, v0x5a202581c200_2520, v0x5a202581c200_2521, v0x5a202581c200_2522;
v0x5a202581c200_2523 .array/port v0x5a202581c200, 2523;
v0x5a202581c200_2524 .array/port v0x5a202581c200, 2524;
v0x5a202581c200_2525 .array/port v0x5a202581c200, 2525;
v0x5a202581c200_2526 .array/port v0x5a202581c200, 2526;
E_0x5a20257c6530/631 .event anyedge, v0x5a202581c200_2523, v0x5a202581c200_2524, v0x5a202581c200_2525, v0x5a202581c200_2526;
v0x5a202581c200_2527 .array/port v0x5a202581c200, 2527;
v0x5a202581c200_2528 .array/port v0x5a202581c200, 2528;
v0x5a202581c200_2529 .array/port v0x5a202581c200, 2529;
v0x5a202581c200_2530 .array/port v0x5a202581c200, 2530;
E_0x5a20257c6530/632 .event anyedge, v0x5a202581c200_2527, v0x5a202581c200_2528, v0x5a202581c200_2529, v0x5a202581c200_2530;
v0x5a202581c200_2531 .array/port v0x5a202581c200, 2531;
v0x5a202581c200_2532 .array/port v0x5a202581c200, 2532;
v0x5a202581c200_2533 .array/port v0x5a202581c200, 2533;
v0x5a202581c200_2534 .array/port v0x5a202581c200, 2534;
E_0x5a20257c6530/633 .event anyedge, v0x5a202581c200_2531, v0x5a202581c200_2532, v0x5a202581c200_2533, v0x5a202581c200_2534;
v0x5a202581c200_2535 .array/port v0x5a202581c200, 2535;
v0x5a202581c200_2536 .array/port v0x5a202581c200, 2536;
v0x5a202581c200_2537 .array/port v0x5a202581c200, 2537;
v0x5a202581c200_2538 .array/port v0x5a202581c200, 2538;
E_0x5a20257c6530/634 .event anyedge, v0x5a202581c200_2535, v0x5a202581c200_2536, v0x5a202581c200_2537, v0x5a202581c200_2538;
v0x5a202581c200_2539 .array/port v0x5a202581c200, 2539;
v0x5a202581c200_2540 .array/port v0x5a202581c200, 2540;
v0x5a202581c200_2541 .array/port v0x5a202581c200, 2541;
v0x5a202581c200_2542 .array/port v0x5a202581c200, 2542;
E_0x5a20257c6530/635 .event anyedge, v0x5a202581c200_2539, v0x5a202581c200_2540, v0x5a202581c200_2541, v0x5a202581c200_2542;
v0x5a202581c200_2543 .array/port v0x5a202581c200, 2543;
v0x5a202581c200_2544 .array/port v0x5a202581c200, 2544;
v0x5a202581c200_2545 .array/port v0x5a202581c200, 2545;
v0x5a202581c200_2546 .array/port v0x5a202581c200, 2546;
E_0x5a20257c6530/636 .event anyedge, v0x5a202581c200_2543, v0x5a202581c200_2544, v0x5a202581c200_2545, v0x5a202581c200_2546;
v0x5a202581c200_2547 .array/port v0x5a202581c200, 2547;
v0x5a202581c200_2548 .array/port v0x5a202581c200, 2548;
v0x5a202581c200_2549 .array/port v0x5a202581c200, 2549;
v0x5a202581c200_2550 .array/port v0x5a202581c200, 2550;
E_0x5a20257c6530/637 .event anyedge, v0x5a202581c200_2547, v0x5a202581c200_2548, v0x5a202581c200_2549, v0x5a202581c200_2550;
v0x5a202581c200_2551 .array/port v0x5a202581c200, 2551;
v0x5a202581c200_2552 .array/port v0x5a202581c200, 2552;
v0x5a202581c200_2553 .array/port v0x5a202581c200, 2553;
v0x5a202581c200_2554 .array/port v0x5a202581c200, 2554;
E_0x5a20257c6530/638 .event anyedge, v0x5a202581c200_2551, v0x5a202581c200_2552, v0x5a202581c200_2553, v0x5a202581c200_2554;
v0x5a202581c200_2555 .array/port v0x5a202581c200, 2555;
v0x5a202581c200_2556 .array/port v0x5a202581c200, 2556;
v0x5a202581c200_2557 .array/port v0x5a202581c200, 2557;
v0x5a202581c200_2558 .array/port v0x5a202581c200, 2558;
E_0x5a20257c6530/639 .event anyedge, v0x5a202581c200_2555, v0x5a202581c200_2556, v0x5a202581c200_2557, v0x5a202581c200_2558;
v0x5a202581c200_2559 .array/port v0x5a202581c200, 2559;
v0x5a202581c200_2560 .array/port v0x5a202581c200, 2560;
v0x5a202581c200_2561 .array/port v0x5a202581c200, 2561;
v0x5a202581c200_2562 .array/port v0x5a202581c200, 2562;
E_0x5a20257c6530/640 .event anyedge, v0x5a202581c200_2559, v0x5a202581c200_2560, v0x5a202581c200_2561, v0x5a202581c200_2562;
v0x5a202581c200_2563 .array/port v0x5a202581c200, 2563;
v0x5a202581c200_2564 .array/port v0x5a202581c200, 2564;
v0x5a202581c200_2565 .array/port v0x5a202581c200, 2565;
v0x5a202581c200_2566 .array/port v0x5a202581c200, 2566;
E_0x5a20257c6530/641 .event anyedge, v0x5a202581c200_2563, v0x5a202581c200_2564, v0x5a202581c200_2565, v0x5a202581c200_2566;
v0x5a202581c200_2567 .array/port v0x5a202581c200, 2567;
v0x5a202581c200_2568 .array/port v0x5a202581c200, 2568;
v0x5a202581c200_2569 .array/port v0x5a202581c200, 2569;
v0x5a202581c200_2570 .array/port v0x5a202581c200, 2570;
E_0x5a20257c6530/642 .event anyedge, v0x5a202581c200_2567, v0x5a202581c200_2568, v0x5a202581c200_2569, v0x5a202581c200_2570;
v0x5a202581c200_2571 .array/port v0x5a202581c200, 2571;
v0x5a202581c200_2572 .array/port v0x5a202581c200, 2572;
v0x5a202581c200_2573 .array/port v0x5a202581c200, 2573;
v0x5a202581c200_2574 .array/port v0x5a202581c200, 2574;
E_0x5a20257c6530/643 .event anyedge, v0x5a202581c200_2571, v0x5a202581c200_2572, v0x5a202581c200_2573, v0x5a202581c200_2574;
v0x5a202581c200_2575 .array/port v0x5a202581c200, 2575;
v0x5a202581c200_2576 .array/port v0x5a202581c200, 2576;
v0x5a202581c200_2577 .array/port v0x5a202581c200, 2577;
v0x5a202581c200_2578 .array/port v0x5a202581c200, 2578;
E_0x5a20257c6530/644 .event anyedge, v0x5a202581c200_2575, v0x5a202581c200_2576, v0x5a202581c200_2577, v0x5a202581c200_2578;
v0x5a202581c200_2579 .array/port v0x5a202581c200, 2579;
v0x5a202581c200_2580 .array/port v0x5a202581c200, 2580;
v0x5a202581c200_2581 .array/port v0x5a202581c200, 2581;
v0x5a202581c200_2582 .array/port v0x5a202581c200, 2582;
E_0x5a20257c6530/645 .event anyedge, v0x5a202581c200_2579, v0x5a202581c200_2580, v0x5a202581c200_2581, v0x5a202581c200_2582;
v0x5a202581c200_2583 .array/port v0x5a202581c200, 2583;
v0x5a202581c200_2584 .array/port v0x5a202581c200, 2584;
v0x5a202581c200_2585 .array/port v0x5a202581c200, 2585;
v0x5a202581c200_2586 .array/port v0x5a202581c200, 2586;
E_0x5a20257c6530/646 .event anyedge, v0x5a202581c200_2583, v0x5a202581c200_2584, v0x5a202581c200_2585, v0x5a202581c200_2586;
v0x5a202581c200_2587 .array/port v0x5a202581c200, 2587;
v0x5a202581c200_2588 .array/port v0x5a202581c200, 2588;
v0x5a202581c200_2589 .array/port v0x5a202581c200, 2589;
v0x5a202581c200_2590 .array/port v0x5a202581c200, 2590;
E_0x5a20257c6530/647 .event anyedge, v0x5a202581c200_2587, v0x5a202581c200_2588, v0x5a202581c200_2589, v0x5a202581c200_2590;
v0x5a202581c200_2591 .array/port v0x5a202581c200, 2591;
v0x5a202581c200_2592 .array/port v0x5a202581c200, 2592;
v0x5a202581c200_2593 .array/port v0x5a202581c200, 2593;
v0x5a202581c200_2594 .array/port v0x5a202581c200, 2594;
E_0x5a20257c6530/648 .event anyedge, v0x5a202581c200_2591, v0x5a202581c200_2592, v0x5a202581c200_2593, v0x5a202581c200_2594;
v0x5a202581c200_2595 .array/port v0x5a202581c200, 2595;
v0x5a202581c200_2596 .array/port v0x5a202581c200, 2596;
v0x5a202581c200_2597 .array/port v0x5a202581c200, 2597;
v0x5a202581c200_2598 .array/port v0x5a202581c200, 2598;
E_0x5a20257c6530/649 .event anyedge, v0x5a202581c200_2595, v0x5a202581c200_2596, v0x5a202581c200_2597, v0x5a202581c200_2598;
v0x5a202581c200_2599 .array/port v0x5a202581c200, 2599;
v0x5a202581c200_2600 .array/port v0x5a202581c200, 2600;
v0x5a202581c200_2601 .array/port v0x5a202581c200, 2601;
v0x5a202581c200_2602 .array/port v0x5a202581c200, 2602;
E_0x5a20257c6530/650 .event anyedge, v0x5a202581c200_2599, v0x5a202581c200_2600, v0x5a202581c200_2601, v0x5a202581c200_2602;
v0x5a202581c200_2603 .array/port v0x5a202581c200, 2603;
v0x5a202581c200_2604 .array/port v0x5a202581c200, 2604;
v0x5a202581c200_2605 .array/port v0x5a202581c200, 2605;
v0x5a202581c200_2606 .array/port v0x5a202581c200, 2606;
E_0x5a20257c6530/651 .event anyedge, v0x5a202581c200_2603, v0x5a202581c200_2604, v0x5a202581c200_2605, v0x5a202581c200_2606;
v0x5a202581c200_2607 .array/port v0x5a202581c200, 2607;
v0x5a202581c200_2608 .array/port v0x5a202581c200, 2608;
v0x5a202581c200_2609 .array/port v0x5a202581c200, 2609;
v0x5a202581c200_2610 .array/port v0x5a202581c200, 2610;
E_0x5a20257c6530/652 .event anyedge, v0x5a202581c200_2607, v0x5a202581c200_2608, v0x5a202581c200_2609, v0x5a202581c200_2610;
v0x5a202581c200_2611 .array/port v0x5a202581c200, 2611;
v0x5a202581c200_2612 .array/port v0x5a202581c200, 2612;
v0x5a202581c200_2613 .array/port v0x5a202581c200, 2613;
v0x5a202581c200_2614 .array/port v0x5a202581c200, 2614;
E_0x5a20257c6530/653 .event anyedge, v0x5a202581c200_2611, v0x5a202581c200_2612, v0x5a202581c200_2613, v0x5a202581c200_2614;
v0x5a202581c200_2615 .array/port v0x5a202581c200, 2615;
v0x5a202581c200_2616 .array/port v0x5a202581c200, 2616;
v0x5a202581c200_2617 .array/port v0x5a202581c200, 2617;
v0x5a202581c200_2618 .array/port v0x5a202581c200, 2618;
E_0x5a20257c6530/654 .event anyedge, v0x5a202581c200_2615, v0x5a202581c200_2616, v0x5a202581c200_2617, v0x5a202581c200_2618;
v0x5a202581c200_2619 .array/port v0x5a202581c200, 2619;
v0x5a202581c200_2620 .array/port v0x5a202581c200, 2620;
v0x5a202581c200_2621 .array/port v0x5a202581c200, 2621;
v0x5a202581c200_2622 .array/port v0x5a202581c200, 2622;
E_0x5a20257c6530/655 .event anyedge, v0x5a202581c200_2619, v0x5a202581c200_2620, v0x5a202581c200_2621, v0x5a202581c200_2622;
v0x5a202581c200_2623 .array/port v0x5a202581c200, 2623;
v0x5a202581c200_2624 .array/port v0x5a202581c200, 2624;
v0x5a202581c200_2625 .array/port v0x5a202581c200, 2625;
v0x5a202581c200_2626 .array/port v0x5a202581c200, 2626;
E_0x5a20257c6530/656 .event anyedge, v0x5a202581c200_2623, v0x5a202581c200_2624, v0x5a202581c200_2625, v0x5a202581c200_2626;
v0x5a202581c200_2627 .array/port v0x5a202581c200, 2627;
v0x5a202581c200_2628 .array/port v0x5a202581c200, 2628;
v0x5a202581c200_2629 .array/port v0x5a202581c200, 2629;
v0x5a202581c200_2630 .array/port v0x5a202581c200, 2630;
E_0x5a20257c6530/657 .event anyedge, v0x5a202581c200_2627, v0x5a202581c200_2628, v0x5a202581c200_2629, v0x5a202581c200_2630;
v0x5a202581c200_2631 .array/port v0x5a202581c200, 2631;
v0x5a202581c200_2632 .array/port v0x5a202581c200, 2632;
v0x5a202581c200_2633 .array/port v0x5a202581c200, 2633;
v0x5a202581c200_2634 .array/port v0x5a202581c200, 2634;
E_0x5a20257c6530/658 .event anyedge, v0x5a202581c200_2631, v0x5a202581c200_2632, v0x5a202581c200_2633, v0x5a202581c200_2634;
v0x5a202581c200_2635 .array/port v0x5a202581c200, 2635;
v0x5a202581c200_2636 .array/port v0x5a202581c200, 2636;
v0x5a202581c200_2637 .array/port v0x5a202581c200, 2637;
v0x5a202581c200_2638 .array/port v0x5a202581c200, 2638;
E_0x5a20257c6530/659 .event anyedge, v0x5a202581c200_2635, v0x5a202581c200_2636, v0x5a202581c200_2637, v0x5a202581c200_2638;
v0x5a202581c200_2639 .array/port v0x5a202581c200, 2639;
v0x5a202581c200_2640 .array/port v0x5a202581c200, 2640;
v0x5a202581c200_2641 .array/port v0x5a202581c200, 2641;
v0x5a202581c200_2642 .array/port v0x5a202581c200, 2642;
E_0x5a20257c6530/660 .event anyedge, v0x5a202581c200_2639, v0x5a202581c200_2640, v0x5a202581c200_2641, v0x5a202581c200_2642;
v0x5a202581c200_2643 .array/port v0x5a202581c200, 2643;
v0x5a202581c200_2644 .array/port v0x5a202581c200, 2644;
v0x5a202581c200_2645 .array/port v0x5a202581c200, 2645;
v0x5a202581c200_2646 .array/port v0x5a202581c200, 2646;
E_0x5a20257c6530/661 .event anyedge, v0x5a202581c200_2643, v0x5a202581c200_2644, v0x5a202581c200_2645, v0x5a202581c200_2646;
v0x5a202581c200_2647 .array/port v0x5a202581c200, 2647;
v0x5a202581c200_2648 .array/port v0x5a202581c200, 2648;
v0x5a202581c200_2649 .array/port v0x5a202581c200, 2649;
v0x5a202581c200_2650 .array/port v0x5a202581c200, 2650;
E_0x5a20257c6530/662 .event anyedge, v0x5a202581c200_2647, v0x5a202581c200_2648, v0x5a202581c200_2649, v0x5a202581c200_2650;
v0x5a202581c200_2651 .array/port v0x5a202581c200, 2651;
v0x5a202581c200_2652 .array/port v0x5a202581c200, 2652;
v0x5a202581c200_2653 .array/port v0x5a202581c200, 2653;
v0x5a202581c200_2654 .array/port v0x5a202581c200, 2654;
E_0x5a20257c6530/663 .event anyedge, v0x5a202581c200_2651, v0x5a202581c200_2652, v0x5a202581c200_2653, v0x5a202581c200_2654;
v0x5a202581c200_2655 .array/port v0x5a202581c200, 2655;
v0x5a202581c200_2656 .array/port v0x5a202581c200, 2656;
v0x5a202581c200_2657 .array/port v0x5a202581c200, 2657;
v0x5a202581c200_2658 .array/port v0x5a202581c200, 2658;
E_0x5a20257c6530/664 .event anyedge, v0x5a202581c200_2655, v0x5a202581c200_2656, v0x5a202581c200_2657, v0x5a202581c200_2658;
v0x5a202581c200_2659 .array/port v0x5a202581c200, 2659;
v0x5a202581c200_2660 .array/port v0x5a202581c200, 2660;
v0x5a202581c200_2661 .array/port v0x5a202581c200, 2661;
v0x5a202581c200_2662 .array/port v0x5a202581c200, 2662;
E_0x5a20257c6530/665 .event anyedge, v0x5a202581c200_2659, v0x5a202581c200_2660, v0x5a202581c200_2661, v0x5a202581c200_2662;
v0x5a202581c200_2663 .array/port v0x5a202581c200, 2663;
v0x5a202581c200_2664 .array/port v0x5a202581c200, 2664;
v0x5a202581c200_2665 .array/port v0x5a202581c200, 2665;
v0x5a202581c200_2666 .array/port v0x5a202581c200, 2666;
E_0x5a20257c6530/666 .event anyedge, v0x5a202581c200_2663, v0x5a202581c200_2664, v0x5a202581c200_2665, v0x5a202581c200_2666;
v0x5a202581c200_2667 .array/port v0x5a202581c200, 2667;
v0x5a202581c200_2668 .array/port v0x5a202581c200, 2668;
v0x5a202581c200_2669 .array/port v0x5a202581c200, 2669;
v0x5a202581c200_2670 .array/port v0x5a202581c200, 2670;
E_0x5a20257c6530/667 .event anyedge, v0x5a202581c200_2667, v0x5a202581c200_2668, v0x5a202581c200_2669, v0x5a202581c200_2670;
v0x5a202581c200_2671 .array/port v0x5a202581c200, 2671;
v0x5a202581c200_2672 .array/port v0x5a202581c200, 2672;
v0x5a202581c200_2673 .array/port v0x5a202581c200, 2673;
v0x5a202581c200_2674 .array/port v0x5a202581c200, 2674;
E_0x5a20257c6530/668 .event anyedge, v0x5a202581c200_2671, v0x5a202581c200_2672, v0x5a202581c200_2673, v0x5a202581c200_2674;
v0x5a202581c200_2675 .array/port v0x5a202581c200, 2675;
v0x5a202581c200_2676 .array/port v0x5a202581c200, 2676;
v0x5a202581c200_2677 .array/port v0x5a202581c200, 2677;
v0x5a202581c200_2678 .array/port v0x5a202581c200, 2678;
E_0x5a20257c6530/669 .event anyedge, v0x5a202581c200_2675, v0x5a202581c200_2676, v0x5a202581c200_2677, v0x5a202581c200_2678;
v0x5a202581c200_2679 .array/port v0x5a202581c200, 2679;
v0x5a202581c200_2680 .array/port v0x5a202581c200, 2680;
v0x5a202581c200_2681 .array/port v0x5a202581c200, 2681;
v0x5a202581c200_2682 .array/port v0x5a202581c200, 2682;
E_0x5a20257c6530/670 .event anyedge, v0x5a202581c200_2679, v0x5a202581c200_2680, v0x5a202581c200_2681, v0x5a202581c200_2682;
v0x5a202581c200_2683 .array/port v0x5a202581c200, 2683;
v0x5a202581c200_2684 .array/port v0x5a202581c200, 2684;
v0x5a202581c200_2685 .array/port v0x5a202581c200, 2685;
v0x5a202581c200_2686 .array/port v0x5a202581c200, 2686;
E_0x5a20257c6530/671 .event anyedge, v0x5a202581c200_2683, v0x5a202581c200_2684, v0x5a202581c200_2685, v0x5a202581c200_2686;
v0x5a202581c200_2687 .array/port v0x5a202581c200, 2687;
v0x5a202581c200_2688 .array/port v0x5a202581c200, 2688;
v0x5a202581c200_2689 .array/port v0x5a202581c200, 2689;
v0x5a202581c200_2690 .array/port v0x5a202581c200, 2690;
E_0x5a20257c6530/672 .event anyedge, v0x5a202581c200_2687, v0x5a202581c200_2688, v0x5a202581c200_2689, v0x5a202581c200_2690;
v0x5a202581c200_2691 .array/port v0x5a202581c200, 2691;
v0x5a202581c200_2692 .array/port v0x5a202581c200, 2692;
v0x5a202581c200_2693 .array/port v0x5a202581c200, 2693;
v0x5a202581c200_2694 .array/port v0x5a202581c200, 2694;
E_0x5a20257c6530/673 .event anyedge, v0x5a202581c200_2691, v0x5a202581c200_2692, v0x5a202581c200_2693, v0x5a202581c200_2694;
v0x5a202581c200_2695 .array/port v0x5a202581c200, 2695;
v0x5a202581c200_2696 .array/port v0x5a202581c200, 2696;
v0x5a202581c200_2697 .array/port v0x5a202581c200, 2697;
v0x5a202581c200_2698 .array/port v0x5a202581c200, 2698;
E_0x5a20257c6530/674 .event anyedge, v0x5a202581c200_2695, v0x5a202581c200_2696, v0x5a202581c200_2697, v0x5a202581c200_2698;
v0x5a202581c200_2699 .array/port v0x5a202581c200, 2699;
v0x5a202581c200_2700 .array/port v0x5a202581c200, 2700;
v0x5a202581c200_2701 .array/port v0x5a202581c200, 2701;
v0x5a202581c200_2702 .array/port v0x5a202581c200, 2702;
E_0x5a20257c6530/675 .event anyedge, v0x5a202581c200_2699, v0x5a202581c200_2700, v0x5a202581c200_2701, v0x5a202581c200_2702;
v0x5a202581c200_2703 .array/port v0x5a202581c200, 2703;
v0x5a202581c200_2704 .array/port v0x5a202581c200, 2704;
v0x5a202581c200_2705 .array/port v0x5a202581c200, 2705;
v0x5a202581c200_2706 .array/port v0x5a202581c200, 2706;
E_0x5a20257c6530/676 .event anyedge, v0x5a202581c200_2703, v0x5a202581c200_2704, v0x5a202581c200_2705, v0x5a202581c200_2706;
v0x5a202581c200_2707 .array/port v0x5a202581c200, 2707;
v0x5a202581c200_2708 .array/port v0x5a202581c200, 2708;
v0x5a202581c200_2709 .array/port v0x5a202581c200, 2709;
v0x5a202581c200_2710 .array/port v0x5a202581c200, 2710;
E_0x5a20257c6530/677 .event anyedge, v0x5a202581c200_2707, v0x5a202581c200_2708, v0x5a202581c200_2709, v0x5a202581c200_2710;
v0x5a202581c200_2711 .array/port v0x5a202581c200, 2711;
v0x5a202581c200_2712 .array/port v0x5a202581c200, 2712;
v0x5a202581c200_2713 .array/port v0x5a202581c200, 2713;
v0x5a202581c200_2714 .array/port v0x5a202581c200, 2714;
E_0x5a20257c6530/678 .event anyedge, v0x5a202581c200_2711, v0x5a202581c200_2712, v0x5a202581c200_2713, v0x5a202581c200_2714;
v0x5a202581c200_2715 .array/port v0x5a202581c200, 2715;
v0x5a202581c200_2716 .array/port v0x5a202581c200, 2716;
v0x5a202581c200_2717 .array/port v0x5a202581c200, 2717;
v0x5a202581c200_2718 .array/port v0x5a202581c200, 2718;
E_0x5a20257c6530/679 .event anyedge, v0x5a202581c200_2715, v0x5a202581c200_2716, v0x5a202581c200_2717, v0x5a202581c200_2718;
v0x5a202581c200_2719 .array/port v0x5a202581c200, 2719;
v0x5a202581c200_2720 .array/port v0x5a202581c200, 2720;
v0x5a202581c200_2721 .array/port v0x5a202581c200, 2721;
v0x5a202581c200_2722 .array/port v0x5a202581c200, 2722;
E_0x5a20257c6530/680 .event anyedge, v0x5a202581c200_2719, v0x5a202581c200_2720, v0x5a202581c200_2721, v0x5a202581c200_2722;
v0x5a202581c200_2723 .array/port v0x5a202581c200, 2723;
v0x5a202581c200_2724 .array/port v0x5a202581c200, 2724;
v0x5a202581c200_2725 .array/port v0x5a202581c200, 2725;
v0x5a202581c200_2726 .array/port v0x5a202581c200, 2726;
E_0x5a20257c6530/681 .event anyedge, v0x5a202581c200_2723, v0x5a202581c200_2724, v0x5a202581c200_2725, v0x5a202581c200_2726;
v0x5a202581c200_2727 .array/port v0x5a202581c200, 2727;
v0x5a202581c200_2728 .array/port v0x5a202581c200, 2728;
v0x5a202581c200_2729 .array/port v0x5a202581c200, 2729;
v0x5a202581c200_2730 .array/port v0x5a202581c200, 2730;
E_0x5a20257c6530/682 .event anyedge, v0x5a202581c200_2727, v0x5a202581c200_2728, v0x5a202581c200_2729, v0x5a202581c200_2730;
v0x5a202581c200_2731 .array/port v0x5a202581c200, 2731;
v0x5a202581c200_2732 .array/port v0x5a202581c200, 2732;
v0x5a202581c200_2733 .array/port v0x5a202581c200, 2733;
v0x5a202581c200_2734 .array/port v0x5a202581c200, 2734;
E_0x5a20257c6530/683 .event anyedge, v0x5a202581c200_2731, v0x5a202581c200_2732, v0x5a202581c200_2733, v0x5a202581c200_2734;
v0x5a202581c200_2735 .array/port v0x5a202581c200, 2735;
v0x5a202581c200_2736 .array/port v0x5a202581c200, 2736;
v0x5a202581c200_2737 .array/port v0x5a202581c200, 2737;
v0x5a202581c200_2738 .array/port v0x5a202581c200, 2738;
E_0x5a20257c6530/684 .event anyedge, v0x5a202581c200_2735, v0x5a202581c200_2736, v0x5a202581c200_2737, v0x5a202581c200_2738;
v0x5a202581c200_2739 .array/port v0x5a202581c200, 2739;
v0x5a202581c200_2740 .array/port v0x5a202581c200, 2740;
v0x5a202581c200_2741 .array/port v0x5a202581c200, 2741;
v0x5a202581c200_2742 .array/port v0x5a202581c200, 2742;
E_0x5a20257c6530/685 .event anyedge, v0x5a202581c200_2739, v0x5a202581c200_2740, v0x5a202581c200_2741, v0x5a202581c200_2742;
v0x5a202581c200_2743 .array/port v0x5a202581c200, 2743;
v0x5a202581c200_2744 .array/port v0x5a202581c200, 2744;
v0x5a202581c200_2745 .array/port v0x5a202581c200, 2745;
v0x5a202581c200_2746 .array/port v0x5a202581c200, 2746;
E_0x5a20257c6530/686 .event anyedge, v0x5a202581c200_2743, v0x5a202581c200_2744, v0x5a202581c200_2745, v0x5a202581c200_2746;
v0x5a202581c200_2747 .array/port v0x5a202581c200, 2747;
v0x5a202581c200_2748 .array/port v0x5a202581c200, 2748;
v0x5a202581c200_2749 .array/port v0x5a202581c200, 2749;
v0x5a202581c200_2750 .array/port v0x5a202581c200, 2750;
E_0x5a20257c6530/687 .event anyedge, v0x5a202581c200_2747, v0x5a202581c200_2748, v0x5a202581c200_2749, v0x5a202581c200_2750;
v0x5a202581c200_2751 .array/port v0x5a202581c200, 2751;
v0x5a202581c200_2752 .array/port v0x5a202581c200, 2752;
v0x5a202581c200_2753 .array/port v0x5a202581c200, 2753;
v0x5a202581c200_2754 .array/port v0x5a202581c200, 2754;
E_0x5a20257c6530/688 .event anyedge, v0x5a202581c200_2751, v0x5a202581c200_2752, v0x5a202581c200_2753, v0x5a202581c200_2754;
v0x5a202581c200_2755 .array/port v0x5a202581c200, 2755;
v0x5a202581c200_2756 .array/port v0x5a202581c200, 2756;
v0x5a202581c200_2757 .array/port v0x5a202581c200, 2757;
v0x5a202581c200_2758 .array/port v0x5a202581c200, 2758;
E_0x5a20257c6530/689 .event anyedge, v0x5a202581c200_2755, v0x5a202581c200_2756, v0x5a202581c200_2757, v0x5a202581c200_2758;
v0x5a202581c200_2759 .array/port v0x5a202581c200, 2759;
v0x5a202581c200_2760 .array/port v0x5a202581c200, 2760;
v0x5a202581c200_2761 .array/port v0x5a202581c200, 2761;
v0x5a202581c200_2762 .array/port v0x5a202581c200, 2762;
E_0x5a20257c6530/690 .event anyedge, v0x5a202581c200_2759, v0x5a202581c200_2760, v0x5a202581c200_2761, v0x5a202581c200_2762;
v0x5a202581c200_2763 .array/port v0x5a202581c200, 2763;
v0x5a202581c200_2764 .array/port v0x5a202581c200, 2764;
v0x5a202581c200_2765 .array/port v0x5a202581c200, 2765;
v0x5a202581c200_2766 .array/port v0x5a202581c200, 2766;
E_0x5a20257c6530/691 .event anyedge, v0x5a202581c200_2763, v0x5a202581c200_2764, v0x5a202581c200_2765, v0x5a202581c200_2766;
v0x5a202581c200_2767 .array/port v0x5a202581c200, 2767;
v0x5a202581c200_2768 .array/port v0x5a202581c200, 2768;
v0x5a202581c200_2769 .array/port v0x5a202581c200, 2769;
v0x5a202581c200_2770 .array/port v0x5a202581c200, 2770;
E_0x5a20257c6530/692 .event anyedge, v0x5a202581c200_2767, v0x5a202581c200_2768, v0x5a202581c200_2769, v0x5a202581c200_2770;
v0x5a202581c200_2771 .array/port v0x5a202581c200, 2771;
v0x5a202581c200_2772 .array/port v0x5a202581c200, 2772;
v0x5a202581c200_2773 .array/port v0x5a202581c200, 2773;
v0x5a202581c200_2774 .array/port v0x5a202581c200, 2774;
E_0x5a20257c6530/693 .event anyedge, v0x5a202581c200_2771, v0x5a202581c200_2772, v0x5a202581c200_2773, v0x5a202581c200_2774;
v0x5a202581c200_2775 .array/port v0x5a202581c200, 2775;
v0x5a202581c200_2776 .array/port v0x5a202581c200, 2776;
v0x5a202581c200_2777 .array/port v0x5a202581c200, 2777;
v0x5a202581c200_2778 .array/port v0x5a202581c200, 2778;
E_0x5a20257c6530/694 .event anyedge, v0x5a202581c200_2775, v0x5a202581c200_2776, v0x5a202581c200_2777, v0x5a202581c200_2778;
v0x5a202581c200_2779 .array/port v0x5a202581c200, 2779;
v0x5a202581c200_2780 .array/port v0x5a202581c200, 2780;
v0x5a202581c200_2781 .array/port v0x5a202581c200, 2781;
v0x5a202581c200_2782 .array/port v0x5a202581c200, 2782;
E_0x5a20257c6530/695 .event anyedge, v0x5a202581c200_2779, v0x5a202581c200_2780, v0x5a202581c200_2781, v0x5a202581c200_2782;
v0x5a202581c200_2783 .array/port v0x5a202581c200, 2783;
v0x5a202581c200_2784 .array/port v0x5a202581c200, 2784;
v0x5a202581c200_2785 .array/port v0x5a202581c200, 2785;
v0x5a202581c200_2786 .array/port v0x5a202581c200, 2786;
E_0x5a20257c6530/696 .event anyedge, v0x5a202581c200_2783, v0x5a202581c200_2784, v0x5a202581c200_2785, v0x5a202581c200_2786;
v0x5a202581c200_2787 .array/port v0x5a202581c200, 2787;
v0x5a202581c200_2788 .array/port v0x5a202581c200, 2788;
v0x5a202581c200_2789 .array/port v0x5a202581c200, 2789;
v0x5a202581c200_2790 .array/port v0x5a202581c200, 2790;
E_0x5a20257c6530/697 .event anyedge, v0x5a202581c200_2787, v0x5a202581c200_2788, v0x5a202581c200_2789, v0x5a202581c200_2790;
v0x5a202581c200_2791 .array/port v0x5a202581c200, 2791;
v0x5a202581c200_2792 .array/port v0x5a202581c200, 2792;
v0x5a202581c200_2793 .array/port v0x5a202581c200, 2793;
v0x5a202581c200_2794 .array/port v0x5a202581c200, 2794;
E_0x5a20257c6530/698 .event anyedge, v0x5a202581c200_2791, v0x5a202581c200_2792, v0x5a202581c200_2793, v0x5a202581c200_2794;
v0x5a202581c200_2795 .array/port v0x5a202581c200, 2795;
v0x5a202581c200_2796 .array/port v0x5a202581c200, 2796;
v0x5a202581c200_2797 .array/port v0x5a202581c200, 2797;
v0x5a202581c200_2798 .array/port v0x5a202581c200, 2798;
E_0x5a20257c6530/699 .event anyedge, v0x5a202581c200_2795, v0x5a202581c200_2796, v0x5a202581c200_2797, v0x5a202581c200_2798;
v0x5a202581c200_2799 .array/port v0x5a202581c200, 2799;
v0x5a202581c200_2800 .array/port v0x5a202581c200, 2800;
v0x5a202581c200_2801 .array/port v0x5a202581c200, 2801;
v0x5a202581c200_2802 .array/port v0x5a202581c200, 2802;
E_0x5a20257c6530/700 .event anyedge, v0x5a202581c200_2799, v0x5a202581c200_2800, v0x5a202581c200_2801, v0x5a202581c200_2802;
v0x5a202581c200_2803 .array/port v0x5a202581c200, 2803;
v0x5a202581c200_2804 .array/port v0x5a202581c200, 2804;
v0x5a202581c200_2805 .array/port v0x5a202581c200, 2805;
v0x5a202581c200_2806 .array/port v0x5a202581c200, 2806;
E_0x5a20257c6530/701 .event anyedge, v0x5a202581c200_2803, v0x5a202581c200_2804, v0x5a202581c200_2805, v0x5a202581c200_2806;
v0x5a202581c200_2807 .array/port v0x5a202581c200, 2807;
v0x5a202581c200_2808 .array/port v0x5a202581c200, 2808;
v0x5a202581c200_2809 .array/port v0x5a202581c200, 2809;
v0x5a202581c200_2810 .array/port v0x5a202581c200, 2810;
E_0x5a20257c6530/702 .event anyedge, v0x5a202581c200_2807, v0x5a202581c200_2808, v0x5a202581c200_2809, v0x5a202581c200_2810;
v0x5a202581c200_2811 .array/port v0x5a202581c200, 2811;
v0x5a202581c200_2812 .array/port v0x5a202581c200, 2812;
v0x5a202581c200_2813 .array/port v0x5a202581c200, 2813;
v0x5a202581c200_2814 .array/port v0x5a202581c200, 2814;
E_0x5a20257c6530/703 .event anyedge, v0x5a202581c200_2811, v0x5a202581c200_2812, v0x5a202581c200_2813, v0x5a202581c200_2814;
v0x5a202581c200_2815 .array/port v0x5a202581c200, 2815;
v0x5a202581c200_2816 .array/port v0x5a202581c200, 2816;
v0x5a202581c200_2817 .array/port v0x5a202581c200, 2817;
v0x5a202581c200_2818 .array/port v0x5a202581c200, 2818;
E_0x5a20257c6530/704 .event anyedge, v0x5a202581c200_2815, v0x5a202581c200_2816, v0x5a202581c200_2817, v0x5a202581c200_2818;
v0x5a202581c200_2819 .array/port v0x5a202581c200, 2819;
v0x5a202581c200_2820 .array/port v0x5a202581c200, 2820;
v0x5a202581c200_2821 .array/port v0x5a202581c200, 2821;
v0x5a202581c200_2822 .array/port v0x5a202581c200, 2822;
E_0x5a20257c6530/705 .event anyedge, v0x5a202581c200_2819, v0x5a202581c200_2820, v0x5a202581c200_2821, v0x5a202581c200_2822;
v0x5a202581c200_2823 .array/port v0x5a202581c200, 2823;
v0x5a202581c200_2824 .array/port v0x5a202581c200, 2824;
v0x5a202581c200_2825 .array/port v0x5a202581c200, 2825;
v0x5a202581c200_2826 .array/port v0x5a202581c200, 2826;
E_0x5a20257c6530/706 .event anyedge, v0x5a202581c200_2823, v0x5a202581c200_2824, v0x5a202581c200_2825, v0x5a202581c200_2826;
v0x5a202581c200_2827 .array/port v0x5a202581c200, 2827;
v0x5a202581c200_2828 .array/port v0x5a202581c200, 2828;
v0x5a202581c200_2829 .array/port v0x5a202581c200, 2829;
v0x5a202581c200_2830 .array/port v0x5a202581c200, 2830;
E_0x5a20257c6530/707 .event anyedge, v0x5a202581c200_2827, v0x5a202581c200_2828, v0x5a202581c200_2829, v0x5a202581c200_2830;
v0x5a202581c200_2831 .array/port v0x5a202581c200, 2831;
v0x5a202581c200_2832 .array/port v0x5a202581c200, 2832;
v0x5a202581c200_2833 .array/port v0x5a202581c200, 2833;
v0x5a202581c200_2834 .array/port v0x5a202581c200, 2834;
E_0x5a20257c6530/708 .event anyedge, v0x5a202581c200_2831, v0x5a202581c200_2832, v0x5a202581c200_2833, v0x5a202581c200_2834;
v0x5a202581c200_2835 .array/port v0x5a202581c200, 2835;
v0x5a202581c200_2836 .array/port v0x5a202581c200, 2836;
v0x5a202581c200_2837 .array/port v0x5a202581c200, 2837;
v0x5a202581c200_2838 .array/port v0x5a202581c200, 2838;
E_0x5a20257c6530/709 .event anyedge, v0x5a202581c200_2835, v0x5a202581c200_2836, v0x5a202581c200_2837, v0x5a202581c200_2838;
v0x5a202581c200_2839 .array/port v0x5a202581c200, 2839;
v0x5a202581c200_2840 .array/port v0x5a202581c200, 2840;
v0x5a202581c200_2841 .array/port v0x5a202581c200, 2841;
v0x5a202581c200_2842 .array/port v0x5a202581c200, 2842;
E_0x5a20257c6530/710 .event anyedge, v0x5a202581c200_2839, v0x5a202581c200_2840, v0x5a202581c200_2841, v0x5a202581c200_2842;
v0x5a202581c200_2843 .array/port v0x5a202581c200, 2843;
v0x5a202581c200_2844 .array/port v0x5a202581c200, 2844;
v0x5a202581c200_2845 .array/port v0x5a202581c200, 2845;
v0x5a202581c200_2846 .array/port v0x5a202581c200, 2846;
E_0x5a20257c6530/711 .event anyedge, v0x5a202581c200_2843, v0x5a202581c200_2844, v0x5a202581c200_2845, v0x5a202581c200_2846;
v0x5a202581c200_2847 .array/port v0x5a202581c200, 2847;
v0x5a202581c200_2848 .array/port v0x5a202581c200, 2848;
v0x5a202581c200_2849 .array/port v0x5a202581c200, 2849;
v0x5a202581c200_2850 .array/port v0x5a202581c200, 2850;
E_0x5a20257c6530/712 .event anyedge, v0x5a202581c200_2847, v0x5a202581c200_2848, v0x5a202581c200_2849, v0x5a202581c200_2850;
v0x5a202581c200_2851 .array/port v0x5a202581c200, 2851;
v0x5a202581c200_2852 .array/port v0x5a202581c200, 2852;
v0x5a202581c200_2853 .array/port v0x5a202581c200, 2853;
v0x5a202581c200_2854 .array/port v0x5a202581c200, 2854;
E_0x5a20257c6530/713 .event anyedge, v0x5a202581c200_2851, v0x5a202581c200_2852, v0x5a202581c200_2853, v0x5a202581c200_2854;
v0x5a202581c200_2855 .array/port v0x5a202581c200, 2855;
v0x5a202581c200_2856 .array/port v0x5a202581c200, 2856;
v0x5a202581c200_2857 .array/port v0x5a202581c200, 2857;
v0x5a202581c200_2858 .array/port v0x5a202581c200, 2858;
E_0x5a20257c6530/714 .event anyedge, v0x5a202581c200_2855, v0x5a202581c200_2856, v0x5a202581c200_2857, v0x5a202581c200_2858;
v0x5a202581c200_2859 .array/port v0x5a202581c200, 2859;
v0x5a202581c200_2860 .array/port v0x5a202581c200, 2860;
v0x5a202581c200_2861 .array/port v0x5a202581c200, 2861;
v0x5a202581c200_2862 .array/port v0x5a202581c200, 2862;
E_0x5a20257c6530/715 .event anyedge, v0x5a202581c200_2859, v0x5a202581c200_2860, v0x5a202581c200_2861, v0x5a202581c200_2862;
v0x5a202581c200_2863 .array/port v0x5a202581c200, 2863;
v0x5a202581c200_2864 .array/port v0x5a202581c200, 2864;
v0x5a202581c200_2865 .array/port v0x5a202581c200, 2865;
v0x5a202581c200_2866 .array/port v0x5a202581c200, 2866;
E_0x5a20257c6530/716 .event anyedge, v0x5a202581c200_2863, v0x5a202581c200_2864, v0x5a202581c200_2865, v0x5a202581c200_2866;
v0x5a202581c200_2867 .array/port v0x5a202581c200, 2867;
v0x5a202581c200_2868 .array/port v0x5a202581c200, 2868;
v0x5a202581c200_2869 .array/port v0x5a202581c200, 2869;
v0x5a202581c200_2870 .array/port v0x5a202581c200, 2870;
E_0x5a20257c6530/717 .event anyedge, v0x5a202581c200_2867, v0x5a202581c200_2868, v0x5a202581c200_2869, v0x5a202581c200_2870;
v0x5a202581c200_2871 .array/port v0x5a202581c200, 2871;
v0x5a202581c200_2872 .array/port v0x5a202581c200, 2872;
v0x5a202581c200_2873 .array/port v0x5a202581c200, 2873;
v0x5a202581c200_2874 .array/port v0x5a202581c200, 2874;
E_0x5a20257c6530/718 .event anyedge, v0x5a202581c200_2871, v0x5a202581c200_2872, v0x5a202581c200_2873, v0x5a202581c200_2874;
v0x5a202581c200_2875 .array/port v0x5a202581c200, 2875;
v0x5a202581c200_2876 .array/port v0x5a202581c200, 2876;
v0x5a202581c200_2877 .array/port v0x5a202581c200, 2877;
v0x5a202581c200_2878 .array/port v0x5a202581c200, 2878;
E_0x5a20257c6530/719 .event anyedge, v0x5a202581c200_2875, v0x5a202581c200_2876, v0x5a202581c200_2877, v0x5a202581c200_2878;
v0x5a202581c200_2879 .array/port v0x5a202581c200, 2879;
v0x5a202581c200_2880 .array/port v0x5a202581c200, 2880;
v0x5a202581c200_2881 .array/port v0x5a202581c200, 2881;
v0x5a202581c200_2882 .array/port v0x5a202581c200, 2882;
E_0x5a20257c6530/720 .event anyedge, v0x5a202581c200_2879, v0x5a202581c200_2880, v0x5a202581c200_2881, v0x5a202581c200_2882;
v0x5a202581c200_2883 .array/port v0x5a202581c200, 2883;
v0x5a202581c200_2884 .array/port v0x5a202581c200, 2884;
v0x5a202581c200_2885 .array/port v0x5a202581c200, 2885;
v0x5a202581c200_2886 .array/port v0x5a202581c200, 2886;
E_0x5a20257c6530/721 .event anyedge, v0x5a202581c200_2883, v0x5a202581c200_2884, v0x5a202581c200_2885, v0x5a202581c200_2886;
v0x5a202581c200_2887 .array/port v0x5a202581c200, 2887;
v0x5a202581c200_2888 .array/port v0x5a202581c200, 2888;
v0x5a202581c200_2889 .array/port v0x5a202581c200, 2889;
v0x5a202581c200_2890 .array/port v0x5a202581c200, 2890;
E_0x5a20257c6530/722 .event anyedge, v0x5a202581c200_2887, v0x5a202581c200_2888, v0x5a202581c200_2889, v0x5a202581c200_2890;
v0x5a202581c200_2891 .array/port v0x5a202581c200, 2891;
v0x5a202581c200_2892 .array/port v0x5a202581c200, 2892;
v0x5a202581c200_2893 .array/port v0x5a202581c200, 2893;
v0x5a202581c200_2894 .array/port v0x5a202581c200, 2894;
E_0x5a20257c6530/723 .event anyedge, v0x5a202581c200_2891, v0x5a202581c200_2892, v0x5a202581c200_2893, v0x5a202581c200_2894;
v0x5a202581c200_2895 .array/port v0x5a202581c200, 2895;
v0x5a202581c200_2896 .array/port v0x5a202581c200, 2896;
v0x5a202581c200_2897 .array/port v0x5a202581c200, 2897;
v0x5a202581c200_2898 .array/port v0x5a202581c200, 2898;
E_0x5a20257c6530/724 .event anyedge, v0x5a202581c200_2895, v0x5a202581c200_2896, v0x5a202581c200_2897, v0x5a202581c200_2898;
v0x5a202581c200_2899 .array/port v0x5a202581c200, 2899;
v0x5a202581c200_2900 .array/port v0x5a202581c200, 2900;
v0x5a202581c200_2901 .array/port v0x5a202581c200, 2901;
v0x5a202581c200_2902 .array/port v0x5a202581c200, 2902;
E_0x5a20257c6530/725 .event anyedge, v0x5a202581c200_2899, v0x5a202581c200_2900, v0x5a202581c200_2901, v0x5a202581c200_2902;
v0x5a202581c200_2903 .array/port v0x5a202581c200, 2903;
v0x5a202581c200_2904 .array/port v0x5a202581c200, 2904;
v0x5a202581c200_2905 .array/port v0x5a202581c200, 2905;
v0x5a202581c200_2906 .array/port v0x5a202581c200, 2906;
E_0x5a20257c6530/726 .event anyedge, v0x5a202581c200_2903, v0x5a202581c200_2904, v0x5a202581c200_2905, v0x5a202581c200_2906;
v0x5a202581c200_2907 .array/port v0x5a202581c200, 2907;
v0x5a202581c200_2908 .array/port v0x5a202581c200, 2908;
v0x5a202581c200_2909 .array/port v0x5a202581c200, 2909;
v0x5a202581c200_2910 .array/port v0x5a202581c200, 2910;
E_0x5a20257c6530/727 .event anyedge, v0x5a202581c200_2907, v0x5a202581c200_2908, v0x5a202581c200_2909, v0x5a202581c200_2910;
v0x5a202581c200_2911 .array/port v0x5a202581c200, 2911;
v0x5a202581c200_2912 .array/port v0x5a202581c200, 2912;
v0x5a202581c200_2913 .array/port v0x5a202581c200, 2913;
v0x5a202581c200_2914 .array/port v0x5a202581c200, 2914;
E_0x5a20257c6530/728 .event anyedge, v0x5a202581c200_2911, v0x5a202581c200_2912, v0x5a202581c200_2913, v0x5a202581c200_2914;
v0x5a202581c200_2915 .array/port v0x5a202581c200, 2915;
v0x5a202581c200_2916 .array/port v0x5a202581c200, 2916;
v0x5a202581c200_2917 .array/port v0x5a202581c200, 2917;
v0x5a202581c200_2918 .array/port v0x5a202581c200, 2918;
E_0x5a20257c6530/729 .event anyedge, v0x5a202581c200_2915, v0x5a202581c200_2916, v0x5a202581c200_2917, v0x5a202581c200_2918;
v0x5a202581c200_2919 .array/port v0x5a202581c200, 2919;
v0x5a202581c200_2920 .array/port v0x5a202581c200, 2920;
v0x5a202581c200_2921 .array/port v0x5a202581c200, 2921;
v0x5a202581c200_2922 .array/port v0x5a202581c200, 2922;
E_0x5a20257c6530/730 .event anyedge, v0x5a202581c200_2919, v0x5a202581c200_2920, v0x5a202581c200_2921, v0x5a202581c200_2922;
v0x5a202581c200_2923 .array/port v0x5a202581c200, 2923;
v0x5a202581c200_2924 .array/port v0x5a202581c200, 2924;
v0x5a202581c200_2925 .array/port v0x5a202581c200, 2925;
v0x5a202581c200_2926 .array/port v0x5a202581c200, 2926;
E_0x5a20257c6530/731 .event anyedge, v0x5a202581c200_2923, v0x5a202581c200_2924, v0x5a202581c200_2925, v0x5a202581c200_2926;
v0x5a202581c200_2927 .array/port v0x5a202581c200, 2927;
v0x5a202581c200_2928 .array/port v0x5a202581c200, 2928;
v0x5a202581c200_2929 .array/port v0x5a202581c200, 2929;
v0x5a202581c200_2930 .array/port v0x5a202581c200, 2930;
E_0x5a20257c6530/732 .event anyedge, v0x5a202581c200_2927, v0x5a202581c200_2928, v0x5a202581c200_2929, v0x5a202581c200_2930;
v0x5a202581c200_2931 .array/port v0x5a202581c200, 2931;
v0x5a202581c200_2932 .array/port v0x5a202581c200, 2932;
v0x5a202581c200_2933 .array/port v0x5a202581c200, 2933;
v0x5a202581c200_2934 .array/port v0x5a202581c200, 2934;
E_0x5a20257c6530/733 .event anyedge, v0x5a202581c200_2931, v0x5a202581c200_2932, v0x5a202581c200_2933, v0x5a202581c200_2934;
v0x5a202581c200_2935 .array/port v0x5a202581c200, 2935;
v0x5a202581c200_2936 .array/port v0x5a202581c200, 2936;
v0x5a202581c200_2937 .array/port v0x5a202581c200, 2937;
v0x5a202581c200_2938 .array/port v0x5a202581c200, 2938;
E_0x5a20257c6530/734 .event anyedge, v0x5a202581c200_2935, v0x5a202581c200_2936, v0x5a202581c200_2937, v0x5a202581c200_2938;
v0x5a202581c200_2939 .array/port v0x5a202581c200, 2939;
v0x5a202581c200_2940 .array/port v0x5a202581c200, 2940;
v0x5a202581c200_2941 .array/port v0x5a202581c200, 2941;
v0x5a202581c200_2942 .array/port v0x5a202581c200, 2942;
E_0x5a20257c6530/735 .event anyedge, v0x5a202581c200_2939, v0x5a202581c200_2940, v0x5a202581c200_2941, v0x5a202581c200_2942;
v0x5a202581c200_2943 .array/port v0x5a202581c200, 2943;
v0x5a202581c200_2944 .array/port v0x5a202581c200, 2944;
v0x5a202581c200_2945 .array/port v0x5a202581c200, 2945;
v0x5a202581c200_2946 .array/port v0x5a202581c200, 2946;
E_0x5a20257c6530/736 .event anyedge, v0x5a202581c200_2943, v0x5a202581c200_2944, v0x5a202581c200_2945, v0x5a202581c200_2946;
v0x5a202581c200_2947 .array/port v0x5a202581c200, 2947;
v0x5a202581c200_2948 .array/port v0x5a202581c200, 2948;
v0x5a202581c200_2949 .array/port v0x5a202581c200, 2949;
v0x5a202581c200_2950 .array/port v0x5a202581c200, 2950;
E_0x5a20257c6530/737 .event anyedge, v0x5a202581c200_2947, v0x5a202581c200_2948, v0x5a202581c200_2949, v0x5a202581c200_2950;
v0x5a202581c200_2951 .array/port v0x5a202581c200, 2951;
v0x5a202581c200_2952 .array/port v0x5a202581c200, 2952;
v0x5a202581c200_2953 .array/port v0x5a202581c200, 2953;
v0x5a202581c200_2954 .array/port v0x5a202581c200, 2954;
E_0x5a20257c6530/738 .event anyedge, v0x5a202581c200_2951, v0x5a202581c200_2952, v0x5a202581c200_2953, v0x5a202581c200_2954;
v0x5a202581c200_2955 .array/port v0x5a202581c200, 2955;
v0x5a202581c200_2956 .array/port v0x5a202581c200, 2956;
v0x5a202581c200_2957 .array/port v0x5a202581c200, 2957;
v0x5a202581c200_2958 .array/port v0x5a202581c200, 2958;
E_0x5a20257c6530/739 .event anyedge, v0x5a202581c200_2955, v0x5a202581c200_2956, v0x5a202581c200_2957, v0x5a202581c200_2958;
v0x5a202581c200_2959 .array/port v0x5a202581c200, 2959;
v0x5a202581c200_2960 .array/port v0x5a202581c200, 2960;
v0x5a202581c200_2961 .array/port v0x5a202581c200, 2961;
v0x5a202581c200_2962 .array/port v0x5a202581c200, 2962;
E_0x5a20257c6530/740 .event anyedge, v0x5a202581c200_2959, v0x5a202581c200_2960, v0x5a202581c200_2961, v0x5a202581c200_2962;
v0x5a202581c200_2963 .array/port v0x5a202581c200, 2963;
v0x5a202581c200_2964 .array/port v0x5a202581c200, 2964;
v0x5a202581c200_2965 .array/port v0x5a202581c200, 2965;
v0x5a202581c200_2966 .array/port v0x5a202581c200, 2966;
E_0x5a20257c6530/741 .event anyedge, v0x5a202581c200_2963, v0x5a202581c200_2964, v0x5a202581c200_2965, v0x5a202581c200_2966;
v0x5a202581c200_2967 .array/port v0x5a202581c200, 2967;
v0x5a202581c200_2968 .array/port v0x5a202581c200, 2968;
v0x5a202581c200_2969 .array/port v0x5a202581c200, 2969;
v0x5a202581c200_2970 .array/port v0x5a202581c200, 2970;
E_0x5a20257c6530/742 .event anyedge, v0x5a202581c200_2967, v0x5a202581c200_2968, v0x5a202581c200_2969, v0x5a202581c200_2970;
v0x5a202581c200_2971 .array/port v0x5a202581c200, 2971;
v0x5a202581c200_2972 .array/port v0x5a202581c200, 2972;
v0x5a202581c200_2973 .array/port v0x5a202581c200, 2973;
v0x5a202581c200_2974 .array/port v0x5a202581c200, 2974;
E_0x5a20257c6530/743 .event anyedge, v0x5a202581c200_2971, v0x5a202581c200_2972, v0x5a202581c200_2973, v0x5a202581c200_2974;
v0x5a202581c200_2975 .array/port v0x5a202581c200, 2975;
v0x5a202581c200_2976 .array/port v0x5a202581c200, 2976;
v0x5a202581c200_2977 .array/port v0x5a202581c200, 2977;
v0x5a202581c200_2978 .array/port v0x5a202581c200, 2978;
E_0x5a20257c6530/744 .event anyedge, v0x5a202581c200_2975, v0x5a202581c200_2976, v0x5a202581c200_2977, v0x5a202581c200_2978;
v0x5a202581c200_2979 .array/port v0x5a202581c200, 2979;
v0x5a202581c200_2980 .array/port v0x5a202581c200, 2980;
v0x5a202581c200_2981 .array/port v0x5a202581c200, 2981;
v0x5a202581c200_2982 .array/port v0x5a202581c200, 2982;
E_0x5a20257c6530/745 .event anyedge, v0x5a202581c200_2979, v0x5a202581c200_2980, v0x5a202581c200_2981, v0x5a202581c200_2982;
v0x5a202581c200_2983 .array/port v0x5a202581c200, 2983;
v0x5a202581c200_2984 .array/port v0x5a202581c200, 2984;
v0x5a202581c200_2985 .array/port v0x5a202581c200, 2985;
v0x5a202581c200_2986 .array/port v0x5a202581c200, 2986;
E_0x5a20257c6530/746 .event anyedge, v0x5a202581c200_2983, v0x5a202581c200_2984, v0x5a202581c200_2985, v0x5a202581c200_2986;
v0x5a202581c200_2987 .array/port v0x5a202581c200, 2987;
v0x5a202581c200_2988 .array/port v0x5a202581c200, 2988;
v0x5a202581c200_2989 .array/port v0x5a202581c200, 2989;
v0x5a202581c200_2990 .array/port v0x5a202581c200, 2990;
E_0x5a20257c6530/747 .event anyedge, v0x5a202581c200_2987, v0x5a202581c200_2988, v0x5a202581c200_2989, v0x5a202581c200_2990;
v0x5a202581c200_2991 .array/port v0x5a202581c200, 2991;
v0x5a202581c200_2992 .array/port v0x5a202581c200, 2992;
v0x5a202581c200_2993 .array/port v0x5a202581c200, 2993;
v0x5a202581c200_2994 .array/port v0x5a202581c200, 2994;
E_0x5a20257c6530/748 .event anyedge, v0x5a202581c200_2991, v0x5a202581c200_2992, v0x5a202581c200_2993, v0x5a202581c200_2994;
v0x5a202581c200_2995 .array/port v0x5a202581c200, 2995;
v0x5a202581c200_2996 .array/port v0x5a202581c200, 2996;
v0x5a202581c200_2997 .array/port v0x5a202581c200, 2997;
v0x5a202581c200_2998 .array/port v0x5a202581c200, 2998;
E_0x5a20257c6530/749 .event anyedge, v0x5a202581c200_2995, v0x5a202581c200_2996, v0x5a202581c200_2997, v0x5a202581c200_2998;
v0x5a202581c200_2999 .array/port v0x5a202581c200, 2999;
v0x5a202581c200_3000 .array/port v0x5a202581c200, 3000;
v0x5a202581c200_3001 .array/port v0x5a202581c200, 3001;
v0x5a202581c200_3002 .array/port v0x5a202581c200, 3002;
E_0x5a20257c6530/750 .event anyedge, v0x5a202581c200_2999, v0x5a202581c200_3000, v0x5a202581c200_3001, v0x5a202581c200_3002;
v0x5a202581c200_3003 .array/port v0x5a202581c200, 3003;
v0x5a202581c200_3004 .array/port v0x5a202581c200, 3004;
v0x5a202581c200_3005 .array/port v0x5a202581c200, 3005;
v0x5a202581c200_3006 .array/port v0x5a202581c200, 3006;
E_0x5a20257c6530/751 .event anyedge, v0x5a202581c200_3003, v0x5a202581c200_3004, v0x5a202581c200_3005, v0x5a202581c200_3006;
v0x5a202581c200_3007 .array/port v0x5a202581c200, 3007;
v0x5a202581c200_3008 .array/port v0x5a202581c200, 3008;
v0x5a202581c200_3009 .array/port v0x5a202581c200, 3009;
v0x5a202581c200_3010 .array/port v0x5a202581c200, 3010;
E_0x5a20257c6530/752 .event anyedge, v0x5a202581c200_3007, v0x5a202581c200_3008, v0x5a202581c200_3009, v0x5a202581c200_3010;
v0x5a202581c200_3011 .array/port v0x5a202581c200, 3011;
v0x5a202581c200_3012 .array/port v0x5a202581c200, 3012;
v0x5a202581c200_3013 .array/port v0x5a202581c200, 3013;
v0x5a202581c200_3014 .array/port v0x5a202581c200, 3014;
E_0x5a20257c6530/753 .event anyedge, v0x5a202581c200_3011, v0x5a202581c200_3012, v0x5a202581c200_3013, v0x5a202581c200_3014;
v0x5a202581c200_3015 .array/port v0x5a202581c200, 3015;
v0x5a202581c200_3016 .array/port v0x5a202581c200, 3016;
v0x5a202581c200_3017 .array/port v0x5a202581c200, 3017;
v0x5a202581c200_3018 .array/port v0x5a202581c200, 3018;
E_0x5a20257c6530/754 .event anyedge, v0x5a202581c200_3015, v0x5a202581c200_3016, v0x5a202581c200_3017, v0x5a202581c200_3018;
v0x5a202581c200_3019 .array/port v0x5a202581c200, 3019;
v0x5a202581c200_3020 .array/port v0x5a202581c200, 3020;
v0x5a202581c200_3021 .array/port v0x5a202581c200, 3021;
v0x5a202581c200_3022 .array/port v0x5a202581c200, 3022;
E_0x5a20257c6530/755 .event anyedge, v0x5a202581c200_3019, v0x5a202581c200_3020, v0x5a202581c200_3021, v0x5a202581c200_3022;
v0x5a202581c200_3023 .array/port v0x5a202581c200, 3023;
v0x5a202581c200_3024 .array/port v0x5a202581c200, 3024;
v0x5a202581c200_3025 .array/port v0x5a202581c200, 3025;
v0x5a202581c200_3026 .array/port v0x5a202581c200, 3026;
E_0x5a20257c6530/756 .event anyedge, v0x5a202581c200_3023, v0x5a202581c200_3024, v0x5a202581c200_3025, v0x5a202581c200_3026;
v0x5a202581c200_3027 .array/port v0x5a202581c200, 3027;
v0x5a202581c200_3028 .array/port v0x5a202581c200, 3028;
v0x5a202581c200_3029 .array/port v0x5a202581c200, 3029;
v0x5a202581c200_3030 .array/port v0x5a202581c200, 3030;
E_0x5a20257c6530/757 .event anyedge, v0x5a202581c200_3027, v0x5a202581c200_3028, v0x5a202581c200_3029, v0x5a202581c200_3030;
v0x5a202581c200_3031 .array/port v0x5a202581c200, 3031;
v0x5a202581c200_3032 .array/port v0x5a202581c200, 3032;
v0x5a202581c200_3033 .array/port v0x5a202581c200, 3033;
v0x5a202581c200_3034 .array/port v0x5a202581c200, 3034;
E_0x5a20257c6530/758 .event anyedge, v0x5a202581c200_3031, v0x5a202581c200_3032, v0x5a202581c200_3033, v0x5a202581c200_3034;
v0x5a202581c200_3035 .array/port v0x5a202581c200, 3035;
v0x5a202581c200_3036 .array/port v0x5a202581c200, 3036;
v0x5a202581c200_3037 .array/port v0x5a202581c200, 3037;
v0x5a202581c200_3038 .array/port v0x5a202581c200, 3038;
E_0x5a20257c6530/759 .event anyedge, v0x5a202581c200_3035, v0x5a202581c200_3036, v0x5a202581c200_3037, v0x5a202581c200_3038;
v0x5a202581c200_3039 .array/port v0x5a202581c200, 3039;
v0x5a202581c200_3040 .array/port v0x5a202581c200, 3040;
v0x5a202581c200_3041 .array/port v0x5a202581c200, 3041;
v0x5a202581c200_3042 .array/port v0x5a202581c200, 3042;
E_0x5a20257c6530/760 .event anyedge, v0x5a202581c200_3039, v0x5a202581c200_3040, v0x5a202581c200_3041, v0x5a202581c200_3042;
v0x5a202581c200_3043 .array/port v0x5a202581c200, 3043;
v0x5a202581c200_3044 .array/port v0x5a202581c200, 3044;
v0x5a202581c200_3045 .array/port v0x5a202581c200, 3045;
v0x5a202581c200_3046 .array/port v0x5a202581c200, 3046;
E_0x5a20257c6530/761 .event anyedge, v0x5a202581c200_3043, v0x5a202581c200_3044, v0x5a202581c200_3045, v0x5a202581c200_3046;
v0x5a202581c200_3047 .array/port v0x5a202581c200, 3047;
v0x5a202581c200_3048 .array/port v0x5a202581c200, 3048;
v0x5a202581c200_3049 .array/port v0x5a202581c200, 3049;
v0x5a202581c200_3050 .array/port v0x5a202581c200, 3050;
E_0x5a20257c6530/762 .event anyedge, v0x5a202581c200_3047, v0x5a202581c200_3048, v0x5a202581c200_3049, v0x5a202581c200_3050;
v0x5a202581c200_3051 .array/port v0x5a202581c200, 3051;
v0x5a202581c200_3052 .array/port v0x5a202581c200, 3052;
v0x5a202581c200_3053 .array/port v0x5a202581c200, 3053;
v0x5a202581c200_3054 .array/port v0x5a202581c200, 3054;
E_0x5a20257c6530/763 .event anyedge, v0x5a202581c200_3051, v0x5a202581c200_3052, v0x5a202581c200_3053, v0x5a202581c200_3054;
v0x5a202581c200_3055 .array/port v0x5a202581c200, 3055;
v0x5a202581c200_3056 .array/port v0x5a202581c200, 3056;
v0x5a202581c200_3057 .array/port v0x5a202581c200, 3057;
v0x5a202581c200_3058 .array/port v0x5a202581c200, 3058;
E_0x5a20257c6530/764 .event anyedge, v0x5a202581c200_3055, v0x5a202581c200_3056, v0x5a202581c200_3057, v0x5a202581c200_3058;
v0x5a202581c200_3059 .array/port v0x5a202581c200, 3059;
v0x5a202581c200_3060 .array/port v0x5a202581c200, 3060;
v0x5a202581c200_3061 .array/port v0x5a202581c200, 3061;
v0x5a202581c200_3062 .array/port v0x5a202581c200, 3062;
E_0x5a20257c6530/765 .event anyedge, v0x5a202581c200_3059, v0x5a202581c200_3060, v0x5a202581c200_3061, v0x5a202581c200_3062;
v0x5a202581c200_3063 .array/port v0x5a202581c200, 3063;
v0x5a202581c200_3064 .array/port v0x5a202581c200, 3064;
v0x5a202581c200_3065 .array/port v0x5a202581c200, 3065;
v0x5a202581c200_3066 .array/port v0x5a202581c200, 3066;
E_0x5a20257c6530/766 .event anyedge, v0x5a202581c200_3063, v0x5a202581c200_3064, v0x5a202581c200_3065, v0x5a202581c200_3066;
v0x5a202581c200_3067 .array/port v0x5a202581c200, 3067;
v0x5a202581c200_3068 .array/port v0x5a202581c200, 3068;
v0x5a202581c200_3069 .array/port v0x5a202581c200, 3069;
v0x5a202581c200_3070 .array/port v0x5a202581c200, 3070;
E_0x5a20257c6530/767 .event anyedge, v0x5a202581c200_3067, v0x5a202581c200_3068, v0x5a202581c200_3069, v0x5a202581c200_3070;
v0x5a202581c200_3071 .array/port v0x5a202581c200, 3071;
v0x5a202581c200_3072 .array/port v0x5a202581c200, 3072;
v0x5a202581c200_3073 .array/port v0x5a202581c200, 3073;
v0x5a202581c200_3074 .array/port v0x5a202581c200, 3074;
E_0x5a20257c6530/768 .event anyedge, v0x5a202581c200_3071, v0x5a202581c200_3072, v0x5a202581c200_3073, v0x5a202581c200_3074;
v0x5a202581c200_3075 .array/port v0x5a202581c200, 3075;
v0x5a202581c200_3076 .array/port v0x5a202581c200, 3076;
v0x5a202581c200_3077 .array/port v0x5a202581c200, 3077;
v0x5a202581c200_3078 .array/port v0x5a202581c200, 3078;
E_0x5a20257c6530/769 .event anyedge, v0x5a202581c200_3075, v0x5a202581c200_3076, v0x5a202581c200_3077, v0x5a202581c200_3078;
v0x5a202581c200_3079 .array/port v0x5a202581c200, 3079;
v0x5a202581c200_3080 .array/port v0x5a202581c200, 3080;
v0x5a202581c200_3081 .array/port v0x5a202581c200, 3081;
v0x5a202581c200_3082 .array/port v0x5a202581c200, 3082;
E_0x5a20257c6530/770 .event anyedge, v0x5a202581c200_3079, v0x5a202581c200_3080, v0x5a202581c200_3081, v0x5a202581c200_3082;
v0x5a202581c200_3083 .array/port v0x5a202581c200, 3083;
v0x5a202581c200_3084 .array/port v0x5a202581c200, 3084;
v0x5a202581c200_3085 .array/port v0x5a202581c200, 3085;
v0x5a202581c200_3086 .array/port v0x5a202581c200, 3086;
E_0x5a20257c6530/771 .event anyedge, v0x5a202581c200_3083, v0x5a202581c200_3084, v0x5a202581c200_3085, v0x5a202581c200_3086;
v0x5a202581c200_3087 .array/port v0x5a202581c200, 3087;
v0x5a202581c200_3088 .array/port v0x5a202581c200, 3088;
v0x5a202581c200_3089 .array/port v0x5a202581c200, 3089;
v0x5a202581c200_3090 .array/port v0x5a202581c200, 3090;
E_0x5a20257c6530/772 .event anyedge, v0x5a202581c200_3087, v0x5a202581c200_3088, v0x5a202581c200_3089, v0x5a202581c200_3090;
v0x5a202581c200_3091 .array/port v0x5a202581c200, 3091;
v0x5a202581c200_3092 .array/port v0x5a202581c200, 3092;
v0x5a202581c200_3093 .array/port v0x5a202581c200, 3093;
v0x5a202581c200_3094 .array/port v0x5a202581c200, 3094;
E_0x5a20257c6530/773 .event anyedge, v0x5a202581c200_3091, v0x5a202581c200_3092, v0x5a202581c200_3093, v0x5a202581c200_3094;
v0x5a202581c200_3095 .array/port v0x5a202581c200, 3095;
v0x5a202581c200_3096 .array/port v0x5a202581c200, 3096;
v0x5a202581c200_3097 .array/port v0x5a202581c200, 3097;
v0x5a202581c200_3098 .array/port v0x5a202581c200, 3098;
E_0x5a20257c6530/774 .event anyedge, v0x5a202581c200_3095, v0x5a202581c200_3096, v0x5a202581c200_3097, v0x5a202581c200_3098;
v0x5a202581c200_3099 .array/port v0x5a202581c200, 3099;
v0x5a202581c200_3100 .array/port v0x5a202581c200, 3100;
v0x5a202581c200_3101 .array/port v0x5a202581c200, 3101;
v0x5a202581c200_3102 .array/port v0x5a202581c200, 3102;
E_0x5a20257c6530/775 .event anyedge, v0x5a202581c200_3099, v0x5a202581c200_3100, v0x5a202581c200_3101, v0x5a202581c200_3102;
v0x5a202581c200_3103 .array/port v0x5a202581c200, 3103;
v0x5a202581c200_3104 .array/port v0x5a202581c200, 3104;
v0x5a202581c200_3105 .array/port v0x5a202581c200, 3105;
v0x5a202581c200_3106 .array/port v0x5a202581c200, 3106;
E_0x5a20257c6530/776 .event anyedge, v0x5a202581c200_3103, v0x5a202581c200_3104, v0x5a202581c200_3105, v0x5a202581c200_3106;
v0x5a202581c200_3107 .array/port v0x5a202581c200, 3107;
v0x5a202581c200_3108 .array/port v0x5a202581c200, 3108;
v0x5a202581c200_3109 .array/port v0x5a202581c200, 3109;
v0x5a202581c200_3110 .array/port v0x5a202581c200, 3110;
E_0x5a20257c6530/777 .event anyedge, v0x5a202581c200_3107, v0x5a202581c200_3108, v0x5a202581c200_3109, v0x5a202581c200_3110;
v0x5a202581c200_3111 .array/port v0x5a202581c200, 3111;
v0x5a202581c200_3112 .array/port v0x5a202581c200, 3112;
v0x5a202581c200_3113 .array/port v0x5a202581c200, 3113;
v0x5a202581c200_3114 .array/port v0x5a202581c200, 3114;
E_0x5a20257c6530/778 .event anyedge, v0x5a202581c200_3111, v0x5a202581c200_3112, v0x5a202581c200_3113, v0x5a202581c200_3114;
v0x5a202581c200_3115 .array/port v0x5a202581c200, 3115;
v0x5a202581c200_3116 .array/port v0x5a202581c200, 3116;
v0x5a202581c200_3117 .array/port v0x5a202581c200, 3117;
v0x5a202581c200_3118 .array/port v0x5a202581c200, 3118;
E_0x5a20257c6530/779 .event anyedge, v0x5a202581c200_3115, v0x5a202581c200_3116, v0x5a202581c200_3117, v0x5a202581c200_3118;
v0x5a202581c200_3119 .array/port v0x5a202581c200, 3119;
v0x5a202581c200_3120 .array/port v0x5a202581c200, 3120;
v0x5a202581c200_3121 .array/port v0x5a202581c200, 3121;
v0x5a202581c200_3122 .array/port v0x5a202581c200, 3122;
E_0x5a20257c6530/780 .event anyedge, v0x5a202581c200_3119, v0x5a202581c200_3120, v0x5a202581c200_3121, v0x5a202581c200_3122;
v0x5a202581c200_3123 .array/port v0x5a202581c200, 3123;
v0x5a202581c200_3124 .array/port v0x5a202581c200, 3124;
v0x5a202581c200_3125 .array/port v0x5a202581c200, 3125;
v0x5a202581c200_3126 .array/port v0x5a202581c200, 3126;
E_0x5a20257c6530/781 .event anyedge, v0x5a202581c200_3123, v0x5a202581c200_3124, v0x5a202581c200_3125, v0x5a202581c200_3126;
v0x5a202581c200_3127 .array/port v0x5a202581c200, 3127;
v0x5a202581c200_3128 .array/port v0x5a202581c200, 3128;
v0x5a202581c200_3129 .array/port v0x5a202581c200, 3129;
v0x5a202581c200_3130 .array/port v0x5a202581c200, 3130;
E_0x5a20257c6530/782 .event anyedge, v0x5a202581c200_3127, v0x5a202581c200_3128, v0x5a202581c200_3129, v0x5a202581c200_3130;
v0x5a202581c200_3131 .array/port v0x5a202581c200, 3131;
v0x5a202581c200_3132 .array/port v0x5a202581c200, 3132;
v0x5a202581c200_3133 .array/port v0x5a202581c200, 3133;
v0x5a202581c200_3134 .array/port v0x5a202581c200, 3134;
E_0x5a20257c6530/783 .event anyedge, v0x5a202581c200_3131, v0x5a202581c200_3132, v0x5a202581c200_3133, v0x5a202581c200_3134;
v0x5a202581c200_3135 .array/port v0x5a202581c200, 3135;
v0x5a202581c200_3136 .array/port v0x5a202581c200, 3136;
v0x5a202581c200_3137 .array/port v0x5a202581c200, 3137;
v0x5a202581c200_3138 .array/port v0x5a202581c200, 3138;
E_0x5a20257c6530/784 .event anyedge, v0x5a202581c200_3135, v0x5a202581c200_3136, v0x5a202581c200_3137, v0x5a202581c200_3138;
v0x5a202581c200_3139 .array/port v0x5a202581c200, 3139;
v0x5a202581c200_3140 .array/port v0x5a202581c200, 3140;
v0x5a202581c200_3141 .array/port v0x5a202581c200, 3141;
v0x5a202581c200_3142 .array/port v0x5a202581c200, 3142;
E_0x5a20257c6530/785 .event anyedge, v0x5a202581c200_3139, v0x5a202581c200_3140, v0x5a202581c200_3141, v0x5a202581c200_3142;
v0x5a202581c200_3143 .array/port v0x5a202581c200, 3143;
v0x5a202581c200_3144 .array/port v0x5a202581c200, 3144;
v0x5a202581c200_3145 .array/port v0x5a202581c200, 3145;
v0x5a202581c200_3146 .array/port v0x5a202581c200, 3146;
E_0x5a20257c6530/786 .event anyedge, v0x5a202581c200_3143, v0x5a202581c200_3144, v0x5a202581c200_3145, v0x5a202581c200_3146;
v0x5a202581c200_3147 .array/port v0x5a202581c200, 3147;
v0x5a202581c200_3148 .array/port v0x5a202581c200, 3148;
v0x5a202581c200_3149 .array/port v0x5a202581c200, 3149;
v0x5a202581c200_3150 .array/port v0x5a202581c200, 3150;
E_0x5a20257c6530/787 .event anyedge, v0x5a202581c200_3147, v0x5a202581c200_3148, v0x5a202581c200_3149, v0x5a202581c200_3150;
v0x5a202581c200_3151 .array/port v0x5a202581c200, 3151;
v0x5a202581c200_3152 .array/port v0x5a202581c200, 3152;
v0x5a202581c200_3153 .array/port v0x5a202581c200, 3153;
v0x5a202581c200_3154 .array/port v0x5a202581c200, 3154;
E_0x5a20257c6530/788 .event anyedge, v0x5a202581c200_3151, v0x5a202581c200_3152, v0x5a202581c200_3153, v0x5a202581c200_3154;
v0x5a202581c200_3155 .array/port v0x5a202581c200, 3155;
v0x5a202581c200_3156 .array/port v0x5a202581c200, 3156;
v0x5a202581c200_3157 .array/port v0x5a202581c200, 3157;
v0x5a202581c200_3158 .array/port v0x5a202581c200, 3158;
E_0x5a20257c6530/789 .event anyedge, v0x5a202581c200_3155, v0x5a202581c200_3156, v0x5a202581c200_3157, v0x5a202581c200_3158;
v0x5a202581c200_3159 .array/port v0x5a202581c200, 3159;
v0x5a202581c200_3160 .array/port v0x5a202581c200, 3160;
v0x5a202581c200_3161 .array/port v0x5a202581c200, 3161;
v0x5a202581c200_3162 .array/port v0x5a202581c200, 3162;
E_0x5a20257c6530/790 .event anyedge, v0x5a202581c200_3159, v0x5a202581c200_3160, v0x5a202581c200_3161, v0x5a202581c200_3162;
v0x5a202581c200_3163 .array/port v0x5a202581c200, 3163;
v0x5a202581c200_3164 .array/port v0x5a202581c200, 3164;
v0x5a202581c200_3165 .array/port v0x5a202581c200, 3165;
v0x5a202581c200_3166 .array/port v0x5a202581c200, 3166;
E_0x5a20257c6530/791 .event anyedge, v0x5a202581c200_3163, v0x5a202581c200_3164, v0x5a202581c200_3165, v0x5a202581c200_3166;
v0x5a202581c200_3167 .array/port v0x5a202581c200, 3167;
v0x5a202581c200_3168 .array/port v0x5a202581c200, 3168;
v0x5a202581c200_3169 .array/port v0x5a202581c200, 3169;
v0x5a202581c200_3170 .array/port v0x5a202581c200, 3170;
E_0x5a20257c6530/792 .event anyedge, v0x5a202581c200_3167, v0x5a202581c200_3168, v0x5a202581c200_3169, v0x5a202581c200_3170;
v0x5a202581c200_3171 .array/port v0x5a202581c200, 3171;
v0x5a202581c200_3172 .array/port v0x5a202581c200, 3172;
v0x5a202581c200_3173 .array/port v0x5a202581c200, 3173;
v0x5a202581c200_3174 .array/port v0x5a202581c200, 3174;
E_0x5a20257c6530/793 .event anyedge, v0x5a202581c200_3171, v0x5a202581c200_3172, v0x5a202581c200_3173, v0x5a202581c200_3174;
v0x5a202581c200_3175 .array/port v0x5a202581c200, 3175;
v0x5a202581c200_3176 .array/port v0x5a202581c200, 3176;
v0x5a202581c200_3177 .array/port v0x5a202581c200, 3177;
v0x5a202581c200_3178 .array/port v0x5a202581c200, 3178;
E_0x5a20257c6530/794 .event anyedge, v0x5a202581c200_3175, v0x5a202581c200_3176, v0x5a202581c200_3177, v0x5a202581c200_3178;
v0x5a202581c200_3179 .array/port v0x5a202581c200, 3179;
v0x5a202581c200_3180 .array/port v0x5a202581c200, 3180;
v0x5a202581c200_3181 .array/port v0x5a202581c200, 3181;
v0x5a202581c200_3182 .array/port v0x5a202581c200, 3182;
E_0x5a20257c6530/795 .event anyedge, v0x5a202581c200_3179, v0x5a202581c200_3180, v0x5a202581c200_3181, v0x5a202581c200_3182;
v0x5a202581c200_3183 .array/port v0x5a202581c200, 3183;
v0x5a202581c200_3184 .array/port v0x5a202581c200, 3184;
v0x5a202581c200_3185 .array/port v0x5a202581c200, 3185;
v0x5a202581c200_3186 .array/port v0x5a202581c200, 3186;
E_0x5a20257c6530/796 .event anyedge, v0x5a202581c200_3183, v0x5a202581c200_3184, v0x5a202581c200_3185, v0x5a202581c200_3186;
v0x5a202581c200_3187 .array/port v0x5a202581c200, 3187;
v0x5a202581c200_3188 .array/port v0x5a202581c200, 3188;
v0x5a202581c200_3189 .array/port v0x5a202581c200, 3189;
v0x5a202581c200_3190 .array/port v0x5a202581c200, 3190;
E_0x5a20257c6530/797 .event anyedge, v0x5a202581c200_3187, v0x5a202581c200_3188, v0x5a202581c200_3189, v0x5a202581c200_3190;
v0x5a202581c200_3191 .array/port v0x5a202581c200, 3191;
v0x5a202581c200_3192 .array/port v0x5a202581c200, 3192;
v0x5a202581c200_3193 .array/port v0x5a202581c200, 3193;
v0x5a202581c200_3194 .array/port v0x5a202581c200, 3194;
E_0x5a20257c6530/798 .event anyedge, v0x5a202581c200_3191, v0x5a202581c200_3192, v0x5a202581c200_3193, v0x5a202581c200_3194;
v0x5a202581c200_3195 .array/port v0x5a202581c200, 3195;
v0x5a202581c200_3196 .array/port v0x5a202581c200, 3196;
v0x5a202581c200_3197 .array/port v0x5a202581c200, 3197;
v0x5a202581c200_3198 .array/port v0x5a202581c200, 3198;
E_0x5a20257c6530/799 .event anyedge, v0x5a202581c200_3195, v0x5a202581c200_3196, v0x5a202581c200_3197, v0x5a202581c200_3198;
v0x5a202581c200_3199 .array/port v0x5a202581c200, 3199;
v0x5a202581c200_3200 .array/port v0x5a202581c200, 3200;
v0x5a202581c200_3201 .array/port v0x5a202581c200, 3201;
v0x5a202581c200_3202 .array/port v0x5a202581c200, 3202;
E_0x5a20257c6530/800 .event anyedge, v0x5a202581c200_3199, v0x5a202581c200_3200, v0x5a202581c200_3201, v0x5a202581c200_3202;
v0x5a202581c200_3203 .array/port v0x5a202581c200, 3203;
v0x5a202581c200_3204 .array/port v0x5a202581c200, 3204;
v0x5a202581c200_3205 .array/port v0x5a202581c200, 3205;
v0x5a202581c200_3206 .array/port v0x5a202581c200, 3206;
E_0x5a20257c6530/801 .event anyedge, v0x5a202581c200_3203, v0x5a202581c200_3204, v0x5a202581c200_3205, v0x5a202581c200_3206;
v0x5a202581c200_3207 .array/port v0x5a202581c200, 3207;
v0x5a202581c200_3208 .array/port v0x5a202581c200, 3208;
v0x5a202581c200_3209 .array/port v0x5a202581c200, 3209;
v0x5a202581c200_3210 .array/port v0x5a202581c200, 3210;
E_0x5a20257c6530/802 .event anyedge, v0x5a202581c200_3207, v0x5a202581c200_3208, v0x5a202581c200_3209, v0x5a202581c200_3210;
v0x5a202581c200_3211 .array/port v0x5a202581c200, 3211;
v0x5a202581c200_3212 .array/port v0x5a202581c200, 3212;
v0x5a202581c200_3213 .array/port v0x5a202581c200, 3213;
v0x5a202581c200_3214 .array/port v0x5a202581c200, 3214;
E_0x5a20257c6530/803 .event anyedge, v0x5a202581c200_3211, v0x5a202581c200_3212, v0x5a202581c200_3213, v0x5a202581c200_3214;
v0x5a202581c200_3215 .array/port v0x5a202581c200, 3215;
v0x5a202581c200_3216 .array/port v0x5a202581c200, 3216;
v0x5a202581c200_3217 .array/port v0x5a202581c200, 3217;
v0x5a202581c200_3218 .array/port v0x5a202581c200, 3218;
E_0x5a20257c6530/804 .event anyedge, v0x5a202581c200_3215, v0x5a202581c200_3216, v0x5a202581c200_3217, v0x5a202581c200_3218;
v0x5a202581c200_3219 .array/port v0x5a202581c200, 3219;
v0x5a202581c200_3220 .array/port v0x5a202581c200, 3220;
v0x5a202581c200_3221 .array/port v0x5a202581c200, 3221;
v0x5a202581c200_3222 .array/port v0x5a202581c200, 3222;
E_0x5a20257c6530/805 .event anyedge, v0x5a202581c200_3219, v0x5a202581c200_3220, v0x5a202581c200_3221, v0x5a202581c200_3222;
v0x5a202581c200_3223 .array/port v0x5a202581c200, 3223;
v0x5a202581c200_3224 .array/port v0x5a202581c200, 3224;
v0x5a202581c200_3225 .array/port v0x5a202581c200, 3225;
v0x5a202581c200_3226 .array/port v0x5a202581c200, 3226;
E_0x5a20257c6530/806 .event anyedge, v0x5a202581c200_3223, v0x5a202581c200_3224, v0x5a202581c200_3225, v0x5a202581c200_3226;
v0x5a202581c200_3227 .array/port v0x5a202581c200, 3227;
v0x5a202581c200_3228 .array/port v0x5a202581c200, 3228;
v0x5a202581c200_3229 .array/port v0x5a202581c200, 3229;
v0x5a202581c200_3230 .array/port v0x5a202581c200, 3230;
E_0x5a20257c6530/807 .event anyedge, v0x5a202581c200_3227, v0x5a202581c200_3228, v0x5a202581c200_3229, v0x5a202581c200_3230;
v0x5a202581c200_3231 .array/port v0x5a202581c200, 3231;
v0x5a202581c200_3232 .array/port v0x5a202581c200, 3232;
v0x5a202581c200_3233 .array/port v0x5a202581c200, 3233;
v0x5a202581c200_3234 .array/port v0x5a202581c200, 3234;
E_0x5a20257c6530/808 .event anyedge, v0x5a202581c200_3231, v0x5a202581c200_3232, v0x5a202581c200_3233, v0x5a202581c200_3234;
v0x5a202581c200_3235 .array/port v0x5a202581c200, 3235;
v0x5a202581c200_3236 .array/port v0x5a202581c200, 3236;
v0x5a202581c200_3237 .array/port v0x5a202581c200, 3237;
v0x5a202581c200_3238 .array/port v0x5a202581c200, 3238;
E_0x5a20257c6530/809 .event anyedge, v0x5a202581c200_3235, v0x5a202581c200_3236, v0x5a202581c200_3237, v0x5a202581c200_3238;
v0x5a202581c200_3239 .array/port v0x5a202581c200, 3239;
v0x5a202581c200_3240 .array/port v0x5a202581c200, 3240;
v0x5a202581c200_3241 .array/port v0x5a202581c200, 3241;
v0x5a202581c200_3242 .array/port v0x5a202581c200, 3242;
E_0x5a20257c6530/810 .event anyedge, v0x5a202581c200_3239, v0x5a202581c200_3240, v0x5a202581c200_3241, v0x5a202581c200_3242;
v0x5a202581c200_3243 .array/port v0x5a202581c200, 3243;
v0x5a202581c200_3244 .array/port v0x5a202581c200, 3244;
v0x5a202581c200_3245 .array/port v0x5a202581c200, 3245;
v0x5a202581c200_3246 .array/port v0x5a202581c200, 3246;
E_0x5a20257c6530/811 .event anyedge, v0x5a202581c200_3243, v0x5a202581c200_3244, v0x5a202581c200_3245, v0x5a202581c200_3246;
v0x5a202581c200_3247 .array/port v0x5a202581c200, 3247;
v0x5a202581c200_3248 .array/port v0x5a202581c200, 3248;
v0x5a202581c200_3249 .array/port v0x5a202581c200, 3249;
v0x5a202581c200_3250 .array/port v0x5a202581c200, 3250;
E_0x5a20257c6530/812 .event anyedge, v0x5a202581c200_3247, v0x5a202581c200_3248, v0x5a202581c200_3249, v0x5a202581c200_3250;
v0x5a202581c200_3251 .array/port v0x5a202581c200, 3251;
v0x5a202581c200_3252 .array/port v0x5a202581c200, 3252;
v0x5a202581c200_3253 .array/port v0x5a202581c200, 3253;
v0x5a202581c200_3254 .array/port v0x5a202581c200, 3254;
E_0x5a20257c6530/813 .event anyedge, v0x5a202581c200_3251, v0x5a202581c200_3252, v0x5a202581c200_3253, v0x5a202581c200_3254;
v0x5a202581c200_3255 .array/port v0x5a202581c200, 3255;
v0x5a202581c200_3256 .array/port v0x5a202581c200, 3256;
v0x5a202581c200_3257 .array/port v0x5a202581c200, 3257;
v0x5a202581c200_3258 .array/port v0x5a202581c200, 3258;
E_0x5a20257c6530/814 .event anyedge, v0x5a202581c200_3255, v0x5a202581c200_3256, v0x5a202581c200_3257, v0x5a202581c200_3258;
v0x5a202581c200_3259 .array/port v0x5a202581c200, 3259;
v0x5a202581c200_3260 .array/port v0x5a202581c200, 3260;
v0x5a202581c200_3261 .array/port v0x5a202581c200, 3261;
v0x5a202581c200_3262 .array/port v0x5a202581c200, 3262;
E_0x5a20257c6530/815 .event anyedge, v0x5a202581c200_3259, v0x5a202581c200_3260, v0x5a202581c200_3261, v0x5a202581c200_3262;
v0x5a202581c200_3263 .array/port v0x5a202581c200, 3263;
v0x5a202581c200_3264 .array/port v0x5a202581c200, 3264;
v0x5a202581c200_3265 .array/port v0x5a202581c200, 3265;
v0x5a202581c200_3266 .array/port v0x5a202581c200, 3266;
E_0x5a20257c6530/816 .event anyedge, v0x5a202581c200_3263, v0x5a202581c200_3264, v0x5a202581c200_3265, v0x5a202581c200_3266;
v0x5a202581c200_3267 .array/port v0x5a202581c200, 3267;
v0x5a202581c200_3268 .array/port v0x5a202581c200, 3268;
v0x5a202581c200_3269 .array/port v0x5a202581c200, 3269;
v0x5a202581c200_3270 .array/port v0x5a202581c200, 3270;
E_0x5a20257c6530/817 .event anyedge, v0x5a202581c200_3267, v0x5a202581c200_3268, v0x5a202581c200_3269, v0x5a202581c200_3270;
v0x5a202581c200_3271 .array/port v0x5a202581c200, 3271;
v0x5a202581c200_3272 .array/port v0x5a202581c200, 3272;
v0x5a202581c200_3273 .array/port v0x5a202581c200, 3273;
v0x5a202581c200_3274 .array/port v0x5a202581c200, 3274;
E_0x5a20257c6530/818 .event anyedge, v0x5a202581c200_3271, v0x5a202581c200_3272, v0x5a202581c200_3273, v0x5a202581c200_3274;
v0x5a202581c200_3275 .array/port v0x5a202581c200, 3275;
v0x5a202581c200_3276 .array/port v0x5a202581c200, 3276;
v0x5a202581c200_3277 .array/port v0x5a202581c200, 3277;
v0x5a202581c200_3278 .array/port v0x5a202581c200, 3278;
E_0x5a20257c6530/819 .event anyedge, v0x5a202581c200_3275, v0x5a202581c200_3276, v0x5a202581c200_3277, v0x5a202581c200_3278;
v0x5a202581c200_3279 .array/port v0x5a202581c200, 3279;
v0x5a202581c200_3280 .array/port v0x5a202581c200, 3280;
v0x5a202581c200_3281 .array/port v0x5a202581c200, 3281;
v0x5a202581c200_3282 .array/port v0x5a202581c200, 3282;
E_0x5a20257c6530/820 .event anyedge, v0x5a202581c200_3279, v0x5a202581c200_3280, v0x5a202581c200_3281, v0x5a202581c200_3282;
v0x5a202581c200_3283 .array/port v0x5a202581c200, 3283;
v0x5a202581c200_3284 .array/port v0x5a202581c200, 3284;
v0x5a202581c200_3285 .array/port v0x5a202581c200, 3285;
v0x5a202581c200_3286 .array/port v0x5a202581c200, 3286;
E_0x5a20257c6530/821 .event anyedge, v0x5a202581c200_3283, v0x5a202581c200_3284, v0x5a202581c200_3285, v0x5a202581c200_3286;
v0x5a202581c200_3287 .array/port v0x5a202581c200, 3287;
v0x5a202581c200_3288 .array/port v0x5a202581c200, 3288;
v0x5a202581c200_3289 .array/port v0x5a202581c200, 3289;
v0x5a202581c200_3290 .array/port v0x5a202581c200, 3290;
E_0x5a20257c6530/822 .event anyedge, v0x5a202581c200_3287, v0x5a202581c200_3288, v0x5a202581c200_3289, v0x5a202581c200_3290;
v0x5a202581c200_3291 .array/port v0x5a202581c200, 3291;
v0x5a202581c200_3292 .array/port v0x5a202581c200, 3292;
v0x5a202581c200_3293 .array/port v0x5a202581c200, 3293;
v0x5a202581c200_3294 .array/port v0x5a202581c200, 3294;
E_0x5a20257c6530/823 .event anyedge, v0x5a202581c200_3291, v0x5a202581c200_3292, v0x5a202581c200_3293, v0x5a202581c200_3294;
v0x5a202581c200_3295 .array/port v0x5a202581c200, 3295;
v0x5a202581c200_3296 .array/port v0x5a202581c200, 3296;
v0x5a202581c200_3297 .array/port v0x5a202581c200, 3297;
v0x5a202581c200_3298 .array/port v0x5a202581c200, 3298;
E_0x5a20257c6530/824 .event anyedge, v0x5a202581c200_3295, v0x5a202581c200_3296, v0x5a202581c200_3297, v0x5a202581c200_3298;
v0x5a202581c200_3299 .array/port v0x5a202581c200, 3299;
v0x5a202581c200_3300 .array/port v0x5a202581c200, 3300;
v0x5a202581c200_3301 .array/port v0x5a202581c200, 3301;
v0x5a202581c200_3302 .array/port v0x5a202581c200, 3302;
E_0x5a20257c6530/825 .event anyedge, v0x5a202581c200_3299, v0x5a202581c200_3300, v0x5a202581c200_3301, v0x5a202581c200_3302;
v0x5a202581c200_3303 .array/port v0x5a202581c200, 3303;
v0x5a202581c200_3304 .array/port v0x5a202581c200, 3304;
v0x5a202581c200_3305 .array/port v0x5a202581c200, 3305;
v0x5a202581c200_3306 .array/port v0x5a202581c200, 3306;
E_0x5a20257c6530/826 .event anyedge, v0x5a202581c200_3303, v0x5a202581c200_3304, v0x5a202581c200_3305, v0x5a202581c200_3306;
v0x5a202581c200_3307 .array/port v0x5a202581c200, 3307;
v0x5a202581c200_3308 .array/port v0x5a202581c200, 3308;
v0x5a202581c200_3309 .array/port v0x5a202581c200, 3309;
v0x5a202581c200_3310 .array/port v0x5a202581c200, 3310;
E_0x5a20257c6530/827 .event anyedge, v0x5a202581c200_3307, v0x5a202581c200_3308, v0x5a202581c200_3309, v0x5a202581c200_3310;
v0x5a202581c200_3311 .array/port v0x5a202581c200, 3311;
v0x5a202581c200_3312 .array/port v0x5a202581c200, 3312;
v0x5a202581c200_3313 .array/port v0x5a202581c200, 3313;
v0x5a202581c200_3314 .array/port v0x5a202581c200, 3314;
E_0x5a20257c6530/828 .event anyedge, v0x5a202581c200_3311, v0x5a202581c200_3312, v0x5a202581c200_3313, v0x5a202581c200_3314;
v0x5a202581c200_3315 .array/port v0x5a202581c200, 3315;
v0x5a202581c200_3316 .array/port v0x5a202581c200, 3316;
v0x5a202581c200_3317 .array/port v0x5a202581c200, 3317;
v0x5a202581c200_3318 .array/port v0x5a202581c200, 3318;
E_0x5a20257c6530/829 .event anyedge, v0x5a202581c200_3315, v0x5a202581c200_3316, v0x5a202581c200_3317, v0x5a202581c200_3318;
v0x5a202581c200_3319 .array/port v0x5a202581c200, 3319;
v0x5a202581c200_3320 .array/port v0x5a202581c200, 3320;
v0x5a202581c200_3321 .array/port v0x5a202581c200, 3321;
v0x5a202581c200_3322 .array/port v0x5a202581c200, 3322;
E_0x5a20257c6530/830 .event anyedge, v0x5a202581c200_3319, v0x5a202581c200_3320, v0x5a202581c200_3321, v0x5a202581c200_3322;
v0x5a202581c200_3323 .array/port v0x5a202581c200, 3323;
v0x5a202581c200_3324 .array/port v0x5a202581c200, 3324;
v0x5a202581c200_3325 .array/port v0x5a202581c200, 3325;
v0x5a202581c200_3326 .array/port v0x5a202581c200, 3326;
E_0x5a20257c6530/831 .event anyedge, v0x5a202581c200_3323, v0x5a202581c200_3324, v0x5a202581c200_3325, v0x5a202581c200_3326;
v0x5a202581c200_3327 .array/port v0x5a202581c200, 3327;
v0x5a202581c200_3328 .array/port v0x5a202581c200, 3328;
v0x5a202581c200_3329 .array/port v0x5a202581c200, 3329;
v0x5a202581c200_3330 .array/port v0x5a202581c200, 3330;
E_0x5a20257c6530/832 .event anyedge, v0x5a202581c200_3327, v0x5a202581c200_3328, v0x5a202581c200_3329, v0x5a202581c200_3330;
v0x5a202581c200_3331 .array/port v0x5a202581c200, 3331;
v0x5a202581c200_3332 .array/port v0x5a202581c200, 3332;
v0x5a202581c200_3333 .array/port v0x5a202581c200, 3333;
v0x5a202581c200_3334 .array/port v0x5a202581c200, 3334;
E_0x5a20257c6530/833 .event anyedge, v0x5a202581c200_3331, v0x5a202581c200_3332, v0x5a202581c200_3333, v0x5a202581c200_3334;
v0x5a202581c200_3335 .array/port v0x5a202581c200, 3335;
v0x5a202581c200_3336 .array/port v0x5a202581c200, 3336;
v0x5a202581c200_3337 .array/port v0x5a202581c200, 3337;
v0x5a202581c200_3338 .array/port v0x5a202581c200, 3338;
E_0x5a20257c6530/834 .event anyedge, v0x5a202581c200_3335, v0x5a202581c200_3336, v0x5a202581c200_3337, v0x5a202581c200_3338;
v0x5a202581c200_3339 .array/port v0x5a202581c200, 3339;
v0x5a202581c200_3340 .array/port v0x5a202581c200, 3340;
v0x5a202581c200_3341 .array/port v0x5a202581c200, 3341;
v0x5a202581c200_3342 .array/port v0x5a202581c200, 3342;
E_0x5a20257c6530/835 .event anyedge, v0x5a202581c200_3339, v0x5a202581c200_3340, v0x5a202581c200_3341, v0x5a202581c200_3342;
v0x5a202581c200_3343 .array/port v0x5a202581c200, 3343;
v0x5a202581c200_3344 .array/port v0x5a202581c200, 3344;
v0x5a202581c200_3345 .array/port v0x5a202581c200, 3345;
v0x5a202581c200_3346 .array/port v0x5a202581c200, 3346;
E_0x5a20257c6530/836 .event anyedge, v0x5a202581c200_3343, v0x5a202581c200_3344, v0x5a202581c200_3345, v0x5a202581c200_3346;
v0x5a202581c200_3347 .array/port v0x5a202581c200, 3347;
v0x5a202581c200_3348 .array/port v0x5a202581c200, 3348;
v0x5a202581c200_3349 .array/port v0x5a202581c200, 3349;
v0x5a202581c200_3350 .array/port v0x5a202581c200, 3350;
E_0x5a20257c6530/837 .event anyedge, v0x5a202581c200_3347, v0x5a202581c200_3348, v0x5a202581c200_3349, v0x5a202581c200_3350;
v0x5a202581c200_3351 .array/port v0x5a202581c200, 3351;
v0x5a202581c200_3352 .array/port v0x5a202581c200, 3352;
v0x5a202581c200_3353 .array/port v0x5a202581c200, 3353;
v0x5a202581c200_3354 .array/port v0x5a202581c200, 3354;
E_0x5a20257c6530/838 .event anyedge, v0x5a202581c200_3351, v0x5a202581c200_3352, v0x5a202581c200_3353, v0x5a202581c200_3354;
v0x5a202581c200_3355 .array/port v0x5a202581c200, 3355;
v0x5a202581c200_3356 .array/port v0x5a202581c200, 3356;
v0x5a202581c200_3357 .array/port v0x5a202581c200, 3357;
v0x5a202581c200_3358 .array/port v0x5a202581c200, 3358;
E_0x5a20257c6530/839 .event anyedge, v0x5a202581c200_3355, v0x5a202581c200_3356, v0x5a202581c200_3357, v0x5a202581c200_3358;
v0x5a202581c200_3359 .array/port v0x5a202581c200, 3359;
v0x5a202581c200_3360 .array/port v0x5a202581c200, 3360;
v0x5a202581c200_3361 .array/port v0x5a202581c200, 3361;
v0x5a202581c200_3362 .array/port v0x5a202581c200, 3362;
E_0x5a20257c6530/840 .event anyedge, v0x5a202581c200_3359, v0x5a202581c200_3360, v0x5a202581c200_3361, v0x5a202581c200_3362;
v0x5a202581c200_3363 .array/port v0x5a202581c200, 3363;
v0x5a202581c200_3364 .array/port v0x5a202581c200, 3364;
v0x5a202581c200_3365 .array/port v0x5a202581c200, 3365;
v0x5a202581c200_3366 .array/port v0x5a202581c200, 3366;
E_0x5a20257c6530/841 .event anyedge, v0x5a202581c200_3363, v0x5a202581c200_3364, v0x5a202581c200_3365, v0x5a202581c200_3366;
v0x5a202581c200_3367 .array/port v0x5a202581c200, 3367;
v0x5a202581c200_3368 .array/port v0x5a202581c200, 3368;
v0x5a202581c200_3369 .array/port v0x5a202581c200, 3369;
v0x5a202581c200_3370 .array/port v0x5a202581c200, 3370;
E_0x5a20257c6530/842 .event anyedge, v0x5a202581c200_3367, v0x5a202581c200_3368, v0x5a202581c200_3369, v0x5a202581c200_3370;
v0x5a202581c200_3371 .array/port v0x5a202581c200, 3371;
v0x5a202581c200_3372 .array/port v0x5a202581c200, 3372;
v0x5a202581c200_3373 .array/port v0x5a202581c200, 3373;
v0x5a202581c200_3374 .array/port v0x5a202581c200, 3374;
E_0x5a20257c6530/843 .event anyedge, v0x5a202581c200_3371, v0x5a202581c200_3372, v0x5a202581c200_3373, v0x5a202581c200_3374;
v0x5a202581c200_3375 .array/port v0x5a202581c200, 3375;
v0x5a202581c200_3376 .array/port v0x5a202581c200, 3376;
v0x5a202581c200_3377 .array/port v0x5a202581c200, 3377;
v0x5a202581c200_3378 .array/port v0x5a202581c200, 3378;
E_0x5a20257c6530/844 .event anyedge, v0x5a202581c200_3375, v0x5a202581c200_3376, v0x5a202581c200_3377, v0x5a202581c200_3378;
v0x5a202581c200_3379 .array/port v0x5a202581c200, 3379;
v0x5a202581c200_3380 .array/port v0x5a202581c200, 3380;
v0x5a202581c200_3381 .array/port v0x5a202581c200, 3381;
v0x5a202581c200_3382 .array/port v0x5a202581c200, 3382;
E_0x5a20257c6530/845 .event anyedge, v0x5a202581c200_3379, v0x5a202581c200_3380, v0x5a202581c200_3381, v0x5a202581c200_3382;
v0x5a202581c200_3383 .array/port v0x5a202581c200, 3383;
v0x5a202581c200_3384 .array/port v0x5a202581c200, 3384;
v0x5a202581c200_3385 .array/port v0x5a202581c200, 3385;
v0x5a202581c200_3386 .array/port v0x5a202581c200, 3386;
E_0x5a20257c6530/846 .event anyedge, v0x5a202581c200_3383, v0x5a202581c200_3384, v0x5a202581c200_3385, v0x5a202581c200_3386;
v0x5a202581c200_3387 .array/port v0x5a202581c200, 3387;
v0x5a202581c200_3388 .array/port v0x5a202581c200, 3388;
v0x5a202581c200_3389 .array/port v0x5a202581c200, 3389;
v0x5a202581c200_3390 .array/port v0x5a202581c200, 3390;
E_0x5a20257c6530/847 .event anyedge, v0x5a202581c200_3387, v0x5a202581c200_3388, v0x5a202581c200_3389, v0x5a202581c200_3390;
v0x5a202581c200_3391 .array/port v0x5a202581c200, 3391;
v0x5a202581c200_3392 .array/port v0x5a202581c200, 3392;
v0x5a202581c200_3393 .array/port v0x5a202581c200, 3393;
v0x5a202581c200_3394 .array/port v0x5a202581c200, 3394;
E_0x5a20257c6530/848 .event anyedge, v0x5a202581c200_3391, v0x5a202581c200_3392, v0x5a202581c200_3393, v0x5a202581c200_3394;
v0x5a202581c200_3395 .array/port v0x5a202581c200, 3395;
v0x5a202581c200_3396 .array/port v0x5a202581c200, 3396;
v0x5a202581c200_3397 .array/port v0x5a202581c200, 3397;
v0x5a202581c200_3398 .array/port v0x5a202581c200, 3398;
E_0x5a20257c6530/849 .event anyedge, v0x5a202581c200_3395, v0x5a202581c200_3396, v0x5a202581c200_3397, v0x5a202581c200_3398;
v0x5a202581c200_3399 .array/port v0x5a202581c200, 3399;
v0x5a202581c200_3400 .array/port v0x5a202581c200, 3400;
v0x5a202581c200_3401 .array/port v0x5a202581c200, 3401;
v0x5a202581c200_3402 .array/port v0x5a202581c200, 3402;
E_0x5a20257c6530/850 .event anyedge, v0x5a202581c200_3399, v0x5a202581c200_3400, v0x5a202581c200_3401, v0x5a202581c200_3402;
v0x5a202581c200_3403 .array/port v0x5a202581c200, 3403;
v0x5a202581c200_3404 .array/port v0x5a202581c200, 3404;
v0x5a202581c200_3405 .array/port v0x5a202581c200, 3405;
v0x5a202581c200_3406 .array/port v0x5a202581c200, 3406;
E_0x5a20257c6530/851 .event anyedge, v0x5a202581c200_3403, v0x5a202581c200_3404, v0x5a202581c200_3405, v0x5a202581c200_3406;
v0x5a202581c200_3407 .array/port v0x5a202581c200, 3407;
v0x5a202581c200_3408 .array/port v0x5a202581c200, 3408;
v0x5a202581c200_3409 .array/port v0x5a202581c200, 3409;
v0x5a202581c200_3410 .array/port v0x5a202581c200, 3410;
E_0x5a20257c6530/852 .event anyedge, v0x5a202581c200_3407, v0x5a202581c200_3408, v0x5a202581c200_3409, v0x5a202581c200_3410;
v0x5a202581c200_3411 .array/port v0x5a202581c200, 3411;
v0x5a202581c200_3412 .array/port v0x5a202581c200, 3412;
v0x5a202581c200_3413 .array/port v0x5a202581c200, 3413;
v0x5a202581c200_3414 .array/port v0x5a202581c200, 3414;
E_0x5a20257c6530/853 .event anyedge, v0x5a202581c200_3411, v0x5a202581c200_3412, v0x5a202581c200_3413, v0x5a202581c200_3414;
v0x5a202581c200_3415 .array/port v0x5a202581c200, 3415;
v0x5a202581c200_3416 .array/port v0x5a202581c200, 3416;
v0x5a202581c200_3417 .array/port v0x5a202581c200, 3417;
v0x5a202581c200_3418 .array/port v0x5a202581c200, 3418;
E_0x5a20257c6530/854 .event anyedge, v0x5a202581c200_3415, v0x5a202581c200_3416, v0x5a202581c200_3417, v0x5a202581c200_3418;
v0x5a202581c200_3419 .array/port v0x5a202581c200, 3419;
v0x5a202581c200_3420 .array/port v0x5a202581c200, 3420;
v0x5a202581c200_3421 .array/port v0x5a202581c200, 3421;
v0x5a202581c200_3422 .array/port v0x5a202581c200, 3422;
E_0x5a20257c6530/855 .event anyedge, v0x5a202581c200_3419, v0x5a202581c200_3420, v0x5a202581c200_3421, v0x5a202581c200_3422;
v0x5a202581c200_3423 .array/port v0x5a202581c200, 3423;
v0x5a202581c200_3424 .array/port v0x5a202581c200, 3424;
v0x5a202581c200_3425 .array/port v0x5a202581c200, 3425;
v0x5a202581c200_3426 .array/port v0x5a202581c200, 3426;
E_0x5a20257c6530/856 .event anyedge, v0x5a202581c200_3423, v0x5a202581c200_3424, v0x5a202581c200_3425, v0x5a202581c200_3426;
v0x5a202581c200_3427 .array/port v0x5a202581c200, 3427;
v0x5a202581c200_3428 .array/port v0x5a202581c200, 3428;
v0x5a202581c200_3429 .array/port v0x5a202581c200, 3429;
v0x5a202581c200_3430 .array/port v0x5a202581c200, 3430;
E_0x5a20257c6530/857 .event anyedge, v0x5a202581c200_3427, v0x5a202581c200_3428, v0x5a202581c200_3429, v0x5a202581c200_3430;
v0x5a202581c200_3431 .array/port v0x5a202581c200, 3431;
v0x5a202581c200_3432 .array/port v0x5a202581c200, 3432;
v0x5a202581c200_3433 .array/port v0x5a202581c200, 3433;
v0x5a202581c200_3434 .array/port v0x5a202581c200, 3434;
E_0x5a20257c6530/858 .event anyedge, v0x5a202581c200_3431, v0x5a202581c200_3432, v0x5a202581c200_3433, v0x5a202581c200_3434;
v0x5a202581c200_3435 .array/port v0x5a202581c200, 3435;
v0x5a202581c200_3436 .array/port v0x5a202581c200, 3436;
v0x5a202581c200_3437 .array/port v0x5a202581c200, 3437;
v0x5a202581c200_3438 .array/port v0x5a202581c200, 3438;
E_0x5a20257c6530/859 .event anyedge, v0x5a202581c200_3435, v0x5a202581c200_3436, v0x5a202581c200_3437, v0x5a202581c200_3438;
v0x5a202581c200_3439 .array/port v0x5a202581c200, 3439;
v0x5a202581c200_3440 .array/port v0x5a202581c200, 3440;
v0x5a202581c200_3441 .array/port v0x5a202581c200, 3441;
v0x5a202581c200_3442 .array/port v0x5a202581c200, 3442;
E_0x5a20257c6530/860 .event anyedge, v0x5a202581c200_3439, v0x5a202581c200_3440, v0x5a202581c200_3441, v0x5a202581c200_3442;
v0x5a202581c200_3443 .array/port v0x5a202581c200, 3443;
v0x5a202581c200_3444 .array/port v0x5a202581c200, 3444;
v0x5a202581c200_3445 .array/port v0x5a202581c200, 3445;
v0x5a202581c200_3446 .array/port v0x5a202581c200, 3446;
E_0x5a20257c6530/861 .event anyedge, v0x5a202581c200_3443, v0x5a202581c200_3444, v0x5a202581c200_3445, v0x5a202581c200_3446;
v0x5a202581c200_3447 .array/port v0x5a202581c200, 3447;
v0x5a202581c200_3448 .array/port v0x5a202581c200, 3448;
v0x5a202581c200_3449 .array/port v0x5a202581c200, 3449;
v0x5a202581c200_3450 .array/port v0x5a202581c200, 3450;
E_0x5a20257c6530/862 .event anyedge, v0x5a202581c200_3447, v0x5a202581c200_3448, v0x5a202581c200_3449, v0x5a202581c200_3450;
v0x5a202581c200_3451 .array/port v0x5a202581c200, 3451;
v0x5a202581c200_3452 .array/port v0x5a202581c200, 3452;
v0x5a202581c200_3453 .array/port v0x5a202581c200, 3453;
v0x5a202581c200_3454 .array/port v0x5a202581c200, 3454;
E_0x5a20257c6530/863 .event anyedge, v0x5a202581c200_3451, v0x5a202581c200_3452, v0x5a202581c200_3453, v0x5a202581c200_3454;
v0x5a202581c200_3455 .array/port v0x5a202581c200, 3455;
v0x5a202581c200_3456 .array/port v0x5a202581c200, 3456;
v0x5a202581c200_3457 .array/port v0x5a202581c200, 3457;
v0x5a202581c200_3458 .array/port v0x5a202581c200, 3458;
E_0x5a20257c6530/864 .event anyedge, v0x5a202581c200_3455, v0x5a202581c200_3456, v0x5a202581c200_3457, v0x5a202581c200_3458;
v0x5a202581c200_3459 .array/port v0x5a202581c200, 3459;
v0x5a202581c200_3460 .array/port v0x5a202581c200, 3460;
v0x5a202581c200_3461 .array/port v0x5a202581c200, 3461;
v0x5a202581c200_3462 .array/port v0x5a202581c200, 3462;
E_0x5a20257c6530/865 .event anyedge, v0x5a202581c200_3459, v0x5a202581c200_3460, v0x5a202581c200_3461, v0x5a202581c200_3462;
v0x5a202581c200_3463 .array/port v0x5a202581c200, 3463;
v0x5a202581c200_3464 .array/port v0x5a202581c200, 3464;
v0x5a202581c200_3465 .array/port v0x5a202581c200, 3465;
v0x5a202581c200_3466 .array/port v0x5a202581c200, 3466;
E_0x5a20257c6530/866 .event anyedge, v0x5a202581c200_3463, v0x5a202581c200_3464, v0x5a202581c200_3465, v0x5a202581c200_3466;
v0x5a202581c200_3467 .array/port v0x5a202581c200, 3467;
v0x5a202581c200_3468 .array/port v0x5a202581c200, 3468;
v0x5a202581c200_3469 .array/port v0x5a202581c200, 3469;
v0x5a202581c200_3470 .array/port v0x5a202581c200, 3470;
E_0x5a20257c6530/867 .event anyedge, v0x5a202581c200_3467, v0x5a202581c200_3468, v0x5a202581c200_3469, v0x5a202581c200_3470;
v0x5a202581c200_3471 .array/port v0x5a202581c200, 3471;
v0x5a202581c200_3472 .array/port v0x5a202581c200, 3472;
v0x5a202581c200_3473 .array/port v0x5a202581c200, 3473;
v0x5a202581c200_3474 .array/port v0x5a202581c200, 3474;
E_0x5a20257c6530/868 .event anyedge, v0x5a202581c200_3471, v0x5a202581c200_3472, v0x5a202581c200_3473, v0x5a202581c200_3474;
v0x5a202581c200_3475 .array/port v0x5a202581c200, 3475;
v0x5a202581c200_3476 .array/port v0x5a202581c200, 3476;
v0x5a202581c200_3477 .array/port v0x5a202581c200, 3477;
v0x5a202581c200_3478 .array/port v0x5a202581c200, 3478;
E_0x5a20257c6530/869 .event anyedge, v0x5a202581c200_3475, v0x5a202581c200_3476, v0x5a202581c200_3477, v0x5a202581c200_3478;
v0x5a202581c200_3479 .array/port v0x5a202581c200, 3479;
v0x5a202581c200_3480 .array/port v0x5a202581c200, 3480;
v0x5a202581c200_3481 .array/port v0x5a202581c200, 3481;
v0x5a202581c200_3482 .array/port v0x5a202581c200, 3482;
E_0x5a20257c6530/870 .event anyedge, v0x5a202581c200_3479, v0x5a202581c200_3480, v0x5a202581c200_3481, v0x5a202581c200_3482;
v0x5a202581c200_3483 .array/port v0x5a202581c200, 3483;
v0x5a202581c200_3484 .array/port v0x5a202581c200, 3484;
v0x5a202581c200_3485 .array/port v0x5a202581c200, 3485;
v0x5a202581c200_3486 .array/port v0x5a202581c200, 3486;
E_0x5a20257c6530/871 .event anyedge, v0x5a202581c200_3483, v0x5a202581c200_3484, v0x5a202581c200_3485, v0x5a202581c200_3486;
v0x5a202581c200_3487 .array/port v0x5a202581c200, 3487;
v0x5a202581c200_3488 .array/port v0x5a202581c200, 3488;
v0x5a202581c200_3489 .array/port v0x5a202581c200, 3489;
v0x5a202581c200_3490 .array/port v0x5a202581c200, 3490;
E_0x5a20257c6530/872 .event anyedge, v0x5a202581c200_3487, v0x5a202581c200_3488, v0x5a202581c200_3489, v0x5a202581c200_3490;
v0x5a202581c200_3491 .array/port v0x5a202581c200, 3491;
v0x5a202581c200_3492 .array/port v0x5a202581c200, 3492;
v0x5a202581c200_3493 .array/port v0x5a202581c200, 3493;
v0x5a202581c200_3494 .array/port v0x5a202581c200, 3494;
E_0x5a20257c6530/873 .event anyedge, v0x5a202581c200_3491, v0x5a202581c200_3492, v0x5a202581c200_3493, v0x5a202581c200_3494;
v0x5a202581c200_3495 .array/port v0x5a202581c200, 3495;
v0x5a202581c200_3496 .array/port v0x5a202581c200, 3496;
v0x5a202581c200_3497 .array/port v0x5a202581c200, 3497;
v0x5a202581c200_3498 .array/port v0x5a202581c200, 3498;
E_0x5a20257c6530/874 .event anyedge, v0x5a202581c200_3495, v0x5a202581c200_3496, v0x5a202581c200_3497, v0x5a202581c200_3498;
v0x5a202581c200_3499 .array/port v0x5a202581c200, 3499;
v0x5a202581c200_3500 .array/port v0x5a202581c200, 3500;
v0x5a202581c200_3501 .array/port v0x5a202581c200, 3501;
v0x5a202581c200_3502 .array/port v0x5a202581c200, 3502;
E_0x5a20257c6530/875 .event anyedge, v0x5a202581c200_3499, v0x5a202581c200_3500, v0x5a202581c200_3501, v0x5a202581c200_3502;
v0x5a202581c200_3503 .array/port v0x5a202581c200, 3503;
v0x5a202581c200_3504 .array/port v0x5a202581c200, 3504;
v0x5a202581c200_3505 .array/port v0x5a202581c200, 3505;
v0x5a202581c200_3506 .array/port v0x5a202581c200, 3506;
E_0x5a20257c6530/876 .event anyedge, v0x5a202581c200_3503, v0x5a202581c200_3504, v0x5a202581c200_3505, v0x5a202581c200_3506;
v0x5a202581c200_3507 .array/port v0x5a202581c200, 3507;
v0x5a202581c200_3508 .array/port v0x5a202581c200, 3508;
v0x5a202581c200_3509 .array/port v0x5a202581c200, 3509;
v0x5a202581c200_3510 .array/port v0x5a202581c200, 3510;
E_0x5a20257c6530/877 .event anyedge, v0x5a202581c200_3507, v0x5a202581c200_3508, v0x5a202581c200_3509, v0x5a202581c200_3510;
v0x5a202581c200_3511 .array/port v0x5a202581c200, 3511;
v0x5a202581c200_3512 .array/port v0x5a202581c200, 3512;
v0x5a202581c200_3513 .array/port v0x5a202581c200, 3513;
v0x5a202581c200_3514 .array/port v0x5a202581c200, 3514;
E_0x5a20257c6530/878 .event anyedge, v0x5a202581c200_3511, v0x5a202581c200_3512, v0x5a202581c200_3513, v0x5a202581c200_3514;
v0x5a202581c200_3515 .array/port v0x5a202581c200, 3515;
v0x5a202581c200_3516 .array/port v0x5a202581c200, 3516;
v0x5a202581c200_3517 .array/port v0x5a202581c200, 3517;
v0x5a202581c200_3518 .array/port v0x5a202581c200, 3518;
E_0x5a20257c6530/879 .event anyedge, v0x5a202581c200_3515, v0x5a202581c200_3516, v0x5a202581c200_3517, v0x5a202581c200_3518;
v0x5a202581c200_3519 .array/port v0x5a202581c200, 3519;
v0x5a202581c200_3520 .array/port v0x5a202581c200, 3520;
v0x5a202581c200_3521 .array/port v0x5a202581c200, 3521;
v0x5a202581c200_3522 .array/port v0x5a202581c200, 3522;
E_0x5a20257c6530/880 .event anyedge, v0x5a202581c200_3519, v0x5a202581c200_3520, v0x5a202581c200_3521, v0x5a202581c200_3522;
v0x5a202581c200_3523 .array/port v0x5a202581c200, 3523;
v0x5a202581c200_3524 .array/port v0x5a202581c200, 3524;
v0x5a202581c200_3525 .array/port v0x5a202581c200, 3525;
v0x5a202581c200_3526 .array/port v0x5a202581c200, 3526;
E_0x5a20257c6530/881 .event anyedge, v0x5a202581c200_3523, v0x5a202581c200_3524, v0x5a202581c200_3525, v0x5a202581c200_3526;
v0x5a202581c200_3527 .array/port v0x5a202581c200, 3527;
v0x5a202581c200_3528 .array/port v0x5a202581c200, 3528;
v0x5a202581c200_3529 .array/port v0x5a202581c200, 3529;
v0x5a202581c200_3530 .array/port v0x5a202581c200, 3530;
E_0x5a20257c6530/882 .event anyedge, v0x5a202581c200_3527, v0x5a202581c200_3528, v0x5a202581c200_3529, v0x5a202581c200_3530;
v0x5a202581c200_3531 .array/port v0x5a202581c200, 3531;
v0x5a202581c200_3532 .array/port v0x5a202581c200, 3532;
v0x5a202581c200_3533 .array/port v0x5a202581c200, 3533;
v0x5a202581c200_3534 .array/port v0x5a202581c200, 3534;
E_0x5a20257c6530/883 .event anyedge, v0x5a202581c200_3531, v0x5a202581c200_3532, v0x5a202581c200_3533, v0x5a202581c200_3534;
v0x5a202581c200_3535 .array/port v0x5a202581c200, 3535;
v0x5a202581c200_3536 .array/port v0x5a202581c200, 3536;
v0x5a202581c200_3537 .array/port v0x5a202581c200, 3537;
v0x5a202581c200_3538 .array/port v0x5a202581c200, 3538;
E_0x5a20257c6530/884 .event anyedge, v0x5a202581c200_3535, v0x5a202581c200_3536, v0x5a202581c200_3537, v0x5a202581c200_3538;
v0x5a202581c200_3539 .array/port v0x5a202581c200, 3539;
v0x5a202581c200_3540 .array/port v0x5a202581c200, 3540;
v0x5a202581c200_3541 .array/port v0x5a202581c200, 3541;
v0x5a202581c200_3542 .array/port v0x5a202581c200, 3542;
E_0x5a20257c6530/885 .event anyedge, v0x5a202581c200_3539, v0x5a202581c200_3540, v0x5a202581c200_3541, v0x5a202581c200_3542;
v0x5a202581c200_3543 .array/port v0x5a202581c200, 3543;
v0x5a202581c200_3544 .array/port v0x5a202581c200, 3544;
v0x5a202581c200_3545 .array/port v0x5a202581c200, 3545;
v0x5a202581c200_3546 .array/port v0x5a202581c200, 3546;
E_0x5a20257c6530/886 .event anyedge, v0x5a202581c200_3543, v0x5a202581c200_3544, v0x5a202581c200_3545, v0x5a202581c200_3546;
v0x5a202581c200_3547 .array/port v0x5a202581c200, 3547;
v0x5a202581c200_3548 .array/port v0x5a202581c200, 3548;
v0x5a202581c200_3549 .array/port v0x5a202581c200, 3549;
v0x5a202581c200_3550 .array/port v0x5a202581c200, 3550;
E_0x5a20257c6530/887 .event anyedge, v0x5a202581c200_3547, v0x5a202581c200_3548, v0x5a202581c200_3549, v0x5a202581c200_3550;
v0x5a202581c200_3551 .array/port v0x5a202581c200, 3551;
v0x5a202581c200_3552 .array/port v0x5a202581c200, 3552;
v0x5a202581c200_3553 .array/port v0x5a202581c200, 3553;
v0x5a202581c200_3554 .array/port v0x5a202581c200, 3554;
E_0x5a20257c6530/888 .event anyedge, v0x5a202581c200_3551, v0x5a202581c200_3552, v0x5a202581c200_3553, v0x5a202581c200_3554;
v0x5a202581c200_3555 .array/port v0x5a202581c200, 3555;
v0x5a202581c200_3556 .array/port v0x5a202581c200, 3556;
v0x5a202581c200_3557 .array/port v0x5a202581c200, 3557;
v0x5a202581c200_3558 .array/port v0x5a202581c200, 3558;
E_0x5a20257c6530/889 .event anyedge, v0x5a202581c200_3555, v0x5a202581c200_3556, v0x5a202581c200_3557, v0x5a202581c200_3558;
v0x5a202581c200_3559 .array/port v0x5a202581c200, 3559;
v0x5a202581c200_3560 .array/port v0x5a202581c200, 3560;
v0x5a202581c200_3561 .array/port v0x5a202581c200, 3561;
v0x5a202581c200_3562 .array/port v0x5a202581c200, 3562;
E_0x5a20257c6530/890 .event anyedge, v0x5a202581c200_3559, v0x5a202581c200_3560, v0x5a202581c200_3561, v0x5a202581c200_3562;
v0x5a202581c200_3563 .array/port v0x5a202581c200, 3563;
v0x5a202581c200_3564 .array/port v0x5a202581c200, 3564;
v0x5a202581c200_3565 .array/port v0x5a202581c200, 3565;
v0x5a202581c200_3566 .array/port v0x5a202581c200, 3566;
E_0x5a20257c6530/891 .event anyedge, v0x5a202581c200_3563, v0x5a202581c200_3564, v0x5a202581c200_3565, v0x5a202581c200_3566;
v0x5a202581c200_3567 .array/port v0x5a202581c200, 3567;
v0x5a202581c200_3568 .array/port v0x5a202581c200, 3568;
v0x5a202581c200_3569 .array/port v0x5a202581c200, 3569;
v0x5a202581c200_3570 .array/port v0x5a202581c200, 3570;
E_0x5a20257c6530/892 .event anyedge, v0x5a202581c200_3567, v0x5a202581c200_3568, v0x5a202581c200_3569, v0x5a202581c200_3570;
v0x5a202581c200_3571 .array/port v0x5a202581c200, 3571;
v0x5a202581c200_3572 .array/port v0x5a202581c200, 3572;
v0x5a202581c200_3573 .array/port v0x5a202581c200, 3573;
v0x5a202581c200_3574 .array/port v0x5a202581c200, 3574;
E_0x5a20257c6530/893 .event anyedge, v0x5a202581c200_3571, v0x5a202581c200_3572, v0x5a202581c200_3573, v0x5a202581c200_3574;
v0x5a202581c200_3575 .array/port v0x5a202581c200, 3575;
v0x5a202581c200_3576 .array/port v0x5a202581c200, 3576;
v0x5a202581c200_3577 .array/port v0x5a202581c200, 3577;
v0x5a202581c200_3578 .array/port v0x5a202581c200, 3578;
E_0x5a20257c6530/894 .event anyedge, v0x5a202581c200_3575, v0x5a202581c200_3576, v0x5a202581c200_3577, v0x5a202581c200_3578;
v0x5a202581c200_3579 .array/port v0x5a202581c200, 3579;
v0x5a202581c200_3580 .array/port v0x5a202581c200, 3580;
v0x5a202581c200_3581 .array/port v0x5a202581c200, 3581;
v0x5a202581c200_3582 .array/port v0x5a202581c200, 3582;
E_0x5a20257c6530/895 .event anyedge, v0x5a202581c200_3579, v0x5a202581c200_3580, v0x5a202581c200_3581, v0x5a202581c200_3582;
v0x5a202581c200_3583 .array/port v0x5a202581c200, 3583;
v0x5a202581c200_3584 .array/port v0x5a202581c200, 3584;
v0x5a202581c200_3585 .array/port v0x5a202581c200, 3585;
v0x5a202581c200_3586 .array/port v0x5a202581c200, 3586;
E_0x5a20257c6530/896 .event anyedge, v0x5a202581c200_3583, v0x5a202581c200_3584, v0x5a202581c200_3585, v0x5a202581c200_3586;
v0x5a202581c200_3587 .array/port v0x5a202581c200, 3587;
v0x5a202581c200_3588 .array/port v0x5a202581c200, 3588;
v0x5a202581c200_3589 .array/port v0x5a202581c200, 3589;
v0x5a202581c200_3590 .array/port v0x5a202581c200, 3590;
E_0x5a20257c6530/897 .event anyedge, v0x5a202581c200_3587, v0x5a202581c200_3588, v0x5a202581c200_3589, v0x5a202581c200_3590;
v0x5a202581c200_3591 .array/port v0x5a202581c200, 3591;
v0x5a202581c200_3592 .array/port v0x5a202581c200, 3592;
v0x5a202581c200_3593 .array/port v0x5a202581c200, 3593;
v0x5a202581c200_3594 .array/port v0x5a202581c200, 3594;
E_0x5a20257c6530/898 .event anyedge, v0x5a202581c200_3591, v0x5a202581c200_3592, v0x5a202581c200_3593, v0x5a202581c200_3594;
v0x5a202581c200_3595 .array/port v0x5a202581c200, 3595;
v0x5a202581c200_3596 .array/port v0x5a202581c200, 3596;
v0x5a202581c200_3597 .array/port v0x5a202581c200, 3597;
v0x5a202581c200_3598 .array/port v0x5a202581c200, 3598;
E_0x5a20257c6530/899 .event anyedge, v0x5a202581c200_3595, v0x5a202581c200_3596, v0x5a202581c200_3597, v0x5a202581c200_3598;
v0x5a202581c200_3599 .array/port v0x5a202581c200, 3599;
v0x5a202581c200_3600 .array/port v0x5a202581c200, 3600;
v0x5a202581c200_3601 .array/port v0x5a202581c200, 3601;
v0x5a202581c200_3602 .array/port v0x5a202581c200, 3602;
E_0x5a20257c6530/900 .event anyedge, v0x5a202581c200_3599, v0x5a202581c200_3600, v0x5a202581c200_3601, v0x5a202581c200_3602;
v0x5a202581c200_3603 .array/port v0x5a202581c200, 3603;
v0x5a202581c200_3604 .array/port v0x5a202581c200, 3604;
v0x5a202581c200_3605 .array/port v0x5a202581c200, 3605;
v0x5a202581c200_3606 .array/port v0x5a202581c200, 3606;
E_0x5a20257c6530/901 .event anyedge, v0x5a202581c200_3603, v0x5a202581c200_3604, v0x5a202581c200_3605, v0x5a202581c200_3606;
v0x5a202581c200_3607 .array/port v0x5a202581c200, 3607;
v0x5a202581c200_3608 .array/port v0x5a202581c200, 3608;
v0x5a202581c200_3609 .array/port v0x5a202581c200, 3609;
v0x5a202581c200_3610 .array/port v0x5a202581c200, 3610;
E_0x5a20257c6530/902 .event anyedge, v0x5a202581c200_3607, v0x5a202581c200_3608, v0x5a202581c200_3609, v0x5a202581c200_3610;
v0x5a202581c200_3611 .array/port v0x5a202581c200, 3611;
v0x5a202581c200_3612 .array/port v0x5a202581c200, 3612;
v0x5a202581c200_3613 .array/port v0x5a202581c200, 3613;
v0x5a202581c200_3614 .array/port v0x5a202581c200, 3614;
E_0x5a20257c6530/903 .event anyedge, v0x5a202581c200_3611, v0x5a202581c200_3612, v0x5a202581c200_3613, v0x5a202581c200_3614;
v0x5a202581c200_3615 .array/port v0x5a202581c200, 3615;
v0x5a202581c200_3616 .array/port v0x5a202581c200, 3616;
v0x5a202581c200_3617 .array/port v0x5a202581c200, 3617;
v0x5a202581c200_3618 .array/port v0x5a202581c200, 3618;
E_0x5a20257c6530/904 .event anyedge, v0x5a202581c200_3615, v0x5a202581c200_3616, v0x5a202581c200_3617, v0x5a202581c200_3618;
v0x5a202581c200_3619 .array/port v0x5a202581c200, 3619;
v0x5a202581c200_3620 .array/port v0x5a202581c200, 3620;
v0x5a202581c200_3621 .array/port v0x5a202581c200, 3621;
v0x5a202581c200_3622 .array/port v0x5a202581c200, 3622;
E_0x5a20257c6530/905 .event anyedge, v0x5a202581c200_3619, v0x5a202581c200_3620, v0x5a202581c200_3621, v0x5a202581c200_3622;
v0x5a202581c200_3623 .array/port v0x5a202581c200, 3623;
v0x5a202581c200_3624 .array/port v0x5a202581c200, 3624;
v0x5a202581c200_3625 .array/port v0x5a202581c200, 3625;
v0x5a202581c200_3626 .array/port v0x5a202581c200, 3626;
E_0x5a20257c6530/906 .event anyedge, v0x5a202581c200_3623, v0x5a202581c200_3624, v0x5a202581c200_3625, v0x5a202581c200_3626;
v0x5a202581c200_3627 .array/port v0x5a202581c200, 3627;
v0x5a202581c200_3628 .array/port v0x5a202581c200, 3628;
v0x5a202581c200_3629 .array/port v0x5a202581c200, 3629;
v0x5a202581c200_3630 .array/port v0x5a202581c200, 3630;
E_0x5a20257c6530/907 .event anyedge, v0x5a202581c200_3627, v0x5a202581c200_3628, v0x5a202581c200_3629, v0x5a202581c200_3630;
v0x5a202581c200_3631 .array/port v0x5a202581c200, 3631;
v0x5a202581c200_3632 .array/port v0x5a202581c200, 3632;
v0x5a202581c200_3633 .array/port v0x5a202581c200, 3633;
v0x5a202581c200_3634 .array/port v0x5a202581c200, 3634;
E_0x5a20257c6530/908 .event anyedge, v0x5a202581c200_3631, v0x5a202581c200_3632, v0x5a202581c200_3633, v0x5a202581c200_3634;
v0x5a202581c200_3635 .array/port v0x5a202581c200, 3635;
v0x5a202581c200_3636 .array/port v0x5a202581c200, 3636;
v0x5a202581c200_3637 .array/port v0x5a202581c200, 3637;
v0x5a202581c200_3638 .array/port v0x5a202581c200, 3638;
E_0x5a20257c6530/909 .event anyedge, v0x5a202581c200_3635, v0x5a202581c200_3636, v0x5a202581c200_3637, v0x5a202581c200_3638;
v0x5a202581c200_3639 .array/port v0x5a202581c200, 3639;
v0x5a202581c200_3640 .array/port v0x5a202581c200, 3640;
v0x5a202581c200_3641 .array/port v0x5a202581c200, 3641;
v0x5a202581c200_3642 .array/port v0x5a202581c200, 3642;
E_0x5a20257c6530/910 .event anyedge, v0x5a202581c200_3639, v0x5a202581c200_3640, v0x5a202581c200_3641, v0x5a202581c200_3642;
v0x5a202581c200_3643 .array/port v0x5a202581c200, 3643;
v0x5a202581c200_3644 .array/port v0x5a202581c200, 3644;
v0x5a202581c200_3645 .array/port v0x5a202581c200, 3645;
v0x5a202581c200_3646 .array/port v0x5a202581c200, 3646;
E_0x5a20257c6530/911 .event anyedge, v0x5a202581c200_3643, v0x5a202581c200_3644, v0x5a202581c200_3645, v0x5a202581c200_3646;
v0x5a202581c200_3647 .array/port v0x5a202581c200, 3647;
v0x5a202581c200_3648 .array/port v0x5a202581c200, 3648;
v0x5a202581c200_3649 .array/port v0x5a202581c200, 3649;
v0x5a202581c200_3650 .array/port v0x5a202581c200, 3650;
E_0x5a20257c6530/912 .event anyedge, v0x5a202581c200_3647, v0x5a202581c200_3648, v0x5a202581c200_3649, v0x5a202581c200_3650;
v0x5a202581c200_3651 .array/port v0x5a202581c200, 3651;
v0x5a202581c200_3652 .array/port v0x5a202581c200, 3652;
v0x5a202581c200_3653 .array/port v0x5a202581c200, 3653;
v0x5a202581c200_3654 .array/port v0x5a202581c200, 3654;
E_0x5a20257c6530/913 .event anyedge, v0x5a202581c200_3651, v0x5a202581c200_3652, v0x5a202581c200_3653, v0x5a202581c200_3654;
v0x5a202581c200_3655 .array/port v0x5a202581c200, 3655;
v0x5a202581c200_3656 .array/port v0x5a202581c200, 3656;
v0x5a202581c200_3657 .array/port v0x5a202581c200, 3657;
v0x5a202581c200_3658 .array/port v0x5a202581c200, 3658;
E_0x5a20257c6530/914 .event anyedge, v0x5a202581c200_3655, v0x5a202581c200_3656, v0x5a202581c200_3657, v0x5a202581c200_3658;
v0x5a202581c200_3659 .array/port v0x5a202581c200, 3659;
v0x5a202581c200_3660 .array/port v0x5a202581c200, 3660;
v0x5a202581c200_3661 .array/port v0x5a202581c200, 3661;
v0x5a202581c200_3662 .array/port v0x5a202581c200, 3662;
E_0x5a20257c6530/915 .event anyedge, v0x5a202581c200_3659, v0x5a202581c200_3660, v0x5a202581c200_3661, v0x5a202581c200_3662;
v0x5a202581c200_3663 .array/port v0x5a202581c200, 3663;
v0x5a202581c200_3664 .array/port v0x5a202581c200, 3664;
v0x5a202581c200_3665 .array/port v0x5a202581c200, 3665;
v0x5a202581c200_3666 .array/port v0x5a202581c200, 3666;
E_0x5a20257c6530/916 .event anyedge, v0x5a202581c200_3663, v0x5a202581c200_3664, v0x5a202581c200_3665, v0x5a202581c200_3666;
v0x5a202581c200_3667 .array/port v0x5a202581c200, 3667;
v0x5a202581c200_3668 .array/port v0x5a202581c200, 3668;
v0x5a202581c200_3669 .array/port v0x5a202581c200, 3669;
v0x5a202581c200_3670 .array/port v0x5a202581c200, 3670;
E_0x5a20257c6530/917 .event anyedge, v0x5a202581c200_3667, v0x5a202581c200_3668, v0x5a202581c200_3669, v0x5a202581c200_3670;
v0x5a202581c200_3671 .array/port v0x5a202581c200, 3671;
v0x5a202581c200_3672 .array/port v0x5a202581c200, 3672;
v0x5a202581c200_3673 .array/port v0x5a202581c200, 3673;
v0x5a202581c200_3674 .array/port v0x5a202581c200, 3674;
E_0x5a20257c6530/918 .event anyedge, v0x5a202581c200_3671, v0x5a202581c200_3672, v0x5a202581c200_3673, v0x5a202581c200_3674;
v0x5a202581c200_3675 .array/port v0x5a202581c200, 3675;
v0x5a202581c200_3676 .array/port v0x5a202581c200, 3676;
v0x5a202581c200_3677 .array/port v0x5a202581c200, 3677;
v0x5a202581c200_3678 .array/port v0x5a202581c200, 3678;
E_0x5a20257c6530/919 .event anyedge, v0x5a202581c200_3675, v0x5a202581c200_3676, v0x5a202581c200_3677, v0x5a202581c200_3678;
v0x5a202581c200_3679 .array/port v0x5a202581c200, 3679;
v0x5a202581c200_3680 .array/port v0x5a202581c200, 3680;
v0x5a202581c200_3681 .array/port v0x5a202581c200, 3681;
v0x5a202581c200_3682 .array/port v0x5a202581c200, 3682;
E_0x5a20257c6530/920 .event anyedge, v0x5a202581c200_3679, v0x5a202581c200_3680, v0x5a202581c200_3681, v0x5a202581c200_3682;
v0x5a202581c200_3683 .array/port v0x5a202581c200, 3683;
v0x5a202581c200_3684 .array/port v0x5a202581c200, 3684;
v0x5a202581c200_3685 .array/port v0x5a202581c200, 3685;
v0x5a202581c200_3686 .array/port v0x5a202581c200, 3686;
E_0x5a20257c6530/921 .event anyedge, v0x5a202581c200_3683, v0x5a202581c200_3684, v0x5a202581c200_3685, v0x5a202581c200_3686;
v0x5a202581c200_3687 .array/port v0x5a202581c200, 3687;
v0x5a202581c200_3688 .array/port v0x5a202581c200, 3688;
v0x5a202581c200_3689 .array/port v0x5a202581c200, 3689;
v0x5a202581c200_3690 .array/port v0x5a202581c200, 3690;
E_0x5a20257c6530/922 .event anyedge, v0x5a202581c200_3687, v0x5a202581c200_3688, v0x5a202581c200_3689, v0x5a202581c200_3690;
v0x5a202581c200_3691 .array/port v0x5a202581c200, 3691;
v0x5a202581c200_3692 .array/port v0x5a202581c200, 3692;
v0x5a202581c200_3693 .array/port v0x5a202581c200, 3693;
v0x5a202581c200_3694 .array/port v0x5a202581c200, 3694;
E_0x5a20257c6530/923 .event anyedge, v0x5a202581c200_3691, v0x5a202581c200_3692, v0x5a202581c200_3693, v0x5a202581c200_3694;
v0x5a202581c200_3695 .array/port v0x5a202581c200, 3695;
v0x5a202581c200_3696 .array/port v0x5a202581c200, 3696;
v0x5a202581c200_3697 .array/port v0x5a202581c200, 3697;
v0x5a202581c200_3698 .array/port v0x5a202581c200, 3698;
E_0x5a20257c6530/924 .event anyedge, v0x5a202581c200_3695, v0x5a202581c200_3696, v0x5a202581c200_3697, v0x5a202581c200_3698;
v0x5a202581c200_3699 .array/port v0x5a202581c200, 3699;
v0x5a202581c200_3700 .array/port v0x5a202581c200, 3700;
v0x5a202581c200_3701 .array/port v0x5a202581c200, 3701;
v0x5a202581c200_3702 .array/port v0x5a202581c200, 3702;
E_0x5a20257c6530/925 .event anyedge, v0x5a202581c200_3699, v0x5a202581c200_3700, v0x5a202581c200_3701, v0x5a202581c200_3702;
v0x5a202581c200_3703 .array/port v0x5a202581c200, 3703;
v0x5a202581c200_3704 .array/port v0x5a202581c200, 3704;
v0x5a202581c200_3705 .array/port v0x5a202581c200, 3705;
v0x5a202581c200_3706 .array/port v0x5a202581c200, 3706;
E_0x5a20257c6530/926 .event anyedge, v0x5a202581c200_3703, v0x5a202581c200_3704, v0x5a202581c200_3705, v0x5a202581c200_3706;
v0x5a202581c200_3707 .array/port v0x5a202581c200, 3707;
v0x5a202581c200_3708 .array/port v0x5a202581c200, 3708;
v0x5a202581c200_3709 .array/port v0x5a202581c200, 3709;
v0x5a202581c200_3710 .array/port v0x5a202581c200, 3710;
E_0x5a20257c6530/927 .event anyedge, v0x5a202581c200_3707, v0x5a202581c200_3708, v0x5a202581c200_3709, v0x5a202581c200_3710;
v0x5a202581c200_3711 .array/port v0x5a202581c200, 3711;
v0x5a202581c200_3712 .array/port v0x5a202581c200, 3712;
v0x5a202581c200_3713 .array/port v0x5a202581c200, 3713;
v0x5a202581c200_3714 .array/port v0x5a202581c200, 3714;
E_0x5a20257c6530/928 .event anyedge, v0x5a202581c200_3711, v0x5a202581c200_3712, v0x5a202581c200_3713, v0x5a202581c200_3714;
v0x5a202581c200_3715 .array/port v0x5a202581c200, 3715;
v0x5a202581c200_3716 .array/port v0x5a202581c200, 3716;
v0x5a202581c200_3717 .array/port v0x5a202581c200, 3717;
v0x5a202581c200_3718 .array/port v0x5a202581c200, 3718;
E_0x5a20257c6530/929 .event anyedge, v0x5a202581c200_3715, v0x5a202581c200_3716, v0x5a202581c200_3717, v0x5a202581c200_3718;
v0x5a202581c200_3719 .array/port v0x5a202581c200, 3719;
v0x5a202581c200_3720 .array/port v0x5a202581c200, 3720;
v0x5a202581c200_3721 .array/port v0x5a202581c200, 3721;
v0x5a202581c200_3722 .array/port v0x5a202581c200, 3722;
E_0x5a20257c6530/930 .event anyedge, v0x5a202581c200_3719, v0x5a202581c200_3720, v0x5a202581c200_3721, v0x5a202581c200_3722;
v0x5a202581c200_3723 .array/port v0x5a202581c200, 3723;
v0x5a202581c200_3724 .array/port v0x5a202581c200, 3724;
v0x5a202581c200_3725 .array/port v0x5a202581c200, 3725;
v0x5a202581c200_3726 .array/port v0x5a202581c200, 3726;
E_0x5a20257c6530/931 .event anyedge, v0x5a202581c200_3723, v0x5a202581c200_3724, v0x5a202581c200_3725, v0x5a202581c200_3726;
v0x5a202581c200_3727 .array/port v0x5a202581c200, 3727;
v0x5a202581c200_3728 .array/port v0x5a202581c200, 3728;
v0x5a202581c200_3729 .array/port v0x5a202581c200, 3729;
v0x5a202581c200_3730 .array/port v0x5a202581c200, 3730;
E_0x5a20257c6530/932 .event anyedge, v0x5a202581c200_3727, v0x5a202581c200_3728, v0x5a202581c200_3729, v0x5a202581c200_3730;
v0x5a202581c200_3731 .array/port v0x5a202581c200, 3731;
v0x5a202581c200_3732 .array/port v0x5a202581c200, 3732;
v0x5a202581c200_3733 .array/port v0x5a202581c200, 3733;
v0x5a202581c200_3734 .array/port v0x5a202581c200, 3734;
E_0x5a20257c6530/933 .event anyedge, v0x5a202581c200_3731, v0x5a202581c200_3732, v0x5a202581c200_3733, v0x5a202581c200_3734;
v0x5a202581c200_3735 .array/port v0x5a202581c200, 3735;
v0x5a202581c200_3736 .array/port v0x5a202581c200, 3736;
v0x5a202581c200_3737 .array/port v0x5a202581c200, 3737;
v0x5a202581c200_3738 .array/port v0x5a202581c200, 3738;
E_0x5a20257c6530/934 .event anyedge, v0x5a202581c200_3735, v0x5a202581c200_3736, v0x5a202581c200_3737, v0x5a202581c200_3738;
v0x5a202581c200_3739 .array/port v0x5a202581c200, 3739;
v0x5a202581c200_3740 .array/port v0x5a202581c200, 3740;
v0x5a202581c200_3741 .array/port v0x5a202581c200, 3741;
v0x5a202581c200_3742 .array/port v0x5a202581c200, 3742;
E_0x5a20257c6530/935 .event anyedge, v0x5a202581c200_3739, v0x5a202581c200_3740, v0x5a202581c200_3741, v0x5a202581c200_3742;
v0x5a202581c200_3743 .array/port v0x5a202581c200, 3743;
v0x5a202581c200_3744 .array/port v0x5a202581c200, 3744;
v0x5a202581c200_3745 .array/port v0x5a202581c200, 3745;
v0x5a202581c200_3746 .array/port v0x5a202581c200, 3746;
E_0x5a20257c6530/936 .event anyedge, v0x5a202581c200_3743, v0x5a202581c200_3744, v0x5a202581c200_3745, v0x5a202581c200_3746;
v0x5a202581c200_3747 .array/port v0x5a202581c200, 3747;
v0x5a202581c200_3748 .array/port v0x5a202581c200, 3748;
v0x5a202581c200_3749 .array/port v0x5a202581c200, 3749;
v0x5a202581c200_3750 .array/port v0x5a202581c200, 3750;
E_0x5a20257c6530/937 .event anyedge, v0x5a202581c200_3747, v0x5a202581c200_3748, v0x5a202581c200_3749, v0x5a202581c200_3750;
v0x5a202581c200_3751 .array/port v0x5a202581c200, 3751;
v0x5a202581c200_3752 .array/port v0x5a202581c200, 3752;
v0x5a202581c200_3753 .array/port v0x5a202581c200, 3753;
v0x5a202581c200_3754 .array/port v0x5a202581c200, 3754;
E_0x5a20257c6530/938 .event anyedge, v0x5a202581c200_3751, v0x5a202581c200_3752, v0x5a202581c200_3753, v0x5a202581c200_3754;
v0x5a202581c200_3755 .array/port v0x5a202581c200, 3755;
v0x5a202581c200_3756 .array/port v0x5a202581c200, 3756;
v0x5a202581c200_3757 .array/port v0x5a202581c200, 3757;
v0x5a202581c200_3758 .array/port v0x5a202581c200, 3758;
E_0x5a20257c6530/939 .event anyedge, v0x5a202581c200_3755, v0x5a202581c200_3756, v0x5a202581c200_3757, v0x5a202581c200_3758;
v0x5a202581c200_3759 .array/port v0x5a202581c200, 3759;
v0x5a202581c200_3760 .array/port v0x5a202581c200, 3760;
v0x5a202581c200_3761 .array/port v0x5a202581c200, 3761;
v0x5a202581c200_3762 .array/port v0x5a202581c200, 3762;
E_0x5a20257c6530/940 .event anyedge, v0x5a202581c200_3759, v0x5a202581c200_3760, v0x5a202581c200_3761, v0x5a202581c200_3762;
v0x5a202581c200_3763 .array/port v0x5a202581c200, 3763;
v0x5a202581c200_3764 .array/port v0x5a202581c200, 3764;
v0x5a202581c200_3765 .array/port v0x5a202581c200, 3765;
v0x5a202581c200_3766 .array/port v0x5a202581c200, 3766;
E_0x5a20257c6530/941 .event anyedge, v0x5a202581c200_3763, v0x5a202581c200_3764, v0x5a202581c200_3765, v0x5a202581c200_3766;
v0x5a202581c200_3767 .array/port v0x5a202581c200, 3767;
v0x5a202581c200_3768 .array/port v0x5a202581c200, 3768;
v0x5a202581c200_3769 .array/port v0x5a202581c200, 3769;
v0x5a202581c200_3770 .array/port v0x5a202581c200, 3770;
E_0x5a20257c6530/942 .event anyedge, v0x5a202581c200_3767, v0x5a202581c200_3768, v0x5a202581c200_3769, v0x5a202581c200_3770;
v0x5a202581c200_3771 .array/port v0x5a202581c200, 3771;
v0x5a202581c200_3772 .array/port v0x5a202581c200, 3772;
v0x5a202581c200_3773 .array/port v0x5a202581c200, 3773;
v0x5a202581c200_3774 .array/port v0x5a202581c200, 3774;
E_0x5a20257c6530/943 .event anyedge, v0x5a202581c200_3771, v0x5a202581c200_3772, v0x5a202581c200_3773, v0x5a202581c200_3774;
v0x5a202581c200_3775 .array/port v0x5a202581c200, 3775;
v0x5a202581c200_3776 .array/port v0x5a202581c200, 3776;
v0x5a202581c200_3777 .array/port v0x5a202581c200, 3777;
v0x5a202581c200_3778 .array/port v0x5a202581c200, 3778;
E_0x5a20257c6530/944 .event anyedge, v0x5a202581c200_3775, v0x5a202581c200_3776, v0x5a202581c200_3777, v0x5a202581c200_3778;
v0x5a202581c200_3779 .array/port v0x5a202581c200, 3779;
v0x5a202581c200_3780 .array/port v0x5a202581c200, 3780;
v0x5a202581c200_3781 .array/port v0x5a202581c200, 3781;
v0x5a202581c200_3782 .array/port v0x5a202581c200, 3782;
E_0x5a20257c6530/945 .event anyedge, v0x5a202581c200_3779, v0x5a202581c200_3780, v0x5a202581c200_3781, v0x5a202581c200_3782;
v0x5a202581c200_3783 .array/port v0x5a202581c200, 3783;
v0x5a202581c200_3784 .array/port v0x5a202581c200, 3784;
v0x5a202581c200_3785 .array/port v0x5a202581c200, 3785;
v0x5a202581c200_3786 .array/port v0x5a202581c200, 3786;
E_0x5a20257c6530/946 .event anyedge, v0x5a202581c200_3783, v0x5a202581c200_3784, v0x5a202581c200_3785, v0x5a202581c200_3786;
v0x5a202581c200_3787 .array/port v0x5a202581c200, 3787;
v0x5a202581c200_3788 .array/port v0x5a202581c200, 3788;
v0x5a202581c200_3789 .array/port v0x5a202581c200, 3789;
v0x5a202581c200_3790 .array/port v0x5a202581c200, 3790;
E_0x5a20257c6530/947 .event anyedge, v0x5a202581c200_3787, v0x5a202581c200_3788, v0x5a202581c200_3789, v0x5a202581c200_3790;
v0x5a202581c200_3791 .array/port v0x5a202581c200, 3791;
v0x5a202581c200_3792 .array/port v0x5a202581c200, 3792;
v0x5a202581c200_3793 .array/port v0x5a202581c200, 3793;
v0x5a202581c200_3794 .array/port v0x5a202581c200, 3794;
E_0x5a20257c6530/948 .event anyedge, v0x5a202581c200_3791, v0x5a202581c200_3792, v0x5a202581c200_3793, v0x5a202581c200_3794;
v0x5a202581c200_3795 .array/port v0x5a202581c200, 3795;
v0x5a202581c200_3796 .array/port v0x5a202581c200, 3796;
v0x5a202581c200_3797 .array/port v0x5a202581c200, 3797;
v0x5a202581c200_3798 .array/port v0x5a202581c200, 3798;
E_0x5a20257c6530/949 .event anyedge, v0x5a202581c200_3795, v0x5a202581c200_3796, v0x5a202581c200_3797, v0x5a202581c200_3798;
v0x5a202581c200_3799 .array/port v0x5a202581c200, 3799;
v0x5a202581c200_3800 .array/port v0x5a202581c200, 3800;
v0x5a202581c200_3801 .array/port v0x5a202581c200, 3801;
v0x5a202581c200_3802 .array/port v0x5a202581c200, 3802;
E_0x5a20257c6530/950 .event anyedge, v0x5a202581c200_3799, v0x5a202581c200_3800, v0x5a202581c200_3801, v0x5a202581c200_3802;
v0x5a202581c200_3803 .array/port v0x5a202581c200, 3803;
v0x5a202581c200_3804 .array/port v0x5a202581c200, 3804;
v0x5a202581c200_3805 .array/port v0x5a202581c200, 3805;
v0x5a202581c200_3806 .array/port v0x5a202581c200, 3806;
E_0x5a20257c6530/951 .event anyedge, v0x5a202581c200_3803, v0x5a202581c200_3804, v0x5a202581c200_3805, v0x5a202581c200_3806;
v0x5a202581c200_3807 .array/port v0x5a202581c200, 3807;
v0x5a202581c200_3808 .array/port v0x5a202581c200, 3808;
v0x5a202581c200_3809 .array/port v0x5a202581c200, 3809;
v0x5a202581c200_3810 .array/port v0x5a202581c200, 3810;
E_0x5a20257c6530/952 .event anyedge, v0x5a202581c200_3807, v0x5a202581c200_3808, v0x5a202581c200_3809, v0x5a202581c200_3810;
v0x5a202581c200_3811 .array/port v0x5a202581c200, 3811;
v0x5a202581c200_3812 .array/port v0x5a202581c200, 3812;
v0x5a202581c200_3813 .array/port v0x5a202581c200, 3813;
v0x5a202581c200_3814 .array/port v0x5a202581c200, 3814;
E_0x5a20257c6530/953 .event anyedge, v0x5a202581c200_3811, v0x5a202581c200_3812, v0x5a202581c200_3813, v0x5a202581c200_3814;
v0x5a202581c200_3815 .array/port v0x5a202581c200, 3815;
v0x5a202581c200_3816 .array/port v0x5a202581c200, 3816;
v0x5a202581c200_3817 .array/port v0x5a202581c200, 3817;
v0x5a202581c200_3818 .array/port v0x5a202581c200, 3818;
E_0x5a20257c6530/954 .event anyedge, v0x5a202581c200_3815, v0x5a202581c200_3816, v0x5a202581c200_3817, v0x5a202581c200_3818;
v0x5a202581c200_3819 .array/port v0x5a202581c200, 3819;
v0x5a202581c200_3820 .array/port v0x5a202581c200, 3820;
v0x5a202581c200_3821 .array/port v0x5a202581c200, 3821;
v0x5a202581c200_3822 .array/port v0x5a202581c200, 3822;
E_0x5a20257c6530/955 .event anyedge, v0x5a202581c200_3819, v0x5a202581c200_3820, v0x5a202581c200_3821, v0x5a202581c200_3822;
v0x5a202581c200_3823 .array/port v0x5a202581c200, 3823;
v0x5a202581c200_3824 .array/port v0x5a202581c200, 3824;
v0x5a202581c200_3825 .array/port v0x5a202581c200, 3825;
v0x5a202581c200_3826 .array/port v0x5a202581c200, 3826;
E_0x5a20257c6530/956 .event anyedge, v0x5a202581c200_3823, v0x5a202581c200_3824, v0x5a202581c200_3825, v0x5a202581c200_3826;
v0x5a202581c200_3827 .array/port v0x5a202581c200, 3827;
v0x5a202581c200_3828 .array/port v0x5a202581c200, 3828;
v0x5a202581c200_3829 .array/port v0x5a202581c200, 3829;
v0x5a202581c200_3830 .array/port v0x5a202581c200, 3830;
E_0x5a20257c6530/957 .event anyedge, v0x5a202581c200_3827, v0x5a202581c200_3828, v0x5a202581c200_3829, v0x5a202581c200_3830;
v0x5a202581c200_3831 .array/port v0x5a202581c200, 3831;
v0x5a202581c200_3832 .array/port v0x5a202581c200, 3832;
v0x5a202581c200_3833 .array/port v0x5a202581c200, 3833;
v0x5a202581c200_3834 .array/port v0x5a202581c200, 3834;
E_0x5a20257c6530/958 .event anyedge, v0x5a202581c200_3831, v0x5a202581c200_3832, v0x5a202581c200_3833, v0x5a202581c200_3834;
v0x5a202581c200_3835 .array/port v0x5a202581c200, 3835;
v0x5a202581c200_3836 .array/port v0x5a202581c200, 3836;
v0x5a202581c200_3837 .array/port v0x5a202581c200, 3837;
v0x5a202581c200_3838 .array/port v0x5a202581c200, 3838;
E_0x5a20257c6530/959 .event anyedge, v0x5a202581c200_3835, v0x5a202581c200_3836, v0x5a202581c200_3837, v0x5a202581c200_3838;
v0x5a202581c200_3839 .array/port v0x5a202581c200, 3839;
v0x5a202581c200_3840 .array/port v0x5a202581c200, 3840;
v0x5a202581c200_3841 .array/port v0x5a202581c200, 3841;
v0x5a202581c200_3842 .array/port v0x5a202581c200, 3842;
E_0x5a20257c6530/960 .event anyedge, v0x5a202581c200_3839, v0x5a202581c200_3840, v0x5a202581c200_3841, v0x5a202581c200_3842;
v0x5a202581c200_3843 .array/port v0x5a202581c200, 3843;
v0x5a202581c200_3844 .array/port v0x5a202581c200, 3844;
v0x5a202581c200_3845 .array/port v0x5a202581c200, 3845;
v0x5a202581c200_3846 .array/port v0x5a202581c200, 3846;
E_0x5a20257c6530/961 .event anyedge, v0x5a202581c200_3843, v0x5a202581c200_3844, v0x5a202581c200_3845, v0x5a202581c200_3846;
v0x5a202581c200_3847 .array/port v0x5a202581c200, 3847;
v0x5a202581c200_3848 .array/port v0x5a202581c200, 3848;
v0x5a202581c200_3849 .array/port v0x5a202581c200, 3849;
v0x5a202581c200_3850 .array/port v0x5a202581c200, 3850;
E_0x5a20257c6530/962 .event anyedge, v0x5a202581c200_3847, v0x5a202581c200_3848, v0x5a202581c200_3849, v0x5a202581c200_3850;
v0x5a202581c200_3851 .array/port v0x5a202581c200, 3851;
v0x5a202581c200_3852 .array/port v0x5a202581c200, 3852;
v0x5a202581c200_3853 .array/port v0x5a202581c200, 3853;
v0x5a202581c200_3854 .array/port v0x5a202581c200, 3854;
E_0x5a20257c6530/963 .event anyedge, v0x5a202581c200_3851, v0x5a202581c200_3852, v0x5a202581c200_3853, v0x5a202581c200_3854;
v0x5a202581c200_3855 .array/port v0x5a202581c200, 3855;
v0x5a202581c200_3856 .array/port v0x5a202581c200, 3856;
v0x5a202581c200_3857 .array/port v0x5a202581c200, 3857;
v0x5a202581c200_3858 .array/port v0x5a202581c200, 3858;
E_0x5a20257c6530/964 .event anyedge, v0x5a202581c200_3855, v0x5a202581c200_3856, v0x5a202581c200_3857, v0x5a202581c200_3858;
v0x5a202581c200_3859 .array/port v0x5a202581c200, 3859;
v0x5a202581c200_3860 .array/port v0x5a202581c200, 3860;
v0x5a202581c200_3861 .array/port v0x5a202581c200, 3861;
v0x5a202581c200_3862 .array/port v0x5a202581c200, 3862;
E_0x5a20257c6530/965 .event anyedge, v0x5a202581c200_3859, v0x5a202581c200_3860, v0x5a202581c200_3861, v0x5a202581c200_3862;
v0x5a202581c200_3863 .array/port v0x5a202581c200, 3863;
v0x5a202581c200_3864 .array/port v0x5a202581c200, 3864;
v0x5a202581c200_3865 .array/port v0x5a202581c200, 3865;
v0x5a202581c200_3866 .array/port v0x5a202581c200, 3866;
E_0x5a20257c6530/966 .event anyedge, v0x5a202581c200_3863, v0x5a202581c200_3864, v0x5a202581c200_3865, v0x5a202581c200_3866;
v0x5a202581c200_3867 .array/port v0x5a202581c200, 3867;
v0x5a202581c200_3868 .array/port v0x5a202581c200, 3868;
v0x5a202581c200_3869 .array/port v0x5a202581c200, 3869;
v0x5a202581c200_3870 .array/port v0x5a202581c200, 3870;
E_0x5a20257c6530/967 .event anyedge, v0x5a202581c200_3867, v0x5a202581c200_3868, v0x5a202581c200_3869, v0x5a202581c200_3870;
v0x5a202581c200_3871 .array/port v0x5a202581c200, 3871;
v0x5a202581c200_3872 .array/port v0x5a202581c200, 3872;
v0x5a202581c200_3873 .array/port v0x5a202581c200, 3873;
v0x5a202581c200_3874 .array/port v0x5a202581c200, 3874;
E_0x5a20257c6530/968 .event anyedge, v0x5a202581c200_3871, v0x5a202581c200_3872, v0x5a202581c200_3873, v0x5a202581c200_3874;
v0x5a202581c200_3875 .array/port v0x5a202581c200, 3875;
v0x5a202581c200_3876 .array/port v0x5a202581c200, 3876;
v0x5a202581c200_3877 .array/port v0x5a202581c200, 3877;
v0x5a202581c200_3878 .array/port v0x5a202581c200, 3878;
E_0x5a20257c6530/969 .event anyedge, v0x5a202581c200_3875, v0x5a202581c200_3876, v0x5a202581c200_3877, v0x5a202581c200_3878;
v0x5a202581c200_3879 .array/port v0x5a202581c200, 3879;
v0x5a202581c200_3880 .array/port v0x5a202581c200, 3880;
v0x5a202581c200_3881 .array/port v0x5a202581c200, 3881;
v0x5a202581c200_3882 .array/port v0x5a202581c200, 3882;
E_0x5a20257c6530/970 .event anyedge, v0x5a202581c200_3879, v0x5a202581c200_3880, v0x5a202581c200_3881, v0x5a202581c200_3882;
v0x5a202581c200_3883 .array/port v0x5a202581c200, 3883;
v0x5a202581c200_3884 .array/port v0x5a202581c200, 3884;
v0x5a202581c200_3885 .array/port v0x5a202581c200, 3885;
v0x5a202581c200_3886 .array/port v0x5a202581c200, 3886;
E_0x5a20257c6530/971 .event anyedge, v0x5a202581c200_3883, v0x5a202581c200_3884, v0x5a202581c200_3885, v0x5a202581c200_3886;
v0x5a202581c200_3887 .array/port v0x5a202581c200, 3887;
v0x5a202581c200_3888 .array/port v0x5a202581c200, 3888;
v0x5a202581c200_3889 .array/port v0x5a202581c200, 3889;
v0x5a202581c200_3890 .array/port v0x5a202581c200, 3890;
E_0x5a20257c6530/972 .event anyedge, v0x5a202581c200_3887, v0x5a202581c200_3888, v0x5a202581c200_3889, v0x5a202581c200_3890;
v0x5a202581c200_3891 .array/port v0x5a202581c200, 3891;
v0x5a202581c200_3892 .array/port v0x5a202581c200, 3892;
v0x5a202581c200_3893 .array/port v0x5a202581c200, 3893;
v0x5a202581c200_3894 .array/port v0x5a202581c200, 3894;
E_0x5a20257c6530/973 .event anyedge, v0x5a202581c200_3891, v0x5a202581c200_3892, v0x5a202581c200_3893, v0x5a202581c200_3894;
v0x5a202581c200_3895 .array/port v0x5a202581c200, 3895;
v0x5a202581c200_3896 .array/port v0x5a202581c200, 3896;
v0x5a202581c200_3897 .array/port v0x5a202581c200, 3897;
v0x5a202581c200_3898 .array/port v0x5a202581c200, 3898;
E_0x5a20257c6530/974 .event anyedge, v0x5a202581c200_3895, v0x5a202581c200_3896, v0x5a202581c200_3897, v0x5a202581c200_3898;
v0x5a202581c200_3899 .array/port v0x5a202581c200, 3899;
v0x5a202581c200_3900 .array/port v0x5a202581c200, 3900;
v0x5a202581c200_3901 .array/port v0x5a202581c200, 3901;
v0x5a202581c200_3902 .array/port v0x5a202581c200, 3902;
E_0x5a20257c6530/975 .event anyedge, v0x5a202581c200_3899, v0x5a202581c200_3900, v0x5a202581c200_3901, v0x5a202581c200_3902;
v0x5a202581c200_3903 .array/port v0x5a202581c200, 3903;
v0x5a202581c200_3904 .array/port v0x5a202581c200, 3904;
v0x5a202581c200_3905 .array/port v0x5a202581c200, 3905;
v0x5a202581c200_3906 .array/port v0x5a202581c200, 3906;
E_0x5a20257c6530/976 .event anyedge, v0x5a202581c200_3903, v0x5a202581c200_3904, v0x5a202581c200_3905, v0x5a202581c200_3906;
v0x5a202581c200_3907 .array/port v0x5a202581c200, 3907;
v0x5a202581c200_3908 .array/port v0x5a202581c200, 3908;
v0x5a202581c200_3909 .array/port v0x5a202581c200, 3909;
v0x5a202581c200_3910 .array/port v0x5a202581c200, 3910;
E_0x5a20257c6530/977 .event anyedge, v0x5a202581c200_3907, v0x5a202581c200_3908, v0x5a202581c200_3909, v0x5a202581c200_3910;
v0x5a202581c200_3911 .array/port v0x5a202581c200, 3911;
v0x5a202581c200_3912 .array/port v0x5a202581c200, 3912;
v0x5a202581c200_3913 .array/port v0x5a202581c200, 3913;
v0x5a202581c200_3914 .array/port v0x5a202581c200, 3914;
E_0x5a20257c6530/978 .event anyedge, v0x5a202581c200_3911, v0x5a202581c200_3912, v0x5a202581c200_3913, v0x5a202581c200_3914;
v0x5a202581c200_3915 .array/port v0x5a202581c200, 3915;
v0x5a202581c200_3916 .array/port v0x5a202581c200, 3916;
v0x5a202581c200_3917 .array/port v0x5a202581c200, 3917;
v0x5a202581c200_3918 .array/port v0x5a202581c200, 3918;
E_0x5a20257c6530/979 .event anyedge, v0x5a202581c200_3915, v0x5a202581c200_3916, v0x5a202581c200_3917, v0x5a202581c200_3918;
v0x5a202581c200_3919 .array/port v0x5a202581c200, 3919;
v0x5a202581c200_3920 .array/port v0x5a202581c200, 3920;
v0x5a202581c200_3921 .array/port v0x5a202581c200, 3921;
v0x5a202581c200_3922 .array/port v0x5a202581c200, 3922;
E_0x5a20257c6530/980 .event anyedge, v0x5a202581c200_3919, v0x5a202581c200_3920, v0x5a202581c200_3921, v0x5a202581c200_3922;
v0x5a202581c200_3923 .array/port v0x5a202581c200, 3923;
v0x5a202581c200_3924 .array/port v0x5a202581c200, 3924;
v0x5a202581c200_3925 .array/port v0x5a202581c200, 3925;
v0x5a202581c200_3926 .array/port v0x5a202581c200, 3926;
E_0x5a20257c6530/981 .event anyedge, v0x5a202581c200_3923, v0x5a202581c200_3924, v0x5a202581c200_3925, v0x5a202581c200_3926;
v0x5a202581c200_3927 .array/port v0x5a202581c200, 3927;
v0x5a202581c200_3928 .array/port v0x5a202581c200, 3928;
v0x5a202581c200_3929 .array/port v0x5a202581c200, 3929;
v0x5a202581c200_3930 .array/port v0x5a202581c200, 3930;
E_0x5a20257c6530/982 .event anyedge, v0x5a202581c200_3927, v0x5a202581c200_3928, v0x5a202581c200_3929, v0x5a202581c200_3930;
v0x5a202581c200_3931 .array/port v0x5a202581c200, 3931;
v0x5a202581c200_3932 .array/port v0x5a202581c200, 3932;
v0x5a202581c200_3933 .array/port v0x5a202581c200, 3933;
v0x5a202581c200_3934 .array/port v0x5a202581c200, 3934;
E_0x5a20257c6530/983 .event anyedge, v0x5a202581c200_3931, v0x5a202581c200_3932, v0x5a202581c200_3933, v0x5a202581c200_3934;
v0x5a202581c200_3935 .array/port v0x5a202581c200, 3935;
v0x5a202581c200_3936 .array/port v0x5a202581c200, 3936;
v0x5a202581c200_3937 .array/port v0x5a202581c200, 3937;
v0x5a202581c200_3938 .array/port v0x5a202581c200, 3938;
E_0x5a20257c6530/984 .event anyedge, v0x5a202581c200_3935, v0x5a202581c200_3936, v0x5a202581c200_3937, v0x5a202581c200_3938;
v0x5a202581c200_3939 .array/port v0x5a202581c200, 3939;
v0x5a202581c200_3940 .array/port v0x5a202581c200, 3940;
v0x5a202581c200_3941 .array/port v0x5a202581c200, 3941;
v0x5a202581c200_3942 .array/port v0x5a202581c200, 3942;
E_0x5a20257c6530/985 .event anyedge, v0x5a202581c200_3939, v0x5a202581c200_3940, v0x5a202581c200_3941, v0x5a202581c200_3942;
v0x5a202581c200_3943 .array/port v0x5a202581c200, 3943;
v0x5a202581c200_3944 .array/port v0x5a202581c200, 3944;
v0x5a202581c200_3945 .array/port v0x5a202581c200, 3945;
v0x5a202581c200_3946 .array/port v0x5a202581c200, 3946;
E_0x5a20257c6530/986 .event anyedge, v0x5a202581c200_3943, v0x5a202581c200_3944, v0x5a202581c200_3945, v0x5a202581c200_3946;
v0x5a202581c200_3947 .array/port v0x5a202581c200, 3947;
v0x5a202581c200_3948 .array/port v0x5a202581c200, 3948;
v0x5a202581c200_3949 .array/port v0x5a202581c200, 3949;
v0x5a202581c200_3950 .array/port v0x5a202581c200, 3950;
E_0x5a20257c6530/987 .event anyedge, v0x5a202581c200_3947, v0x5a202581c200_3948, v0x5a202581c200_3949, v0x5a202581c200_3950;
v0x5a202581c200_3951 .array/port v0x5a202581c200, 3951;
v0x5a202581c200_3952 .array/port v0x5a202581c200, 3952;
v0x5a202581c200_3953 .array/port v0x5a202581c200, 3953;
v0x5a202581c200_3954 .array/port v0x5a202581c200, 3954;
E_0x5a20257c6530/988 .event anyedge, v0x5a202581c200_3951, v0x5a202581c200_3952, v0x5a202581c200_3953, v0x5a202581c200_3954;
v0x5a202581c200_3955 .array/port v0x5a202581c200, 3955;
v0x5a202581c200_3956 .array/port v0x5a202581c200, 3956;
v0x5a202581c200_3957 .array/port v0x5a202581c200, 3957;
v0x5a202581c200_3958 .array/port v0x5a202581c200, 3958;
E_0x5a20257c6530/989 .event anyedge, v0x5a202581c200_3955, v0x5a202581c200_3956, v0x5a202581c200_3957, v0x5a202581c200_3958;
v0x5a202581c200_3959 .array/port v0x5a202581c200, 3959;
v0x5a202581c200_3960 .array/port v0x5a202581c200, 3960;
v0x5a202581c200_3961 .array/port v0x5a202581c200, 3961;
v0x5a202581c200_3962 .array/port v0x5a202581c200, 3962;
E_0x5a20257c6530/990 .event anyedge, v0x5a202581c200_3959, v0x5a202581c200_3960, v0x5a202581c200_3961, v0x5a202581c200_3962;
v0x5a202581c200_3963 .array/port v0x5a202581c200, 3963;
v0x5a202581c200_3964 .array/port v0x5a202581c200, 3964;
v0x5a202581c200_3965 .array/port v0x5a202581c200, 3965;
v0x5a202581c200_3966 .array/port v0x5a202581c200, 3966;
E_0x5a20257c6530/991 .event anyedge, v0x5a202581c200_3963, v0x5a202581c200_3964, v0x5a202581c200_3965, v0x5a202581c200_3966;
v0x5a202581c200_3967 .array/port v0x5a202581c200, 3967;
v0x5a202581c200_3968 .array/port v0x5a202581c200, 3968;
v0x5a202581c200_3969 .array/port v0x5a202581c200, 3969;
v0x5a202581c200_3970 .array/port v0x5a202581c200, 3970;
E_0x5a20257c6530/992 .event anyedge, v0x5a202581c200_3967, v0x5a202581c200_3968, v0x5a202581c200_3969, v0x5a202581c200_3970;
v0x5a202581c200_3971 .array/port v0x5a202581c200, 3971;
v0x5a202581c200_3972 .array/port v0x5a202581c200, 3972;
v0x5a202581c200_3973 .array/port v0x5a202581c200, 3973;
v0x5a202581c200_3974 .array/port v0x5a202581c200, 3974;
E_0x5a20257c6530/993 .event anyedge, v0x5a202581c200_3971, v0x5a202581c200_3972, v0x5a202581c200_3973, v0x5a202581c200_3974;
v0x5a202581c200_3975 .array/port v0x5a202581c200, 3975;
v0x5a202581c200_3976 .array/port v0x5a202581c200, 3976;
v0x5a202581c200_3977 .array/port v0x5a202581c200, 3977;
v0x5a202581c200_3978 .array/port v0x5a202581c200, 3978;
E_0x5a20257c6530/994 .event anyedge, v0x5a202581c200_3975, v0x5a202581c200_3976, v0x5a202581c200_3977, v0x5a202581c200_3978;
v0x5a202581c200_3979 .array/port v0x5a202581c200, 3979;
v0x5a202581c200_3980 .array/port v0x5a202581c200, 3980;
v0x5a202581c200_3981 .array/port v0x5a202581c200, 3981;
v0x5a202581c200_3982 .array/port v0x5a202581c200, 3982;
E_0x5a20257c6530/995 .event anyedge, v0x5a202581c200_3979, v0x5a202581c200_3980, v0x5a202581c200_3981, v0x5a202581c200_3982;
v0x5a202581c200_3983 .array/port v0x5a202581c200, 3983;
v0x5a202581c200_3984 .array/port v0x5a202581c200, 3984;
v0x5a202581c200_3985 .array/port v0x5a202581c200, 3985;
v0x5a202581c200_3986 .array/port v0x5a202581c200, 3986;
E_0x5a20257c6530/996 .event anyedge, v0x5a202581c200_3983, v0x5a202581c200_3984, v0x5a202581c200_3985, v0x5a202581c200_3986;
v0x5a202581c200_3987 .array/port v0x5a202581c200, 3987;
v0x5a202581c200_3988 .array/port v0x5a202581c200, 3988;
v0x5a202581c200_3989 .array/port v0x5a202581c200, 3989;
v0x5a202581c200_3990 .array/port v0x5a202581c200, 3990;
E_0x5a20257c6530/997 .event anyedge, v0x5a202581c200_3987, v0x5a202581c200_3988, v0x5a202581c200_3989, v0x5a202581c200_3990;
v0x5a202581c200_3991 .array/port v0x5a202581c200, 3991;
v0x5a202581c200_3992 .array/port v0x5a202581c200, 3992;
v0x5a202581c200_3993 .array/port v0x5a202581c200, 3993;
v0x5a202581c200_3994 .array/port v0x5a202581c200, 3994;
E_0x5a20257c6530/998 .event anyedge, v0x5a202581c200_3991, v0x5a202581c200_3992, v0x5a202581c200_3993, v0x5a202581c200_3994;
v0x5a202581c200_3995 .array/port v0x5a202581c200, 3995;
v0x5a202581c200_3996 .array/port v0x5a202581c200, 3996;
v0x5a202581c200_3997 .array/port v0x5a202581c200, 3997;
v0x5a202581c200_3998 .array/port v0x5a202581c200, 3998;
E_0x5a20257c6530/999 .event anyedge, v0x5a202581c200_3995, v0x5a202581c200_3996, v0x5a202581c200_3997, v0x5a202581c200_3998;
v0x5a202581c200_3999 .array/port v0x5a202581c200, 3999;
v0x5a202581c200_4000 .array/port v0x5a202581c200, 4000;
v0x5a202581c200_4001 .array/port v0x5a202581c200, 4001;
v0x5a202581c200_4002 .array/port v0x5a202581c200, 4002;
E_0x5a20257c6530/1000 .event anyedge, v0x5a202581c200_3999, v0x5a202581c200_4000, v0x5a202581c200_4001, v0x5a202581c200_4002;
v0x5a202581c200_4003 .array/port v0x5a202581c200, 4003;
v0x5a202581c200_4004 .array/port v0x5a202581c200, 4004;
v0x5a202581c200_4005 .array/port v0x5a202581c200, 4005;
v0x5a202581c200_4006 .array/port v0x5a202581c200, 4006;
E_0x5a20257c6530/1001 .event anyedge, v0x5a202581c200_4003, v0x5a202581c200_4004, v0x5a202581c200_4005, v0x5a202581c200_4006;
v0x5a202581c200_4007 .array/port v0x5a202581c200, 4007;
v0x5a202581c200_4008 .array/port v0x5a202581c200, 4008;
v0x5a202581c200_4009 .array/port v0x5a202581c200, 4009;
v0x5a202581c200_4010 .array/port v0x5a202581c200, 4010;
E_0x5a20257c6530/1002 .event anyedge, v0x5a202581c200_4007, v0x5a202581c200_4008, v0x5a202581c200_4009, v0x5a202581c200_4010;
v0x5a202581c200_4011 .array/port v0x5a202581c200, 4011;
v0x5a202581c200_4012 .array/port v0x5a202581c200, 4012;
v0x5a202581c200_4013 .array/port v0x5a202581c200, 4013;
v0x5a202581c200_4014 .array/port v0x5a202581c200, 4014;
E_0x5a20257c6530/1003 .event anyedge, v0x5a202581c200_4011, v0x5a202581c200_4012, v0x5a202581c200_4013, v0x5a202581c200_4014;
v0x5a202581c200_4015 .array/port v0x5a202581c200, 4015;
v0x5a202581c200_4016 .array/port v0x5a202581c200, 4016;
v0x5a202581c200_4017 .array/port v0x5a202581c200, 4017;
v0x5a202581c200_4018 .array/port v0x5a202581c200, 4018;
E_0x5a20257c6530/1004 .event anyedge, v0x5a202581c200_4015, v0x5a202581c200_4016, v0x5a202581c200_4017, v0x5a202581c200_4018;
v0x5a202581c200_4019 .array/port v0x5a202581c200, 4019;
v0x5a202581c200_4020 .array/port v0x5a202581c200, 4020;
v0x5a202581c200_4021 .array/port v0x5a202581c200, 4021;
v0x5a202581c200_4022 .array/port v0x5a202581c200, 4022;
E_0x5a20257c6530/1005 .event anyedge, v0x5a202581c200_4019, v0x5a202581c200_4020, v0x5a202581c200_4021, v0x5a202581c200_4022;
v0x5a202581c200_4023 .array/port v0x5a202581c200, 4023;
v0x5a202581c200_4024 .array/port v0x5a202581c200, 4024;
v0x5a202581c200_4025 .array/port v0x5a202581c200, 4025;
v0x5a202581c200_4026 .array/port v0x5a202581c200, 4026;
E_0x5a20257c6530/1006 .event anyedge, v0x5a202581c200_4023, v0x5a202581c200_4024, v0x5a202581c200_4025, v0x5a202581c200_4026;
v0x5a202581c200_4027 .array/port v0x5a202581c200, 4027;
v0x5a202581c200_4028 .array/port v0x5a202581c200, 4028;
v0x5a202581c200_4029 .array/port v0x5a202581c200, 4029;
v0x5a202581c200_4030 .array/port v0x5a202581c200, 4030;
E_0x5a20257c6530/1007 .event anyedge, v0x5a202581c200_4027, v0x5a202581c200_4028, v0x5a202581c200_4029, v0x5a202581c200_4030;
v0x5a202581c200_4031 .array/port v0x5a202581c200, 4031;
v0x5a202581c200_4032 .array/port v0x5a202581c200, 4032;
v0x5a202581c200_4033 .array/port v0x5a202581c200, 4033;
v0x5a202581c200_4034 .array/port v0x5a202581c200, 4034;
E_0x5a20257c6530/1008 .event anyedge, v0x5a202581c200_4031, v0x5a202581c200_4032, v0x5a202581c200_4033, v0x5a202581c200_4034;
v0x5a202581c200_4035 .array/port v0x5a202581c200, 4035;
v0x5a202581c200_4036 .array/port v0x5a202581c200, 4036;
v0x5a202581c200_4037 .array/port v0x5a202581c200, 4037;
v0x5a202581c200_4038 .array/port v0x5a202581c200, 4038;
E_0x5a20257c6530/1009 .event anyedge, v0x5a202581c200_4035, v0x5a202581c200_4036, v0x5a202581c200_4037, v0x5a202581c200_4038;
v0x5a202581c200_4039 .array/port v0x5a202581c200, 4039;
v0x5a202581c200_4040 .array/port v0x5a202581c200, 4040;
v0x5a202581c200_4041 .array/port v0x5a202581c200, 4041;
v0x5a202581c200_4042 .array/port v0x5a202581c200, 4042;
E_0x5a20257c6530/1010 .event anyedge, v0x5a202581c200_4039, v0x5a202581c200_4040, v0x5a202581c200_4041, v0x5a202581c200_4042;
v0x5a202581c200_4043 .array/port v0x5a202581c200, 4043;
v0x5a202581c200_4044 .array/port v0x5a202581c200, 4044;
v0x5a202581c200_4045 .array/port v0x5a202581c200, 4045;
v0x5a202581c200_4046 .array/port v0x5a202581c200, 4046;
E_0x5a20257c6530/1011 .event anyedge, v0x5a202581c200_4043, v0x5a202581c200_4044, v0x5a202581c200_4045, v0x5a202581c200_4046;
v0x5a202581c200_4047 .array/port v0x5a202581c200, 4047;
v0x5a202581c200_4048 .array/port v0x5a202581c200, 4048;
v0x5a202581c200_4049 .array/port v0x5a202581c200, 4049;
v0x5a202581c200_4050 .array/port v0x5a202581c200, 4050;
E_0x5a20257c6530/1012 .event anyedge, v0x5a202581c200_4047, v0x5a202581c200_4048, v0x5a202581c200_4049, v0x5a202581c200_4050;
v0x5a202581c200_4051 .array/port v0x5a202581c200, 4051;
v0x5a202581c200_4052 .array/port v0x5a202581c200, 4052;
v0x5a202581c200_4053 .array/port v0x5a202581c200, 4053;
v0x5a202581c200_4054 .array/port v0x5a202581c200, 4054;
E_0x5a20257c6530/1013 .event anyedge, v0x5a202581c200_4051, v0x5a202581c200_4052, v0x5a202581c200_4053, v0x5a202581c200_4054;
v0x5a202581c200_4055 .array/port v0x5a202581c200, 4055;
v0x5a202581c200_4056 .array/port v0x5a202581c200, 4056;
v0x5a202581c200_4057 .array/port v0x5a202581c200, 4057;
v0x5a202581c200_4058 .array/port v0x5a202581c200, 4058;
E_0x5a20257c6530/1014 .event anyedge, v0x5a202581c200_4055, v0x5a202581c200_4056, v0x5a202581c200_4057, v0x5a202581c200_4058;
v0x5a202581c200_4059 .array/port v0x5a202581c200, 4059;
v0x5a202581c200_4060 .array/port v0x5a202581c200, 4060;
v0x5a202581c200_4061 .array/port v0x5a202581c200, 4061;
v0x5a202581c200_4062 .array/port v0x5a202581c200, 4062;
E_0x5a20257c6530/1015 .event anyedge, v0x5a202581c200_4059, v0x5a202581c200_4060, v0x5a202581c200_4061, v0x5a202581c200_4062;
v0x5a202581c200_4063 .array/port v0x5a202581c200, 4063;
v0x5a202581c200_4064 .array/port v0x5a202581c200, 4064;
v0x5a202581c200_4065 .array/port v0x5a202581c200, 4065;
v0x5a202581c200_4066 .array/port v0x5a202581c200, 4066;
E_0x5a20257c6530/1016 .event anyedge, v0x5a202581c200_4063, v0x5a202581c200_4064, v0x5a202581c200_4065, v0x5a202581c200_4066;
v0x5a202581c200_4067 .array/port v0x5a202581c200, 4067;
v0x5a202581c200_4068 .array/port v0x5a202581c200, 4068;
v0x5a202581c200_4069 .array/port v0x5a202581c200, 4069;
v0x5a202581c200_4070 .array/port v0x5a202581c200, 4070;
E_0x5a20257c6530/1017 .event anyedge, v0x5a202581c200_4067, v0x5a202581c200_4068, v0x5a202581c200_4069, v0x5a202581c200_4070;
v0x5a202581c200_4071 .array/port v0x5a202581c200, 4071;
v0x5a202581c200_4072 .array/port v0x5a202581c200, 4072;
v0x5a202581c200_4073 .array/port v0x5a202581c200, 4073;
v0x5a202581c200_4074 .array/port v0x5a202581c200, 4074;
E_0x5a20257c6530/1018 .event anyedge, v0x5a202581c200_4071, v0x5a202581c200_4072, v0x5a202581c200_4073, v0x5a202581c200_4074;
v0x5a202581c200_4075 .array/port v0x5a202581c200, 4075;
v0x5a202581c200_4076 .array/port v0x5a202581c200, 4076;
v0x5a202581c200_4077 .array/port v0x5a202581c200, 4077;
v0x5a202581c200_4078 .array/port v0x5a202581c200, 4078;
E_0x5a20257c6530/1019 .event anyedge, v0x5a202581c200_4075, v0x5a202581c200_4076, v0x5a202581c200_4077, v0x5a202581c200_4078;
v0x5a202581c200_4079 .array/port v0x5a202581c200, 4079;
v0x5a202581c200_4080 .array/port v0x5a202581c200, 4080;
v0x5a202581c200_4081 .array/port v0x5a202581c200, 4081;
v0x5a202581c200_4082 .array/port v0x5a202581c200, 4082;
E_0x5a20257c6530/1020 .event anyedge, v0x5a202581c200_4079, v0x5a202581c200_4080, v0x5a202581c200_4081, v0x5a202581c200_4082;
v0x5a202581c200_4083 .array/port v0x5a202581c200, 4083;
v0x5a202581c200_4084 .array/port v0x5a202581c200, 4084;
v0x5a202581c200_4085 .array/port v0x5a202581c200, 4085;
v0x5a202581c200_4086 .array/port v0x5a202581c200, 4086;
E_0x5a20257c6530/1021 .event anyedge, v0x5a202581c200_4083, v0x5a202581c200_4084, v0x5a202581c200_4085, v0x5a202581c200_4086;
v0x5a202581c200_4087 .array/port v0x5a202581c200, 4087;
v0x5a202581c200_4088 .array/port v0x5a202581c200, 4088;
v0x5a202581c200_4089 .array/port v0x5a202581c200, 4089;
v0x5a202581c200_4090 .array/port v0x5a202581c200, 4090;
E_0x5a20257c6530/1022 .event anyedge, v0x5a202581c200_4087, v0x5a202581c200_4088, v0x5a202581c200_4089, v0x5a202581c200_4090;
v0x5a202581c200_4091 .array/port v0x5a202581c200, 4091;
v0x5a202581c200_4092 .array/port v0x5a202581c200, 4092;
v0x5a202581c200_4093 .array/port v0x5a202581c200, 4093;
v0x5a202581c200_4094 .array/port v0x5a202581c200, 4094;
E_0x5a20257c6530/1023 .event anyedge, v0x5a202581c200_4091, v0x5a202581c200_4092, v0x5a202581c200_4093, v0x5a202581c200_4094;
v0x5a202581c200_4095 .array/port v0x5a202581c200, 4095;
v0x5a202581c200_4096 .array/port v0x5a202581c200, 4096;
v0x5a202581c200_4097 .array/port v0x5a202581c200, 4097;
v0x5a202581c200_4098 .array/port v0x5a202581c200, 4098;
E_0x5a20257c6530/1024 .event anyedge, v0x5a202581c200_4095, v0x5a202581c200_4096, v0x5a202581c200_4097, v0x5a202581c200_4098;
v0x5a202581c200_4099 .array/port v0x5a202581c200, 4099;
v0x5a202581c200_4100 .array/port v0x5a202581c200, 4100;
v0x5a202581c200_4101 .array/port v0x5a202581c200, 4101;
v0x5a202581c200_4102 .array/port v0x5a202581c200, 4102;
E_0x5a20257c6530/1025 .event anyedge, v0x5a202581c200_4099, v0x5a202581c200_4100, v0x5a202581c200_4101, v0x5a202581c200_4102;
v0x5a202581c200_4103 .array/port v0x5a202581c200, 4103;
v0x5a202581c200_4104 .array/port v0x5a202581c200, 4104;
v0x5a202581c200_4105 .array/port v0x5a202581c200, 4105;
v0x5a202581c200_4106 .array/port v0x5a202581c200, 4106;
E_0x5a20257c6530/1026 .event anyedge, v0x5a202581c200_4103, v0x5a202581c200_4104, v0x5a202581c200_4105, v0x5a202581c200_4106;
v0x5a202581c200_4107 .array/port v0x5a202581c200, 4107;
v0x5a202581c200_4108 .array/port v0x5a202581c200, 4108;
v0x5a202581c200_4109 .array/port v0x5a202581c200, 4109;
v0x5a202581c200_4110 .array/port v0x5a202581c200, 4110;
E_0x5a20257c6530/1027 .event anyedge, v0x5a202581c200_4107, v0x5a202581c200_4108, v0x5a202581c200_4109, v0x5a202581c200_4110;
v0x5a202581c200_4111 .array/port v0x5a202581c200, 4111;
v0x5a202581c200_4112 .array/port v0x5a202581c200, 4112;
v0x5a202581c200_4113 .array/port v0x5a202581c200, 4113;
v0x5a202581c200_4114 .array/port v0x5a202581c200, 4114;
E_0x5a20257c6530/1028 .event anyedge, v0x5a202581c200_4111, v0x5a202581c200_4112, v0x5a202581c200_4113, v0x5a202581c200_4114;
v0x5a202581c200_4115 .array/port v0x5a202581c200, 4115;
v0x5a202581c200_4116 .array/port v0x5a202581c200, 4116;
v0x5a202581c200_4117 .array/port v0x5a202581c200, 4117;
v0x5a202581c200_4118 .array/port v0x5a202581c200, 4118;
E_0x5a20257c6530/1029 .event anyedge, v0x5a202581c200_4115, v0x5a202581c200_4116, v0x5a202581c200_4117, v0x5a202581c200_4118;
v0x5a202581c200_4119 .array/port v0x5a202581c200, 4119;
v0x5a202581c200_4120 .array/port v0x5a202581c200, 4120;
v0x5a202581c200_4121 .array/port v0x5a202581c200, 4121;
v0x5a202581c200_4122 .array/port v0x5a202581c200, 4122;
E_0x5a20257c6530/1030 .event anyedge, v0x5a202581c200_4119, v0x5a202581c200_4120, v0x5a202581c200_4121, v0x5a202581c200_4122;
v0x5a202581c200_4123 .array/port v0x5a202581c200, 4123;
v0x5a202581c200_4124 .array/port v0x5a202581c200, 4124;
v0x5a202581c200_4125 .array/port v0x5a202581c200, 4125;
v0x5a202581c200_4126 .array/port v0x5a202581c200, 4126;
E_0x5a20257c6530/1031 .event anyedge, v0x5a202581c200_4123, v0x5a202581c200_4124, v0x5a202581c200_4125, v0x5a202581c200_4126;
v0x5a202581c200_4127 .array/port v0x5a202581c200, 4127;
v0x5a202581c200_4128 .array/port v0x5a202581c200, 4128;
v0x5a202581c200_4129 .array/port v0x5a202581c200, 4129;
v0x5a202581c200_4130 .array/port v0x5a202581c200, 4130;
E_0x5a20257c6530/1032 .event anyedge, v0x5a202581c200_4127, v0x5a202581c200_4128, v0x5a202581c200_4129, v0x5a202581c200_4130;
v0x5a202581c200_4131 .array/port v0x5a202581c200, 4131;
v0x5a202581c200_4132 .array/port v0x5a202581c200, 4132;
v0x5a202581c200_4133 .array/port v0x5a202581c200, 4133;
v0x5a202581c200_4134 .array/port v0x5a202581c200, 4134;
E_0x5a20257c6530/1033 .event anyedge, v0x5a202581c200_4131, v0x5a202581c200_4132, v0x5a202581c200_4133, v0x5a202581c200_4134;
v0x5a202581c200_4135 .array/port v0x5a202581c200, 4135;
v0x5a202581c200_4136 .array/port v0x5a202581c200, 4136;
v0x5a202581c200_4137 .array/port v0x5a202581c200, 4137;
v0x5a202581c200_4138 .array/port v0x5a202581c200, 4138;
E_0x5a20257c6530/1034 .event anyedge, v0x5a202581c200_4135, v0x5a202581c200_4136, v0x5a202581c200_4137, v0x5a202581c200_4138;
v0x5a202581c200_4139 .array/port v0x5a202581c200, 4139;
v0x5a202581c200_4140 .array/port v0x5a202581c200, 4140;
v0x5a202581c200_4141 .array/port v0x5a202581c200, 4141;
v0x5a202581c200_4142 .array/port v0x5a202581c200, 4142;
E_0x5a20257c6530/1035 .event anyedge, v0x5a202581c200_4139, v0x5a202581c200_4140, v0x5a202581c200_4141, v0x5a202581c200_4142;
v0x5a202581c200_4143 .array/port v0x5a202581c200, 4143;
v0x5a202581c200_4144 .array/port v0x5a202581c200, 4144;
v0x5a202581c200_4145 .array/port v0x5a202581c200, 4145;
v0x5a202581c200_4146 .array/port v0x5a202581c200, 4146;
E_0x5a20257c6530/1036 .event anyedge, v0x5a202581c200_4143, v0x5a202581c200_4144, v0x5a202581c200_4145, v0x5a202581c200_4146;
v0x5a202581c200_4147 .array/port v0x5a202581c200, 4147;
v0x5a202581c200_4148 .array/port v0x5a202581c200, 4148;
v0x5a202581c200_4149 .array/port v0x5a202581c200, 4149;
v0x5a202581c200_4150 .array/port v0x5a202581c200, 4150;
E_0x5a20257c6530/1037 .event anyedge, v0x5a202581c200_4147, v0x5a202581c200_4148, v0x5a202581c200_4149, v0x5a202581c200_4150;
v0x5a202581c200_4151 .array/port v0x5a202581c200, 4151;
v0x5a202581c200_4152 .array/port v0x5a202581c200, 4152;
v0x5a202581c200_4153 .array/port v0x5a202581c200, 4153;
v0x5a202581c200_4154 .array/port v0x5a202581c200, 4154;
E_0x5a20257c6530/1038 .event anyedge, v0x5a202581c200_4151, v0x5a202581c200_4152, v0x5a202581c200_4153, v0x5a202581c200_4154;
v0x5a202581c200_4155 .array/port v0x5a202581c200, 4155;
v0x5a202581c200_4156 .array/port v0x5a202581c200, 4156;
v0x5a202581c200_4157 .array/port v0x5a202581c200, 4157;
v0x5a202581c200_4158 .array/port v0x5a202581c200, 4158;
E_0x5a20257c6530/1039 .event anyedge, v0x5a202581c200_4155, v0x5a202581c200_4156, v0x5a202581c200_4157, v0x5a202581c200_4158;
v0x5a202581c200_4159 .array/port v0x5a202581c200, 4159;
v0x5a202581c200_4160 .array/port v0x5a202581c200, 4160;
v0x5a202581c200_4161 .array/port v0x5a202581c200, 4161;
v0x5a202581c200_4162 .array/port v0x5a202581c200, 4162;
E_0x5a20257c6530/1040 .event anyedge, v0x5a202581c200_4159, v0x5a202581c200_4160, v0x5a202581c200_4161, v0x5a202581c200_4162;
v0x5a202581c200_4163 .array/port v0x5a202581c200, 4163;
v0x5a202581c200_4164 .array/port v0x5a202581c200, 4164;
v0x5a202581c200_4165 .array/port v0x5a202581c200, 4165;
v0x5a202581c200_4166 .array/port v0x5a202581c200, 4166;
E_0x5a20257c6530/1041 .event anyedge, v0x5a202581c200_4163, v0x5a202581c200_4164, v0x5a202581c200_4165, v0x5a202581c200_4166;
v0x5a202581c200_4167 .array/port v0x5a202581c200, 4167;
v0x5a202581c200_4168 .array/port v0x5a202581c200, 4168;
v0x5a202581c200_4169 .array/port v0x5a202581c200, 4169;
v0x5a202581c200_4170 .array/port v0x5a202581c200, 4170;
E_0x5a20257c6530/1042 .event anyedge, v0x5a202581c200_4167, v0x5a202581c200_4168, v0x5a202581c200_4169, v0x5a202581c200_4170;
v0x5a202581c200_4171 .array/port v0x5a202581c200, 4171;
v0x5a202581c200_4172 .array/port v0x5a202581c200, 4172;
v0x5a202581c200_4173 .array/port v0x5a202581c200, 4173;
v0x5a202581c200_4174 .array/port v0x5a202581c200, 4174;
E_0x5a20257c6530/1043 .event anyedge, v0x5a202581c200_4171, v0x5a202581c200_4172, v0x5a202581c200_4173, v0x5a202581c200_4174;
v0x5a202581c200_4175 .array/port v0x5a202581c200, 4175;
v0x5a202581c200_4176 .array/port v0x5a202581c200, 4176;
v0x5a202581c200_4177 .array/port v0x5a202581c200, 4177;
v0x5a202581c200_4178 .array/port v0x5a202581c200, 4178;
E_0x5a20257c6530/1044 .event anyedge, v0x5a202581c200_4175, v0x5a202581c200_4176, v0x5a202581c200_4177, v0x5a202581c200_4178;
v0x5a202581c200_4179 .array/port v0x5a202581c200, 4179;
v0x5a202581c200_4180 .array/port v0x5a202581c200, 4180;
v0x5a202581c200_4181 .array/port v0x5a202581c200, 4181;
v0x5a202581c200_4182 .array/port v0x5a202581c200, 4182;
E_0x5a20257c6530/1045 .event anyedge, v0x5a202581c200_4179, v0x5a202581c200_4180, v0x5a202581c200_4181, v0x5a202581c200_4182;
v0x5a202581c200_4183 .array/port v0x5a202581c200, 4183;
v0x5a202581c200_4184 .array/port v0x5a202581c200, 4184;
v0x5a202581c200_4185 .array/port v0x5a202581c200, 4185;
v0x5a202581c200_4186 .array/port v0x5a202581c200, 4186;
E_0x5a20257c6530/1046 .event anyedge, v0x5a202581c200_4183, v0x5a202581c200_4184, v0x5a202581c200_4185, v0x5a202581c200_4186;
v0x5a202581c200_4187 .array/port v0x5a202581c200, 4187;
v0x5a202581c200_4188 .array/port v0x5a202581c200, 4188;
v0x5a202581c200_4189 .array/port v0x5a202581c200, 4189;
v0x5a202581c200_4190 .array/port v0x5a202581c200, 4190;
E_0x5a20257c6530/1047 .event anyedge, v0x5a202581c200_4187, v0x5a202581c200_4188, v0x5a202581c200_4189, v0x5a202581c200_4190;
v0x5a202581c200_4191 .array/port v0x5a202581c200, 4191;
v0x5a202581c200_4192 .array/port v0x5a202581c200, 4192;
v0x5a202581c200_4193 .array/port v0x5a202581c200, 4193;
v0x5a202581c200_4194 .array/port v0x5a202581c200, 4194;
E_0x5a20257c6530/1048 .event anyedge, v0x5a202581c200_4191, v0x5a202581c200_4192, v0x5a202581c200_4193, v0x5a202581c200_4194;
v0x5a202581c200_4195 .array/port v0x5a202581c200, 4195;
v0x5a202581c200_4196 .array/port v0x5a202581c200, 4196;
v0x5a202581c200_4197 .array/port v0x5a202581c200, 4197;
v0x5a202581c200_4198 .array/port v0x5a202581c200, 4198;
E_0x5a20257c6530/1049 .event anyedge, v0x5a202581c200_4195, v0x5a202581c200_4196, v0x5a202581c200_4197, v0x5a202581c200_4198;
v0x5a202581c200_4199 .array/port v0x5a202581c200, 4199;
v0x5a202581c200_4200 .array/port v0x5a202581c200, 4200;
v0x5a202581c200_4201 .array/port v0x5a202581c200, 4201;
v0x5a202581c200_4202 .array/port v0x5a202581c200, 4202;
E_0x5a20257c6530/1050 .event anyedge, v0x5a202581c200_4199, v0x5a202581c200_4200, v0x5a202581c200_4201, v0x5a202581c200_4202;
v0x5a202581c200_4203 .array/port v0x5a202581c200, 4203;
v0x5a202581c200_4204 .array/port v0x5a202581c200, 4204;
v0x5a202581c200_4205 .array/port v0x5a202581c200, 4205;
v0x5a202581c200_4206 .array/port v0x5a202581c200, 4206;
E_0x5a20257c6530/1051 .event anyedge, v0x5a202581c200_4203, v0x5a202581c200_4204, v0x5a202581c200_4205, v0x5a202581c200_4206;
v0x5a202581c200_4207 .array/port v0x5a202581c200, 4207;
v0x5a202581c200_4208 .array/port v0x5a202581c200, 4208;
v0x5a202581c200_4209 .array/port v0x5a202581c200, 4209;
v0x5a202581c200_4210 .array/port v0x5a202581c200, 4210;
E_0x5a20257c6530/1052 .event anyedge, v0x5a202581c200_4207, v0x5a202581c200_4208, v0x5a202581c200_4209, v0x5a202581c200_4210;
v0x5a202581c200_4211 .array/port v0x5a202581c200, 4211;
v0x5a202581c200_4212 .array/port v0x5a202581c200, 4212;
v0x5a202581c200_4213 .array/port v0x5a202581c200, 4213;
v0x5a202581c200_4214 .array/port v0x5a202581c200, 4214;
E_0x5a20257c6530/1053 .event anyedge, v0x5a202581c200_4211, v0x5a202581c200_4212, v0x5a202581c200_4213, v0x5a202581c200_4214;
v0x5a202581c200_4215 .array/port v0x5a202581c200, 4215;
v0x5a202581c200_4216 .array/port v0x5a202581c200, 4216;
v0x5a202581c200_4217 .array/port v0x5a202581c200, 4217;
v0x5a202581c200_4218 .array/port v0x5a202581c200, 4218;
E_0x5a20257c6530/1054 .event anyedge, v0x5a202581c200_4215, v0x5a202581c200_4216, v0x5a202581c200_4217, v0x5a202581c200_4218;
v0x5a202581c200_4219 .array/port v0x5a202581c200, 4219;
v0x5a202581c200_4220 .array/port v0x5a202581c200, 4220;
v0x5a202581c200_4221 .array/port v0x5a202581c200, 4221;
v0x5a202581c200_4222 .array/port v0x5a202581c200, 4222;
E_0x5a20257c6530/1055 .event anyedge, v0x5a202581c200_4219, v0x5a202581c200_4220, v0x5a202581c200_4221, v0x5a202581c200_4222;
v0x5a202581c200_4223 .array/port v0x5a202581c200, 4223;
v0x5a202581c200_4224 .array/port v0x5a202581c200, 4224;
v0x5a202581c200_4225 .array/port v0x5a202581c200, 4225;
v0x5a202581c200_4226 .array/port v0x5a202581c200, 4226;
E_0x5a20257c6530/1056 .event anyedge, v0x5a202581c200_4223, v0x5a202581c200_4224, v0x5a202581c200_4225, v0x5a202581c200_4226;
v0x5a202581c200_4227 .array/port v0x5a202581c200, 4227;
v0x5a202581c200_4228 .array/port v0x5a202581c200, 4228;
v0x5a202581c200_4229 .array/port v0x5a202581c200, 4229;
v0x5a202581c200_4230 .array/port v0x5a202581c200, 4230;
E_0x5a20257c6530/1057 .event anyedge, v0x5a202581c200_4227, v0x5a202581c200_4228, v0x5a202581c200_4229, v0x5a202581c200_4230;
v0x5a202581c200_4231 .array/port v0x5a202581c200, 4231;
v0x5a202581c200_4232 .array/port v0x5a202581c200, 4232;
v0x5a202581c200_4233 .array/port v0x5a202581c200, 4233;
v0x5a202581c200_4234 .array/port v0x5a202581c200, 4234;
E_0x5a20257c6530/1058 .event anyedge, v0x5a202581c200_4231, v0x5a202581c200_4232, v0x5a202581c200_4233, v0x5a202581c200_4234;
v0x5a202581c200_4235 .array/port v0x5a202581c200, 4235;
v0x5a202581c200_4236 .array/port v0x5a202581c200, 4236;
v0x5a202581c200_4237 .array/port v0x5a202581c200, 4237;
v0x5a202581c200_4238 .array/port v0x5a202581c200, 4238;
E_0x5a20257c6530/1059 .event anyedge, v0x5a202581c200_4235, v0x5a202581c200_4236, v0x5a202581c200_4237, v0x5a202581c200_4238;
v0x5a202581c200_4239 .array/port v0x5a202581c200, 4239;
v0x5a202581c200_4240 .array/port v0x5a202581c200, 4240;
v0x5a202581c200_4241 .array/port v0x5a202581c200, 4241;
v0x5a202581c200_4242 .array/port v0x5a202581c200, 4242;
E_0x5a20257c6530/1060 .event anyedge, v0x5a202581c200_4239, v0x5a202581c200_4240, v0x5a202581c200_4241, v0x5a202581c200_4242;
v0x5a202581c200_4243 .array/port v0x5a202581c200, 4243;
v0x5a202581c200_4244 .array/port v0x5a202581c200, 4244;
v0x5a202581c200_4245 .array/port v0x5a202581c200, 4245;
v0x5a202581c200_4246 .array/port v0x5a202581c200, 4246;
E_0x5a20257c6530/1061 .event anyedge, v0x5a202581c200_4243, v0x5a202581c200_4244, v0x5a202581c200_4245, v0x5a202581c200_4246;
v0x5a202581c200_4247 .array/port v0x5a202581c200, 4247;
v0x5a202581c200_4248 .array/port v0x5a202581c200, 4248;
v0x5a202581c200_4249 .array/port v0x5a202581c200, 4249;
v0x5a202581c200_4250 .array/port v0x5a202581c200, 4250;
E_0x5a20257c6530/1062 .event anyedge, v0x5a202581c200_4247, v0x5a202581c200_4248, v0x5a202581c200_4249, v0x5a202581c200_4250;
v0x5a202581c200_4251 .array/port v0x5a202581c200, 4251;
v0x5a202581c200_4252 .array/port v0x5a202581c200, 4252;
v0x5a202581c200_4253 .array/port v0x5a202581c200, 4253;
v0x5a202581c200_4254 .array/port v0x5a202581c200, 4254;
E_0x5a20257c6530/1063 .event anyedge, v0x5a202581c200_4251, v0x5a202581c200_4252, v0x5a202581c200_4253, v0x5a202581c200_4254;
v0x5a202581c200_4255 .array/port v0x5a202581c200, 4255;
v0x5a202581c200_4256 .array/port v0x5a202581c200, 4256;
v0x5a202581c200_4257 .array/port v0x5a202581c200, 4257;
v0x5a202581c200_4258 .array/port v0x5a202581c200, 4258;
E_0x5a20257c6530/1064 .event anyedge, v0x5a202581c200_4255, v0x5a202581c200_4256, v0x5a202581c200_4257, v0x5a202581c200_4258;
v0x5a202581c200_4259 .array/port v0x5a202581c200, 4259;
v0x5a202581c200_4260 .array/port v0x5a202581c200, 4260;
v0x5a202581c200_4261 .array/port v0x5a202581c200, 4261;
v0x5a202581c200_4262 .array/port v0x5a202581c200, 4262;
E_0x5a20257c6530/1065 .event anyedge, v0x5a202581c200_4259, v0x5a202581c200_4260, v0x5a202581c200_4261, v0x5a202581c200_4262;
v0x5a202581c200_4263 .array/port v0x5a202581c200, 4263;
v0x5a202581c200_4264 .array/port v0x5a202581c200, 4264;
v0x5a202581c200_4265 .array/port v0x5a202581c200, 4265;
v0x5a202581c200_4266 .array/port v0x5a202581c200, 4266;
E_0x5a20257c6530/1066 .event anyedge, v0x5a202581c200_4263, v0x5a202581c200_4264, v0x5a202581c200_4265, v0x5a202581c200_4266;
v0x5a202581c200_4267 .array/port v0x5a202581c200, 4267;
v0x5a202581c200_4268 .array/port v0x5a202581c200, 4268;
v0x5a202581c200_4269 .array/port v0x5a202581c200, 4269;
v0x5a202581c200_4270 .array/port v0x5a202581c200, 4270;
E_0x5a20257c6530/1067 .event anyedge, v0x5a202581c200_4267, v0x5a202581c200_4268, v0x5a202581c200_4269, v0x5a202581c200_4270;
v0x5a202581c200_4271 .array/port v0x5a202581c200, 4271;
v0x5a202581c200_4272 .array/port v0x5a202581c200, 4272;
v0x5a202581c200_4273 .array/port v0x5a202581c200, 4273;
v0x5a202581c200_4274 .array/port v0x5a202581c200, 4274;
E_0x5a20257c6530/1068 .event anyedge, v0x5a202581c200_4271, v0x5a202581c200_4272, v0x5a202581c200_4273, v0x5a202581c200_4274;
v0x5a202581c200_4275 .array/port v0x5a202581c200, 4275;
v0x5a202581c200_4276 .array/port v0x5a202581c200, 4276;
v0x5a202581c200_4277 .array/port v0x5a202581c200, 4277;
v0x5a202581c200_4278 .array/port v0x5a202581c200, 4278;
E_0x5a20257c6530/1069 .event anyedge, v0x5a202581c200_4275, v0x5a202581c200_4276, v0x5a202581c200_4277, v0x5a202581c200_4278;
v0x5a202581c200_4279 .array/port v0x5a202581c200, 4279;
v0x5a202581c200_4280 .array/port v0x5a202581c200, 4280;
v0x5a202581c200_4281 .array/port v0x5a202581c200, 4281;
v0x5a202581c200_4282 .array/port v0x5a202581c200, 4282;
E_0x5a20257c6530/1070 .event anyedge, v0x5a202581c200_4279, v0x5a202581c200_4280, v0x5a202581c200_4281, v0x5a202581c200_4282;
v0x5a202581c200_4283 .array/port v0x5a202581c200, 4283;
v0x5a202581c200_4284 .array/port v0x5a202581c200, 4284;
v0x5a202581c200_4285 .array/port v0x5a202581c200, 4285;
v0x5a202581c200_4286 .array/port v0x5a202581c200, 4286;
E_0x5a20257c6530/1071 .event anyedge, v0x5a202581c200_4283, v0x5a202581c200_4284, v0x5a202581c200_4285, v0x5a202581c200_4286;
v0x5a202581c200_4287 .array/port v0x5a202581c200, 4287;
v0x5a202581c200_4288 .array/port v0x5a202581c200, 4288;
v0x5a202581c200_4289 .array/port v0x5a202581c200, 4289;
v0x5a202581c200_4290 .array/port v0x5a202581c200, 4290;
E_0x5a20257c6530/1072 .event anyedge, v0x5a202581c200_4287, v0x5a202581c200_4288, v0x5a202581c200_4289, v0x5a202581c200_4290;
v0x5a202581c200_4291 .array/port v0x5a202581c200, 4291;
v0x5a202581c200_4292 .array/port v0x5a202581c200, 4292;
v0x5a202581c200_4293 .array/port v0x5a202581c200, 4293;
v0x5a202581c200_4294 .array/port v0x5a202581c200, 4294;
E_0x5a20257c6530/1073 .event anyedge, v0x5a202581c200_4291, v0x5a202581c200_4292, v0x5a202581c200_4293, v0x5a202581c200_4294;
v0x5a202581c200_4295 .array/port v0x5a202581c200, 4295;
v0x5a202581c200_4296 .array/port v0x5a202581c200, 4296;
v0x5a202581c200_4297 .array/port v0x5a202581c200, 4297;
v0x5a202581c200_4298 .array/port v0x5a202581c200, 4298;
E_0x5a20257c6530/1074 .event anyedge, v0x5a202581c200_4295, v0x5a202581c200_4296, v0x5a202581c200_4297, v0x5a202581c200_4298;
v0x5a202581c200_4299 .array/port v0x5a202581c200, 4299;
v0x5a202581c200_4300 .array/port v0x5a202581c200, 4300;
v0x5a202581c200_4301 .array/port v0x5a202581c200, 4301;
v0x5a202581c200_4302 .array/port v0x5a202581c200, 4302;
E_0x5a20257c6530/1075 .event anyedge, v0x5a202581c200_4299, v0x5a202581c200_4300, v0x5a202581c200_4301, v0x5a202581c200_4302;
v0x5a202581c200_4303 .array/port v0x5a202581c200, 4303;
v0x5a202581c200_4304 .array/port v0x5a202581c200, 4304;
v0x5a202581c200_4305 .array/port v0x5a202581c200, 4305;
v0x5a202581c200_4306 .array/port v0x5a202581c200, 4306;
E_0x5a20257c6530/1076 .event anyedge, v0x5a202581c200_4303, v0x5a202581c200_4304, v0x5a202581c200_4305, v0x5a202581c200_4306;
v0x5a202581c200_4307 .array/port v0x5a202581c200, 4307;
v0x5a202581c200_4308 .array/port v0x5a202581c200, 4308;
v0x5a202581c200_4309 .array/port v0x5a202581c200, 4309;
v0x5a202581c200_4310 .array/port v0x5a202581c200, 4310;
E_0x5a20257c6530/1077 .event anyedge, v0x5a202581c200_4307, v0x5a202581c200_4308, v0x5a202581c200_4309, v0x5a202581c200_4310;
v0x5a202581c200_4311 .array/port v0x5a202581c200, 4311;
v0x5a202581c200_4312 .array/port v0x5a202581c200, 4312;
v0x5a202581c200_4313 .array/port v0x5a202581c200, 4313;
v0x5a202581c200_4314 .array/port v0x5a202581c200, 4314;
E_0x5a20257c6530/1078 .event anyedge, v0x5a202581c200_4311, v0x5a202581c200_4312, v0x5a202581c200_4313, v0x5a202581c200_4314;
v0x5a202581c200_4315 .array/port v0x5a202581c200, 4315;
v0x5a202581c200_4316 .array/port v0x5a202581c200, 4316;
v0x5a202581c200_4317 .array/port v0x5a202581c200, 4317;
v0x5a202581c200_4318 .array/port v0x5a202581c200, 4318;
E_0x5a20257c6530/1079 .event anyedge, v0x5a202581c200_4315, v0x5a202581c200_4316, v0x5a202581c200_4317, v0x5a202581c200_4318;
v0x5a202581c200_4319 .array/port v0x5a202581c200, 4319;
v0x5a202581c200_4320 .array/port v0x5a202581c200, 4320;
v0x5a202581c200_4321 .array/port v0x5a202581c200, 4321;
v0x5a202581c200_4322 .array/port v0x5a202581c200, 4322;
E_0x5a20257c6530/1080 .event anyedge, v0x5a202581c200_4319, v0x5a202581c200_4320, v0x5a202581c200_4321, v0x5a202581c200_4322;
v0x5a202581c200_4323 .array/port v0x5a202581c200, 4323;
v0x5a202581c200_4324 .array/port v0x5a202581c200, 4324;
v0x5a202581c200_4325 .array/port v0x5a202581c200, 4325;
v0x5a202581c200_4326 .array/port v0x5a202581c200, 4326;
E_0x5a20257c6530/1081 .event anyedge, v0x5a202581c200_4323, v0x5a202581c200_4324, v0x5a202581c200_4325, v0x5a202581c200_4326;
v0x5a202581c200_4327 .array/port v0x5a202581c200, 4327;
v0x5a202581c200_4328 .array/port v0x5a202581c200, 4328;
v0x5a202581c200_4329 .array/port v0x5a202581c200, 4329;
v0x5a202581c200_4330 .array/port v0x5a202581c200, 4330;
E_0x5a20257c6530/1082 .event anyedge, v0x5a202581c200_4327, v0x5a202581c200_4328, v0x5a202581c200_4329, v0x5a202581c200_4330;
v0x5a202581c200_4331 .array/port v0x5a202581c200, 4331;
v0x5a202581c200_4332 .array/port v0x5a202581c200, 4332;
v0x5a202581c200_4333 .array/port v0x5a202581c200, 4333;
v0x5a202581c200_4334 .array/port v0x5a202581c200, 4334;
E_0x5a20257c6530/1083 .event anyedge, v0x5a202581c200_4331, v0x5a202581c200_4332, v0x5a202581c200_4333, v0x5a202581c200_4334;
v0x5a202581c200_4335 .array/port v0x5a202581c200, 4335;
v0x5a202581c200_4336 .array/port v0x5a202581c200, 4336;
v0x5a202581c200_4337 .array/port v0x5a202581c200, 4337;
v0x5a202581c200_4338 .array/port v0x5a202581c200, 4338;
E_0x5a20257c6530/1084 .event anyedge, v0x5a202581c200_4335, v0x5a202581c200_4336, v0x5a202581c200_4337, v0x5a202581c200_4338;
v0x5a202581c200_4339 .array/port v0x5a202581c200, 4339;
v0x5a202581c200_4340 .array/port v0x5a202581c200, 4340;
v0x5a202581c200_4341 .array/port v0x5a202581c200, 4341;
v0x5a202581c200_4342 .array/port v0x5a202581c200, 4342;
E_0x5a20257c6530/1085 .event anyedge, v0x5a202581c200_4339, v0x5a202581c200_4340, v0x5a202581c200_4341, v0x5a202581c200_4342;
v0x5a202581c200_4343 .array/port v0x5a202581c200, 4343;
v0x5a202581c200_4344 .array/port v0x5a202581c200, 4344;
v0x5a202581c200_4345 .array/port v0x5a202581c200, 4345;
v0x5a202581c200_4346 .array/port v0x5a202581c200, 4346;
E_0x5a20257c6530/1086 .event anyedge, v0x5a202581c200_4343, v0x5a202581c200_4344, v0x5a202581c200_4345, v0x5a202581c200_4346;
v0x5a202581c200_4347 .array/port v0x5a202581c200, 4347;
v0x5a202581c200_4348 .array/port v0x5a202581c200, 4348;
v0x5a202581c200_4349 .array/port v0x5a202581c200, 4349;
v0x5a202581c200_4350 .array/port v0x5a202581c200, 4350;
E_0x5a20257c6530/1087 .event anyedge, v0x5a202581c200_4347, v0x5a202581c200_4348, v0x5a202581c200_4349, v0x5a202581c200_4350;
v0x5a202581c200_4351 .array/port v0x5a202581c200, 4351;
v0x5a202581c200_4352 .array/port v0x5a202581c200, 4352;
v0x5a202581c200_4353 .array/port v0x5a202581c200, 4353;
v0x5a202581c200_4354 .array/port v0x5a202581c200, 4354;
E_0x5a20257c6530/1088 .event anyedge, v0x5a202581c200_4351, v0x5a202581c200_4352, v0x5a202581c200_4353, v0x5a202581c200_4354;
v0x5a202581c200_4355 .array/port v0x5a202581c200, 4355;
v0x5a202581c200_4356 .array/port v0x5a202581c200, 4356;
v0x5a202581c200_4357 .array/port v0x5a202581c200, 4357;
v0x5a202581c200_4358 .array/port v0x5a202581c200, 4358;
E_0x5a20257c6530/1089 .event anyedge, v0x5a202581c200_4355, v0x5a202581c200_4356, v0x5a202581c200_4357, v0x5a202581c200_4358;
v0x5a202581c200_4359 .array/port v0x5a202581c200, 4359;
v0x5a202581c200_4360 .array/port v0x5a202581c200, 4360;
v0x5a202581c200_4361 .array/port v0x5a202581c200, 4361;
v0x5a202581c200_4362 .array/port v0x5a202581c200, 4362;
E_0x5a20257c6530/1090 .event anyedge, v0x5a202581c200_4359, v0x5a202581c200_4360, v0x5a202581c200_4361, v0x5a202581c200_4362;
v0x5a202581c200_4363 .array/port v0x5a202581c200, 4363;
v0x5a202581c200_4364 .array/port v0x5a202581c200, 4364;
v0x5a202581c200_4365 .array/port v0x5a202581c200, 4365;
v0x5a202581c200_4366 .array/port v0x5a202581c200, 4366;
E_0x5a20257c6530/1091 .event anyedge, v0x5a202581c200_4363, v0x5a202581c200_4364, v0x5a202581c200_4365, v0x5a202581c200_4366;
v0x5a202581c200_4367 .array/port v0x5a202581c200, 4367;
v0x5a202581c200_4368 .array/port v0x5a202581c200, 4368;
v0x5a202581c200_4369 .array/port v0x5a202581c200, 4369;
v0x5a202581c200_4370 .array/port v0x5a202581c200, 4370;
E_0x5a20257c6530/1092 .event anyedge, v0x5a202581c200_4367, v0x5a202581c200_4368, v0x5a202581c200_4369, v0x5a202581c200_4370;
v0x5a202581c200_4371 .array/port v0x5a202581c200, 4371;
v0x5a202581c200_4372 .array/port v0x5a202581c200, 4372;
v0x5a202581c200_4373 .array/port v0x5a202581c200, 4373;
v0x5a202581c200_4374 .array/port v0x5a202581c200, 4374;
E_0x5a20257c6530/1093 .event anyedge, v0x5a202581c200_4371, v0x5a202581c200_4372, v0x5a202581c200_4373, v0x5a202581c200_4374;
v0x5a202581c200_4375 .array/port v0x5a202581c200, 4375;
v0x5a202581c200_4376 .array/port v0x5a202581c200, 4376;
v0x5a202581c200_4377 .array/port v0x5a202581c200, 4377;
v0x5a202581c200_4378 .array/port v0x5a202581c200, 4378;
E_0x5a20257c6530/1094 .event anyedge, v0x5a202581c200_4375, v0x5a202581c200_4376, v0x5a202581c200_4377, v0x5a202581c200_4378;
v0x5a202581c200_4379 .array/port v0x5a202581c200, 4379;
v0x5a202581c200_4380 .array/port v0x5a202581c200, 4380;
v0x5a202581c200_4381 .array/port v0x5a202581c200, 4381;
v0x5a202581c200_4382 .array/port v0x5a202581c200, 4382;
E_0x5a20257c6530/1095 .event anyedge, v0x5a202581c200_4379, v0x5a202581c200_4380, v0x5a202581c200_4381, v0x5a202581c200_4382;
v0x5a202581c200_4383 .array/port v0x5a202581c200, 4383;
v0x5a202581c200_4384 .array/port v0x5a202581c200, 4384;
v0x5a202581c200_4385 .array/port v0x5a202581c200, 4385;
v0x5a202581c200_4386 .array/port v0x5a202581c200, 4386;
E_0x5a20257c6530/1096 .event anyedge, v0x5a202581c200_4383, v0x5a202581c200_4384, v0x5a202581c200_4385, v0x5a202581c200_4386;
v0x5a202581c200_4387 .array/port v0x5a202581c200, 4387;
v0x5a202581c200_4388 .array/port v0x5a202581c200, 4388;
v0x5a202581c200_4389 .array/port v0x5a202581c200, 4389;
v0x5a202581c200_4390 .array/port v0x5a202581c200, 4390;
E_0x5a20257c6530/1097 .event anyedge, v0x5a202581c200_4387, v0x5a202581c200_4388, v0x5a202581c200_4389, v0x5a202581c200_4390;
v0x5a202581c200_4391 .array/port v0x5a202581c200, 4391;
v0x5a202581c200_4392 .array/port v0x5a202581c200, 4392;
v0x5a202581c200_4393 .array/port v0x5a202581c200, 4393;
v0x5a202581c200_4394 .array/port v0x5a202581c200, 4394;
E_0x5a20257c6530/1098 .event anyedge, v0x5a202581c200_4391, v0x5a202581c200_4392, v0x5a202581c200_4393, v0x5a202581c200_4394;
v0x5a202581c200_4395 .array/port v0x5a202581c200, 4395;
v0x5a202581c200_4396 .array/port v0x5a202581c200, 4396;
v0x5a202581c200_4397 .array/port v0x5a202581c200, 4397;
v0x5a202581c200_4398 .array/port v0x5a202581c200, 4398;
E_0x5a20257c6530/1099 .event anyedge, v0x5a202581c200_4395, v0x5a202581c200_4396, v0x5a202581c200_4397, v0x5a202581c200_4398;
v0x5a202581c200_4399 .array/port v0x5a202581c200, 4399;
v0x5a202581c200_4400 .array/port v0x5a202581c200, 4400;
v0x5a202581c200_4401 .array/port v0x5a202581c200, 4401;
v0x5a202581c200_4402 .array/port v0x5a202581c200, 4402;
E_0x5a20257c6530/1100 .event anyedge, v0x5a202581c200_4399, v0x5a202581c200_4400, v0x5a202581c200_4401, v0x5a202581c200_4402;
v0x5a202581c200_4403 .array/port v0x5a202581c200, 4403;
v0x5a202581c200_4404 .array/port v0x5a202581c200, 4404;
v0x5a202581c200_4405 .array/port v0x5a202581c200, 4405;
v0x5a202581c200_4406 .array/port v0x5a202581c200, 4406;
E_0x5a20257c6530/1101 .event anyedge, v0x5a202581c200_4403, v0x5a202581c200_4404, v0x5a202581c200_4405, v0x5a202581c200_4406;
v0x5a202581c200_4407 .array/port v0x5a202581c200, 4407;
v0x5a202581c200_4408 .array/port v0x5a202581c200, 4408;
v0x5a202581c200_4409 .array/port v0x5a202581c200, 4409;
v0x5a202581c200_4410 .array/port v0x5a202581c200, 4410;
E_0x5a20257c6530/1102 .event anyedge, v0x5a202581c200_4407, v0x5a202581c200_4408, v0x5a202581c200_4409, v0x5a202581c200_4410;
v0x5a202581c200_4411 .array/port v0x5a202581c200, 4411;
v0x5a202581c200_4412 .array/port v0x5a202581c200, 4412;
v0x5a202581c200_4413 .array/port v0x5a202581c200, 4413;
v0x5a202581c200_4414 .array/port v0x5a202581c200, 4414;
E_0x5a20257c6530/1103 .event anyedge, v0x5a202581c200_4411, v0x5a202581c200_4412, v0x5a202581c200_4413, v0x5a202581c200_4414;
v0x5a202581c200_4415 .array/port v0x5a202581c200, 4415;
v0x5a202581c200_4416 .array/port v0x5a202581c200, 4416;
v0x5a202581c200_4417 .array/port v0x5a202581c200, 4417;
v0x5a202581c200_4418 .array/port v0x5a202581c200, 4418;
E_0x5a20257c6530/1104 .event anyedge, v0x5a202581c200_4415, v0x5a202581c200_4416, v0x5a202581c200_4417, v0x5a202581c200_4418;
v0x5a202581c200_4419 .array/port v0x5a202581c200, 4419;
v0x5a202581c200_4420 .array/port v0x5a202581c200, 4420;
v0x5a202581c200_4421 .array/port v0x5a202581c200, 4421;
v0x5a202581c200_4422 .array/port v0x5a202581c200, 4422;
E_0x5a20257c6530/1105 .event anyedge, v0x5a202581c200_4419, v0x5a202581c200_4420, v0x5a202581c200_4421, v0x5a202581c200_4422;
v0x5a202581c200_4423 .array/port v0x5a202581c200, 4423;
v0x5a202581c200_4424 .array/port v0x5a202581c200, 4424;
v0x5a202581c200_4425 .array/port v0x5a202581c200, 4425;
v0x5a202581c200_4426 .array/port v0x5a202581c200, 4426;
E_0x5a20257c6530/1106 .event anyedge, v0x5a202581c200_4423, v0x5a202581c200_4424, v0x5a202581c200_4425, v0x5a202581c200_4426;
v0x5a202581c200_4427 .array/port v0x5a202581c200, 4427;
v0x5a202581c200_4428 .array/port v0x5a202581c200, 4428;
v0x5a202581c200_4429 .array/port v0x5a202581c200, 4429;
v0x5a202581c200_4430 .array/port v0x5a202581c200, 4430;
E_0x5a20257c6530/1107 .event anyedge, v0x5a202581c200_4427, v0x5a202581c200_4428, v0x5a202581c200_4429, v0x5a202581c200_4430;
v0x5a202581c200_4431 .array/port v0x5a202581c200, 4431;
v0x5a202581c200_4432 .array/port v0x5a202581c200, 4432;
v0x5a202581c200_4433 .array/port v0x5a202581c200, 4433;
v0x5a202581c200_4434 .array/port v0x5a202581c200, 4434;
E_0x5a20257c6530/1108 .event anyedge, v0x5a202581c200_4431, v0x5a202581c200_4432, v0x5a202581c200_4433, v0x5a202581c200_4434;
v0x5a202581c200_4435 .array/port v0x5a202581c200, 4435;
v0x5a202581c200_4436 .array/port v0x5a202581c200, 4436;
v0x5a202581c200_4437 .array/port v0x5a202581c200, 4437;
v0x5a202581c200_4438 .array/port v0x5a202581c200, 4438;
E_0x5a20257c6530/1109 .event anyedge, v0x5a202581c200_4435, v0x5a202581c200_4436, v0x5a202581c200_4437, v0x5a202581c200_4438;
v0x5a202581c200_4439 .array/port v0x5a202581c200, 4439;
v0x5a202581c200_4440 .array/port v0x5a202581c200, 4440;
v0x5a202581c200_4441 .array/port v0x5a202581c200, 4441;
v0x5a202581c200_4442 .array/port v0x5a202581c200, 4442;
E_0x5a20257c6530/1110 .event anyedge, v0x5a202581c200_4439, v0x5a202581c200_4440, v0x5a202581c200_4441, v0x5a202581c200_4442;
v0x5a202581c200_4443 .array/port v0x5a202581c200, 4443;
v0x5a202581c200_4444 .array/port v0x5a202581c200, 4444;
v0x5a202581c200_4445 .array/port v0x5a202581c200, 4445;
v0x5a202581c200_4446 .array/port v0x5a202581c200, 4446;
E_0x5a20257c6530/1111 .event anyedge, v0x5a202581c200_4443, v0x5a202581c200_4444, v0x5a202581c200_4445, v0x5a202581c200_4446;
v0x5a202581c200_4447 .array/port v0x5a202581c200, 4447;
v0x5a202581c200_4448 .array/port v0x5a202581c200, 4448;
v0x5a202581c200_4449 .array/port v0x5a202581c200, 4449;
v0x5a202581c200_4450 .array/port v0x5a202581c200, 4450;
E_0x5a20257c6530/1112 .event anyedge, v0x5a202581c200_4447, v0x5a202581c200_4448, v0x5a202581c200_4449, v0x5a202581c200_4450;
v0x5a202581c200_4451 .array/port v0x5a202581c200, 4451;
v0x5a202581c200_4452 .array/port v0x5a202581c200, 4452;
v0x5a202581c200_4453 .array/port v0x5a202581c200, 4453;
v0x5a202581c200_4454 .array/port v0x5a202581c200, 4454;
E_0x5a20257c6530/1113 .event anyedge, v0x5a202581c200_4451, v0x5a202581c200_4452, v0x5a202581c200_4453, v0x5a202581c200_4454;
v0x5a202581c200_4455 .array/port v0x5a202581c200, 4455;
v0x5a202581c200_4456 .array/port v0x5a202581c200, 4456;
v0x5a202581c200_4457 .array/port v0x5a202581c200, 4457;
v0x5a202581c200_4458 .array/port v0x5a202581c200, 4458;
E_0x5a20257c6530/1114 .event anyedge, v0x5a202581c200_4455, v0x5a202581c200_4456, v0x5a202581c200_4457, v0x5a202581c200_4458;
v0x5a202581c200_4459 .array/port v0x5a202581c200, 4459;
v0x5a202581c200_4460 .array/port v0x5a202581c200, 4460;
v0x5a202581c200_4461 .array/port v0x5a202581c200, 4461;
v0x5a202581c200_4462 .array/port v0x5a202581c200, 4462;
E_0x5a20257c6530/1115 .event anyedge, v0x5a202581c200_4459, v0x5a202581c200_4460, v0x5a202581c200_4461, v0x5a202581c200_4462;
v0x5a202581c200_4463 .array/port v0x5a202581c200, 4463;
v0x5a202581c200_4464 .array/port v0x5a202581c200, 4464;
v0x5a202581c200_4465 .array/port v0x5a202581c200, 4465;
v0x5a202581c200_4466 .array/port v0x5a202581c200, 4466;
E_0x5a20257c6530/1116 .event anyedge, v0x5a202581c200_4463, v0x5a202581c200_4464, v0x5a202581c200_4465, v0x5a202581c200_4466;
v0x5a202581c200_4467 .array/port v0x5a202581c200, 4467;
v0x5a202581c200_4468 .array/port v0x5a202581c200, 4468;
v0x5a202581c200_4469 .array/port v0x5a202581c200, 4469;
v0x5a202581c200_4470 .array/port v0x5a202581c200, 4470;
E_0x5a20257c6530/1117 .event anyedge, v0x5a202581c200_4467, v0x5a202581c200_4468, v0x5a202581c200_4469, v0x5a202581c200_4470;
v0x5a202581c200_4471 .array/port v0x5a202581c200, 4471;
v0x5a202581c200_4472 .array/port v0x5a202581c200, 4472;
v0x5a202581c200_4473 .array/port v0x5a202581c200, 4473;
v0x5a202581c200_4474 .array/port v0x5a202581c200, 4474;
E_0x5a20257c6530/1118 .event anyedge, v0x5a202581c200_4471, v0x5a202581c200_4472, v0x5a202581c200_4473, v0x5a202581c200_4474;
v0x5a202581c200_4475 .array/port v0x5a202581c200, 4475;
v0x5a202581c200_4476 .array/port v0x5a202581c200, 4476;
v0x5a202581c200_4477 .array/port v0x5a202581c200, 4477;
v0x5a202581c200_4478 .array/port v0x5a202581c200, 4478;
E_0x5a20257c6530/1119 .event anyedge, v0x5a202581c200_4475, v0x5a202581c200_4476, v0x5a202581c200_4477, v0x5a202581c200_4478;
v0x5a202581c200_4479 .array/port v0x5a202581c200, 4479;
v0x5a202581c200_4480 .array/port v0x5a202581c200, 4480;
v0x5a202581c200_4481 .array/port v0x5a202581c200, 4481;
v0x5a202581c200_4482 .array/port v0x5a202581c200, 4482;
E_0x5a20257c6530/1120 .event anyedge, v0x5a202581c200_4479, v0x5a202581c200_4480, v0x5a202581c200_4481, v0x5a202581c200_4482;
v0x5a202581c200_4483 .array/port v0x5a202581c200, 4483;
v0x5a202581c200_4484 .array/port v0x5a202581c200, 4484;
v0x5a202581c200_4485 .array/port v0x5a202581c200, 4485;
v0x5a202581c200_4486 .array/port v0x5a202581c200, 4486;
E_0x5a20257c6530/1121 .event anyedge, v0x5a202581c200_4483, v0x5a202581c200_4484, v0x5a202581c200_4485, v0x5a202581c200_4486;
v0x5a202581c200_4487 .array/port v0x5a202581c200, 4487;
v0x5a202581c200_4488 .array/port v0x5a202581c200, 4488;
v0x5a202581c200_4489 .array/port v0x5a202581c200, 4489;
v0x5a202581c200_4490 .array/port v0x5a202581c200, 4490;
E_0x5a20257c6530/1122 .event anyedge, v0x5a202581c200_4487, v0x5a202581c200_4488, v0x5a202581c200_4489, v0x5a202581c200_4490;
v0x5a202581c200_4491 .array/port v0x5a202581c200, 4491;
v0x5a202581c200_4492 .array/port v0x5a202581c200, 4492;
v0x5a202581c200_4493 .array/port v0x5a202581c200, 4493;
v0x5a202581c200_4494 .array/port v0x5a202581c200, 4494;
E_0x5a20257c6530/1123 .event anyedge, v0x5a202581c200_4491, v0x5a202581c200_4492, v0x5a202581c200_4493, v0x5a202581c200_4494;
v0x5a202581c200_4495 .array/port v0x5a202581c200, 4495;
v0x5a202581c200_4496 .array/port v0x5a202581c200, 4496;
v0x5a202581c200_4497 .array/port v0x5a202581c200, 4497;
v0x5a202581c200_4498 .array/port v0x5a202581c200, 4498;
E_0x5a20257c6530/1124 .event anyedge, v0x5a202581c200_4495, v0x5a202581c200_4496, v0x5a202581c200_4497, v0x5a202581c200_4498;
v0x5a202581c200_4499 .array/port v0x5a202581c200, 4499;
v0x5a202581c200_4500 .array/port v0x5a202581c200, 4500;
v0x5a202581c200_4501 .array/port v0x5a202581c200, 4501;
v0x5a202581c200_4502 .array/port v0x5a202581c200, 4502;
E_0x5a20257c6530/1125 .event anyedge, v0x5a202581c200_4499, v0x5a202581c200_4500, v0x5a202581c200_4501, v0x5a202581c200_4502;
v0x5a202581c200_4503 .array/port v0x5a202581c200, 4503;
v0x5a202581c200_4504 .array/port v0x5a202581c200, 4504;
v0x5a202581c200_4505 .array/port v0x5a202581c200, 4505;
v0x5a202581c200_4506 .array/port v0x5a202581c200, 4506;
E_0x5a20257c6530/1126 .event anyedge, v0x5a202581c200_4503, v0x5a202581c200_4504, v0x5a202581c200_4505, v0x5a202581c200_4506;
v0x5a202581c200_4507 .array/port v0x5a202581c200, 4507;
v0x5a202581c200_4508 .array/port v0x5a202581c200, 4508;
v0x5a202581c200_4509 .array/port v0x5a202581c200, 4509;
v0x5a202581c200_4510 .array/port v0x5a202581c200, 4510;
E_0x5a20257c6530/1127 .event anyedge, v0x5a202581c200_4507, v0x5a202581c200_4508, v0x5a202581c200_4509, v0x5a202581c200_4510;
v0x5a202581c200_4511 .array/port v0x5a202581c200, 4511;
v0x5a202581c200_4512 .array/port v0x5a202581c200, 4512;
v0x5a202581c200_4513 .array/port v0x5a202581c200, 4513;
v0x5a202581c200_4514 .array/port v0x5a202581c200, 4514;
E_0x5a20257c6530/1128 .event anyedge, v0x5a202581c200_4511, v0x5a202581c200_4512, v0x5a202581c200_4513, v0x5a202581c200_4514;
v0x5a202581c200_4515 .array/port v0x5a202581c200, 4515;
v0x5a202581c200_4516 .array/port v0x5a202581c200, 4516;
v0x5a202581c200_4517 .array/port v0x5a202581c200, 4517;
v0x5a202581c200_4518 .array/port v0x5a202581c200, 4518;
E_0x5a20257c6530/1129 .event anyedge, v0x5a202581c200_4515, v0x5a202581c200_4516, v0x5a202581c200_4517, v0x5a202581c200_4518;
v0x5a202581c200_4519 .array/port v0x5a202581c200, 4519;
v0x5a202581c200_4520 .array/port v0x5a202581c200, 4520;
v0x5a202581c200_4521 .array/port v0x5a202581c200, 4521;
v0x5a202581c200_4522 .array/port v0x5a202581c200, 4522;
E_0x5a20257c6530/1130 .event anyedge, v0x5a202581c200_4519, v0x5a202581c200_4520, v0x5a202581c200_4521, v0x5a202581c200_4522;
v0x5a202581c200_4523 .array/port v0x5a202581c200, 4523;
v0x5a202581c200_4524 .array/port v0x5a202581c200, 4524;
v0x5a202581c200_4525 .array/port v0x5a202581c200, 4525;
v0x5a202581c200_4526 .array/port v0x5a202581c200, 4526;
E_0x5a20257c6530/1131 .event anyedge, v0x5a202581c200_4523, v0x5a202581c200_4524, v0x5a202581c200_4525, v0x5a202581c200_4526;
v0x5a202581c200_4527 .array/port v0x5a202581c200, 4527;
v0x5a202581c200_4528 .array/port v0x5a202581c200, 4528;
v0x5a202581c200_4529 .array/port v0x5a202581c200, 4529;
v0x5a202581c200_4530 .array/port v0x5a202581c200, 4530;
E_0x5a20257c6530/1132 .event anyedge, v0x5a202581c200_4527, v0x5a202581c200_4528, v0x5a202581c200_4529, v0x5a202581c200_4530;
v0x5a202581c200_4531 .array/port v0x5a202581c200, 4531;
v0x5a202581c200_4532 .array/port v0x5a202581c200, 4532;
v0x5a202581c200_4533 .array/port v0x5a202581c200, 4533;
v0x5a202581c200_4534 .array/port v0x5a202581c200, 4534;
E_0x5a20257c6530/1133 .event anyedge, v0x5a202581c200_4531, v0x5a202581c200_4532, v0x5a202581c200_4533, v0x5a202581c200_4534;
v0x5a202581c200_4535 .array/port v0x5a202581c200, 4535;
v0x5a202581c200_4536 .array/port v0x5a202581c200, 4536;
v0x5a202581c200_4537 .array/port v0x5a202581c200, 4537;
v0x5a202581c200_4538 .array/port v0x5a202581c200, 4538;
E_0x5a20257c6530/1134 .event anyedge, v0x5a202581c200_4535, v0x5a202581c200_4536, v0x5a202581c200_4537, v0x5a202581c200_4538;
v0x5a202581c200_4539 .array/port v0x5a202581c200, 4539;
v0x5a202581c200_4540 .array/port v0x5a202581c200, 4540;
v0x5a202581c200_4541 .array/port v0x5a202581c200, 4541;
v0x5a202581c200_4542 .array/port v0x5a202581c200, 4542;
E_0x5a20257c6530/1135 .event anyedge, v0x5a202581c200_4539, v0x5a202581c200_4540, v0x5a202581c200_4541, v0x5a202581c200_4542;
v0x5a202581c200_4543 .array/port v0x5a202581c200, 4543;
v0x5a202581c200_4544 .array/port v0x5a202581c200, 4544;
v0x5a202581c200_4545 .array/port v0x5a202581c200, 4545;
v0x5a202581c200_4546 .array/port v0x5a202581c200, 4546;
E_0x5a20257c6530/1136 .event anyedge, v0x5a202581c200_4543, v0x5a202581c200_4544, v0x5a202581c200_4545, v0x5a202581c200_4546;
v0x5a202581c200_4547 .array/port v0x5a202581c200, 4547;
v0x5a202581c200_4548 .array/port v0x5a202581c200, 4548;
v0x5a202581c200_4549 .array/port v0x5a202581c200, 4549;
v0x5a202581c200_4550 .array/port v0x5a202581c200, 4550;
E_0x5a20257c6530/1137 .event anyedge, v0x5a202581c200_4547, v0x5a202581c200_4548, v0x5a202581c200_4549, v0x5a202581c200_4550;
v0x5a202581c200_4551 .array/port v0x5a202581c200, 4551;
v0x5a202581c200_4552 .array/port v0x5a202581c200, 4552;
v0x5a202581c200_4553 .array/port v0x5a202581c200, 4553;
v0x5a202581c200_4554 .array/port v0x5a202581c200, 4554;
E_0x5a20257c6530/1138 .event anyedge, v0x5a202581c200_4551, v0x5a202581c200_4552, v0x5a202581c200_4553, v0x5a202581c200_4554;
v0x5a202581c200_4555 .array/port v0x5a202581c200, 4555;
v0x5a202581c200_4556 .array/port v0x5a202581c200, 4556;
v0x5a202581c200_4557 .array/port v0x5a202581c200, 4557;
v0x5a202581c200_4558 .array/port v0x5a202581c200, 4558;
E_0x5a20257c6530/1139 .event anyedge, v0x5a202581c200_4555, v0x5a202581c200_4556, v0x5a202581c200_4557, v0x5a202581c200_4558;
v0x5a202581c200_4559 .array/port v0x5a202581c200, 4559;
v0x5a202581c200_4560 .array/port v0x5a202581c200, 4560;
v0x5a202581c200_4561 .array/port v0x5a202581c200, 4561;
v0x5a202581c200_4562 .array/port v0x5a202581c200, 4562;
E_0x5a20257c6530/1140 .event anyedge, v0x5a202581c200_4559, v0x5a202581c200_4560, v0x5a202581c200_4561, v0x5a202581c200_4562;
v0x5a202581c200_4563 .array/port v0x5a202581c200, 4563;
v0x5a202581c200_4564 .array/port v0x5a202581c200, 4564;
v0x5a202581c200_4565 .array/port v0x5a202581c200, 4565;
v0x5a202581c200_4566 .array/port v0x5a202581c200, 4566;
E_0x5a20257c6530/1141 .event anyedge, v0x5a202581c200_4563, v0x5a202581c200_4564, v0x5a202581c200_4565, v0x5a202581c200_4566;
v0x5a202581c200_4567 .array/port v0x5a202581c200, 4567;
v0x5a202581c200_4568 .array/port v0x5a202581c200, 4568;
v0x5a202581c200_4569 .array/port v0x5a202581c200, 4569;
v0x5a202581c200_4570 .array/port v0x5a202581c200, 4570;
E_0x5a20257c6530/1142 .event anyedge, v0x5a202581c200_4567, v0x5a202581c200_4568, v0x5a202581c200_4569, v0x5a202581c200_4570;
v0x5a202581c200_4571 .array/port v0x5a202581c200, 4571;
v0x5a202581c200_4572 .array/port v0x5a202581c200, 4572;
v0x5a202581c200_4573 .array/port v0x5a202581c200, 4573;
v0x5a202581c200_4574 .array/port v0x5a202581c200, 4574;
E_0x5a20257c6530/1143 .event anyedge, v0x5a202581c200_4571, v0x5a202581c200_4572, v0x5a202581c200_4573, v0x5a202581c200_4574;
v0x5a202581c200_4575 .array/port v0x5a202581c200, 4575;
v0x5a202581c200_4576 .array/port v0x5a202581c200, 4576;
v0x5a202581c200_4577 .array/port v0x5a202581c200, 4577;
v0x5a202581c200_4578 .array/port v0x5a202581c200, 4578;
E_0x5a20257c6530/1144 .event anyedge, v0x5a202581c200_4575, v0x5a202581c200_4576, v0x5a202581c200_4577, v0x5a202581c200_4578;
v0x5a202581c200_4579 .array/port v0x5a202581c200, 4579;
v0x5a202581c200_4580 .array/port v0x5a202581c200, 4580;
v0x5a202581c200_4581 .array/port v0x5a202581c200, 4581;
v0x5a202581c200_4582 .array/port v0x5a202581c200, 4582;
E_0x5a20257c6530/1145 .event anyedge, v0x5a202581c200_4579, v0x5a202581c200_4580, v0x5a202581c200_4581, v0x5a202581c200_4582;
v0x5a202581c200_4583 .array/port v0x5a202581c200, 4583;
v0x5a202581c200_4584 .array/port v0x5a202581c200, 4584;
v0x5a202581c200_4585 .array/port v0x5a202581c200, 4585;
v0x5a202581c200_4586 .array/port v0x5a202581c200, 4586;
E_0x5a20257c6530/1146 .event anyedge, v0x5a202581c200_4583, v0x5a202581c200_4584, v0x5a202581c200_4585, v0x5a202581c200_4586;
v0x5a202581c200_4587 .array/port v0x5a202581c200, 4587;
v0x5a202581c200_4588 .array/port v0x5a202581c200, 4588;
v0x5a202581c200_4589 .array/port v0x5a202581c200, 4589;
v0x5a202581c200_4590 .array/port v0x5a202581c200, 4590;
E_0x5a20257c6530/1147 .event anyedge, v0x5a202581c200_4587, v0x5a202581c200_4588, v0x5a202581c200_4589, v0x5a202581c200_4590;
v0x5a202581c200_4591 .array/port v0x5a202581c200, 4591;
v0x5a202581c200_4592 .array/port v0x5a202581c200, 4592;
v0x5a202581c200_4593 .array/port v0x5a202581c200, 4593;
v0x5a202581c200_4594 .array/port v0x5a202581c200, 4594;
E_0x5a20257c6530/1148 .event anyedge, v0x5a202581c200_4591, v0x5a202581c200_4592, v0x5a202581c200_4593, v0x5a202581c200_4594;
v0x5a202581c200_4595 .array/port v0x5a202581c200, 4595;
v0x5a202581c200_4596 .array/port v0x5a202581c200, 4596;
v0x5a202581c200_4597 .array/port v0x5a202581c200, 4597;
v0x5a202581c200_4598 .array/port v0x5a202581c200, 4598;
E_0x5a20257c6530/1149 .event anyedge, v0x5a202581c200_4595, v0x5a202581c200_4596, v0x5a202581c200_4597, v0x5a202581c200_4598;
v0x5a202581c200_4599 .array/port v0x5a202581c200, 4599;
v0x5a202581c200_4600 .array/port v0x5a202581c200, 4600;
v0x5a202581c200_4601 .array/port v0x5a202581c200, 4601;
v0x5a202581c200_4602 .array/port v0x5a202581c200, 4602;
E_0x5a20257c6530/1150 .event anyedge, v0x5a202581c200_4599, v0x5a202581c200_4600, v0x5a202581c200_4601, v0x5a202581c200_4602;
v0x5a202581c200_4603 .array/port v0x5a202581c200, 4603;
v0x5a202581c200_4604 .array/port v0x5a202581c200, 4604;
v0x5a202581c200_4605 .array/port v0x5a202581c200, 4605;
v0x5a202581c200_4606 .array/port v0x5a202581c200, 4606;
E_0x5a20257c6530/1151 .event anyedge, v0x5a202581c200_4603, v0x5a202581c200_4604, v0x5a202581c200_4605, v0x5a202581c200_4606;
v0x5a202581c200_4607 .array/port v0x5a202581c200, 4607;
v0x5a202581c200_4608 .array/port v0x5a202581c200, 4608;
v0x5a202581c200_4609 .array/port v0x5a202581c200, 4609;
v0x5a202581c200_4610 .array/port v0x5a202581c200, 4610;
E_0x5a20257c6530/1152 .event anyedge, v0x5a202581c200_4607, v0x5a202581c200_4608, v0x5a202581c200_4609, v0x5a202581c200_4610;
v0x5a202581c200_4611 .array/port v0x5a202581c200, 4611;
v0x5a202581c200_4612 .array/port v0x5a202581c200, 4612;
v0x5a202581c200_4613 .array/port v0x5a202581c200, 4613;
v0x5a202581c200_4614 .array/port v0x5a202581c200, 4614;
E_0x5a20257c6530/1153 .event anyedge, v0x5a202581c200_4611, v0x5a202581c200_4612, v0x5a202581c200_4613, v0x5a202581c200_4614;
v0x5a202581c200_4615 .array/port v0x5a202581c200, 4615;
v0x5a202581c200_4616 .array/port v0x5a202581c200, 4616;
v0x5a202581c200_4617 .array/port v0x5a202581c200, 4617;
v0x5a202581c200_4618 .array/port v0x5a202581c200, 4618;
E_0x5a20257c6530/1154 .event anyedge, v0x5a202581c200_4615, v0x5a202581c200_4616, v0x5a202581c200_4617, v0x5a202581c200_4618;
v0x5a202581c200_4619 .array/port v0x5a202581c200, 4619;
v0x5a202581c200_4620 .array/port v0x5a202581c200, 4620;
v0x5a202581c200_4621 .array/port v0x5a202581c200, 4621;
v0x5a202581c200_4622 .array/port v0x5a202581c200, 4622;
E_0x5a20257c6530/1155 .event anyedge, v0x5a202581c200_4619, v0x5a202581c200_4620, v0x5a202581c200_4621, v0x5a202581c200_4622;
v0x5a202581c200_4623 .array/port v0x5a202581c200, 4623;
v0x5a202581c200_4624 .array/port v0x5a202581c200, 4624;
v0x5a202581c200_4625 .array/port v0x5a202581c200, 4625;
v0x5a202581c200_4626 .array/port v0x5a202581c200, 4626;
E_0x5a20257c6530/1156 .event anyedge, v0x5a202581c200_4623, v0x5a202581c200_4624, v0x5a202581c200_4625, v0x5a202581c200_4626;
v0x5a202581c200_4627 .array/port v0x5a202581c200, 4627;
v0x5a202581c200_4628 .array/port v0x5a202581c200, 4628;
v0x5a202581c200_4629 .array/port v0x5a202581c200, 4629;
v0x5a202581c200_4630 .array/port v0x5a202581c200, 4630;
E_0x5a20257c6530/1157 .event anyedge, v0x5a202581c200_4627, v0x5a202581c200_4628, v0x5a202581c200_4629, v0x5a202581c200_4630;
v0x5a202581c200_4631 .array/port v0x5a202581c200, 4631;
v0x5a202581c200_4632 .array/port v0x5a202581c200, 4632;
v0x5a202581c200_4633 .array/port v0x5a202581c200, 4633;
v0x5a202581c200_4634 .array/port v0x5a202581c200, 4634;
E_0x5a20257c6530/1158 .event anyedge, v0x5a202581c200_4631, v0x5a202581c200_4632, v0x5a202581c200_4633, v0x5a202581c200_4634;
v0x5a202581c200_4635 .array/port v0x5a202581c200, 4635;
v0x5a202581c200_4636 .array/port v0x5a202581c200, 4636;
v0x5a202581c200_4637 .array/port v0x5a202581c200, 4637;
v0x5a202581c200_4638 .array/port v0x5a202581c200, 4638;
E_0x5a20257c6530/1159 .event anyedge, v0x5a202581c200_4635, v0x5a202581c200_4636, v0x5a202581c200_4637, v0x5a202581c200_4638;
v0x5a202581c200_4639 .array/port v0x5a202581c200, 4639;
v0x5a202581c200_4640 .array/port v0x5a202581c200, 4640;
v0x5a202581c200_4641 .array/port v0x5a202581c200, 4641;
v0x5a202581c200_4642 .array/port v0x5a202581c200, 4642;
E_0x5a20257c6530/1160 .event anyedge, v0x5a202581c200_4639, v0x5a202581c200_4640, v0x5a202581c200_4641, v0x5a202581c200_4642;
v0x5a202581c200_4643 .array/port v0x5a202581c200, 4643;
v0x5a202581c200_4644 .array/port v0x5a202581c200, 4644;
v0x5a202581c200_4645 .array/port v0x5a202581c200, 4645;
v0x5a202581c200_4646 .array/port v0x5a202581c200, 4646;
E_0x5a20257c6530/1161 .event anyedge, v0x5a202581c200_4643, v0x5a202581c200_4644, v0x5a202581c200_4645, v0x5a202581c200_4646;
v0x5a202581c200_4647 .array/port v0x5a202581c200, 4647;
v0x5a202581c200_4648 .array/port v0x5a202581c200, 4648;
v0x5a202581c200_4649 .array/port v0x5a202581c200, 4649;
v0x5a202581c200_4650 .array/port v0x5a202581c200, 4650;
E_0x5a20257c6530/1162 .event anyedge, v0x5a202581c200_4647, v0x5a202581c200_4648, v0x5a202581c200_4649, v0x5a202581c200_4650;
v0x5a202581c200_4651 .array/port v0x5a202581c200, 4651;
v0x5a202581c200_4652 .array/port v0x5a202581c200, 4652;
v0x5a202581c200_4653 .array/port v0x5a202581c200, 4653;
v0x5a202581c200_4654 .array/port v0x5a202581c200, 4654;
E_0x5a20257c6530/1163 .event anyedge, v0x5a202581c200_4651, v0x5a202581c200_4652, v0x5a202581c200_4653, v0x5a202581c200_4654;
v0x5a202581c200_4655 .array/port v0x5a202581c200, 4655;
v0x5a202581c200_4656 .array/port v0x5a202581c200, 4656;
v0x5a202581c200_4657 .array/port v0x5a202581c200, 4657;
v0x5a202581c200_4658 .array/port v0x5a202581c200, 4658;
E_0x5a20257c6530/1164 .event anyedge, v0x5a202581c200_4655, v0x5a202581c200_4656, v0x5a202581c200_4657, v0x5a202581c200_4658;
v0x5a202581c200_4659 .array/port v0x5a202581c200, 4659;
v0x5a202581c200_4660 .array/port v0x5a202581c200, 4660;
v0x5a202581c200_4661 .array/port v0x5a202581c200, 4661;
v0x5a202581c200_4662 .array/port v0x5a202581c200, 4662;
E_0x5a20257c6530/1165 .event anyedge, v0x5a202581c200_4659, v0x5a202581c200_4660, v0x5a202581c200_4661, v0x5a202581c200_4662;
v0x5a202581c200_4663 .array/port v0x5a202581c200, 4663;
v0x5a202581c200_4664 .array/port v0x5a202581c200, 4664;
v0x5a202581c200_4665 .array/port v0x5a202581c200, 4665;
v0x5a202581c200_4666 .array/port v0x5a202581c200, 4666;
E_0x5a20257c6530/1166 .event anyedge, v0x5a202581c200_4663, v0x5a202581c200_4664, v0x5a202581c200_4665, v0x5a202581c200_4666;
v0x5a202581c200_4667 .array/port v0x5a202581c200, 4667;
v0x5a202581c200_4668 .array/port v0x5a202581c200, 4668;
v0x5a202581c200_4669 .array/port v0x5a202581c200, 4669;
v0x5a202581c200_4670 .array/port v0x5a202581c200, 4670;
E_0x5a20257c6530/1167 .event anyedge, v0x5a202581c200_4667, v0x5a202581c200_4668, v0x5a202581c200_4669, v0x5a202581c200_4670;
v0x5a202581c200_4671 .array/port v0x5a202581c200, 4671;
v0x5a202581c200_4672 .array/port v0x5a202581c200, 4672;
v0x5a202581c200_4673 .array/port v0x5a202581c200, 4673;
v0x5a202581c200_4674 .array/port v0x5a202581c200, 4674;
E_0x5a20257c6530/1168 .event anyedge, v0x5a202581c200_4671, v0x5a202581c200_4672, v0x5a202581c200_4673, v0x5a202581c200_4674;
v0x5a202581c200_4675 .array/port v0x5a202581c200, 4675;
v0x5a202581c200_4676 .array/port v0x5a202581c200, 4676;
v0x5a202581c200_4677 .array/port v0x5a202581c200, 4677;
v0x5a202581c200_4678 .array/port v0x5a202581c200, 4678;
E_0x5a20257c6530/1169 .event anyedge, v0x5a202581c200_4675, v0x5a202581c200_4676, v0x5a202581c200_4677, v0x5a202581c200_4678;
v0x5a202581c200_4679 .array/port v0x5a202581c200, 4679;
v0x5a202581c200_4680 .array/port v0x5a202581c200, 4680;
v0x5a202581c200_4681 .array/port v0x5a202581c200, 4681;
v0x5a202581c200_4682 .array/port v0x5a202581c200, 4682;
E_0x5a20257c6530/1170 .event anyedge, v0x5a202581c200_4679, v0x5a202581c200_4680, v0x5a202581c200_4681, v0x5a202581c200_4682;
v0x5a202581c200_4683 .array/port v0x5a202581c200, 4683;
v0x5a202581c200_4684 .array/port v0x5a202581c200, 4684;
v0x5a202581c200_4685 .array/port v0x5a202581c200, 4685;
v0x5a202581c200_4686 .array/port v0x5a202581c200, 4686;
E_0x5a20257c6530/1171 .event anyedge, v0x5a202581c200_4683, v0x5a202581c200_4684, v0x5a202581c200_4685, v0x5a202581c200_4686;
v0x5a202581c200_4687 .array/port v0x5a202581c200, 4687;
v0x5a202581c200_4688 .array/port v0x5a202581c200, 4688;
v0x5a202581c200_4689 .array/port v0x5a202581c200, 4689;
v0x5a202581c200_4690 .array/port v0x5a202581c200, 4690;
E_0x5a20257c6530/1172 .event anyedge, v0x5a202581c200_4687, v0x5a202581c200_4688, v0x5a202581c200_4689, v0x5a202581c200_4690;
v0x5a202581c200_4691 .array/port v0x5a202581c200, 4691;
v0x5a202581c200_4692 .array/port v0x5a202581c200, 4692;
v0x5a202581c200_4693 .array/port v0x5a202581c200, 4693;
v0x5a202581c200_4694 .array/port v0x5a202581c200, 4694;
E_0x5a20257c6530/1173 .event anyedge, v0x5a202581c200_4691, v0x5a202581c200_4692, v0x5a202581c200_4693, v0x5a202581c200_4694;
v0x5a202581c200_4695 .array/port v0x5a202581c200, 4695;
v0x5a202581c200_4696 .array/port v0x5a202581c200, 4696;
v0x5a202581c200_4697 .array/port v0x5a202581c200, 4697;
v0x5a202581c200_4698 .array/port v0x5a202581c200, 4698;
E_0x5a20257c6530/1174 .event anyedge, v0x5a202581c200_4695, v0x5a202581c200_4696, v0x5a202581c200_4697, v0x5a202581c200_4698;
v0x5a202581c200_4699 .array/port v0x5a202581c200, 4699;
v0x5a202581c200_4700 .array/port v0x5a202581c200, 4700;
v0x5a202581c200_4701 .array/port v0x5a202581c200, 4701;
v0x5a202581c200_4702 .array/port v0x5a202581c200, 4702;
E_0x5a20257c6530/1175 .event anyedge, v0x5a202581c200_4699, v0x5a202581c200_4700, v0x5a202581c200_4701, v0x5a202581c200_4702;
v0x5a202581c200_4703 .array/port v0x5a202581c200, 4703;
v0x5a202581c200_4704 .array/port v0x5a202581c200, 4704;
v0x5a202581c200_4705 .array/port v0x5a202581c200, 4705;
v0x5a202581c200_4706 .array/port v0x5a202581c200, 4706;
E_0x5a20257c6530/1176 .event anyedge, v0x5a202581c200_4703, v0x5a202581c200_4704, v0x5a202581c200_4705, v0x5a202581c200_4706;
v0x5a202581c200_4707 .array/port v0x5a202581c200, 4707;
v0x5a202581c200_4708 .array/port v0x5a202581c200, 4708;
v0x5a202581c200_4709 .array/port v0x5a202581c200, 4709;
v0x5a202581c200_4710 .array/port v0x5a202581c200, 4710;
E_0x5a20257c6530/1177 .event anyedge, v0x5a202581c200_4707, v0x5a202581c200_4708, v0x5a202581c200_4709, v0x5a202581c200_4710;
v0x5a202581c200_4711 .array/port v0x5a202581c200, 4711;
v0x5a202581c200_4712 .array/port v0x5a202581c200, 4712;
v0x5a202581c200_4713 .array/port v0x5a202581c200, 4713;
v0x5a202581c200_4714 .array/port v0x5a202581c200, 4714;
E_0x5a20257c6530/1178 .event anyedge, v0x5a202581c200_4711, v0x5a202581c200_4712, v0x5a202581c200_4713, v0x5a202581c200_4714;
v0x5a202581c200_4715 .array/port v0x5a202581c200, 4715;
v0x5a202581c200_4716 .array/port v0x5a202581c200, 4716;
v0x5a202581c200_4717 .array/port v0x5a202581c200, 4717;
v0x5a202581c200_4718 .array/port v0x5a202581c200, 4718;
E_0x5a20257c6530/1179 .event anyedge, v0x5a202581c200_4715, v0x5a202581c200_4716, v0x5a202581c200_4717, v0x5a202581c200_4718;
v0x5a202581c200_4719 .array/port v0x5a202581c200, 4719;
v0x5a202581c200_4720 .array/port v0x5a202581c200, 4720;
v0x5a202581c200_4721 .array/port v0x5a202581c200, 4721;
v0x5a202581c200_4722 .array/port v0x5a202581c200, 4722;
E_0x5a20257c6530/1180 .event anyedge, v0x5a202581c200_4719, v0x5a202581c200_4720, v0x5a202581c200_4721, v0x5a202581c200_4722;
v0x5a202581c200_4723 .array/port v0x5a202581c200, 4723;
v0x5a202581c200_4724 .array/port v0x5a202581c200, 4724;
v0x5a202581c200_4725 .array/port v0x5a202581c200, 4725;
v0x5a202581c200_4726 .array/port v0x5a202581c200, 4726;
E_0x5a20257c6530/1181 .event anyedge, v0x5a202581c200_4723, v0x5a202581c200_4724, v0x5a202581c200_4725, v0x5a202581c200_4726;
v0x5a202581c200_4727 .array/port v0x5a202581c200, 4727;
v0x5a202581c200_4728 .array/port v0x5a202581c200, 4728;
v0x5a202581c200_4729 .array/port v0x5a202581c200, 4729;
v0x5a202581c200_4730 .array/port v0x5a202581c200, 4730;
E_0x5a20257c6530/1182 .event anyedge, v0x5a202581c200_4727, v0x5a202581c200_4728, v0x5a202581c200_4729, v0x5a202581c200_4730;
v0x5a202581c200_4731 .array/port v0x5a202581c200, 4731;
v0x5a202581c200_4732 .array/port v0x5a202581c200, 4732;
v0x5a202581c200_4733 .array/port v0x5a202581c200, 4733;
v0x5a202581c200_4734 .array/port v0x5a202581c200, 4734;
E_0x5a20257c6530/1183 .event anyedge, v0x5a202581c200_4731, v0x5a202581c200_4732, v0x5a202581c200_4733, v0x5a202581c200_4734;
v0x5a202581c200_4735 .array/port v0x5a202581c200, 4735;
v0x5a202581c200_4736 .array/port v0x5a202581c200, 4736;
v0x5a202581c200_4737 .array/port v0x5a202581c200, 4737;
v0x5a202581c200_4738 .array/port v0x5a202581c200, 4738;
E_0x5a20257c6530/1184 .event anyedge, v0x5a202581c200_4735, v0x5a202581c200_4736, v0x5a202581c200_4737, v0x5a202581c200_4738;
v0x5a202581c200_4739 .array/port v0x5a202581c200, 4739;
v0x5a202581c200_4740 .array/port v0x5a202581c200, 4740;
v0x5a202581c200_4741 .array/port v0x5a202581c200, 4741;
v0x5a202581c200_4742 .array/port v0x5a202581c200, 4742;
E_0x5a20257c6530/1185 .event anyedge, v0x5a202581c200_4739, v0x5a202581c200_4740, v0x5a202581c200_4741, v0x5a202581c200_4742;
v0x5a202581c200_4743 .array/port v0x5a202581c200, 4743;
v0x5a202581c200_4744 .array/port v0x5a202581c200, 4744;
v0x5a202581c200_4745 .array/port v0x5a202581c200, 4745;
v0x5a202581c200_4746 .array/port v0x5a202581c200, 4746;
E_0x5a20257c6530/1186 .event anyedge, v0x5a202581c200_4743, v0x5a202581c200_4744, v0x5a202581c200_4745, v0x5a202581c200_4746;
v0x5a202581c200_4747 .array/port v0x5a202581c200, 4747;
v0x5a202581c200_4748 .array/port v0x5a202581c200, 4748;
v0x5a202581c200_4749 .array/port v0x5a202581c200, 4749;
v0x5a202581c200_4750 .array/port v0x5a202581c200, 4750;
E_0x5a20257c6530/1187 .event anyedge, v0x5a202581c200_4747, v0x5a202581c200_4748, v0x5a202581c200_4749, v0x5a202581c200_4750;
v0x5a202581c200_4751 .array/port v0x5a202581c200, 4751;
v0x5a202581c200_4752 .array/port v0x5a202581c200, 4752;
v0x5a202581c200_4753 .array/port v0x5a202581c200, 4753;
v0x5a202581c200_4754 .array/port v0x5a202581c200, 4754;
E_0x5a20257c6530/1188 .event anyedge, v0x5a202581c200_4751, v0x5a202581c200_4752, v0x5a202581c200_4753, v0x5a202581c200_4754;
v0x5a202581c200_4755 .array/port v0x5a202581c200, 4755;
v0x5a202581c200_4756 .array/port v0x5a202581c200, 4756;
v0x5a202581c200_4757 .array/port v0x5a202581c200, 4757;
v0x5a202581c200_4758 .array/port v0x5a202581c200, 4758;
E_0x5a20257c6530/1189 .event anyedge, v0x5a202581c200_4755, v0x5a202581c200_4756, v0x5a202581c200_4757, v0x5a202581c200_4758;
v0x5a202581c200_4759 .array/port v0x5a202581c200, 4759;
v0x5a202581c200_4760 .array/port v0x5a202581c200, 4760;
v0x5a202581c200_4761 .array/port v0x5a202581c200, 4761;
v0x5a202581c200_4762 .array/port v0x5a202581c200, 4762;
E_0x5a20257c6530/1190 .event anyedge, v0x5a202581c200_4759, v0x5a202581c200_4760, v0x5a202581c200_4761, v0x5a202581c200_4762;
v0x5a202581c200_4763 .array/port v0x5a202581c200, 4763;
v0x5a202581c200_4764 .array/port v0x5a202581c200, 4764;
v0x5a202581c200_4765 .array/port v0x5a202581c200, 4765;
v0x5a202581c200_4766 .array/port v0x5a202581c200, 4766;
E_0x5a20257c6530/1191 .event anyedge, v0x5a202581c200_4763, v0x5a202581c200_4764, v0x5a202581c200_4765, v0x5a202581c200_4766;
v0x5a202581c200_4767 .array/port v0x5a202581c200, 4767;
v0x5a202581c200_4768 .array/port v0x5a202581c200, 4768;
v0x5a202581c200_4769 .array/port v0x5a202581c200, 4769;
v0x5a202581c200_4770 .array/port v0x5a202581c200, 4770;
E_0x5a20257c6530/1192 .event anyedge, v0x5a202581c200_4767, v0x5a202581c200_4768, v0x5a202581c200_4769, v0x5a202581c200_4770;
v0x5a202581c200_4771 .array/port v0x5a202581c200, 4771;
v0x5a202581c200_4772 .array/port v0x5a202581c200, 4772;
v0x5a202581c200_4773 .array/port v0x5a202581c200, 4773;
v0x5a202581c200_4774 .array/port v0x5a202581c200, 4774;
E_0x5a20257c6530/1193 .event anyedge, v0x5a202581c200_4771, v0x5a202581c200_4772, v0x5a202581c200_4773, v0x5a202581c200_4774;
v0x5a202581c200_4775 .array/port v0x5a202581c200, 4775;
v0x5a202581c200_4776 .array/port v0x5a202581c200, 4776;
v0x5a202581c200_4777 .array/port v0x5a202581c200, 4777;
v0x5a202581c200_4778 .array/port v0x5a202581c200, 4778;
E_0x5a20257c6530/1194 .event anyedge, v0x5a202581c200_4775, v0x5a202581c200_4776, v0x5a202581c200_4777, v0x5a202581c200_4778;
v0x5a202581c200_4779 .array/port v0x5a202581c200, 4779;
v0x5a202581c200_4780 .array/port v0x5a202581c200, 4780;
v0x5a202581c200_4781 .array/port v0x5a202581c200, 4781;
v0x5a202581c200_4782 .array/port v0x5a202581c200, 4782;
E_0x5a20257c6530/1195 .event anyedge, v0x5a202581c200_4779, v0x5a202581c200_4780, v0x5a202581c200_4781, v0x5a202581c200_4782;
v0x5a202581c200_4783 .array/port v0x5a202581c200, 4783;
v0x5a202581c200_4784 .array/port v0x5a202581c200, 4784;
v0x5a202581c200_4785 .array/port v0x5a202581c200, 4785;
v0x5a202581c200_4786 .array/port v0x5a202581c200, 4786;
E_0x5a20257c6530/1196 .event anyedge, v0x5a202581c200_4783, v0x5a202581c200_4784, v0x5a202581c200_4785, v0x5a202581c200_4786;
v0x5a202581c200_4787 .array/port v0x5a202581c200, 4787;
v0x5a202581c200_4788 .array/port v0x5a202581c200, 4788;
v0x5a202581c200_4789 .array/port v0x5a202581c200, 4789;
v0x5a202581c200_4790 .array/port v0x5a202581c200, 4790;
E_0x5a20257c6530/1197 .event anyedge, v0x5a202581c200_4787, v0x5a202581c200_4788, v0x5a202581c200_4789, v0x5a202581c200_4790;
v0x5a202581c200_4791 .array/port v0x5a202581c200, 4791;
v0x5a202581c200_4792 .array/port v0x5a202581c200, 4792;
v0x5a202581c200_4793 .array/port v0x5a202581c200, 4793;
v0x5a202581c200_4794 .array/port v0x5a202581c200, 4794;
E_0x5a20257c6530/1198 .event anyedge, v0x5a202581c200_4791, v0x5a202581c200_4792, v0x5a202581c200_4793, v0x5a202581c200_4794;
v0x5a202581c200_4795 .array/port v0x5a202581c200, 4795;
v0x5a202581c200_4796 .array/port v0x5a202581c200, 4796;
v0x5a202581c200_4797 .array/port v0x5a202581c200, 4797;
v0x5a202581c200_4798 .array/port v0x5a202581c200, 4798;
E_0x5a20257c6530/1199 .event anyedge, v0x5a202581c200_4795, v0x5a202581c200_4796, v0x5a202581c200_4797, v0x5a202581c200_4798;
v0x5a202581c200_4799 .array/port v0x5a202581c200, 4799;
v0x5a202581c200_4800 .array/port v0x5a202581c200, 4800;
v0x5a202581c200_4801 .array/port v0x5a202581c200, 4801;
v0x5a202581c200_4802 .array/port v0x5a202581c200, 4802;
E_0x5a20257c6530/1200 .event anyedge, v0x5a202581c200_4799, v0x5a202581c200_4800, v0x5a202581c200_4801, v0x5a202581c200_4802;
v0x5a202581c200_4803 .array/port v0x5a202581c200, 4803;
v0x5a202581c200_4804 .array/port v0x5a202581c200, 4804;
v0x5a202581c200_4805 .array/port v0x5a202581c200, 4805;
v0x5a202581c200_4806 .array/port v0x5a202581c200, 4806;
E_0x5a20257c6530/1201 .event anyedge, v0x5a202581c200_4803, v0x5a202581c200_4804, v0x5a202581c200_4805, v0x5a202581c200_4806;
v0x5a202581c200_4807 .array/port v0x5a202581c200, 4807;
v0x5a202581c200_4808 .array/port v0x5a202581c200, 4808;
v0x5a202581c200_4809 .array/port v0x5a202581c200, 4809;
v0x5a202581c200_4810 .array/port v0x5a202581c200, 4810;
E_0x5a20257c6530/1202 .event anyedge, v0x5a202581c200_4807, v0x5a202581c200_4808, v0x5a202581c200_4809, v0x5a202581c200_4810;
v0x5a202581c200_4811 .array/port v0x5a202581c200, 4811;
v0x5a202581c200_4812 .array/port v0x5a202581c200, 4812;
v0x5a202581c200_4813 .array/port v0x5a202581c200, 4813;
v0x5a202581c200_4814 .array/port v0x5a202581c200, 4814;
E_0x5a20257c6530/1203 .event anyedge, v0x5a202581c200_4811, v0x5a202581c200_4812, v0x5a202581c200_4813, v0x5a202581c200_4814;
v0x5a202581c200_4815 .array/port v0x5a202581c200, 4815;
v0x5a202581c200_4816 .array/port v0x5a202581c200, 4816;
v0x5a202581c200_4817 .array/port v0x5a202581c200, 4817;
v0x5a202581c200_4818 .array/port v0x5a202581c200, 4818;
E_0x5a20257c6530/1204 .event anyedge, v0x5a202581c200_4815, v0x5a202581c200_4816, v0x5a202581c200_4817, v0x5a202581c200_4818;
v0x5a202581c200_4819 .array/port v0x5a202581c200, 4819;
v0x5a202581c200_4820 .array/port v0x5a202581c200, 4820;
v0x5a202581c200_4821 .array/port v0x5a202581c200, 4821;
v0x5a202581c200_4822 .array/port v0x5a202581c200, 4822;
E_0x5a20257c6530/1205 .event anyedge, v0x5a202581c200_4819, v0x5a202581c200_4820, v0x5a202581c200_4821, v0x5a202581c200_4822;
v0x5a202581c200_4823 .array/port v0x5a202581c200, 4823;
v0x5a202581c200_4824 .array/port v0x5a202581c200, 4824;
v0x5a202581c200_4825 .array/port v0x5a202581c200, 4825;
v0x5a202581c200_4826 .array/port v0x5a202581c200, 4826;
E_0x5a20257c6530/1206 .event anyedge, v0x5a202581c200_4823, v0x5a202581c200_4824, v0x5a202581c200_4825, v0x5a202581c200_4826;
v0x5a202581c200_4827 .array/port v0x5a202581c200, 4827;
v0x5a202581c200_4828 .array/port v0x5a202581c200, 4828;
v0x5a202581c200_4829 .array/port v0x5a202581c200, 4829;
v0x5a202581c200_4830 .array/port v0x5a202581c200, 4830;
E_0x5a20257c6530/1207 .event anyedge, v0x5a202581c200_4827, v0x5a202581c200_4828, v0x5a202581c200_4829, v0x5a202581c200_4830;
v0x5a202581c200_4831 .array/port v0x5a202581c200, 4831;
v0x5a202581c200_4832 .array/port v0x5a202581c200, 4832;
v0x5a202581c200_4833 .array/port v0x5a202581c200, 4833;
v0x5a202581c200_4834 .array/port v0x5a202581c200, 4834;
E_0x5a20257c6530/1208 .event anyedge, v0x5a202581c200_4831, v0x5a202581c200_4832, v0x5a202581c200_4833, v0x5a202581c200_4834;
v0x5a202581c200_4835 .array/port v0x5a202581c200, 4835;
v0x5a202581c200_4836 .array/port v0x5a202581c200, 4836;
v0x5a202581c200_4837 .array/port v0x5a202581c200, 4837;
v0x5a202581c200_4838 .array/port v0x5a202581c200, 4838;
E_0x5a20257c6530/1209 .event anyedge, v0x5a202581c200_4835, v0x5a202581c200_4836, v0x5a202581c200_4837, v0x5a202581c200_4838;
v0x5a202581c200_4839 .array/port v0x5a202581c200, 4839;
v0x5a202581c200_4840 .array/port v0x5a202581c200, 4840;
v0x5a202581c200_4841 .array/port v0x5a202581c200, 4841;
v0x5a202581c200_4842 .array/port v0x5a202581c200, 4842;
E_0x5a20257c6530/1210 .event anyedge, v0x5a202581c200_4839, v0x5a202581c200_4840, v0x5a202581c200_4841, v0x5a202581c200_4842;
v0x5a202581c200_4843 .array/port v0x5a202581c200, 4843;
v0x5a202581c200_4844 .array/port v0x5a202581c200, 4844;
v0x5a202581c200_4845 .array/port v0x5a202581c200, 4845;
v0x5a202581c200_4846 .array/port v0x5a202581c200, 4846;
E_0x5a20257c6530/1211 .event anyedge, v0x5a202581c200_4843, v0x5a202581c200_4844, v0x5a202581c200_4845, v0x5a202581c200_4846;
v0x5a202581c200_4847 .array/port v0x5a202581c200, 4847;
v0x5a202581c200_4848 .array/port v0x5a202581c200, 4848;
v0x5a202581c200_4849 .array/port v0x5a202581c200, 4849;
v0x5a202581c200_4850 .array/port v0x5a202581c200, 4850;
E_0x5a20257c6530/1212 .event anyedge, v0x5a202581c200_4847, v0x5a202581c200_4848, v0x5a202581c200_4849, v0x5a202581c200_4850;
v0x5a202581c200_4851 .array/port v0x5a202581c200, 4851;
v0x5a202581c200_4852 .array/port v0x5a202581c200, 4852;
v0x5a202581c200_4853 .array/port v0x5a202581c200, 4853;
v0x5a202581c200_4854 .array/port v0x5a202581c200, 4854;
E_0x5a20257c6530/1213 .event anyedge, v0x5a202581c200_4851, v0x5a202581c200_4852, v0x5a202581c200_4853, v0x5a202581c200_4854;
v0x5a202581c200_4855 .array/port v0x5a202581c200, 4855;
v0x5a202581c200_4856 .array/port v0x5a202581c200, 4856;
v0x5a202581c200_4857 .array/port v0x5a202581c200, 4857;
v0x5a202581c200_4858 .array/port v0x5a202581c200, 4858;
E_0x5a20257c6530/1214 .event anyedge, v0x5a202581c200_4855, v0x5a202581c200_4856, v0x5a202581c200_4857, v0x5a202581c200_4858;
v0x5a202581c200_4859 .array/port v0x5a202581c200, 4859;
v0x5a202581c200_4860 .array/port v0x5a202581c200, 4860;
v0x5a202581c200_4861 .array/port v0x5a202581c200, 4861;
v0x5a202581c200_4862 .array/port v0x5a202581c200, 4862;
E_0x5a20257c6530/1215 .event anyedge, v0x5a202581c200_4859, v0x5a202581c200_4860, v0x5a202581c200_4861, v0x5a202581c200_4862;
v0x5a202581c200_4863 .array/port v0x5a202581c200, 4863;
v0x5a202581c200_4864 .array/port v0x5a202581c200, 4864;
v0x5a202581c200_4865 .array/port v0x5a202581c200, 4865;
v0x5a202581c200_4866 .array/port v0x5a202581c200, 4866;
E_0x5a20257c6530/1216 .event anyedge, v0x5a202581c200_4863, v0x5a202581c200_4864, v0x5a202581c200_4865, v0x5a202581c200_4866;
v0x5a202581c200_4867 .array/port v0x5a202581c200, 4867;
v0x5a202581c200_4868 .array/port v0x5a202581c200, 4868;
v0x5a202581c200_4869 .array/port v0x5a202581c200, 4869;
v0x5a202581c200_4870 .array/port v0x5a202581c200, 4870;
E_0x5a20257c6530/1217 .event anyedge, v0x5a202581c200_4867, v0x5a202581c200_4868, v0x5a202581c200_4869, v0x5a202581c200_4870;
v0x5a202581c200_4871 .array/port v0x5a202581c200, 4871;
v0x5a202581c200_4872 .array/port v0x5a202581c200, 4872;
v0x5a202581c200_4873 .array/port v0x5a202581c200, 4873;
v0x5a202581c200_4874 .array/port v0x5a202581c200, 4874;
E_0x5a20257c6530/1218 .event anyedge, v0x5a202581c200_4871, v0x5a202581c200_4872, v0x5a202581c200_4873, v0x5a202581c200_4874;
v0x5a202581c200_4875 .array/port v0x5a202581c200, 4875;
v0x5a202581c200_4876 .array/port v0x5a202581c200, 4876;
v0x5a202581c200_4877 .array/port v0x5a202581c200, 4877;
v0x5a202581c200_4878 .array/port v0x5a202581c200, 4878;
E_0x5a20257c6530/1219 .event anyedge, v0x5a202581c200_4875, v0x5a202581c200_4876, v0x5a202581c200_4877, v0x5a202581c200_4878;
v0x5a202581c200_4879 .array/port v0x5a202581c200, 4879;
v0x5a202581c200_4880 .array/port v0x5a202581c200, 4880;
v0x5a202581c200_4881 .array/port v0x5a202581c200, 4881;
v0x5a202581c200_4882 .array/port v0x5a202581c200, 4882;
E_0x5a20257c6530/1220 .event anyedge, v0x5a202581c200_4879, v0x5a202581c200_4880, v0x5a202581c200_4881, v0x5a202581c200_4882;
v0x5a202581c200_4883 .array/port v0x5a202581c200, 4883;
v0x5a202581c200_4884 .array/port v0x5a202581c200, 4884;
v0x5a202581c200_4885 .array/port v0x5a202581c200, 4885;
v0x5a202581c200_4886 .array/port v0x5a202581c200, 4886;
E_0x5a20257c6530/1221 .event anyedge, v0x5a202581c200_4883, v0x5a202581c200_4884, v0x5a202581c200_4885, v0x5a202581c200_4886;
v0x5a202581c200_4887 .array/port v0x5a202581c200, 4887;
v0x5a202581c200_4888 .array/port v0x5a202581c200, 4888;
v0x5a202581c200_4889 .array/port v0x5a202581c200, 4889;
v0x5a202581c200_4890 .array/port v0x5a202581c200, 4890;
E_0x5a20257c6530/1222 .event anyedge, v0x5a202581c200_4887, v0x5a202581c200_4888, v0x5a202581c200_4889, v0x5a202581c200_4890;
v0x5a202581c200_4891 .array/port v0x5a202581c200, 4891;
v0x5a202581c200_4892 .array/port v0x5a202581c200, 4892;
v0x5a202581c200_4893 .array/port v0x5a202581c200, 4893;
v0x5a202581c200_4894 .array/port v0x5a202581c200, 4894;
E_0x5a20257c6530/1223 .event anyedge, v0x5a202581c200_4891, v0x5a202581c200_4892, v0x5a202581c200_4893, v0x5a202581c200_4894;
v0x5a202581c200_4895 .array/port v0x5a202581c200, 4895;
v0x5a202581c200_4896 .array/port v0x5a202581c200, 4896;
v0x5a202581c200_4897 .array/port v0x5a202581c200, 4897;
v0x5a202581c200_4898 .array/port v0x5a202581c200, 4898;
E_0x5a20257c6530/1224 .event anyedge, v0x5a202581c200_4895, v0x5a202581c200_4896, v0x5a202581c200_4897, v0x5a202581c200_4898;
v0x5a202581c200_4899 .array/port v0x5a202581c200, 4899;
v0x5a202581c200_4900 .array/port v0x5a202581c200, 4900;
v0x5a202581c200_4901 .array/port v0x5a202581c200, 4901;
v0x5a202581c200_4902 .array/port v0x5a202581c200, 4902;
E_0x5a20257c6530/1225 .event anyedge, v0x5a202581c200_4899, v0x5a202581c200_4900, v0x5a202581c200_4901, v0x5a202581c200_4902;
v0x5a202581c200_4903 .array/port v0x5a202581c200, 4903;
v0x5a202581c200_4904 .array/port v0x5a202581c200, 4904;
v0x5a202581c200_4905 .array/port v0x5a202581c200, 4905;
v0x5a202581c200_4906 .array/port v0x5a202581c200, 4906;
E_0x5a20257c6530/1226 .event anyedge, v0x5a202581c200_4903, v0x5a202581c200_4904, v0x5a202581c200_4905, v0x5a202581c200_4906;
v0x5a202581c200_4907 .array/port v0x5a202581c200, 4907;
v0x5a202581c200_4908 .array/port v0x5a202581c200, 4908;
v0x5a202581c200_4909 .array/port v0x5a202581c200, 4909;
v0x5a202581c200_4910 .array/port v0x5a202581c200, 4910;
E_0x5a20257c6530/1227 .event anyedge, v0x5a202581c200_4907, v0x5a202581c200_4908, v0x5a202581c200_4909, v0x5a202581c200_4910;
v0x5a202581c200_4911 .array/port v0x5a202581c200, 4911;
v0x5a202581c200_4912 .array/port v0x5a202581c200, 4912;
v0x5a202581c200_4913 .array/port v0x5a202581c200, 4913;
v0x5a202581c200_4914 .array/port v0x5a202581c200, 4914;
E_0x5a20257c6530/1228 .event anyedge, v0x5a202581c200_4911, v0x5a202581c200_4912, v0x5a202581c200_4913, v0x5a202581c200_4914;
v0x5a202581c200_4915 .array/port v0x5a202581c200, 4915;
v0x5a202581c200_4916 .array/port v0x5a202581c200, 4916;
v0x5a202581c200_4917 .array/port v0x5a202581c200, 4917;
v0x5a202581c200_4918 .array/port v0x5a202581c200, 4918;
E_0x5a20257c6530/1229 .event anyedge, v0x5a202581c200_4915, v0x5a202581c200_4916, v0x5a202581c200_4917, v0x5a202581c200_4918;
v0x5a202581c200_4919 .array/port v0x5a202581c200, 4919;
v0x5a202581c200_4920 .array/port v0x5a202581c200, 4920;
v0x5a202581c200_4921 .array/port v0x5a202581c200, 4921;
v0x5a202581c200_4922 .array/port v0x5a202581c200, 4922;
E_0x5a20257c6530/1230 .event anyedge, v0x5a202581c200_4919, v0x5a202581c200_4920, v0x5a202581c200_4921, v0x5a202581c200_4922;
v0x5a202581c200_4923 .array/port v0x5a202581c200, 4923;
v0x5a202581c200_4924 .array/port v0x5a202581c200, 4924;
v0x5a202581c200_4925 .array/port v0x5a202581c200, 4925;
v0x5a202581c200_4926 .array/port v0x5a202581c200, 4926;
E_0x5a20257c6530/1231 .event anyedge, v0x5a202581c200_4923, v0x5a202581c200_4924, v0x5a202581c200_4925, v0x5a202581c200_4926;
v0x5a202581c200_4927 .array/port v0x5a202581c200, 4927;
v0x5a202581c200_4928 .array/port v0x5a202581c200, 4928;
v0x5a202581c200_4929 .array/port v0x5a202581c200, 4929;
v0x5a202581c200_4930 .array/port v0x5a202581c200, 4930;
E_0x5a20257c6530/1232 .event anyedge, v0x5a202581c200_4927, v0x5a202581c200_4928, v0x5a202581c200_4929, v0x5a202581c200_4930;
v0x5a202581c200_4931 .array/port v0x5a202581c200, 4931;
v0x5a202581c200_4932 .array/port v0x5a202581c200, 4932;
v0x5a202581c200_4933 .array/port v0x5a202581c200, 4933;
v0x5a202581c200_4934 .array/port v0x5a202581c200, 4934;
E_0x5a20257c6530/1233 .event anyedge, v0x5a202581c200_4931, v0x5a202581c200_4932, v0x5a202581c200_4933, v0x5a202581c200_4934;
v0x5a202581c200_4935 .array/port v0x5a202581c200, 4935;
v0x5a202581c200_4936 .array/port v0x5a202581c200, 4936;
v0x5a202581c200_4937 .array/port v0x5a202581c200, 4937;
v0x5a202581c200_4938 .array/port v0x5a202581c200, 4938;
E_0x5a20257c6530/1234 .event anyedge, v0x5a202581c200_4935, v0x5a202581c200_4936, v0x5a202581c200_4937, v0x5a202581c200_4938;
v0x5a202581c200_4939 .array/port v0x5a202581c200, 4939;
v0x5a202581c200_4940 .array/port v0x5a202581c200, 4940;
v0x5a202581c200_4941 .array/port v0x5a202581c200, 4941;
v0x5a202581c200_4942 .array/port v0x5a202581c200, 4942;
E_0x5a20257c6530/1235 .event anyedge, v0x5a202581c200_4939, v0x5a202581c200_4940, v0x5a202581c200_4941, v0x5a202581c200_4942;
v0x5a202581c200_4943 .array/port v0x5a202581c200, 4943;
v0x5a202581c200_4944 .array/port v0x5a202581c200, 4944;
v0x5a202581c200_4945 .array/port v0x5a202581c200, 4945;
v0x5a202581c200_4946 .array/port v0x5a202581c200, 4946;
E_0x5a20257c6530/1236 .event anyedge, v0x5a202581c200_4943, v0x5a202581c200_4944, v0x5a202581c200_4945, v0x5a202581c200_4946;
v0x5a202581c200_4947 .array/port v0x5a202581c200, 4947;
v0x5a202581c200_4948 .array/port v0x5a202581c200, 4948;
v0x5a202581c200_4949 .array/port v0x5a202581c200, 4949;
v0x5a202581c200_4950 .array/port v0x5a202581c200, 4950;
E_0x5a20257c6530/1237 .event anyedge, v0x5a202581c200_4947, v0x5a202581c200_4948, v0x5a202581c200_4949, v0x5a202581c200_4950;
v0x5a202581c200_4951 .array/port v0x5a202581c200, 4951;
v0x5a202581c200_4952 .array/port v0x5a202581c200, 4952;
v0x5a202581c200_4953 .array/port v0x5a202581c200, 4953;
v0x5a202581c200_4954 .array/port v0x5a202581c200, 4954;
E_0x5a20257c6530/1238 .event anyedge, v0x5a202581c200_4951, v0x5a202581c200_4952, v0x5a202581c200_4953, v0x5a202581c200_4954;
v0x5a202581c200_4955 .array/port v0x5a202581c200, 4955;
v0x5a202581c200_4956 .array/port v0x5a202581c200, 4956;
v0x5a202581c200_4957 .array/port v0x5a202581c200, 4957;
v0x5a202581c200_4958 .array/port v0x5a202581c200, 4958;
E_0x5a20257c6530/1239 .event anyedge, v0x5a202581c200_4955, v0x5a202581c200_4956, v0x5a202581c200_4957, v0x5a202581c200_4958;
v0x5a202581c200_4959 .array/port v0x5a202581c200, 4959;
v0x5a202581c200_4960 .array/port v0x5a202581c200, 4960;
v0x5a202581c200_4961 .array/port v0x5a202581c200, 4961;
v0x5a202581c200_4962 .array/port v0x5a202581c200, 4962;
E_0x5a20257c6530/1240 .event anyedge, v0x5a202581c200_4959, v0x5a202581c200_4960, v0x5a202581c200_4961, v0x5a202581c200_4962;
v0x5a202581c200_4963 .array/port v0x5a202581c200, 4963;
v0x5a202581c200_4964 .array/port v0x5a202581c200, 4964;
v0x5a202581c200_4965 .array/port v0x5a202581c200, 4965;
v0x5a202581c200_4966 .array/port v0x5a202581c200, 4966;
E_0x5a20257c6530/1241 .event anyedge, v0x5a202581c200_4963, v0x5a202581c200_4964, v0x5a202581c200_4965, v0x5a202581c200_4966;
v0x5a202581c200_4967 .array/port v0x5a202581c200, 4967;
v0x5a202581c200_4968 .array/port v0x5a202581c200, 4968;
v0x5a202581c200_4969 .array/port v0x5a202581c200, 4969;
v0x5a202581c200_4970 .array/port v0x5a202581c200, 4970;
E_0x5a20257c6530/1242 .event anyedge, v0x5a202581c200_4967, v0x5a202581c200_4968, v0x5a202581c200_4969, v0x5a202581c200_4970;
v0x5a202581c200_4971 .array/port v0x5a202581c200, 4971;
v0x5a202581c200_4972 .array/port v0x5a202581c200, 4972;
v0x5a202581c200_4973 .array/port v0x5a202581c200, 4973;
v0x5a202581c200_4974 .array/port v0x5a202581c200, 4974;
E_0x5a20257c6530/1243 .event anyedge, v0x5a202581c200_4971, v0x5a202581c200_4972, v0x5a202581c200_4973, v0x5a202581c200_4974;
v0x5a202581c200_4975 .array/port v0x5a202581c200, 4975;
v0x5a202581c200_4976 .array/port v0x5a202581c200, 4976;
v0x5a202581c200_4977 .array/port v0x5a202581c200, 4977;
v0x5a202581c200_4978 .array/port v0x5a202581c200, 4978;
E_0x5a20257c6530/1244 .event anyedge, v0x5a202581c200_4975, v0x5a202581c200_4976, v0x5a202581c200_4977, v0x5a202581c200_4978;
v0x5a202581c200_4979 .array/port v0x5a202581c200, 4979;
v0x5a202581c200_4980 .array/port v0x5a202581c200, 4980;
v0x5a202581c200_4981 .array/port v0x5a202581c200, 4981;
v0x5a202581c200_4982 .array/port v0x5a202581c200, 4982;
E_0x5a20257c6530/1245 .event anyedge, v0x5a202581c200_4979, v0x5a202581c200_4980, v0x5a202581c200_4981, v0x5a202581c200_4982;
v0x5a202581c200_4983 .array/port v0x5a202581c200, 4983;
v0x5a202581c200_4984 .array/port v0x5a202581c200, 4984;
v0x5a202581c200_4985 .array/port v0x5a202581c200, 4985;
v0x5a202581c200_4986 .array/port v0x5a202581c200, 4986;
E_0x5a20257c6530/1246 .event anyedge, v0x5a202581c200_4983, v0x5a202581c200_4984, v0x5a202581c200_4985, v0x5a202581c200_4986;
v0x5a202581c200_4987 .array/port v0x5a202581c200, 4987;
v0x5a202581c200_4988 .array/port v0x5a202581c200, 4988;
v0x5a202581c200_4989 .array/port v0x5a202581c200, 4989;
v0x5a202581c200_4990 .array/port v0x5a202581c200, 4990;
E_0x5a20257c6530/1247 .event anyedge, v0x5a202581c200_4987, v0x5a202581c200_4988, v0x5a202581c200_4989, v0x5a202581c200_4990;
v0x5a202581c200_4991 .array/port v0x5a202581c200, 4991;
v0x5a202581c200_4992 .array/port v0x5a202581c200, 4992;
v0x5a202581c200_4993 .array/port v0x5a202581c200, 4993;
v0x5a202581c200_4994 .array/port v0x5a202581c200, 4994;
E_0x5a20257c6530/1248 .event anyedge, v0x5a202581c200_4991, v0x5a202581c200_4992, v0x5a202581c200_4993, v0x5a202581c200_4994;
v0x5a202581c200_4995 .array/port v0x5a202581c200, 4995;
v0x5a202581c200_4996 .array/port v0x5a202581c200, 4996;
v0x5a202581c200_4997 .array/port v0x5a202581c200, 4997;
v0x5a202581c200_4998 .array/port v0x5a202581c200, 4998;
E_0x5a20257c6530/1249 .event anyedge, v0x5a202581c200_4995, v0x5a202581c200_4996, v0x5a202581c200_4997, v0x5a202581c200_4998;
v0x5a202581c200_4999 .array/port v0x5a202581c200, 4999;
v0x5a202581c200_5000 .array/port v0x5a202581c200, 5000;
v0x5a202581c200_5001 .array/port v0x5a202581c200, 5001;
v0x5a202581c200_5002 .array/port v0x5a202581c200, 5002;
E_0x5a20257c6530/1250 .event anyedge, v0x5a202581c200_4999, v0x5a202581c200_5000, v0x5a202581c200_5001, v0x5a202581c200_5002;
v0x5a202581c200_5003 .array/port v0x5a202581c200, 5003;
v0x5a202581c200_5004 .array/port v0x5a202581c200, 5004;
v0x5a202581c200_5005 .array/port v0x5a202581c200, 5005;
v0x5a202581c200_5006 .array/port v0x5a202581c200, 5006;
E_0x5a20257c6530/1251 .event anyedge, v0x5a202581c200_5003, v0x5a202581c200_5004, v0x5a202581c200_5005, v0x5a202581c200_5006;
v0x5a202581c200_5007 .array/port v0x5a202581c200, 5007;
v0x5a202581c200_5008 .array/port v0x5a202581c200, 5008;
v0x5a202581c200_5009 .array/port v0x5a202581c200, 5009;
v0x5a202581c200_5010 .array/port v0x5a202581c200, 5010;
E_0x5a20257c6530/1252 .event anyedge, v0x5a202581c200_5007, v0x5a202581c200_5008, v0x5a202581c200_5009, v0x5a202581c200_5010;
v0x5a202581c200_5011 .array/port v0x5a202581c200, 5011;
v0x5a202581c200_5012 .array/port v0x5a202581c200, 5012;
v0x5a202581c200_5013 .array/port v0x5a202581c200, 5013;
v0x5a202581c200_5014 .array/port v0x5a202581c200, 5014;
E_0x5a20257c6530/1253 .event anyedge, v0x5a202581c200_5011, v0x5a202581c200_5012, v0x5a202581c200_5013, v0x5a202581c200_5014;
v0x5a202581c200_5015 .array/port v0x5a202581c200, 5015;
v0x5a202581c200_5016 .array/port v0x5a202581c200, 5016;
v0x5a202581c200_5017 .array/port v0x5a202581c200, 5017;
v0x5a202581c200_5018 .array/port v0x5a202581c200, 5018;
E_0x5a20257c6530/1254 .event anyedge, v0x5a202581c200_5015, v0x5a202581c200_5016, v0x5a202581c200_5017, v0x5a202581c200_5018;
v0x5a202581c200_5019 .array/port v0x5a202581c200, 5019;
v0x5a202581c200_5020 .array/port v0x5a202581c200, 5020;
v0x5a202581c200_5021 .array/port v0x5a202581c200, 5021;
v0x5a202581c200_5022 .array/port v0x5a202581c200, 5022;
E_0x5a20257c6530/1255 .event anyedge, v0x5a202581c200_5019, v0x5a202581c200_5020, v0x5a202581c200_5021, v0x5a202581c200_5022;
v0x5a202581c200_5023 .array/port v0x5a202581c200, 5023;
v0x5a202581c200_5024 .array/port v0x5a202581c200, 5024;
v0x5a202581c200_5025 .array/port v0x5a202581c200, 5025;
v0x5a202581c200_5026 .array/port v0x5a202581c200, 5026;
E_0x5a20257c6530/1256 .event anyedge, v0x5a202581c200_5023, v0x5a202581c200_5024, v0x5a202581c200_5025, v0x5a202581c200_5026;
v0x5a202581c200_5027 .array/port v0x5a202581c200, 5027;
v0x5a202581c200_5028 .array/port v0x5a202581c200, 5028;
v0x5a202581c200_5029 .array/port v0x5a202581c200, 5029;
v0x5a202581c200_5030 .array/port v0x5a202581c200, 5030;
E_0x5a20257c6530/1257 .event anyedge, v0x5a202581c200_5027, v0x5a202581c200_5028, v0x5a202581c200_5029, v0x5a202581c200_5030;
v0x5a202581c200_5031 .array/port v0x5a202581c200, 5031;
v0x5a202581c200_5032 .array/port v0x5a202581c200, 5032;
v0x5a202581c200_5033 .array/port v0x5a202581c200, 5033;
v0x5a202581c200_5034 .array/port v0x5a202581c200, 5034;
E_0x5a20257c6530/1258 .event anyedge, v0x5a202581c200_5031, v0x5a202581c200_5032, v0x5a202581c200_5033, v0x5a202581c200_5034;
v0x5a202581c200_5035 .array/port v0x5a202581c200, 5035;
v0x5a202581c200_5036 .array/port v0x5a202581c200, 5036;
v0x5a202581c200_5037 .array/port v0x5a202581c200, 5037;
v0x5a202581c200_5038 .array/port v0x5a202581c200, 5038;
E_0x5a20257c6530/1259 .event anyedge, v0x5a202581c200_5035, v0x5a202581c200_5036, v0x5a202581c200_5037, v0x5a202581c200_5038;
v0x5a202581c200_5039 .array/port v0x5a202581c200, 5039;
v0x5a202581c200_5040 .array/port v0x5a202581c200, 5040;
v0x5a202581c200_5041 .array/port v0x5a202581c200, 5041;
v0x5a202581c200_5042 .array/port v0x5a202581c200, 5042;
E_0x5a20257c6530/1260 .event anyedge, v0x5a202581c200_5039, v0x5a202581c200_5040, v0x5a202581c200_5041, v0x5a202581c200_5042;
v0x5a202581c200_5043 .array/port v0x5a202581c200, 5043;
v0x5a202581c200_5044 .array/port v0x5a202581c200, 5044;
v0x5a202581c200_5045 .array/port v0x5a202581c200, 5045;
v0x5a202581c200_5046 .array/port v0x5a202581c200, 5046;
E_0x5a20257c6530/1261 .event anyedge, v0x5a202581c200_5043, v0x5a202581c200_5044, v0x5a202581c200_5045, v0x5a202581c200_5046;
v0x5a202581c200_5047 .array/port v0x5a202581c200, 5047;
v0x5a202581c200_5048 .array/port v0x5a202581c200, 5048;
v0x5a202581c200_5049 .array/port v0x5a202581c200, 5049;
v0x5a202581c200_5050 .array/port v0x5a202581c200, 5050;
E_0x5a20257c6530/1262 .event anyedge, v0x5a202581c200_5047, v0x5a202581c200_5048, v0x5a202581c200_5049, v0x5a202581c200_5050;
v0x5a202581c200_5051 .array/port v0x5a202581c200, 5051;
v0x5a202581c200_5052 .array/port v0x5a202581c200, 5052;
v0x5a202581c200_5053 .array/port v0x5a202581c200, 5053;
v0x5a202581c200_5054 .array/port v0x5a202581c200, 5054;
E_0x5a20257c6530/1263 .event anyedge, v0x5a202581c200_5051, v0x5a202581c200_5052, v0x5a202581c200_5053, v0x5a202581c200_5054;
v0x5a202581c200_5055 .array/port v0x5a202581c200, 5055;
v0x5a202581c200_5056 .array/port v0x5a202581c200, 5056;
v0x5a202581c200_5057 .array/port v0x5a202581c200, 5057;
v0x5a202581c200_5058 .array/port v0x5a202581c200, 5058;
E_0x5a20257c6530/1264 .event anyedge, v0x5a202581c200_5055, v0x5a202581c200_5056, v0x5a202581c200_5057, v0x5a202581c200_5058;
v0x5a202581c200_5059 .array/port v0x5a202581c200, 5059;
v0x5a202581c200_5060 .array/port v0x5a202581c200, 5060;
v0x5a202581c200_5061 .array/port v0x5a202581c200, 5061;
v0x5a202581c200_5062 .array/port v0x5a202581c200, 5062;
E_0x5a20257c6530/1265 .event anyedge, v0x5a202581c200_5059, v0x5a202581c200_5060, v0x5a202581c200_5061, v0x5a202581c200_5062;
v0x5a202581c200_5063 .array/port v0x5a202581c200, 5063;
v0x5a202581c200_5064 .array/port v0x5a202581c200, 5064;
v0x5a202581c200_5065 .array/port v0x5a202581c200, 5065;
v0x5a202581c200_5066 .array/port v0x5a202581c200, 5066;
E_0x5a20257c6530/1266 .event anyedge, v0x5a202581c200_5063, v0x5a202581c200_5064, v0x5a202581c200_5065, v0x5a202581c200_5066;
v0x5a202581c200_5067 .array/port v0x5a202581c200, 5067;
v0x5a202581c200_5068 .array/port v0x5a202581c200, 5068;
v0x5a202581c200_5069 .array/port v0x5a202581c200, 5069;
v0x5a202581c200_5070 .array/port v0x5a202581c200, 5070;
E_0x5a20257c6530/1267 .event anyedge, v0x5a202581c200_5067, v0x5a202581c200_5068, v0x5a202581c200_5069, v0x5a202581c200_5070;
v0x5a202581c200_5071 .array/port v0x5a202581c200, 5071;
v0x5a202581c200_5072 .array/port v0x5a202581c200, 5072;
v0x5a202581c200_5073 .array/port v0x5a202581c200, 5073;
v0x5a202581c200_5074 .array/port v0x5a202581c200, 5074;
E_0x5a20257c6530/1268 .event anyedge, v0x5a202581c200_5071, v0x5a202581c200_5072, v0x5a202581c200_5073, v0x5a202581c200_5074;
v0x5a202581c200_5075 .array/port v0x5a202581c200, 5075;
v0x5a202581c200_5076 .array/port v0x5a202581c200, 5076;
v0x5a202581c200_5077 .array/port v0x5a202581c200, 5077;
v0x5a202581c200_5078 .array/port v0x5a202581c200, 5078;
E_0x5a20257c6530/1269 .event anyedge, v0x5a202581c200_5075, v0x5a202581c200_5076, v0x5a202581c200_5077, v0x5a202581c200_5078;
v0x5a202581c200_5079 .array/port v0x5a202581c200, 5079;
v0x5a202581c200_5080 .array/port v0x5a202581c200, 5080;
v0x5a202581c200_5081 .array/port v0x5a202581c200, 5081;
v0x5a202581c200_5082 .array/port v0x5a202581c200, 5082;
E_0x5a20257c6530/1270 .event anyedge, v0x5a202581c200_5079, v0x5a202581c200_5080, v0x5a202581c200_5081, v0x5a202581c200_5082;
v0x5a202581c200_5083 .array/port v0x5a202581c200, 5083;
v0x5a202581c200_5084 .array/port v0x5a202581c200, 5084;
v0x5a202581c200_5085 .array/port v0x5a202581c200, 5085;
v0x5a202581c200_5086 .array/port v0x5a202581c200, 5086;
E_0x5a20257c6530/1271 .event anyedge, v0x5a202581c200_5083, v0x5a202581c200_5084, v0x5a202581c200_5085, v0x5a202581c200_5086;
v0x5a202581c200_5087 .array/port v0x5a202581c200, 5087;
v0x5a202581c200_5088 .array/port v0x5a202581c200, 5088;
v0x5a202581c200_5089 .array/port v0x5a202581c200, 5089;
v0x5a202581c200_5090 .array/port v0x5a202581c200, 5090;
E_0x5a20257c6530/1272 .event anyedge, v0x5a202581c200_5087, v0x5a202581c200_5088, v0x5a202581c200_5089, v0x5a202581c200_5090;
v0x5a202581c200_5091 .array/port v0x5a202581c200, 5091;
v0x5a202581c200_5092 .array/port v0x5a202581c200, 5092;
v0x5a202581c200_5093 .array/port v0x5a202581c200, 5093;
v0x5a202581c200_5094 .array/port v0x5a202581c200, 5094;
E_0x5a20257c6530/1273 .event anyedge, v0x5a202581c200_5091, v0x5a202581c200_5092, v0x5a202581c200_5093, v0x5a202581c200_5094;
v0x5a202581c200_5095 .array/port v0x5a202581c200, 5095;
v0x5a202581c200_5096 .array/port v0x5a202581c200, 5096;
v0x5a202581c200_5097 .array/port v0x5a202581c200, 5097;
v0x5a202581c200_5098 .array/port v0x5a202581c200, 5098;
E_0x5a20257c6530/1274 .event anyedge, v0x5a202581c200_5095, v0x5a202581c200_5096, v0x5a202581c200_5097, v0x5a202581c200_5098;
v0x5a202581c200_5099 .array/port v0x5a202581c200, 5099;
v0x5a202581c200_5100 .array/port v0x5a202581c200, 5100;
v0x5a202581c200_5101 .array/port v0x5a202581c200, 5101;
v0x5a202581c200_5102 .array/port v0x5a202581c200, 5102;
E_0x5a20257c6530/1275 .event anyedge, v0x5a202581c200_5099, v0x5a202581c200_5100, v0x5a202581c200_5101, v0x5a202581c200_5102;
v0x5a202581c200_5103 .array/port v0x5a202581c200, 5103;
v0x5a202581c200_5104 .array/port v0x5a202581c200, 5104;
v0x5a202581c200_5105 .array/port v0x5a202581c200, 5105;
v0x5a202581c200_5106 .array/port v0x5a202581c200, 5106;
E_0x5a20257c6530/1276 .event anyedge, v0x5a202581c200_5103, v0x5a202581c200_5104, v0x5a202581c200_5105, v0x5a202581c200_5106;
v0x5a202581c200_5107 .array/port v0x5a202581c200, 5107;
v0x5a202581c200_5108 .array/port v0x5a202581c200, 5108;
v0x5a202581c200_5109 .array/port v0x5a202581c200, 5109;
v0x5a202581c200_5110 .array/port v0x5a202581c200, 5110;
E_0x5a20257c6530/1277 .event anyedge, v0x5a202581c200_5107, v0x5a202581c200_5108, v0x5a202581c200_5109, v0x5a202581c200_5110;
v0x5a202581c200_5111 .array/port v0x5a202581c200, 5111;
v0x5a202581c200_5112 .array/port v0x5a202581c200, 5112;
v0x5a202581c200_5113 .array/port v0x5a202581c200, 5113;
v0x5a202581c200_5114 .array/port v0x5a202581c200, 5114;
E_0x5a20257c6530/1278 .event anyedge, v0x5a202581c200_5111, v0x5a202581c200_5112, v0x5a202581c200_5113, v0x5a202581c200_5114;
v0x5a202581c200_5115 .array/port v0x5a202581c200, 5115;
v0x5a202581c200_5116 .array/port v0x5a202581c200, 5116;
v0x5a202581c200_5117 .array/port v0x5a202581c200, 5117;
v0x5a202581c200_5118 .array/port v0x5a202581c200, 5118;
E_0x5a20257c6530/1279 .event anyedge, v0x5a202581c200_5115, v0x5a202581c200_5116, v0x5a202581c200_5117, v0x5a202581c200_5118;
v0x5a202581c200_5119 .array/port v0x5a202581c200, 5119;
v0x5a202581c200_5120 .array/port v0x5a202581c200, 5120;
v0x5a202581c200_5121 .array/port v0x5a202581c200, 5121;
v0x5a202581c200_5122 .array/port v0x5a202581c200, 5122;
E_0x5a20257c6530/1280 .event anyedge, v0x5a202581c200_5119, v0x5a202581c200_5120, v0x5a202581c200_5121, v0x5a202581c200_5122;
v0x5a202581c200_5123 .array/port v0x5a202581c200, 5123;
v0x5a202581c200_5124 .array/port v0x5a202581c200, 5124;
v0x5a202581c200_5125 .array/port v0x5a202581c200, 5125;
v0x5a202581c200_5126 .array/port v0x5a202581c200, 5126;
E_0x5a20257c6530/1281 .event anyedge, v0x5a202581c200_5123, v0x5a202581c200_5124, v0x5a202581c200_5125, v0x5a202581c200_5126;
v0x5a202581c200_5127 .array/port v0x5a202581c200, 5127;
v0x5a202581c200_5128 .array/port v0x5a202581c200, 5128;
v0x5a202581c200_5129 .array/port v0x5a202581c200, 5129;
v0x5a202581c200_5130 .array/port v0x5a202581c200, 5130;
E_0x5a20257c6530/1282 .event anyedge, v0x5a202581c200_5127, v0x5a202581c200_5128, v0x5a202581c200_5129, v0x5a202581c200_5130;
v0x5a202581c200_5131 .array/port v0x5a202581c200, 5131;
v0x5a202581c200_5132 .array/port v0x5a202581c200, 5132;
v0x5a202581c200_5133 .array/port v0x5a202581c200, 5133;
v0x5a202581c200_5134 .array/port v0x5a202581c200, 5134;
E_0x5a20257c6530/1283 .event anyedge, v0x5a202581c200_5131, v0x5a202581c200_5132, v0x5a202581c200_5133, v0x5a202581c200_5134;
v0x5a202581c200_5135 .array/port v0x5a202581c200, 5135;
v0x5a202581c200_5136 .array/port v0x5a202581c200, 5136;
v0x5a202581c200_5137 .array/port v0x5a202581c200, 5137;
v0x5a202581c200_5138 .array/port v0x5a202581c200, 5138;
E_0x5a20257c6530/1284 .event anyedge, v0x5a202581c200_5135, v0x5a202581c200_5136, v0x5a202581c200_5137, v0x5a202581c200_5138;
v0x5a202581c200_5139 .array/port v0x5a202581c200, 5139;
v0x5a202581c200_5140 .array/port v0x5a202581c200, 5140;
v0x5a202581c200_5141 .array/port v0x5a202581c200, 5141;
v0x5a202581c200_5142 .array/port v0x5a202581c200, 5142;
E_0x5a20257c6530/1285 .event anyedge, v0x5a202581c200_5139, v0x5a202581c200_5140, v0x5a202581c200_5141, v0x5a202581c200_5142;
v0x5a202581c200_5143 .array/port v0x5a202581c200, 5143;
v0x5a202581c200_5144 .array/port v0x5a202581c200, 5144;
v0x5a202581c200_5145 .array/port v0x5a202581c200, 5145;
v0x5a202581c200_5146 .array/port v0x5a202581c200, 5146;
E_0x5a20257c6530/1286 .event anyedge, v0x5a202581c200_5143, v0x5a202581c200_5144, v0x5a202581c200_5145, v0x5a202581c200_5146;
v0x5a202581c200_5147 .array/port v0x5a202581c200, 5147;
v0x5a202581c200_5148 .array/port v0x5a202581c200, 5148;
v0x5a202581c200_5149 .array/port v0x5a202581c200, 5149;
v0x5a202581c200_5150 .array/port v0x5a202581c200, 5150;
E_0x5a20257c6530/1287 .event anyedge, v0x5a202581c200_5147, v0x5a202581c200_5148, v0x5a202581c200_5149, v0x5a202581c200_5150;
v0x5a202581c200_5151 .array/port v0x5a202581c200, 5151;
v0x5a202581c200_5152 .array/port v0x5a202581c200, 5152;
v0x5a202581c200_5153 .array/port v0x5a202581c200, 5153;
v0x5a202581c200_5154 .array/port v0x5a202581c200, 5154;
E_0x5a20257c6530/1288 .event anyedge, v0x5a202581c200_5151, v0x5a202581c200_5152, v0x5a202581c200_5153, v0x5a202581c200_5154;
v0x5a202581c200_5155 .array/port v0x5a202581c200, 5155;
v0x5a202581c200_5156 .array/port v0x5a202581c200, 5156;
v0x5a202581c200_5157 .array/port v0x5a202581c200, 5157;
v0x5a202581c200_5158 .array/port v0x5a202581c200, 5158;
E_0x5a20257c6530/1289 .event anyedge, v0x5a202581c200_5155, v0x5a202581c200_5156, v0x5a202581c200_5157, v0x5a202581c200_5158;
v0x5a202581c200_5159 .array/port v0x5a202581c200, 5159;
v0x5a202581c200_5160 .array/port v0x5a202581c200, 5160;
v0x5a202581c200_5161 .array/port v0x5a202581c200, 5161;
v0x5a202581c200_5162 .array/port v0x5a202581c200, 5162;
E_0x5a20257c6530/1290 .event anyedge, v0x5a202581c200_5159, v0x5a202581c200_5160, v0x5a202581c200_5161, v0x5a202581c200_5162;
v0x5a202581c200_5163 .array/port v0x5a202581c200, 5163;
v0x5a202581c200_5164 .array/port v0x5a202581c200, 5164;
v0x5a202581c200_5165 .array/port v0x5a202581c200, 5165;
v0x5a202581c200_5166 .array/port v0x5a202581c200, 5166;
E_0x5a20257c6530/1291 .event anyedge, v0x5a202581c200_5163, v0x5a202581c200_5164, v0x5a202581c200_5165, v0x5a202581c200_5166;
v0x5a202581c200_5167 .array/port v0x5a202581c200, 5167;
v0x5a202581c200_5168 .array/port v0x5a202581c200, 5168;
v0x5a202581c200_5169 .array/port v0x5a202581c200, 5169;
v0x5a202581c200_5170 .array/port v0x5a202581c200, 5170;
E_0x5a20257c6530/1292 .event anyedge, v0x5a202581c200_5167, v0x5a202581c200_5168, v0x5a202581c200_5169, v0x5a202581c200_5170;
v0x5a202581c200_5171 .array/port v0x5a202581c200, 5171;
v0x5a202581c200_5172 .array/port v0x5a202581c200, 5172;
v0x5a202581c200_5173 .array/port v0x5a202581c200, 5173;
v0x5a202581c200_5174 .array/port v0x5a202581c200, 5174;
E_0x5a20257c6530/1293 .event anyedge, v0x5a202581c200_5171, v0x5a202581c200_5172, v0x5a202581c200_5173, v0x5a202581c200_5174;
v0x5a202581c200_5175 .array/port v0x5a202581c200, 5175;
v0x5a202581c200_5176 .array/port v0x5a202581c200, 5176;
v0x5a202581c200_5177 .array/port v0x5a202581c200, 5177;
v0x5a202581c200_5178 .array/port v0x5a202581c200, 5178;
E_0x5a20257c6530/1294 .event anyedge, v0x5a202581c200_5175, v0x5a202581c200_5176, v0x5a202581c200_5177, v0x5a202581c200_5178;
v0x5a202581c200_5179 .array/port v0x5a202581c200, 5179;
v0x5a202581c200_5180 .array/port v0x5a202581c200, 5180;
v0x5a202581c200_5181 .array/port v0x5a202581c200, 5181;
v0x5a202581c200_5182 .array/port v0x5a202581c200, 5182;
E_0x5a20257c6530/1295 .event anyedge, v0x5a202581c200_5179, v0x5a202581c200_5180, v0x5a202581c200_5181, v0x5a202581c200_5182;
v0x5a202581c200_5183 .array/port v0x5a202581c200, 5183;
v0x5a202581c200_5184 .array/port v0x5a202581c200, 5184;
v0x5a202581c200_5185 .array/port v0x5a202581c200, 5185;
v0x5a202581c200_5186 .array/port v0x5a202581c200, 5186;
E_0x5a20257c6530/1296 .event anyedge, v0x5a202581c200_5183, v0x5a202581c200_5184, v0x5a202581c200_5185, v0x5a202581c200_5186;
v0x5a202581c200_5187 .array/port v0x5a202581c200, 5187;
v0x5a202581c200_5188 .array/port v0x5a202581c200, 5188;
v0x5a202581c200_5189 .array/port v0x5a202581c200, 5189;
v0x5a202581c200_5190 .array/port v0x5a202581c200, 5190;
E_0x5a20257c6530/1297 .event anyedge, v0x5a202581c200_5187, v0x5a202581c200_5188, v0x5a202581c200_5189, v0x5a202581c200_5190;
v0x5a202581c200_5191 .array/port v0x5a202581c200, 5191;
v0x5a202581c200_5192 .array/port v0x5a202581c200, 5192;
v0x5a202581c200_5193 .array/port v0x5a202581c200, 5193;
v0x5a202581c200_5194 .array/port v0x5a202581c200, 5194;
E_0x5a20257c6530/1298 .event anyedge, v0x5a202581c200_5191, v0x5a202581c200_5192, v0x5a202581c200_5193, v0x5a202581c200_5194;
v0x5a202581c200_5195 .array/port v0x5a202581c200, 5195;
v0x5a202581c200_5196 .array/port v0x5a202581c200, 5196;
v0x5a202581c200_5197 .array/port v0x5a202581c200, 5197;
v0x5a202581c200_5198 .array/port v0x5a202581c200, 5198;
E_0x5a20257c6530/1299 .event anyedge, v0x5a202581c200_5195, v0x5a202581c200_5196, v0x5a202581c200_5197, v0x5a202581c200_5198;
v0x5a202581c200_5199 .array/port v0x5a202581c200, 5199;
v0x5a202581c200_5200 .array/port v0x5a202581c200, 5200;
v0x5a202581c200_5201 .array/port v0x5a202581c200, 5201;
v0x5a202581c200_5202 .array/port v0x5a202581c200, 5202;
E_0x5a20257c6530/1300 .event anyedge, v0x5a202581c200_5199, v0x5a202581c200_5200, v0x5a202581c200_5201, v0x5a202581c200_5202;
v0x5a202581c200_5203 .array/port v0x5a202581c200, 5203;
v0x5a202581c200_5204 .array/port v0x5a202581c200, 5204;
v0x5a202581c200_5205 .array/port v0x5a202581c200, 5205;
v0x5a202581c200_5206 .array/port v0x5a202581c200, 5206;
E_0x5a20257c6530/1301 .event anyedge, v0x5a202581c200_5203, v0x5a202581c200_5204, v0x5a202581c200_5205, v0x5a202581c200_5206;
v0x5a202581c200_5207 .array/port v0x5a202581c200, 5207;
v0x5a202581c200_5208 .array/port v0x5a202581c200, 5208;
v0x5a202581c200_5209 .array/port v0x5a202581c200, 5209;
v0x5a202581c200_5210 .array/port v0x5a202581c200, 5210;
E_0x5a20257c6530/1302 .event anyedge, v0x5a202581c200_5207, v0x5a202581c200_5208, v0x5a202581c200_5209, v0x5a202581c200_5210;
v0x5a202581c200_5211 .array/port v0x5a202581c200, 5211;
v0x5a202581c200_5212 .array/port v0x5a202581c200, 5212;
v0x5a202581c200_5213 .array/port v0x5a202581c200, 5213;
v0x5a202581c200_5214 .array/port v0x5a202581c200, 5214;
E_0x5a20257c6530/1303 .event anyedge, v0x5a202581c200_5211, v0x5a202581c200_5212, v0x5a202581c200_5213, v0x5a202581c200_5214;
v0x5a202581c200_5215 .array/port v0x5a202581c200, 5215;
v0x5a202581c200_5216 .array/port v0x5a202581c200, 5216;
v0x5a202581c200_5217 .array/port v0x5a202581c200, 5217;
v0x5a202581c200_5218 .array/port v0x5a202581c200, 5218;
E_0x5a20257c6530/1304 .event anyedge, v0x5a202581c200_5215, v0x5a202581c200_5216, v0x5a202581c200_5217, v0x5a202581c200_5218;
v0x5a202581c200_5219 .array/port v0x5a202581c200, 5219;
v0x5a202581c200_5220 .array/port v0x5a202581c200, 5220;
v0x5a202581c200_5221 .array/port v0x5a202581c200, 5221;
v0x5a202581c200_5222 .array/port v0x5a202581c200, 5222;
E_0x5a20257c6530/1305 .event anyedge, v0x5a202581c200_5219, v0x5a202581c200_5220, v0x5a202581c200_5221, v0x5a202581c200_5222;
v0x5a202581c200_5223 .array/port v0x5a202581c200, 5223;
v0x5a202581c200_5224 .array/port v0x5a202581c200, 5224;
v0x5a202581c200_5225 .array/port v0x5a202581c200, 5225;
v0x5a202581c200_5226 .array/port v0x5a202581c200, 5226;
E_0x5a20257c6530/1306 .event anyedge, v0x5a202581c200_5223, v0x5a202581c200_5224, v0x5a202581c200_5225, v0x5a202581c200_5226;
v0x5a202581c200_5227 .array/port v0x5a202581c200, 5227;
v0x5a202581c200_5228 .array/port v0x5a202581c200, 5228;
v0x5a202581c200_5229 .array/port v0x5a202581c200, 5229;
v0x5a202581c200_5230 .array/port v0x5a202581c200, 5230;
E_0x5a20257c6530/1307 .event anyedge, v0x5a202581c200_5227, v0x5a202581c200_5228, v0x5a202581c200_5229, v0x5a202581c200_5230;
v0x5a202581c200_5231 .array/port v0x5a202581c200, 5231;
v0x5a202581c200_5232 .array/port v0x5a202581c200, 5232;
v0x5a202581c200_5233 .array/port v0x5a202581c200, 5233;
v0x5a202581c200_5234 .array/port v0x5a202581c200, 5234;
E_0x5a20257c6530/1308 .event anyedge, v0x5a202581c200_5231, v0x5a202581c200_5232, v0x5a202581c200_5233, v0x5a202581c200_5234;
v0x5a202581c200_5235 .array/port v0x5a202581c200, 5235;
v0x5a202581c200_5236 .array/port v0x5a202581c200, 5236;
v0x5a202581c200_5237 .array/port v0x5a202581c200, 5237;
v0x5a202581c200_5238 .array/port v0x5a202581c200, 5238;
E_0x5a20257c6530/1309 .event anyedge, v0x5a202581c200_5235, v0x5a202581c200_5236, v0x5a202581c200_5237, v0x5a202581c200_5238;
v0x5a202581c200_5239 .array/port v0x5a202581c200, 5239;
v0x5a202581c200_5240 .array/port v0x5a202581c200, 5240;
v0x5a202581c200_5241 .array/port v0x5a202581c200, 5241;
v0x5a202581c200_5242 .array/port v0x5a202581c200, 5242;
E_0x5a20257c6530/1310 .event anyedge, v0x5a202581c200_5239, v0x5a202581c200_5240, v0x5a202581c200_5241, v0x5a202581c200_5242;
v0x5a202581c200_5243 .array/port v0x5a202581c200, 5243;
v0x5a202581c200_5244 .array/port v0x5a202581c200, 5244;
v0x5a202581c200_5245 .array/port v0x5a202581c200, 5245;
v0x5a202581c200_5246 .array/port v0x5a202581c200, 5246;
E_0x5a20257c6530/1311 .event anyedge, v0x5a202581c200_5243, v0x5a202581c200_5244, v0x5a202581c200_5245, v0x5a202581c200_5246;
v0x5a202581c200_5247 .array/port v0x5a202581c200, 5247;
v0x5a202581c200_5248 .array/port v0x5a202581c200, 5248;
v0x5a202581c200_5249 .array/port v0x5a202581c200, 5249;
v0x5a202581c200_5250 .array/port v0x5a202581c200, 5250;
E_0x5a20257c6530/1312 .event anyedge, v0x5a202581c200_5247, v0x5a202581c200_5248, v0x5a202581c200_5249, v0x5a202581c200_5250;
v0x5a202581c200_5251 .array/port v0x5a202581c200, 5251;
v0x5a202581c200_5252 .array/port v0x5a202581c200, 5252;
v0x5a202581c200_5253 .array/port v0x5a202581c200, 5253;
v0x5a202581c200_5254 .array/port v0x5a202581c200, 5254;
E_0x5a20257c6530/1313 .event anyedge, v0x5a202581c200_5251, v0x5a202581c200_5252, v0x5a202581c200_5253, v0x5a202581c200_5254;
v0x5a202581c200_5255 .array/port v0x5a202581c200, 5255;
v0x5a202581c200_5256 .array/port v0x5a202581c200, 5256;
v0x5a202581c200_5257 .array/port v0x5a202581c200, 5257;
v0x5a202581c200_5258 .array/port v0x5a202581c200, 5258;
E_0x5a20257c6530/1314 .event anyedge, v0x5a202581c200_5255, v0x5a202581c200_5256, v0x5a202581c200_5257, v0x5a202581c200_5258;
v0x5a202581c200_5259 .array/port v0x5a202581c200, 5259;
v0x5a202581c200_5260 .array/port v0x5a202581c200, 5260;
v0x5a202581c200_5261 .array/port v0x5a202581c200, 5261;
v0x5a202581c200_5262 .array/port v0x5a202581c200, 5262;
E_0x5a20257c6530/1315 .event anyedge, v0x5a202581c200_5259, v0x5a202581c200_5260, v0x5a202581c200_5261, v0x5a202581c200_5262;
v0x5a202581c200_5263 .array/port v0x5a202581c200, 5263;
v0x5a202581c200_5264 .array/port v0x5a202581c200, 5264;
v0x5a202581c200_5265 .array/port v0x5a202581c200, 5265;
v0x5a202581c200_5266 .array/port v0x5a202581c200, 5266;
E_0x5a20257c6530/1316 .event anyedge, v0x5a202581c200_5263, v0x5a202581c200_5264, v0x5a202581c200_5265, v0x5a202581c200_5266;
v0x5a202581c200_5267 .array/port v0x5a202581c200, 5267;
v0x5a202581c200_5268 .array/port v0x5a202581c200, 5268;
v0x5a202581c200_5269 .array/port v0x5a202581c200, 5269;
v0x5a202581c200_5270 .array/port v0x5a202581c200, 5270;
E_0x5a20257c6530/1317 .event anyedge, v0x5a202581c200_5267, v0x5a202581c200_5268, v0x5a202581c200_5269, v0x5a202581c200_5270;
v0x5a202581c200_5271 .array/port v0x5a202581c200, 5271;
v0x5a202581c200_5272 .array/port v0x5a202581c200, 5272;
v0x5a202581c200_5273 .array/port v0x5a202581c200, 5273;
v0x5a202581c200_5274 .array/port v0x5a202581c200, 5274;
E_0x5a20257c6530/1318 .event anyedge, v0x5a202581c200_5271, v0x5a202581c200_5272, v0x5a202581c200_5273, v0x5a202581c200_5274;
v0x5a202581c200_5275 .array/port v0x5a202581c200, 5275;
v0x5a202581c200_5276 .array/port v0x5a202581c200, 5276;
v0x5a202581c200_5277 .array/port v0x5a202581c200, 5277;
v0x5a202581c200_5278 .array/port v0x5a202581c200, 5278;
E_0x5a20257c6530/1319 .event anyedge, v0x5a202581c200_5275, v0x5a202581c200_5276, v0x5a202581c200_5277, v0x5a202581c200_5278;
v0x5a202581c200_5279 .array/port v0x5a202581c200, 5279;
v0x5a202581c200_5280 .array/port v0x5a202581c200, 5280;
v0x5a202581c200_5281 .array/port v0x5a202581c200, 5281;
v0x5a202581c200_5282 .array/port v0x5a202581c200, 5282;
E_0x5a20257c6530/1320 .event anyedge, v0x5a202581c200_5279, v0x5a202581c200_5280, v0x5a202581c200_5281, v0x5a202581c200_5282;
v0x5a202581c200_5283 .array/port v0x5a202581c200, 5283;
v0x5a202581c200_5284 .array/port v0x5a202581c200, 5284;
v0x5a202581c200_5285 .array/port v0x5a202581c200, 5285;
v0x5a202581c200_5286 .array/port v0x5a202581c200, 5286;
E_0x5a20257c6530/1321 .event anyedge, v0x5a202581c200_5283, v0x5a202581c200_5284, v0x5a202581c200_5285, v0x5a202581c200_5286;
v0x5a202581c200_5287 .array/port v0x5a202581c200, 5287;
v0x5a202581c200_5288 .array/port v0x5a202581c200, 5288;
v0x5a202581c200_5289 .array/port v0x5a202581c200, 5289;
v0x5a202581c200_5290 .array/port v0x5a202581c200, 5290;
E_0x5a20257c6530/1322 .event anyedge, v0x5a202581c200_5287, v0x5a202581c200_5288, v0x5a202581c200_5289, v0x5a202581c200_5290;
v0x5a202581c200_5291 .array/port v0x5a202581c200, 5291;
v0x5a202581c200_5292 .array/port v0x5a202581c200, 5292;
v0x5a202581c200_5293 .array/port v0x5a202581c200, 5293;
v0x5a202581c200_5294 .array/port v0x5a202581c200, 5294;
E_0x5a20257c6530/1323 .event anyedge, v0x5a202581c200_5291, v0x5a202581c200_5292, v0x5a202581c200_5293, v0x5a202581c200_5294;
v0x5a202581c200_5295 .array/port v0x5a202581c200, 5295;
v0x5a202581c200_5296 .array/port v0x5a202581c200, 5296;
v0x5a202581c200_5297 .array/port v0x5a202581c200, 5297;
v0x5a202581c200_5298 .array/port v0x5a202581c200, 5298;
E_0x5a20257c6530/1324 .event anyedge, v0x5a202581c200_5295, v0x5a202581c200_5296, v0x5a202581c200_5297, v0x5a202581c200_5298;
v0x5a202581c200_5299 .array/port v0x5a202581c200, 5299;
v0x5a202581c200_5300 .array/port v0x5a202581c200, 5300;
v0x5a202581c200_5301 .array/port v0x5a202581c200, 5301;
v0x5a202581c200_5302 .array/port v0x5a202581c200, 5302;
E_0x5a20257c6530/1325 .event anyedge, v0x5a202581c200_5299, v0x5a202581c200_5300, v0x5a202581c200_5301, v0x5a202581c200_5302;
v0x5a202581c200_5303 .array/port v0x5a202581c200, 5303;
v0x5a202581c200_5304 .array/port v0x5a202581c200, 5304;
v0x5a202581c200_5305 .array/port v0x5a202581c200, 5305;
v0x5a202581c200_5306 .array/port v0x5a202581c200, 5306;
E_0x5a20257c6530/1326 .event anyedge, v0x5a202581c200_5303, v0x5a202581c200_5304, v0x5a202581c200_5305, v0x5a202581c200_5306;
v0x5a202581c200_5307 .array/port v0x5a202581c200, 5307;
v0x5a202581c200_5308 .array/port v0x5a202581c200, 5308;
v0x5a202581c200_5309 .array/port v0x5a202581c200, 5309;
v0x5a202581c200_5310 .array/port v0x5a202581c200, 5310;
E_0x5a20257c6530/1327 .event anyedge, v0x5a202581c200_5307, v0x5a202581c200_5308, v0x5a202581c200_5309, v0x5a202581c200_5310;
v0x5a202581c200_5311 .array/port v0x5a202581c200, 5311;
v0x5a202581c200_5312 .array/port v0x5a202581c200, 5312;
v0x5a202581c200_5313 .array/port v0x5a202581c200, 5313;
v0x5a202581c200_5314 .array/port v0x5a202581c200, 5314;
E_0x5a20257c6530/1328 .event anyedge, v0x5a202581c200_5311, v0x5a202581c200_5312, v0x5a202581c200_5313, v0x5a202581c200_5314;
v0x5a202581c200_5315 .array/port v0x5a202581c200, 5315;
v0x5a202581c200_5316 .array/port v0x5a202581c200, 5316;
v0x5a202581c200_5317 .array/port v0x5a202581c200, 5317;
v0x5a202581c200_5318 .array/port v0x5a202581c200, 5318;
E_0x5a20257c6530/1329 .event anyedge, v0x5a202581c200_5315, v0x5a202581c200_5316, v0x5a202581c200_5317, v0x5a202581c200_5318;
v0x5a202581c200_5319 .array/port v0x5a202581c200, 5319;
v0x5a202581c200_5320 .array/port v0x5a202581c200, 5320;
v0x5a202581c200_5321 .array/port v0x5a202581c200, 5321;
v0x5a202581c200_5322 .array/port v0x5a202581c200, 5322;
E_0x5a20257c6530/1330 .event anyedge, v0x5a202581c200_5319, v0x5a202581c200_5320, v0x5a202581c200_5321, v0x5a202581c200_5322;
v0x5a202581c200_5323 .array/port v0x5a202581c200, 5323;
v0x5a202581c200_5324 .array/port v0x5a202581c200, 5324;
v0x5a202581c200_5325 .array/port v0x5a202581c200, 5325;
v0x5a202581c200_5326 .array/port v0x5a202581c200, 5326;
E_0x5a20257c6530/1331 .event anyedge, v0x5a202581c200_5323, v0x5a202581c200_5324, v0x5a202581c200_5325, v0x5a202581c200_5326;
v0x5a202581c200_5327 .array/port v0x5a202581c200, 5327;
v0x5a202581c200_5328 .array/port v0x5a202581c200, 5328;
v0x5a202581c200_5329 .array/port v0x5a202581c200, 5329;
v0x5a202581c200_5330 .array/port v0x5a202581c200, 5330;
E_0x5a20257c6530/1332 .event anyedge, v0x5a202581c200_5327, v0x5a202581c200_5328, v0x5a202581c200_5329, v0x5a202581c200_5330;
v0x5a202581c200_5331 .array/port v0x5a202581c200, 5331;
v0x5a202581c200_5332 .array/port v0x5a202581c200, 5332;
v0x5a202581c200_5333 .array/port v0x5a202581c200, 5333;
v0x5a202581c200_5334 .array/port v0x5a202581c200, 5334;
E_0x5a20257c6530/1333 .event anyedge, v0x5a202581c200_5331, v0x5a202581c200_5332, v0x5a202581c200_5333, v0x5a202581c200_5334;
v0x5a202581c200_5335 .array/port v0x5a202581c200, 5335;
v0x5a202581c200_5336 .array/port v0x5a202581c200, 5336;
v0x5a202581c200_5337 .array/port v0x5a202581c200, 5337;
v0x5a202581c200_5338 .array/port v0x5a202581c200, 5338;
E_0x5a20257c6530/1334 .event anyedge, v0x5a202581c200_5335, v0x5a202581c200_5336, v0x5a202581c200_5337, v0x5a202581c200_5338;
v0x5a202581c200_5339 .array/port v0x5a202581c200, 5339;
v0x5a202581c200_5340 .array/port v0x5a202581c200, 5340;
v0x5a202581c200_5341 .array/port v0x5a202581c200, 5341;
v0x5a202581c200_5342 .array/port v0x5a202581c200, 5342;
E_0x5a20257c6530/1335 .event anyedge, v0x5a202581c200_5339, v0x5a202581c200_5340, v0x5a202581c200_5341, v0x5a202581c200_5342;
v0x5a202581c200_5343 .array/port v0x5a202581c200, 5343;
v0x5a202581c200_5344 .array/port v0x5a202581c200, 5344;
v0x5a202581c200_5345 .array/port v0x5a202581c200, 5345;
v0x5a202581c200_5346 .array/port v0x5a202581c200, 5346;
E_0x5a20257c6530/1336 .event anyedge, v0x5a202581c200_5343, v0x5a202581c200_5344, v0x5a202581c200_5345, v0x5a202581c200_5346;
v0x5a202581c200_5347 .array/port v0x5a202581c200, 5347;
v0x5a202581c200_5348 .array/port v0x5a202581c200, 5348;
v0x5a202581c200_5349 .array/port v0x5a202581c200, 5349;
v0x5a202581c200_5350 .array/port v0x5a202581c200, 5350;
E_0x5a20257c6530/1337 .event anyedge, v0x5a202581c200_5347, v0x5a202581c200_5348, v0x5a202581c200_5349, v0x5a202581c200_5350;
v0x5a202581c200_5351 .array/port v0x5a202581c200, 5351;
v0x5a202581c200_5352 .array/port v0x5a202581c200, 5352;
v0x5a202581c200_5353 .array/port v0x5a202581c200, 5353;
v0x5a202581c200_5354 .array/port v0x5a202581c200, 5354;
E_0x5a20257c6530/1338 .event anyedge, v0x5a202581c200_5351, v0x5a202581c200_5352, v0x5a202581c200_5353, v0x5a202581c200_5354;
v0x5a202581c200_5355 .array/port v0x5a202581c200, 5355;
v0x5a202581c200_5356 .array/port v0x5a202581c200, 5356;
v0x5a202581c200_5357 .array/port v0x5a202581c200, 5357;
v0x5a202581c200_5358 .array/port v0x5a202581c200, 5358;
E_0x5a20257c6530/1339 .event anyedge, v0x5a202581c200_5355, v0x5a202581c200_5356, v0x5a202581c200_5357, v0x5a202581c200_5358;
v0x5a202581c200_5359 .array/port v0x5a202581c200, 5359;
v0x5a202581c200_5360 .array/port v0x5a202581c200, 5360;
v0x5a202581c200_5361 .array/port v0x5a202581c200, 5361;
v0x5a202581c200_5362 .array/port v0x5a202581c200, 5362;
E_0x5a20257c6530/1340 .event anyedge, v0x5a202581c200_5359, v0x5a202581c200_5360, v0x5a202581c200_5361, v0x5a202581c200_5362;
v0x5a202581c200_5363 .array/port v0x5a202581c200, 5363;
v0x5a202581c200_5364 .array/port v0x5a202581c200, 5364;
v0x5a202581c200_5365 .array/port v0x5a202581c200, 5365;
v0x5a202581c200_5366 .array/port v0x5a202581c200, 5366;
E_0x5a20257c6530/1341 .event anyedge, v0x5a202581c200_5363, v0x5a202581c200_5364, v0x5a202581c200_5365, v0x5a202581c200_5366;
v0x5a202581c200_5367 .array/port v0x5a202581c200, 5367;
v0x5a202581c200_5368 .array/port v0x5a202581c200, 5368;
v0x5a202581c200_5369 .array/port v0x5a202581c200, 5369;
v0x5a202581c200_5370 .array/port v0x5a202581c200, 5370;
E_0x5a20257c6530/1342 .event anyedge, v0x5a202581c200_5367, v0x5a202581c200_5368, v0x5a202581c200_5369, v0x5a202581c200_5370;
v0x5a202581c200_5371 .array/port v0x5a202581c200, 5371;
v0x5a202581c200_5372 .array/port v0x5a202581c200, 5372;
v0x5a202581c200_5373 .array/port v0x5a202581c200, 5373;
v0x5a202581c200_5374 .array/port v0x5a202581c200, 5374;
E_0x5a20257c6530/1343 .event anyedge, v0x5a202581c200_5371, v0x5a202581c200_5372, v0x5a202581c200_5373, v0x5a202581c200_5374;
v0x5a202581c200_5375 .array/port v0x5a202581c200, 5375;
v0x5a202581c200_5376 .array/port v0x5a202581c200, 5376;
v0x5a202581c200_5377 .array/port v0x5a202581c200, 5377;
v0x5a202581c200_5378 .array/port v0x5a202581c200, 5378;
E_0x5a20257c6530/1344 .event anyedge, v0x5a202581c200_5375, v0x5a202581c200_5376, v0x5a202581c200_5377, v0x5a202581c200_5378;
v0x5a202581c200_5379 .array/port v0x5a202581c200, 5379;
v0x5a202581c200_5380 .array/port v0x5a202581c200, 5380;
v0x5a202581c200_5381 .array/port v0x5a202581c200, 5381;
v0x5a202581c200_5382 .array/port v0x5a202581c200, 5382;
E_0x5a20257c6530/1345 .event anyedge, v0x5a202581c200_5379, v0x5a202581c200_5380, v0x5a202581c200_5381, v0x5a202581c200_5382;
v0x5a202581c200_5383 .array/port v0x5a202581c200, 5383;
v0x5a202581c200_5384 .array/port v0x5a202581c200, 5384;
v0x5a202581c200_5385 .array/port v0x5a202581c200, 5385;
v0x5a202581c200_5386 .array/port v0x5a202581c200, 5386;
E_0x5a20257c6530/1346 .event anyedge, v0x5a202581c200_5383, v0x5a202581c200_5384, v0x5a202581c200_5385, v0x5a202581c200_5386;
v0x5a202581c200_5387 .array/port v0x5a202581c200, 5387;
v0x5a202581c200_5388 .array/port v0x5a202581c200, 5388;
v0x5a202581c200_5389 .array/port v0x5a202581c200, 5389;
v0x5a202581c200_5390 .array/port v0x5a202581c200, 5390;
E_0x5a20257c6530/1347 .event anyedge, v0x5a202581c200_5387, v0x5a202581c200_5388, v0x5a202581c200_5389, v0x5a202581c200_5390;
v0x5a202581c200_5391 .array/port v0x5a202581c200, 5391;
v0x5a202581c200_5392 .array/port v0x5a202581c200, 5392;
v0x5a202581c200_5393 .array/port v0x5a202581c200, 5393;
v0x5a202581c200_5394 .array/port v0x5a202581c200, 5394;
E_0x5a20257c6530/1348 .event anyedge, v0x5a202581c200_5391, v0x5a202581c200_5392, v0x5a202581c200_5393, v0x5a202581c200_5394;
v0x5a202581c200_5395 .array/port v0x5a202581c200, 5395;
v0x5a202581c200_5396 .array/port v0x5a202581c200, 5396;
v0x5a202581c200_5397 .array/port v0x5a202581c200, 5397;
v0x5a202581c200_5398 .array/port v0x5a202581c200, 5398;
E_0x5a20257c6530/1349 .event anyedge, v0x5a202581c200_5395, v0x5a202581c200_5396, v0x5a202581c200_5397, v0x5a202581c200_5398;
v0x5a202581c200_5399 .array/port v0x5a202581c200, 5399;
v0x5a202581c200_5400 .array/port v0x5a202581c200, 5400;
v0x5a202581c200_5401 .array/port v0x5a202581c200, 5401;
v0x5a202581c200_5402 .array/port v0x5a202581c200, 5402;
E_0x5a20257c6530/1350 .event anyedge, v0x5a202581c200_5399, v0x5a202581c200_5400, v0x5a202581c200_5401, v0x5a202581c200_5402;
v0x5a202581c200_5403 .array/port v0x5a202581c200, 5403;
v0x5a202581c200_5404 .array/port v0x5a202581c200, 5404;
v0x5a202581c200_5405 .array/port v0x5a202581c200, 5405;
v0x5a202581c200_5406 .array/port v0x5a202581c200, 5406;
E_0x5a20257c6530/1351 .event anyedge, v0x5a202581c200_5403, v0x5a202581c200_5404, v0x5a202581c200_5405, v0x5a202581c200_5406;
v0x5a202581c200_5407 .array/port v0x5a202581c200, 5407;
v0x5a202581c200_5408 .array/port v0x5a202581c200, 5408;
v0x5a202581c200_5409 .array/port v0x5a202581c200, 5409;
v0x5a202581c200_5410 .array/port v0x5a202581c200, 5410;
E_0x5a20257c6530/1352 .event anyedge, v0x5a202581c200_5407, v0x5a202581c200_5408, v0x5a202581c200_5409, v0x5a202581c200_5410;
v0x5a202581c200_5411 .array/port v0x5a202581c200, 5411;
v0x5a202581c200_5412 .array/port v0x5a202581c200, 5412;
v0x5a202581c200_5413 .array/port v0x5a202581c200, 5413;
v0x5a202581c200_5414 .array/port v0x5a202581c200, 5414;
E_0x5a20257c6530/1353 .event anyedge, v0x5a202581c200_5411, v0x5a202581c200_5412, v0x5a202581c200_5413, v0x5a202581c200_5414;
v0x5a202581c200_5415 .array/port v0x5a202581c200, 5415;
v0x5a202581c200_5416 .array/port v0x5a202581c200, 5416;
v0x5a202581c200_5417 .array/port v0x5a202581c200, 5417;
v0x5a202581c200_5418 .array/port v0x5a202581c200, 5418;
E_0x5a20257c6530/1354 .event anyedge, v0x5a202581c200_5415, v0x5a202581c200_5416, v0x5a202581c200_5417, v0x5a202581c200_5418;
v0x5a202581c200_5419 .array/port v0x5a202581c200, 5419;
v0x5a202581c200_5420 .array/port v0x5a202581c200, 5420;
v0x5a202581c200_5421 .array/port v0x5a202581c200, 5421;
v0x5a202581c200_5422 .array/port v0x5a202581c200, 5422;
E_0x5a20257c6530/1355 .event anyedge, v0x5a202581c200_5419, v0x5a202581c200_5420, v0x5a202581c200_5421, v0x5a202581c200_5422;
v0x5a202581c200_5423 .array/port v0x5a202581c200, 5423;
v0x5a202581c200_5424 .array/port v0x5a202581c200, 5424;
v0x5a202581c200_5425 .array/port v0x5a202581c200, 5425;
v0x5a202581c200_5426 .array/port v0x5a202581c200, 5426;
E_0x5a20257c6530/1356 .event anyedge, v0x5a202581c200_5423, v0x5a202581c200_5424, v0x5a202581c200_5425, v0x5a202581c200_5426;
v0x5a202581c200_5427 .array/port v0x5a202581c200, 5427;
v0x5a202581c200_5428 .array/port v0x5a202581c200, 5428;
v0x5a202581c200_5429 .array/port v0x5a202581c200, 5429;
v0x5a202581c200_5430 .array/port v0x5a202581c200, 5430;
E_0x5a20257c6530/1357 .event anyedge, v0x5a202581c200_5427, v0x5a202581c200_5428, v0x5a202581c200_5429, v0x5a202581c200_5430;
v0x5a202581c200_5431 .array/port v0x5a202581c200, 5431;
v0x5a202581c200_5432 .array/port v0x5a202581c200, 5432;
v0x5a202581c200_5433 .array/port v0x5a202581c200, 5433;
v0x5a202581c200_5434 .array/port v0x5a202581c200, 5434;
E_0x5a20257c6530/1358 .event anyedge, v0x5a202581c200_5431, v0x5a202581c200_5432, v0x5a202581c200_5433, v0x5a202581c200_5434;
v0x5a202581c200_5435 .array/port v0x5a202581c200, 5435;
v0x5a202581c200_5436 .array/port v0x5a202581c200, 5436;
v0x5a202581c200_5437 .array/port v0x5a202581c200, 5437;
v0x5a202581c200_5438 .array/port v0x5a202581c200, 5438;
E_0x5a20257c6530/1359 .event anyedge, v0x5a202581c200_5435, v0x5a202581c200_5436, v0x5a202581c200_5437, v0x5a202581c200_5438;
v0x5a202581c200_5439 .array/port v0x5a202581c200, 5439;
v0x5a202581c200_5440 .array/port v0x5a202581c200, 5440;
v0x5a202581c200_5441 .array/port v0x5a202581c200, 5441;
v0x5a202581c200_5442 .array/port v0x5a202581c200, 5442;
E_0x5a20257c6530/1360 .event anyedge, v0x5a202581c200_5439, v0x5a202581c200_5440, v0x5a202581c200_5441, v0x5a202581c200_5442;
v0x5a202581c200_5443 .array/port v0x5a202581c200, 5443;
v0x5a202581c200_5444 .array/port v0x5a202581c200, 5444;
v0x5a202581c200_5445 .array/port v0x5a202581c200, 5445;
v0x5a202581c200_5446 .array/port v0x5a202581c200, 5446;
E_0x5a20257c6530/1361 .event anyedge, v0x5a202581c200_5443, v0x5a202581c200_5444, v0x5a202581c200_5445, v0x5a202581c200_5446;
v0x5a202581c200_5447 .array/port v0x5a202581c200, 5447;
v0x5a202581c200_5448 .array/port v0x5a202581c200, 5448;
v0x5a202581c200_5449 .array/port v0x5a202581c200, 5449;
v0x5a202581c200_5450 .array/port v0x5a202581c200, 5450;
E_0x5a20257c6530/1362 .event anyedge, v0x5a202581c200_5447, v0x5a202581c200_5448, v0x5a202581c200_5449, v0x5a202581c200_5450;
v0x5a202581c200_5451 .array/port v0x5a202581c200, 5451;
v0x5a202581c200_5452 .array/port v0x5a202581c200, 5452;
v0x5a202581c200_5453 .array/port v0x5a202581c200, 5453;
v0x5a202581c200_5454 .array/port v0x5a202581c200, 5454;
E_0x5a20257c6530/1363 .event anyedge, v0x5a202581c200_5451, v0x5a202581c200_5452, v0x5a202581c200_5453, v0x5a202581c200_5454;
v0x5a202581c200_5455 .array/port v0x5a202581c200, 5455;
v0x5a202581c200_5456 .array/port v0x5a202581c200, 5456;
v0x5a202581c200_5457 .array/port v0x5a202581c200, 5457;
v0x5a202581c200_5458 .array/port v0x5a202581c200, 5458;
E_0x5a20257c6530/1364 .event anyedge, v0x5a202581c200_5455, v0x5a202581c200_5456, v0x5a202581c200_5457, v0x5a202581c200_5458;
v0x5a202581c200_5459 .array/port v0x5a202581c200, 5459;
v0x5a202581c200_5460 .array/port v0x5a202581c200, 5460;
v0x5a202581c200_5461 .array/port v0x5a202581c200, 5461;
v0x5a202581c200_5462 .array/port v0x5a202581c200, 5462;
E_0x5a20257c6530/1365 .event anyedge, v0x5a202581c200_5459, v0x5a202581c200_5460, v0x5a202581c200_5461, v0x5a202581c200_5462;
v0x5a202581c200_5463 .array/port v0x5a202581c200, 5463;
v0x5a202581c200_5464 .array/port v0x5a202581c200, 5464;
v0x5a202581c200_5465 .array/port v0x5a202581c200, 5465;
v0x5a202581c200_5466 .array/port v0x5a202581c200, 5466;
E_0x5a20257c6530/1366 .event anyedge, v0x5a202581c200_5463, v0x5a202581c200_5464, v0x5a202581c200_5465, v0x5a202581c200_5466;
v0x5a202581c200_5467 .array/port v0x5a202581c200, 5467;
v0x5a202581c200_5468 .array/port v0x5a202581c200, 5468;
v0x5a202581c200_5469 .array/port v0x5a202581c200, 5469;
v0x5a202581c200_5470 .array/port v0x5a202581c200, 5470;
E_0x5a20257c6530/1367 .event anyedge, v0x5a202581c200_5467, v0x5a202581c200_5468, v0x5a202581c200_5469, v0x5a202581c200_5470;
v0x5a202581c200_5471 .array/port v0x5a202581c200, 5471;
v0x5a202581c200_5472 .array/port v0x5a202581c200, 5472;
v0x5a202581c200_5473 .array/port v0x5a202581c200, 5473;
v0x5a202581c200_5474 .array/port v0x5a202581c200, 5474;
E_0x5a20257c6530/1368 .event anyedge, v0x5a202581c200_5471, v0x5a202581c200_5472, v0x5a202581c200_5473, v0x5a202581c200_5474;
v0x5a202581c200_5475 .array/port v0x5a202581c200, 5475;
v0x5a202581c200_5476 .array/port v0x5a202581c200, 5476;
v0x5a202581c200_5477 .array/port v0x5a202581c200, 5477;
v0x5a202581c200_5478 .array/port v0x5a202581c200, 5478;
E_0x5a20257c6530/1369 .event anyedge, v0x5a202581c200_5475, v0x5a202581c200_5476, v0x5a202581c200_5477, v0x5a202581c200_5478;
v0x5a202581c200_5479 .array/port v0x5a202581c200, 5479;
v0x5a202581c200_5480 .array/port v0x5a202581c200, 5480;
v0x5a202581c200_5481 .array/port v0x5a202581c200, 5481;
v0x5a202581c200_5482 .array/port v0x5a202581c200, 5482;
E_0x5a20257c6530/1370 .event anyedge, v0x5a202581c200_5479, v0x5a202581c200_5480, v0x5a202581c200_5481, v0x5a202581c200_5482;
v0x5a202581c200_5483 .array/port v0x5a202581c200, 5483;
v0x5a202581c200_5484 .array/port v0x5a202581c200, 5484;
v0x5a202581c200_5485 .array/port v0x5a202581c200, 5485;
v0x5a202581c200_5486 .array/port v0x5a202581c200, 5486;
E_0x5a20257c6530/1371 .event anyedge, v0x5a202581c200_5483, v0x5a202581c200_5484, v0x5a202581c200_5485, v0x5a202581c200_5486;
v0x5a202581c200_5487 .array/port v0x5a202581c200, 5487;
v0x5a202581c200_5488 .array/port v0x5a202581c200, 5488;
v0x5a202581c200_5489 .array/port v0x5a202581c200, 5489;
v0x5a202581c200_5490 .array/port v0x5a202581c200, 5490;
E_0x5a20257c6530/1372 .event anyedge, v0x5a202581c200_5487, v0x5a202581c200_5488, v0x5a202581c200_5489, v0x5a202581c200_5490;
v0x5a202581c200_5491 .array/port v0x5a202581c200, 5491;
v0x5a202581c200_5492 .array/port v0x5a202581c200, 5492;
v0x5a202581c200_5493 .array/port v0x5a202581c200, 5493;
v0x5a202581c200_5494 .array/port v0x5a202581c200, 5494;
E_0x5a20257c6530/1373 .event anyedge, v0x5a202581c200_5491, v0x5a202581c200_5492, v0x5a202581c200_5493, v0x5a202581c200_5494;
v0x5a202581c200_5495 .array/port v0x5a202581c200, 5495;
v0x5a202581c200_5496 .array/port v0x5a202581c200, 5496;
v0x5a202581c200_5497 .array/port v0x5a202581c200, 5497;
v0x5a202581c200_5498 .array/port v0x5a202581c200, 5498;
E_0x5a20257c6530/1374 .event anyedge, v0x5a202581c200_5495, v0x5a202581c200_5496, v0x5a202581c200_5497, v0x5a202581c200_5498;
v0x5a202581c200_5499 .array/port v0x5a202581c200, 5499;
v0x5a202581c200_5500 .array/port v0x5a202581c200, 5500;
v0x5a202581c200_5501 .array/port v0x5a202581c200, 5501;
v0x5a202581c200_5502 .array/port v0x5a202581c200, 5502;
E_0x5a20257c6530/1375 .event anyedge, v0x5a202581c200_5499, v0x5a202581c200_5500, v0x5a202581c200_5501, v0x5a202581c200_5502;
v0x5a202581c200_5503 .array/port v0x5a202581c200, 5503;
v0x5a202581c200_5504 .array/port v0x5a202581c200, 5504;
v0x5a202581c200_5505 .array/port v0x5a202581c200, 5505;
v0x5a202581c200_5506 .array/port v0x5a202581c200, 5506;
E_0x5a20257c6530/1376 .event anyedge, v0x5a202581c200_5503, v0x5a202581c200_5504, v0x5a202581c200_5505, v0x5a202581c200_5506;
v0x5a202581c200_5507 .array/port v0x5a202581c200, 5507;
v0x5a202581c200_5508 .array/port v0x5a202581c200, 5508;
v0x5a202581c200_5509 .array/port v0x5a202581c200, 5509;
v0x5a202581c200_5510 .array/port v0x5a202581c200, 5510;
E_0x5a20257c6530/1377 .event anyedge, v0x5a202581c200_5507, v0x5a202581c200_5508, v0x5a202581c200_5509, v0x5a202581c200_5510;
v0x5a202581c200_5511 .array/port v0x5a202581c200, 5511;
v0x5a202581c200_5512 .array/port v0x5a202581c200, 5512;
v0x5a202581c200_5513 .array/port v0x5a202581c200, 5513;
v0x5a202581c200_5514 .array/port v0x5a202581c200, 5514;
E_0x5a20257c6530/1378 .event anyedge, v0x5a202581c200_5511, v0x5a202581c200_5512, v0x5a202581c200_5513, v0x5a202581c200_5514;
v0x5a202581c200_5515 .array/port v0x5a202581c200, 5515;
v0x5a202581c200_5516 .array/port v0x5a202581c200, 5516;
v0x5a202581c200_5517 .array/port v0x5a202581c200, 5517;
v0x5a202581c200_5518 .array/port v0x5a202581c200, 5518;
E_0x5a20257c6530/1379 .event anyedge, v0x5a202581c200_5515, v0x5a202581c200_5516, v0x5a202581c200_5517, v0x5a202581c200_5518;
v0x5a202581c200_5519 .array/port v0x5a202581c200, 5519;
v0x5a202581c200_5520 .array/port v0x5a202581c200, 5520;
v0x5a202581c200_5521 .array/port v0x5a202581c200, 5521;
v0x5a202581c200_5522 .array/port v0x5a202581c200, 5522;
E_0x5a20257c6530/1380 .event anyedge, v0x5a202581c200_5519, v0x5a202581c200_5520, v0x5a202581c200_5521, v0x5a202581c200_5522;
v0x5a202581c200_5523 .array/port v0x5a202581c200, 5523;
v0x5a202581c200_5524 .array/port v0x5a202581c200, 5524;
v0x5a202581c200_5525 .array/port v0x5a202581c200, 5525;
v0x5a202581c200_5526 .array/port v0x5a202581c200, 5526;
E_0x5a20257c6530/1381 .event anyedge, v0x5a202581c200_5523, v0x5a202581c200_5524, v0x5a202581c200_5525, v0x5a202581c200_5526;
v0x5a202581c200_5527 .array/port v0x5a202581c200, 5527;
v0x5a202581c200_5528 .array/port v0x5a202581c200, 5528;
v0x5a202581c200_5529 .array/port v0x5a202581c200, 5529;
v0x5a202581c200_5530 .array/port v0x5a202581c200, 5530;
E_0x5a20257c6530/1382 .event anyedge, v0x5a202581c200_5527, v0x5a202581c200_5528, v0x5a202581c200_5529, v0x5a202581c200_5530;
v0x5a202581c200_5531 .array/port v0x5a202581c200, 5531;
v0x5a202581c200_5532 .array/port v0x5a202581c200, 5532;
v0x5a202581c200_5533 .array/port v0x5a202581c200, 5533;
v0x5a202581c200_5534 .array/port v0x5a202581c200, 5534;
E_0x5a20257c6530/1383 .event anyedge, v0x5a202581c200_5531, v0x5a202581c200_5532, v0x5a202581c200_5533, v0x5a202581c200_5534;
v0x5a202581c200_5535 .array/port v0x5a202581c200, 5535;
v0x5a202581c200_5536 .array/port v0x5a202581c200, 5536;
v0x5a202581c200_5537 .array/port v0x5a202581c200, 5537;
v0x5a202581c200_5538 .array/port v0x5a202581c200, 5538;
E_0x5a20257c6530/1384 .event anyedge, v0x5a202581c200_5535, v0x5a202581c200_5536, v0x5a202581c200_5537, v0x5a202581c200_5538;
v0x5a202581c200_5539 .array/port v0x5a202581c200, 5539;
v0x5a202581c200_5540 .array/port v0x5a202581c200, 5540;
v0x5a202581c200_5541 .array/port v0x5a202581c200, 5541;
v0x5a202581c200_5542 .array/port v0x5a202581c200, 5542;
E_0x5a20257c6530/1385 .event anyedge, v0x5a202581c200_5539, v0x5a202581c200_5540, v0x5a202581c200_5541, v0x5a202581c200_5542;
v0x5a202581c200_5543 .array/port v0x5a202581c200, 5543;
v0x5a202581c200_5544 .array/port v0x5a202581c200, 5544;
v0x5a202581c200_5545 .array/port v0x5a202581c200, 5545;
v0x5a202581c200_5546 .array/port v0x5a202581c200, 5546;
E_0x5a20257c6530/1386 .event anyedge, v0x5a202581c200_5543, v0x5a202581c200_5544, v0x5a202581c200_5545, v0x5a202581c200_5546;
v0x5a202581c200_5547 .array/port v0x5a202581c200, 5547;
v0x5a202581c200_5548 .array/port v0x5a202581c200, 5548;
v0x5a202581c200_5549 .array/port v0x5a202581c200, 5549;
v0x5a202581c200_5550 .array/port v0x5a202581c200, 5550;
E_0x5a20257c6530/1387 .event anyedge, v0x5a202581c200_5547, v0x5a202581c200_5548, v0x5a202581c200_5549, v0x5a202581c200_5550;
v0x5a202581c200_5551 .array/port v0x5a202581c200, 5551;
v0x5a202581c200_5552 .array/port v0x5a202581c200, 5552;
v0x5a202581c200_5553 .array/port v0x5a202581c200, 5553;
v0x5a202581c200_5554 .array/port v0x5a202581c200, 5554;
E_0x5a20257c6530/1388 .event anyedge, v0x5a202581c200_5551, v0x5a202581c200_5552, v0x5a202581c200_5553, v0x5a202581c200_5554;
v0x5a202581c200_5555 .array/port v0x5a202581c200, 5555;
v0x5a202581c200_5556 .array/port v0x5a202581c200, 5556;
v0x5a202581c200_5557 .array/port v0x5a202581c200, 5557;
v0x5a202581c200_5558 .array/port v0x5a202581c200, 5558;
E_0x5a20257c6530/1389 .event anyedge, v0x5a202581c200_5555, v0x5a202581c200_5556, v0x5a202581c200_5557, v0x5a202581c200_5558;
v0x5a202581c200_5559 .array/port v0x5a202581c200, 5559;
v0x5a202581c200_5560 .array/port v0x5a202581c200, 5560;
v0x5a202581c200_5561 .array/port v0x5a202581c200, 5561;
v0x5a202581c200_5562 .array/port v0x5a202581c200, 5562;
E_0x5a20257c6530/1390 .event anyedge, v0x5a202581c200_5559, v0x5a202581c200_5560, v0x5a202581c200_5561, v0x5a202581c200_5562;
v0x5a202581c200_5563 .array/port v0x5a202581c200, 5563;
v0x5a202581c200_5564 .array/port v0x5a202581c200, 5564;
v0x5a202581c200_5565 .array/port v0x5a202581c200, 5565;
v0x5a202581c200_5566 .array/port v0x5a202581c200, 5566;
E_0x5a20257c6530/1391 .event anyedge, v0x5a202581c200_5563, v0x5a202581c200_5564, v0x5a202581c200_5565, v0x5a202581c200_5566;
v0x5a202581c200_5567 .array/port v0x5a202581c200, 5567;
v0x5a202581c200_5568 .array/port v0x5a202581c200, 5568;
v0x5a202581c200_5569 .array/port v0x5a202581c200, 5569;
v0x5a202581c200_5570 .array/port v0x5a202581c200, 5570;
E_0x5a20257c6530/1392 .event anyedge, v0x5a202581c200_5567, v0x5a202581c200_5568, v0x5a202581c200_5569, v0x5a202581c200_5570;
v0x5a202581c200_5571 .array/port v0x5a202581c200, 5571;
v0x5a202581c200_5572 .array/port v0x5a202581c200, 5572;
v0x5a202581c200_5573 .array/port v0x5a202581c200, 5573;
v0x5a202581c200_5574 .array/port v0x5a202581c200, 5574;
E_0x5a20257c6530/1393 .event anyedge, v0x5a202581c200_5571, v0x5a202581c200_5572, v0x5a202581c200_5573, v0x5a202581c200_5574;
v0x5a202581c200_5575 .array/port v0x5a202581c200, 5575;
v0x5a202581c200_5576 .array/port v0x5a202581c200, 5576;
v0x5a202581c200_5577 .array/port v0x5a202581c200, 5577;
v0x5a202581c200_5578 .array/port v0x5a202581c200, 5578;
E_0x5a20257c6530/1394 .event anyedge, v0x5a202581c200_5575, v0x5a202581c200_5576, v0x5a202581c200_5577, v0x5a202581c200_5578;
v0x5a202581c200_5579 .array/port v0x5a202581c200, 5579;
v0x5a202581c200_5580 .array/port v0x5a202581c200, 5580;
v0x5a202581c200_5581 .array/port v0x5a202581c200, 5581;
v0x5a202581c200_5582 .array/port v0x5a202581c200, 5582;
E_0x5a20257c6530/1395 .event anyedge, v0x5a202581c200_5579, v0x5a202581c200_5580, v0x5a202581c200_5581, v0x5a202581c200_5582;
v0x5a202581c200_5583 .array/port v0x5a202581c200, 5583;
v0x5a202581c200_5584 .array/port v0x5a202581c200, 5584;
v0x5a202581c200_5585 .array/port v0x5a202581c200, 5585;
v0x5a202581c200_5586 .array/port v0x5a202581c200, 5586;
E_0x5a20257c6530/1396 .event anyedge, v0x5a202581c200_5583, v0x5a202581c200_5584, v0x5a202581c200_5585, v0x5a202581c200_5586;
v0x5a202581c200_5587 .array/port v0x5a202581c200, 5587;
v0x5a202581c200_5588 .array/port v0x5a202581c200, 5588;
v0x5a202581c200_5589 .array/port v0x5a202581c200, 5589;
v0x5a202581c200_5590 .array/port v0x5a202581c200, 5590;
E_0x5a20257c6530/1397 .event anyedge, v0x5a202581c200_5587, v0x5a202581c200_5588, v0x5a202581c200_5589, v0x5a202581c200_5590;
v0x5a202581c200_5591 .array/port v0x5a202581c200, 5591;
v0x5a202581c200_5592 .array/port v0x5a202581c200, 5592;
v0x5a202581c200_5593 .array/port v0x5a202581c200, 5593;
v0x5a202581c200_5594 .array/port v0x5a202581c200, 5594;
E_0x5a20257c6530/1398 .event anyedge, v0x5a202581c200_5591, v0x5a202581c200_5592, v0x5a202581c200_5593, v0x5a202581c200_5594;
v0x5a202581c200_5595 .array/port v0x5a202581c200, 5595;
v0x5a202581c200_5596 .array/port v0x5a202581c200, 5596;
v0x5a202581c200_5597 .array/port v0x5a202581c200, 5597;
v0x5a202581c200_5598 .array/port v0x5a202581c200, 5598;
E_0x5a20257c6530/1399 .event anyedge, v0x5a202581c200_5595, v0x5a202581c200_5596, v0x5a202581c200_5597, v0x5a202581c200_5598;
v0x5a202581c200_5599 .array/port v0x5a202581c200, 5599;
v0x5a202581c200_5600 .array/port v0x5a202581c200, 5600;
v0x5a202581c200_5601 .array/port v0x5a202581c200, 5601;
v0x5a202581c200_5602 .array/port v0x5a202581c200, 5602;
E_0x5a20257c6530/1400 .event anyedge, v0x5a202581c200_5599, v0x5a202581c200_5600, v0x5a202581c200_5601, v0x5a202581c200_5602;
v0x5a202581c200_5603 .array/port v0x5a202581c200, 5603;
v0x5a202581c200_5604 .array/port v0x5a202581c200, 5604;
v0x5a202581c200_5605 .array/port v0x5a202581c200, 5605;
v0x5a202581c200_5606 .array/port v0x5a202581c200, 5606;
E_0x5a20257c6530/1401 .event anyedge, v0x5a202581c200_5603, v0x5a202581c200_5604, v0x5a202581c200_5605, v0x5a202581c200_5606;
v0x5a202581c200_5607 .array/port v0x5a202581c200, 5607;
v0x5a202581c200_5608 .array/port v0x5a202581c200, 5608;
v0x5a202581c200_5609 .array/port v0x5a202581c200, 5609;
v0x5a202581c200_5610 .array/port v0x5a202581c200, 5610;
E_0x5a20257c6530/1402 .event anyedge, v0x5a202581c200_5607, v0x5a202581c200_5608, v0x5a202581c200_5609, v0x5a202581c200_5610;
v0x5a202581c200_5611 .array/port v0x5a202581c200, 5611;
v0x5a202581c200_5612 .array/port v0x5a202581c200, 5612;
v0x5a202581c200_5613 .array/port v0x5a202581c200, 5613;
v0x5a202581c200_5614 .array/port v0x5a202581c200, 5614;
E_0x5a20257c6530/1403 .event anyedge, v0x5a202581c200_5611, v0x5a202581c200_5612, v0x5a202581c200_5613, v0x5a202581c200_5614;
v0x5a202581c200_5615 .array/port v0x5a202581c200, 5615;
v0x5a202581c200_5616 .array/port v0x5a202581c200, 5616;
v0x5a202581c200_5617 .array/port v0x5a202581c200, 5617;
v0x5a202581c200_5618 .array/port v0x5a202581c200, 5618;
E_0x5a20257c6530/1404 .event anyedge, v0x5a202581c200_5615, v0x5a202581c200_5616, v0x5a202581c200_5617, v0x5a202581c200_5618;
v0x5a202581c200_5619 .array/port v0x5a202581c200, 5619;
v0x5a202581c200_5620 .array/port v0x5a202581c200, 5620;
v0x5a202581c200_5621 .array/port v0x5a202581c200, 5621;
v0x5a202581c200_5622 .array/port v0x5a202581c200, 5622;
E_0x5a20257c6530/1405 .event anyedge, v0x5a202581c200_5619, v0x5a202581c200_5620, v0x5a202581c200_5621, v0x5a202581c200_5622;
v0x5a202581c200_5623 .array/port v0x5a202581c200, 5623;
v0x5a202581c200_5624 .array/port v0x5a202581c200, 5624;
v0x5a202581c200_5625 .array/port v0x5a202581c200, 5625;
v0x5a202581c200_5626 .array/port v0x5a202581c200, 5626;
E_0x5a20257c6530/1406 .event anyedge, v0x5a202581c200_5623, v0x5a202581c200_5624, v0x5a202581c200_5625, v0x5a202581c200_5626;
v0x5a202581c200_5627 .array/port v0x5a202581c200, 5627;
v0x5a202581c200_5628 .array/port v0x5a202581c200, 5628;
v0x5a202581c200_5629 .array/port v0x5a202581c200, 5629;
v0x5a202581c200_5630 .array/port v0x5a202581c200, 5630;
E_0x5a20257c6530/1407 .event anyedge, v0x5a202581c200_5627, v0x5a202581c200_5628, v0x5a202581c200_5629, v0x5a202581c200_5630;
v0x5a202581c200_5631 .array/port v0x5a202581c200, 5631;
v0x5a202581c200_5632 .array/port v0x5a202581c200, 5632;
v0x5a202581c200_5633 .array/port v0x5a202581c200, 5633;
v0x5a202581c200_5634 .array/port v0x5a202581c200, 5634;
E_0x5a20257c6530/1408 .event anyedge, v0x5a202581c200_5631, v0x5a202581c200_5632, v0x5a202581c200_5633, v0x5a202581c200_5634;
v0x5a202581c200_5635 .array/port v0x5a202581c200, 5635;
v0x5a202581c200_5636 .array/port v0x5a202581c200, 5636;
v0x5a202581c200_5637 .array/port v0x5a202581c200, 5637;
v0x5a202581c200_5638 .array/port v0x5a202581c200, 5638;
E_0x5a20257c6530/1409 .event anyedge, v0x5a202581c200_5635, v0x5a202581c200_5636, v0x5a202581c200_5637, v0x5a202581c200_5638;
v0x5a202581c200_5639 .array/port v0x5a202581c200, 5639;
v0x5a202581c200_5640 .array/port v0x5a202581c200, 5640;
v0x5a202581c200_5641 .array/port v0x5a202581c200, 5641;
v0x5a202581c200_5642 .array/port v0x5a202581c200, 5642;
E_0x5a20257c6530/1410 .event anyedge, v0x5a202581c200_5639, v0x5a202581c200_5640, v0x5a202581c200_5641, v0x5a202581c200_5642;
v0x5a202581c200_5643 .array/port v0x5a202581c200, 5643;
v0x5a202581c200_5644 .array/port v0x5a202581c200, 5644;
v0x5a202581c200_5645 .array/port v0x5a202581c200, 5645;
v0x5a202581c200_5646 .array/port v0x5a202581c200, 5646;
E_0x5a20257c6530/1411 .event anyedge, v0x5a202581c200_5643, v0x5a202581c200_5644, v0x5a202581c200_5645, v0x5a202581c200_5646;
v0x5a202581c200_5647 .array/port v0x5a202581c200, 5647;
v0x5a202581c200_5648 .array/port v0x5a202581c200, 5648;
v0x5a202581c200_5649 .array/port v0x5a202581c200, 5649;
v0x5a202581c200_5650 .array/port v0x5a202581c200, 5650;
E_0x5a20257c6530/1412 .event anyedge, v0x5a202581c200_5647, v0x5a202581c200_5648, v0x5a202581c200_5649, v0x5a202581c200_5650;
v0x5a202581c200_5651 .array/port v0x5a202581c200, 5651;
v0x5a202581c200_5652 .array/port v0x5a202581c200, 5652;
v0x5a202581c200_5653 .array/port v0x5a202581c200, 5653;
v0x5a202581c200_5654 .array/port v0x5a202581c200, 5654;
E_0x5a20257c6530/1413 .event anyedge, v0x5a202581c200_5651, v0x5a202581c200_5652, v0x5a202581c200_5653, v0x5a202581c200_5654;
v0x5a202581c200_5655 .array/port v0x5a202581c200, 5655;
v0x5a202581c200_5656 .array/port v0x5a202581c200, 5656;
v0x5a202581c200_5657 .array/port v0x5a202581c200, 5657;
v0x5a202581c200_5658 .array/port v0x5a202581c200, 5658;
E_0x5a20257c6530/1414 .event anyedge, v0x5a202581c200_5655, v0x5a202581c200_5656, v0x5a202581c200_5657, v0x5a202581c200_5658;
v0x5a202581c200_5659 .array/port v0x5a202581c200, 5659;
v0x5a202581c200_5660 .array/port v0x5a202581c200, 5660;
v0x5a202581c200_5661 .array/port v0x5a202581c200, 5661;
v0x5a202581c200_5662 .array/port v0x5a202581c200, 5662;
E_0x5a20257c6530/1415 .event anyedge, v0x5a202581c200_5659, v0x5a202581c200_5660, v0x5a202581c200_5661, v0x5a202581c200_5662;
v0x5a202581c200_5663 .array/port v0x5a202581c200, 5663;
v0x5a202581c200_5664 .array/port v0x5a202581c200, 5664;
v0x5a202581c200_5665 .array/port v0x5a202581c200, 5665;
v0x5a202581c200_5666 .array/port v0x5a202581c200, 5666;
E_0x5a20257c6530/1416 .event anyedge, v0x5a202581c200_5663, v0x5a202581c200_5664, v0x5a202581c200_5665, v0x5a202581c200_5666;
v0x5a202581c200_5667 .array/port v0x5a202581c200, 5667;
v0x5a202581c200_5668 .array/port v0x5a202581c200, 5668;
v0x5a202581c200_5669 .array/port v0x5a202581c200, 5669;
v0x5a202581c200_5670 .array/port v0x5a202581c200, 5670;
E_0x5a20257c6530/1417 .event anyedge, v0x5a202581c200_5667, v0x5a202581c200_5668, v0x5a202581c200_5669, v0x5a202581c200_5670;
v0x5a202581c200_5671 .array/port v0x5a202581c200, 5671;
v0x5a202581c200_5672 .array/port v0x5a202581c200, 5672;
v0x5a202581c200_5673 .array/port v0x5a202581c200, 5673;
v0x5a202581c200_5674 .array/port v0x5a202581c200, 5674;
E_0x5a20257c6530/1418 .event anyedge, v0x5a202581c200_5671, v0x5a202581c200_5672, v0x5a202581c200_5673, v0x5a202581c200_5674;
v0x5a202581c200_5675 .array/port v0x5a202581c200, 5675;
v0x5a202581c200_5676 .array/port v0x5a202581c200, 5676;
v0x5a202581c200_5677 .array/port v0x5a202581c200, 5677;
v0x5a202581c200_5678 .array/port v0x5a202581c200, 5678;
E_0x5a20257c6530/1419 .event anyedge, v0x5a202581c200_5675, v0x5a202581c200_5676, v0x5a202581c200_5677, v0x5a202581c200_5678;
v0x5a202581c200_5679 .array/port v0x5a202581c200, 5679;
v0x5a202581c200_5680 .array/port v0x5a202581c200, 5680;
v0x5a202581c200_5681 .array/port v0x5a202581c200, 5681;
v0x5a202581c200_5682 .array/port v0x5a202581c200, 5682;
E_0x5a20257c6530/1420 .event anyedge, v0x5a202581c200_5679, v0x5a202581c200_5680, v0x5a202581c200_5681, v0x5a202581c200_5682;
v0x5a202581c200_5683 .array/port v0x5a202581c200, 5683;
v0x5a202581c200_5684 .array/port v0x5a202581c200, 5684;
v0x5a202581c200_5685 .array/port v0x5a202581c200, 5685;
v0x5a202581c200_5686 .array/port v0x5a202581c200, 5686;
E_0x5a20257c6530/1421 .event anyedge, v0x5a202581c200_5683, v0x5a202581c200_5684, v0x5a202581c200_5685, v0x5a202581c200_5686;
v0x5a202581c200_5687 .array/port v0x5a202581c200, 5687;
v0x5a202581c200_5688 .array/port v0x5a202581c200, 5688;
v0x5a202581c200_5689 .array/port v0x5a202581c200, 5689;
v0x5a202581c200_5690 .array/port v0x5a202581c200, 5690;
E_0x5a20257c6530/1422 .event anyedge, v0x5a202581c200_5687, v0x5a202581c200_5688, v0x5a202581c200_5689, v0x5a202581c200_5690;
v0x5a202581c200_5691 .array/port v0x5a202581c200, 5691;
v0x5a202581c200_5692 .array/port v0x5a202581c200, 5692;
v0x5a202581c200_5693 .array/port v0x5a202581c200, 5693;
v0x5a202581c200_5694 .array/port v0x5a202581c200, 5694;
E_0x5a20257c6530/1423 .event anyedge, v0x5a202581c200_5691, v0x5a202581c200_5692, v0x5a202581c200_5693, v0x5a202581c200_5694;
v0x5a202581c200_5695 .array/port v0x5a202581c200, 5695;
v0x5a202581c200_5696 .array/port v0x5a202581c200, 5696;
v0x5a202581c200_5697 .array/port v0x5a202581c200, 5697;
v0x5a202581c200_5698 .array/port v0x5a202581c200, 5698;
E_0x5a20257c6530/1424 .event anyedge, v0x5a202581c200_5695, v0x5a202581c200_5696, v0x5a202581c200_5697, v0x5a202581c200_5698;
v0x5a202581c200_5699 .array/port v0x5a202581c200, 5699;
v0x5a202581c200_5700 .array/port v0x5a202581c200, 5700;
v0x5a202581c200_5701 .array/port v0x5a202581c200, 5701;
v0x5a202581c200_5702 .array/port v0x5a202581c200, 5702;
E_0x5a20257c6530/1425 .event anyedge, v0x5a202581c200_5699, v0x5a202581c200_5700, v0x5a202581c200_5701, v0x5a202581c200_5702;
v0x5a202581c200_5703 .array/port v0x5a202581c200, 5703;
v0x5a202581c200_5704 .array/port v0x5a202581c200, 5704;
v0x5a202581c200_5705 .array/port v0x5a202581c200, 5705;
v0x5a202581c200_5706 .array/port v0x5a202581c200, 5706;
E_0x5a20257c6530/1426 .event anyedge, v0x5a202581c200_5703, v0x5a202581c200_5704, v0x5a202581c200_5705, v0x5a202581c200_5706;
v0x5a202581c200_5707 .array/port v0x5a202581c200, 5707;
v0x5a202581c200_5708 .array/port v0x5a202581c200, 5708;
v0x5a202581c200_5709 .array/port v0x5a202581c200, 5709;
v0x5a202581c200_5710 .array/port v0x5a202581c200, 5710;
E_0x5a20257c6530/1427 .event anyedge, v0x5a202581c200_5707, v0x5a202581c200_5708, v0x5a202581c200_5709, v0x5a202581c200_5710;
v0x5a202581c200_5711 .array/port v0x5a202581c200, 5711;
v0x5a202581c200_5712 .array/port v0x5a202581c200, 5712;
v0x5a202581c200_5713 .array/port v0x5a202581c200, 5713;
v0x5a202581c200_5714 .array/port v0x5a202581c200, 5714;
E_0x5a20257c6530/1428 .event anyedge, v0x5a202581c200_5711, v0x5a202581c200_5712, v0x5a202581c200_5713, v0x5a202581c200_5714;
v0x5a202581c200_5715 .array/port v0x5a202581c200, 5715;
v0x5a202581c200_5716 .array/port v0x5a202581c200, 5716;
v0x5a202581c200_5717 .array/port v0x5a202581c200, 5717;
v0x5a202581c200_5718 .array/port v0x5a202581c200, 5718;
E_0x5a20257c6530/1429 .event anyedge, v0x5a202581c200_5715, v0x5a202581c200_5716, v0x5a202581c200_5717, v0x5a202581c200_5718;
v0x5a202581c200_5719 .array/port v0x5a202581c200, 5719;
v0x5a202581c200_5720 .array/port v0x5a202581c200, 5720;
v0x5a202581c200_5721 .array/port v0x5a202581c200, 5721;
v0x5a202581c200_5722 .array/port v0x5a202581c200, 5722;
E_0x5a20257c6530/1430 .event anyedge, v0x5a202581c200_5719, v0x5a202581c200_5720, v0x5a202581c200_5721, v0x5a202581c200_5722;
v0x5a202581c200_5723 .array/port v0x5a202581c200, 5723;
v0x5a202581c200_5724 .array/port v0x5a202581c200, 5724;
v0x5a202581c200_5725 .array/port v0x5a202581c200, 5725;
v0x5a202581c200_5726 .array/port v0x5a202581c200, 5726;
E_0x5a20257c6530/1431 .event anyedge, v0x5a202581c200_5723, v0x5a202581c200_5724, v0x5a202581c200_5725, v0x5a202581c200_5726;
v0x5a202581c200_5727 .array/port v0x5a202581c200, 5727;
v0x5a202581c200_5728 .array/port v0x5a202581c200, 5728;
v0x5a202581c200_5729 .array/port v0x5a202581c200, 5729;
v0x5a202581c200_5730 .array/port v0x5a202581c200, 5730;
E_0x5a20257c6530/1432 .event anyedge, v0x5a202581c200_5727, v0x5a202581c200_5728, v0x5a202581c200_5729, v0x5a202581c200_5730;
v0x5a202581c200_5731 .array/port v0x5a202581c200, 5731;
v0x5a202581c200_5732 .array/port v0x5a202581c200, 5732;
v0x5a202581c200_5733 .array/port v0x5a202581c200, 5733;
v0x5a202581c200_5734 .array/port v0x5a202581c200, 5734;
E_0x5a20257c6530/1433 .event anyedge, v0x5a202581c200_5731, v0x5a202581c200_5732, v0x5a202581c200_5733, v0x5a202581c200_5734;
v0x5a202581c200_5735 .array/port v0x5a202581c200, 5735;
v0x5a202581c200_5736 .array/port v0x5a202581c200, 5736;
v0x5a202581c200_5737 .array/port v0x5a202581c200, 5737;
v0x5a202581c200_5738 .array/port v0x5a202581c200, 5738;
E_0x5a20257c6530/1434 .event anyedge, v0x5a202581c200_5735, v0x5a202581c200_5736, v0x5a202581c200_5737, v0x5a202581c200_5738;
v0x5a202581c200_5739 .array/port v0x5a202581c200, 5739;
v0x5a202581c200_5740 .array/port v0x5a202581c200, 5740;
v0x5a202581c200_5741 .array/port v0x5a202581c200, 5741;
v0x5a202581c200_5742 .array/port v0x5a202581c200, 5742;
E_0x5a20257c6530/1435 .event anyedge, v0x5a202581c200_5739, v0x5a202581c200_5740, v0x5a202581c200_5741, v0x5a202581c200_5742;
v0x5a202581c200_5743 .array/port v0x5a202581c200, 5743;
v0x5a202581c200_5744 .array/port v0x5a202581c200, 5744;
v0x5a202581c200_5745 .array/port v0x5a202581c200, 5745;
v0x5a202581c200_5746 .array/port v0x5a202581c200, 5746;
E_0x5a20257c6530/1436 .event anyedge, v0x5a202581c200_5743, v0x5a202581c200_5744, v0x5a202581c200_5745, v0x5a202581c200_5746;
v0x5a202581c200_5747 .array/port v0x5a202581c200, 5747;
v0x5a202581c200_5748 .array/port v0x5a202581c200, 5748;
v0x5a202581c200_5749 .array/port v0x5a202581c200, 5749;
v0x5a202581c200_5750 .array/port v0x5a202581c200, 5750;
E_0x5a20257c6530/1437 .event anyedge, v0x5a202581c200_5747, v0x5a202581c200_5748, v0x5a202581c200_5749, v0x5a202581c200_5750;
v0x5a202581c200_5751 .array/port v0x5a202581c200, 5751;
v0x5a202581c200_5752 .array/port v0x5a202581c200, 5752;
v0x5a202581c200_5753 .array/port v0x5a202581c200, 5753;
v0x5a202581c200_5754 .array/port v0x5a202581c200, 5754;
E_0x5a20257c6530/1438 .event anyedge, v0x5a202581c200_5751, v0x5a202581c200_5752, v0x5a202581c200_5753, v0x5a202581c200_5754;
v0x5a202581c200_5755 .array/port v0x5a202581c200, 5755;
v0x5a202581c200_5756 .array/port v0x5a202581c200, 5756;
v0x5a202581c200_5757 .array/port v0x5a202581c200, 5757;
v0x5a202581c200_5758 .array/port v0x5a202581c200, 5758;
E_0x5a20257c6530/1439 .event anyedge, v0x5a202581c200_5755, v0x5a202581c200_5756, v0x5a202581c200_5757, v0x5a202581c200_5758;
v0x5a202581c200_5759 .array/port v0x5a202581c200, 5759;
v0x5a202581c200_5760 .array/port v0x5a202581c200, 5760;
v0x5a202581c200_5761 .array/port v0x5a202581c200, 5761;
v0x5a202581c200_5762 .array/port v0x5a202581c200, 5762;
E_0x5a20257c6530/1440 .event anyedge, v0x5a202581c200_5759, v0x5a202581c200_5760, v0x5a202581c200_5761, v0x5a202581c200_5762;
v0x5a202581c200_5763 .array/port v0x5a202581c200, 5763;
v0x5a202581c200_5764 .array/port v0x5a202581c200, 5764;
v0x5a202581c200_5765 .array/port v0x5a202581c200, 5765;
v0x5a202581c200_5766 .array/port v0x5a202581c200, 5766;
E_0x5a20257c6530/1441 .event anyedge, v0x5a202581c200_5763, v0x5a202581c200_5764, v0x5a202581c200_5765, v0x5a202581c200_5766;
v0x5a202581c200_5767 .array/port v0x5a202581c200, 5767;
v0x5a202581c200_5768 .array/port v0x5a202581c200, 5768;
v0x5a202581c200_5769 .array/port v0x5a202581c200, 5769;
v0x5a202581c200_5770 .array/port v0x5a202581c200, 5770;
E_0x5a20257c6530/1442 .event anyedge, v0x5a202581c200_5767, v0x5a202581c200_5768, v0x5a202581c200_5769, v0x5a202581c200_5770;
v0x5a202581c200_5771 .array/port v0x5a202581c200, 5771;
v0x5a202581c200_5772 .array/port v0x5a202581c200, 5772;
v0x5a202581c200_5773 .array/port v0x5a202581c200, 5773;
v0x5a202581c200_5774 .array/port v0x5a202581c200, 5774;
E_0x5a20257c6530/1443 .event anyedge, v0x5a202581c200_5771, v0x5a202581c200_5772, v0x5a202581c200_5773, v0x5a202581c200_5774;
v0x5a202581c200_5775 .array/port v0x5a202581c200, 5775;
v0x5a202581c200_5776 .array/port v0x5a202581c200, 5776;
v0x5a202581c200_5777 .array/port v0x5a202581c200, 5777;
v0x5a202581c200_5778 .array/port v0x5a202581c200, 5778;
E_0x5a20257c6530/1444 .event anyedge, v0x5a202581c200_5775, v0x5a202581c200_5776, v0x5a202581c200_5777, v0x5a202581c200_5778;
v0x5a202581c200_5779 .array/port v0x5a202581c200, 5779;
v0x5a202581c200_5780 .array/port v0x5a202581c200, 5780;
v0x5a202581c200_5781 .array/port v0x5a202581c200, 5781;
v0x5a202581c200_5782 .array/port v0x5a202581c200, 5782;
E_0x5a20257c6530/1445 .event anyedge, v0x5a202581c200_5779, v0x5a202581c200_5780, v0x5a202581c200_5781, v0x5a202581c200_5782;
v0x5a202581c200_5783 .array/port v0x5a202581c200, 5783;
v0x5a202581c200_5784 .array/port v0x5a202581c200, 5784;
v0x5a202581c200_5785 .array/port v0x5a202581c200, 5785;
v0x5a202581c200_5786 .array/port v0x5a202581c200, 5786;
E_0x5a20257c6530/1446 .event anyedge, v0x5a202581c200_5783, v0x5a202581c200_5784, v0x5a202581c200_5785, v0x5a202581c200_5786;
v0x5a202581c200_5787 .array/port v0x5a202581c200, 5787;
v0x5a202581c200_5788 .array/port v0x5a202581c200, 5788;
v0x5a202581c200_5789 .array/port v0x5a202581c200, 5789;
v0x5a202581c200_5790 .array/port v0x5a202581c200, 5790;
E_0x5a20257c6530/1447 .event anyedge, v0x5a202581c200_5787, v0x5a202581c200_5788, v0x5a202581c200_5789, v0x5a202581c200_5790;
v0x5a202581c200_5791 .array/port v0x5a202581c200, 5791;
v0x5a202581c200_5792 .array/port v0x5a202581c200, 5792;
v0x5a202581c200_5793 .array/port v0x5a202581c200, 5793;
v0x5a202581c200_5794 .array/port v0x5a202581c200, 5794;
E_0x5a20257c6530/1448 .event anyedge, v0x5a202581c200_5791, v0x5a202581c200_5792, v0x5a202581c200_5793, v0x5a202581c200_5794;
v0x5a202581c200_5795 .array/port v0x5a202581c200, 5795;
v0x5a202581c200_5796 .array/port v0x5a202581c200, 5796;
v0x5a202581c200_5797 .array/port v0x5a202581c200, 5797;
v0x5a202581c200_5798 .array/port v0x5a202581c200, 5798;
E_0x5a20257c6530/1449 .event anyedge, v0x5a202581c200_5795, v0x5a202581c200_5796, v0x5a202581c200_5797, v0x5a202581c200_5798;
v0x5a202581c200_5799 .array/port v0x5a202581c200, 5799;
v0x5a202581c200_5800 .array/port v0x5a202581c200, 5800;
v0x5a202581c200_5801 .array/port v0x5a202581c200, 5801;
v0x5a202581c200_5802 .array/port v0x5a202581c200, 5802;
E_0x5a20257c6530/1450 .event anyedge, v0x5a202581c200_5799, v0x5a202581c200_5800, v0x5a202581c200_5801, v0x5a202581c200_5802;
v0x5a202581c200_5803 .array/port v0x5a202581c200, 5803;
v0x5a202581c200_5804 .array/port v0x5a202581c200, 5804;
v0x5a202581c200_5805 .array/port v0x5a202581c200, 5805;
v0x5a202581c200_5806 .array/port v0x5a202581c200, 5806;
E_0x5a20257c6530/1451 .event anyedge, v0x5a202581c200_5803, v0x5a202581c200_5804, v0x5a202581c200_5805, v0x5a202581c200_5806;
v0x5a202581c200_5807 .array/port v0x5a202581c200, 5807;
v0x5a202581c200_5808 .array/port v0x5a202581c200, 5808;
v0x5a202581c200_5809 .array/port v0x5a202581c200, 5809;
v0x5a202581c200_5810 .array/port v0x5a202581c200, 5810;
E_0x5a20257c6530/1452 .event anyedge, v0x5a202581c200_5807, v0x5a202581c200_5808, v0x5a202581c200_5809, v0x5a202581c200_5810;
v0x5a202581c200_5811 .array/port v0x5a202581c200, 5811;
v0x5a202581c200_5812 .array/port v0x5a202581c200, 5812;
v0x5a202581c200_5813 .array/port v0x5a202581c200, 5813;
v0x5a202581c200_5814 .array/port v0x5a202581c200, 5814;
E_0x5a20257c6530/1453 .event anyedge, v0x5a202581c200_5811, v0x5a202581c200_5812, v0x5a202581c200_5813, v0x5a202581c200_5814;
v0x5a202581c200_5815 .array/port v0x5a202581c200, 5815;
v0x5a202581c200_5816 .array/port v0x5a202581c200, 5816;
v0x5a202581c200_5817 .array/port v0x5a202581c200, 5817;
v0x5a202581c200_5818 .array/port v0x5a202581c200, 5818;
E_0x5a20257c6530/1454 .event anyedge, v0x5a202581c200_5815, v0x5a202581c200_5816, v0x5a202581c200_5817, v0x5a202581c200_5818;
v0x5a202581c200_5819 .array/port v0x5a202581c200, 5819;
v0x5a202581c200_5820 .array/port v0x5a202581c200, 5820;
v0x5a202581c200_5821 .array/port v0x5a202581c200, 5821;
v0x5a202581c200_5822 .array/port v0x5a202581c200, 5822;
E_0x5a20257c6530/1455 .event anyedge, v0x5a202581c200_5819, v0x5a202581c200_5820, v0x5a202581c200_5821, v0x5a202581c200_5822;
v0x5a202581c200_5823 .array/port v0x5a202581c200, 5823;
v0x5a202581c200_5824 .array/port v0x5a202581c200, 5824;
v0x5a202581c200_5825 .array/port v0x5a202581c200, 5825;
v0x5a202581c200_5826 .array/port v0x5a202581c200, 5826;
E_0x5a20257c6530/1456 .event anyedge, v0x5a202581c200_5823, v0x5a202581c200_5824, v0x5a202581c200_5825, v0x5a202581c200_5826;
v0x5a202581c200_5827 .array/port v0x5a202581c200, 5827;
v0x5a202581c200_5828 .array/port v0x5a202581c200, 5828;
v0x5a202581c200_5829 .array/port v0x5a202581c200, 5829;
v0x5a202581c200_5830 .array/port v0x5a202581c200, 5830;
E_0x5a20257c6530/1457 .event anyedge, v0x5a202581c200_5827, v0x5a202581c200_5828, v0x5a202581c200_5829, v0x5a202581c200_5830;
v0x5a202581c200_5831 .array/port v0x5a202581c200, 5831;
v0x5a202581c200_5832 .array/port v0x5a202581c200, 5832;
v0x5a202581c200_5833 .array/port v0x5a202581c200, 5833;
v0x5a202581c200_5834 .array/port v0x5a202581c200, 5834;
E_0x5a20257c6530/1458 .event anyedge, v0x5a202581c200_5831, v0x5a202581c200_5832, v0x5a202581c200_5833, v0x5a202581c200_5834;
v0x5a202581c200_5835 .array/port v0x5a202581c200, 5835;
v0x5a202581c200_5836 .array/port v0x5a202581c200, 5836;
v0x5a202581c200_5837 .array/port v0x5a202581c200, 5837;
v0x5a202581c200_5838 .array/port v0x5a202581c200, 5838;
E_0x5a20257c6530/1459 .event anyedge, v0x5a202581c200_5835, v0x5a202581c200_5836, v0x5a202581c200_5837, v0x5a202581c200_5838;
v0x5a202581c200_5839 .array/port v0x5a202581c200, 5839;
v0x5a202581c200_5840 .array/port v0x5a202581c200, 5840;
v0x5a202581c200_5841 .array/port v0x5a202581c200, 5841;
v0x5a202581c200_5842 .array/port v0x5a202581c200, 5842;
E_0x5a20257c6530/1460 .event anyedge, v0x5a202581c200_5839, v0x5a202581c200_5840, v0x5a202581c200_5841, v0x5a202581c200_5842;
v0x5a202581c200_5843 .array/port v0x5a202581c200, 5843;
v0x5a202581c200_5844 .array/port v0x5a202581c200, 5844;
v0x5a202581c200_5845 .array/port v0x5a202581c200, 5845;
v0x5a202581c200_5846 .array/port v0x5a202581c200, 5846;
E_0x5a20257c6530/1461 .event anyedge, v0x5a202581c200_5843, v0x5a202581c200_5844, v0x5a202581c200_5845, v0x5a202581c200_5846;
v0x5a202581c200_5847 .array/port v0x5a202581c200, 5847;
v0x5a202581c200_5848 .array/port v0x5a202581c200, 5848;
v0x5a202581c200_5849 .array/port v0x5a202581c200, 5849;
v0x5a202581c200_5850 .array/port v0x5a202581c200, 5850;
E_0x5a20257c6530/1462 .event anyedge, v0x5a202581c200_5847, v0x5a202581c200_5848, v0x5a202581c200_5849, v0x5a202581c200_5850;
v0x5a202581c200_5851 .array/port v0x5a202581c200, 5851;
v0x5a202581c200_5852 .array/port v0x5a202581c200, 5852;
v0x5a202581c200_5853 .array/port v0x5a202581c200, 5853;
v0x5a202581c200_5854 .array/port v0x5a202581c200, 5854;
E_0x5a20257c6530/1463 .event anyedge, v0x5a202581c200_5851, v0x5a202581c200_5852, v0x5a202581c200_5853, v0x5a202581c200_5854;
v0x5a202581c200_5855 .array/port v0x5a202581c200, 5855;
v0x5a202581c200_5856 .array/port v0x5a202581c200, 5856;
v0x5a202581c200_5857 .array/port v0x5a202581c200, 5857;
v0x5a202581c200_5858 .array/port v0x5a202581c200, 5858;
E_0x5a20257c6530/1464 .event anyedge, v0x5a202581c200_5855, v0x5a202581c200_5856, v0x5a202581c200_5857, v0x5a202581c200_5858;
v0x5a202581c200_5859 .array/port v0x5a202581c200, 5859;
v0x5a202581c200_5860 .array/port v0x5a202581c200, 5860;
v0x5a202581c200_5861 .array/port v0x5a202581c200, 5861;
v0x5a202581c200_5862 .array/port v0x5a202581c200, 5862;
E_0x5a20257c6530/1465 .event anyedge, v0x5a202581c200_5859, v0x5a202581c200_5860, v0x5a202581c200_5861, v0x5a202581c200_5862;
v0x5a202581c200_5863 .array/port v0x5a202581c200, 5863;
v0x5a202581c200_5864 .array/port v0x5a202581c200, 5864;
v0x5a202581c200_5865 .array/port v0x5a202581c200, 5865;
v0x5a202581c200_5866 .array/port v0x5a202581c200, 5866;
E_0x5a20257c6530/1466 .event anyedge, v0x5a202581c200_5863, v0x5a202581c200_5864, v0x5a202581c200_5865, v0x5a202581c200_5866;
v0x5a202581c200_5867 .array/port v0x5a202581c200, 5867;
v0x5a202581c200_5868 .array/port v0x5a202581c200, 5868;
v0x5a202581c200_5869 .array/port v0x5a202581c200, 5869;
v0x5a202581c200_5870 .array/port v0x5a202581c200, 5870;
E_0x5a20257c6530/1467 .event anyedge, v0x5a202581c200_5867, v0x5a202581c200_5868, v0x5a202581c200_5869, v0x5a202581c200_5870;
v0x5a202581c200_5871 .array/port v0x5a202581c200, 5871;
v0x5a202581c200_5872 .array/port v0x5a202581c200, 5872;
v0x5a202581c200_5873 .array/port v0x5a202581c200, 5873;
v0x5a202581c200_5874 .array/port v0x5a202581c200, 5874;
E_0x5a20257c6530/1468 .event anyedge, v0x5a202581c200_5871, v0x5a202581c200_5872, v0x5a202581c200_5873, v0x5a202581c200_5874;
v0x5a202581c200_5875 .array/port v0x5a202581c200, 5875;
v0x5a202581c200_5876 .array/port v0x5a202581c200, 5876;
v0x5a202581c200_5877 .array/port v0x5a202581c200, 5877;
v0x5a202581c200_5878 .array/port v0x5a202581c200, 5878;
E_0x5a20257c6530/1469 .event anyedge, v0x5a202581c200_5875, v0x5a202581c200_5876, v0x5a202581c200_5877, v0x5a202581c200_5878;
v0x5a202581c200_5879 .array/port v0x5a202581c200, 5879;
v0x5a202581c200_5880 .array/port v0x5a202581c200, 5880;
v0x5a202581c200_5881 .array/port v0x5a202581c200, 5881;
v0x5a202581c200_5882 .array/port v0x5a202581c200, 5882;
E_0x5a20257c6530/1470 .event anyedge, v0x5a202581c200_5879, v0x5a202581c200_5880, v0x5a202581c200_5881, v0x5a202581c200_5882;
v0x5a202581c200_5883 .array/port v0x5a202581c200, 5883;
v0x5a202581c200_5884 .array/port v0x5a202581c200, 5884;
v0x5a202581c200_5885 .array/port v0x5a202581c200, 5885;
v0x5a202581c200_5886 .array/port v0x5a202581c200, 5886;
E_0x5a20257c6530/1471 .event anyedge, v0x5a202581c200_5883, v0x5a202581c200_5884, v0x5a202581c200_5885, v0x5a202581c200_5886;
v0x5a202581c200_5887 .array/port v0x5a202581c200, 5887;
v0x5a202581c200_5888 .array/port v0x5a202581c200, 5888;
v0x5a202581c200_5889 .array/port v0x5a202581c200, 5889;
v0x5a202581c200_5890 .array/port v0x5a202581c200, 5890;
E_0x5a20257c6530/1472 .event anyedge, v0x5a202581c200_5887, v0x5a202581c200_5888, v0x5a202581c200_5889, v0x5a202581c200_5890;
v0x5a202581c200_5891 .array/port v0x5a202581c200, 5891;
v0x5a202581c200_5892 .array/port v0x5a202581c200, 5892;
v0x5a202581c200_5893 .array/port v0x5a202581c200, 5893;
v0x5a202581c200_5894 .array/port v0x5a202581c200, 5894;
E_0x5a20257c6530/1473 .event anyedge, v0x5a202581c200_5891, v0x5a202581c200_5892, v0x5a202581c200_5893, v0x5a202581c200_5894;
v0x5a202581c200_5895 .array/port v0x5a202581c200, 5895;
v0x5a202581c200_5896 .array/port v0x5a202581c200, 5896;
v0x5a202581c200_5897 .array/port v0x5a202581c200, 5897;
v0x5a202581c200_5898 .array/port v0x5a202581c200, 5898;
E_0x5a20257c6530/1474 .event anyedge, v0x5a202581c200_5895, v0x5a202581c200_5896, v0x5a202581c200_5897, v0x5a202581c200_5898;
v0x5a202581c200_5899 .array/port v0x5a202581c200, 5899;
v0x5a202581c200_5900 .array/port v0x5a202581c200, 5900;
v0x5a202581c200_5901 .array/port v0x5a202581c200, 5901;
v0x5a202581c200_5902 .array/port v0x5a202581c200, 5902;
E_0x5a20257c6530/1475 .event anyedge, v0x5a202581c200_5899, v0x5a202581c200_5900, v0x5a202581c200_5901, v0x5a202581c200_5902;
v0x5a202581c200_5903 .array/port v0x5a202581c200, 5903;
v0x5a202581c200_5904 .array/port v0x5a202581c200, 5904;
v0x5a202581c200_5905 .array/port v0x5a202581c200, 5905;
v0x5a202581c200_5906 .array/port v0x5a202581c200, 5906;
E_0x5a20257c6530/1476 .event anyedge, v0x5a202581c200_5903, v0x5a202581c200_5904, v0x5a202581c200_5905, v0x5a202581c200_5906;
v0x5a202581c200_5907 .array/port v0x5a202581c200, 5907;
v0x5a202581c200_5908 .array/port v0x5a202581c200, 5908;
v0x5a202581c200_5909 .array/port v0x5a202581c200, 5909;
v0x5a202581c200_5910 .array/port v0x5a202581c200, 5910;
E_0x5a20257c6530/1477 .event anyedge, v0x5a202581c200_5907, v0x5a202581c200_5908, v0x5a202581c200_5909, v0x5a202581c200_5910;
v0x5a202581c200_5911 .array/port v0x5a202581c200, 5911;
v0x5a202581c200_5912 .array/port v0x5a202581c200, 5912;
v0x5a202581c200_5913 .array/port v0x5a202581c200, 5913;
v0x5a202581c200_5914 .array/port v0x5a202581c200, 5914;
E_0x5a20257c6530/1478 .event anyedge, v0x5a202581c200_5911, v0x5a202581c200_5912, v0x5a202581c200_5913, v0x5a202581c200_5914;
v0x5a202581c200_5915 .array/port v0x5a202581c200, 5915;
v0x5a202581c200_5916 .array/port v0x5a202581c200, 5916;
v0x5a202581c200_5917 .array/port v0x5a202581c200, 5917;
v0x5a202581c200_5918 .array/port v0x5a202581c200, 5918;
E_0x5a20257c6530/1479 .event anyedge, v0x5a202581c200_5915, v0x5a202581c200_5916, v0x5a202581c200_5917, v0x5a202581c200_5918;
v0x5a202581c200_5919 .array/port v0x5a202581c200, 5919;
v0x5a202581c200_5920 .array/port v0x5a202581c200, 5920;
v0x5a202581c200_5921 .array/port v0x5a202581c200, 5921;
v0x5a202581c200_5922 .array/port v0x5a202581c200, 5922;
E_0x5a20257c6530/1480 .event anyedge, v0x5a202581c200_5919, v0x5a202581c200_5920, v0x5a202581c200_5921, v0x5a202581c200_5922;
v0x5a202581c200_5923 .array/port v0x5a202581c200, 5923;
v0x5a202581c200_5924 .array/port v0x5a202581c200, 5924;
v0x5a202581c200_5925 .array/port v0x5a202581c200, 5925;
v0x5a202581c200_5926 .array/port v0x5a202581c200, 5926;
E_0x5a20257c6530/1481 .event anyedge, v0x5a202581c200_5923, v0x5a202581c200_5924, v0x5a202581c200_5925, v0x5a202581c200_5926;
v0x5a202581c200_5927 .array/port v0x5a202581c200, 5927;
v0x5a202581c200_5928 .array/port v0x5a202581c200, 5928;
v0x5a202581c200_5929 .array/port v0x5a202581c200, 5929;
v0x5a202581c200_5930 .array/port v0x5a202581c200, 5930;
E_0x5a20257c6530/1482 .event anyedge, v0x5a202581c200_5927, v0x5a202581c200_5928, v0x5a202581c200_5929, v0x5a202581c200_5930;
v0x5a202581c200_5931 .array/port v0x5a202581c200, 5931;
v0x5a202581c200_5932 .array/port v0x5a202581c200, 5932;
v0x5a202581c200_5933 .array/port v0x5a202581c200, 5933;
v0x5a202581c200_5934 .array/port v0x5a202581c200, 5934;
E_0x5a20257c6530/1483 .event anyedge, v0x5a202581c200_5931, v0x5a202581c200_5932, v0x5a202581c200_5933, v0x5a202581c200_5934;
v0x5a202581c200_5935 .array/port v0x5a202581c200, 5935;
v0x5a202581c200_5936 .array/port v0x5a202581c200, 5936;
v0x5a202581c200_5937 .array/port v0x5a202581c200, 5937;
v0x5a202581c200_5938 .array/port v0x5a202581c200, 5938;
E_0x5a20257c6530/1484 .event anyedge, v0x5a202581c200_5935, v0x5a202581c200_5936, v0x5a202581c200_5937, v0x5a202581c200_5938;
v0x5a202581c200_5939 .array/port v0x5a202581c200, 5939;
v0x5a202581c200_5940 .array/port v0x5a202581c200, 5940;
v0x5a202581c200_5941 .array/port v0x5a202581c200, 5941;
v0x5a202581c200_5942 .array/port v0x5a202581c200, 5942;
E_0x5a20257c6530/1485 .event anyedge, v0x5a202581c200_5939, v0x5a202581c200_5940, v0x5a202581c200_5941, v0x5a202581c200_5942;
v0x5a202581c200_5943 .array/port v0x5a202581c200, 5943;
v0x5a202581c200_5944 .array/port v0x5a202581c200, 5944;
v0x5a202581c200_5945 .array/port v0x5a202581c200, 5945;
v0x5a202581c200_5946 .array/port v0x5a202581c200, 5946;
E_0x5a20257c6530/1486 .event anyedge, v0x5a202581c200_5943, v0x5a202581c200_5944, v0x5a202581c200_5945, v0x5a202581c200_5946;
v0x5a202581c200_5947 .array/port v0x5a202581c200, 5947;
v0x5a202581c200_5948 .array/port v0x5a202581c200, 5948;
v0x5a202581c200_5949 .array/port v0x5a202581c200, 5949;
v0x5a202581c200_5950 .array/port v0x5a202581c200, 5950;
E_0x5a20257c6530/1487 .event anyedge, v0x5a202581c200_5947, v0x5a202581c200_5948, v0x5a202581c200_5949, v0x5a202581c200_5950;
v0x5a202581c200_5951 .array/port v0x5a202581c200, 5951;
v0x5a202581c200_5952 .array/port v0x5a202581c200, 5952;
v0x5a202581c200_5953 .array/port v0x5a202581c200, 5953;
v0x5a202581c200_5954 .array/port v0x5a202581c200, 5954;
E_0x5a20257c6530/1488 .event anyedge, v0x5a202581c200_5951, v0x5a202581c200_5952, v0x5a202581c200_5953, v0x5a202581c200_5954;
v0x5a202581c200_5955 .array/port v0x5a202581c200, 5955;
v0x5a202581c200_5956 .array/port v0x5a202581c200, 5956;
v0x5a202581c200_5957 .array/port v0x5a202581c200, 5957;
v0x5a202581c200_5958 .array/port v0x5a202581c200, 5958;
E_0x5a20257c6530/1489 .event anyedge, v0x5a202581c200_5955, v0x5a202581c200_5956, v0x5a202581c200_5957, v0x5a202581c200_5958;
v0x5a202581c200_5959 .array/port v0x5a202581c200, 5959;
v0x5a202581c200_5960 .array/port v0x5a202581c200, 5960;
v0x5a202581c200_5961 .array/port v0x5a202581c200, 5961;
v0x5a202581c200_5962 .array/port v0x5a202581c200, 5962;
E_0x5a20257c6530/1490 .event anyedge, v0x5a202581c200_5959, v0x5a202581c200_5960, v0x5a202581c200_5961, v0x5a202581c200_5962;
v0x5a202581c200_5963 .array/port v0x5a202581c200, 5963;
v0x5a202581c200_5964 .array/port v0x5a202581c200, 5964;
v0x5a202581c200_5965 .array/port v0x5a202581c200, 5965;
v0x5a202581c200_5966 .array/port v0x5a202581c200, 5966;
E_0x5a20257c6530/1491 .event anyedge, v0x5a202581c200_5963, v0x5a202581c200_5964, v0x5a202581c200_5965, v0x5a202581c200_5966;
v0x5a202581c200_5967 .array/port v0x5a202581c200, 5967;
v0x5a202581c200_5968 .array/port v0x5a202581c200, 5968;
v0x5a202581c200_5969 .array/port v0x5a202581c200, 5969;
v0x5a202581c200_5970 .array/port v0x5a202581c200, 5970;
E_0x5a20257c6530/1492 .event anyedge, v0x5a202581c200_5967, v0x5a202581c200_5968, v0x5a202581c200_5969, v0x5a202581c200_5970;
v0x5a202581c200_5971 .array/port v0x5a202581c200, 5971;
v0x5a202581c200_5972 .array/port v0x5a202581c200, 5972;
v0x5a202581c200_5973 .array/port v0x5a202581c200, 5973;
v0x5a202581c200_5974 .array/port v0x5a202581c200, 5974;
E_0x5a20257c6530/1493 .event anyedge, v0x5a202581c200_5971, v0x5a202581c200_5972, v0x5a202581c200_5973, v0x5a202581c200_5974;
v0x5a202581c200_5975 .array/port v0x5a202581c200, 5975;
v0x5a202581c200_5976 .array/port v0x5a202581c200, 5976;
v0x5a202581c200_5977 .array/port v0x5a202581c200, 5977;
v0x5a202581c200_5978 .array/port v0x5a202581c200, 5978;
E_0x5a20257c6530/1494 .event anyedge, v0x5a202581c200_5975, v0x5a202581c200_5976, v0x5a202581c200_5977, v0x5a202581c200_5978;
v0x5a202581c200_5979 .array/port v0x5a202581c200, 5979;
v0x5a202581c200_5980 .array/port v0x5a202581c200, 5980;
v0x5a202581c200_5981 .array/port v0x5a202581c200, 5981;
v0x5a202581c200_5982 .array/port v0x5a202581c200, 5982;
E_0x5a20257c6530/1495 .event anyedge, v0x5a202581c200_5979, v0x5a202581c200_5980, v0x5a202581c200_5981, v0x5a202581c200_5982;
v0x5a202581c200_5983 .array/port v0x5a202581c200, 5983;
v0x5a202581c200_5984 .array/port v0x5a202581c200, 5984;
v0x5a202581c200_5985 .array/port v0x5a202581c200, 5985;
v0x5a202581c200_5986 .array/port v0x5a202581c200, 5986;
E_0x5a20257c6530/1496 .event anyedge, v0x5a202581c200_5983, v0x5a202581c200_5984, v0x5a202581c200_5985, v0x5a202581c200_5986;
v0x5a202581c200_5987 .array/port v0x5a202581c200, 5987;
v0x5a202581c200_5988 .array/port v0x5a202581c200, 5988;
v0x5a202581c200_5989 .array/port v0x5a202581c200, 5989;
v0x5a202581c200_5990 .array/port v0x5a202581c200, 5990;
E_0x5a20257c6530/1497 .event anyedge, v0x5a202581c200_5987, v0x5a202581c200_5988, v0x5a202581c200_5989, v0x5a202581c200_5990;
v0x5a202581c200_5991 .array/port v0x5a202581c200, 5991;
v0x5a202581c200_5992 .array/port v0x5a202581c200, 5992;
v0x5a202581c200_5993 .array/port v0x5a202581c200, 5993;
v0x5a202581c200_5994 .array/port v0x5a202581c200, 5994;
E_0x5a20257c6530/1498 .event anyedge, v0x5a202581c200_5991, v0x5a202581c200_5992, v0x5a202581c200_5993, v0x5a202581c200_5994;
v0x5a202581c200_5995 .array/port v0x5a202581c200, 5995;
v0x5a202581c200_5996 .array/port v0x5a202581c200, 5996;
v0x5a202581c200_5997 .array/port v0x5a202581c200, 5997;
v0x5a202581c200_5998 .array/port v0x5a202581c200, 5998;
E_0x5a20257c6530/1499 .event anyedge, v0x5a202581c200_5995, v0x5a202581c200_5996, v0x5a202581c200_5997, v0x5a202581c200_5998;
v0x5a202581c200_5999 .array/port v0x5a202581c200, 5999;
v0x5a202581c200_6000 .array/port v0x5a202581c200, 6000;
v0x5a202581c200_6001 .array/port v0x5a202581c200, 6001;
v0x5a202581c200_6002 .array/port v0x5a202581c200, 6002;
E_0x5a20257c6530/1500 .event anyedge, v0x5a202581c200_5999, v0x5a202581c200_6000, v0x5a202581c200_6001, v0x5a202581c200_6002;
v0x5a202581c200_6003 .array/port v0x5a202581c200, 6003;
v0x5a202581c200_6004 .array/port v0x5a202581c200, 6004;
v0x5a202581c200_6005 .array/port v0x5a202581c200, 6005;
v0x5a202581c200_6006 .array/port v0x5a202581c200, 6006;
E_0x5a20257c6530/1501 .event anyedge, v0x5a202581c200_6003, v0x5a202581c200_6004, v0x5a202581c200_6005, v0x5a202581c200_6006;
v0x5a202581c200_6007 .array/port v0x5a202581c200, 6007;
v0x5a202581c200_6008 .array/port v0x5a202581c200, 6008;
v0x5a202581c200_6009 .array/port v0x5a202581c200, 6009;
v0x5a202581c200_6010 .array/port v0x5a202581c200, 6010;
E_0x5a20257c6530/1502 .event anyedge, v0x5a202581c200_6007, v0x5a202581c200_6008, v0x5a202581c200_6009, v0x5a202581c200_6010;
v0x5a202581c200_6011 .array/port v0x5a202581c200, 6011;
v0x5a202581c200_6012 .array/port v0x5a202581c200, 6012;
v0x5a202581c200_6013 .array/port v0x5a202581c200, 6013;
v0x5a202581c200_6014 .array/port v0x5a202581c200, 6014;
E_0x5a20257c6530/1503 .event anyedge, v0x5a202581c200_6011, v0x5a202581c200_6012, v0x5a202581c200_6013, v0x5a202581c200_6014;
v0x5a202581c200_6015 .array/port v0x5a202581c200, 6015;
v0x5a202581c200_6016 .array/port v0x5a202581c200, 6016;
v0x5a202581c200_6017 .array/port v0x5a202581c200, 6017;
v0x5a202581c200_6018 .array/port v0x5a202581c200, 6018;
E_0x5a20257c6530/1504 .event anyedge, v0x5a202581c200_6015, v0x5a202581c200_6016, v0x5a202581c200_6017, v0x5a202581c200_6018;
v0x5a202581c200_6019 .array/port v0x5a202581c200, 6019;
v0x5a202581c200_6020 .array/port v0x5a202581c200, 6020;
v0x5a202581c200_6021 .array/port v0x5a202581c200, 6021;
v0x5a202581c200_6022 .array/port v0x5a202581c200, 6022;
E_0x5a20257c6530/1505 .event anyedge, v0x5a202581c200_6019, v0x5a202581c200_6020, v0x5a202581c200_6021, v0x5a202581c200_6022;
v0x5a202581c200_6023 .array/port v0x5a202581c200, 6023;
v0x5a202581c200_6024 .array/port v0x5a202581c200, 6024;
v0x5a202581c200_6025 .array/port v0x5a202581c200, 6025;
v0x5a202581c200_6026 .array/port v0x5a202581c200, 6026;
E_0x5a20257c6530/1506 .event anyedge, v0x5a202581c200_6023, v0x5a202581c200_6024, v0x5a202581c200_6025, v0x5a202581c200_6026;
v0x5a202581c200_6027 .array/port v0x5a202581c200, 6027;
v0x5a202581c200_6028 .array/port v0x5a202581c200, 6028;
v0x5a202581c200_6029 .array/port v0x5a202581c200, 6029;
v0x5a202581c200_6030 .array/port v0x5a202581c200, 6030;
E_0x5a20257c6530/1507 .event anyedge, v0x5a202581c200_6027, v0x5a202581c200_6028, v0x5a202581c200_6029, v0x5a202581c200_6030;
v0x5a202581c200_6031 .array/port v0x5a202581c200, 6031;
v0x5a202581c200_6032 .array/port v0x5a202581c200, 6032;
v0x5a202581c200_6033 .array/port v0x5a202581c200, 6033;
v0x5a202581c200_6034 .array/port v0x5a202581c200, 6034;
E_0x5a20257c6530/1508 .event anyedge, v0x5a202581c200_6031, v0x5a202581c200_6032, v0x5a202581c200_6033, v0x5a202581c200_6034;
v0x5a202581c200_6035 .array/port v0x5a202581c200, 6035;
v0x5a202581c200_6036 .array/port v0x5a202581c200, 6036;
v0x5a202581c200_6037 .array/port v0x5a202581c200, 6037;
v0x5a202581c200_6038 .array/port v0x5a202581c200, 6038;
E_0x5a20257c6530/1509 .event anyedge, v0x5a202581c200_6035, v0x5a202581c200_6036, v0x5a202581c200_6037, v0x5a202581c200_6038;
v0x5a202581c200_6039 .array/port v0x5a202581c200, 6039;
v0x5a202581c200_6040 .array/port v0x5a202581c200, 6040;
v0x5a202581c200_6041 .array/port v0x5a202581c200, 6041;
v0x5a202581c200_6042 .array/port v0x5a202581c200, 6042;
E_0x5a20257c6530/1510 .event anyedge, v0x5a202581c200_6039, v0x5a202581c200_6040, v0x5a202581c200_6041, v0x5a202581c200_6042;
v0x5a202581c200_6043 .array/port v0x5a202581c200, 6043;
v0x5a202581c200_6044 .array/port v0x5a202581c200, 6044;
v0x5a202581c200_6045 .array/port v0x5a202581c200, 6045;
v0x5a202581c200_6046 .array/port v0x5a202581c200, 6046;
E_0x5a20257c6530/1511 .event anyedge, v0x5a202581c200_6043, v0x5a202581c200_6044, v0x5a202581c200_6045, v0x5a202581c200_6046;
v0x5a202581c200_6047 .array/port v0x5a202581c200, 6047;
v0x5a202581c200_6048 .array/port v0x5a202581c200, 6048;
v0x5a202581c200_6049 .array/port v0x5a202581c200, 6049;
v0x5a202581c200_6050 .array/port v0x5a202581c200, 6050;
E_0x5a20257c6530/1512 .event anyedge, v0x5a202581c200_6047, v0x5a202581c200_6048, v0x5a202581c200_6049, v0x5a202581c200_6050;
v0x5a202581c200_6051 .array/port v0x5a202581c200, 6051;
v0x5a202581c200_6052 .array/port v0x5a202581c200, 6052;
v0x5a202581c200_6053 .array/port v0x5a202581c200, 6053;
v0x5a202581c200_6054 .array/port v0x5a202581c200, 6054;
E_0x5a20257c6530/1513 .event anyedge, v0x5a202581c200_6051, v0x5a202581c200_6052, v0x5a202581c200_6053, v0x5a202581c200_6054;
v0x5a202581c200_6055 .array/port v0x5a202581c200, 6055;
v0x5a202581c200_6056 .array/port v0x5a202581c200, 6056;
v0x5a202581c200_6057 .array/port v0x5a202581c200, 6057;
v0x5a202581c200_6058 .array/port v0x5a202581c200, 6058;
E_0x5a20257c6530/1514 .event anyedge, v0x5a202581c200_6055, v0x5a202581c200_6056, v0x5a202581c200_6057, v0x5a202581c200_6058;
v0x5a202581c200_6059 .array/port v0x5a202581c200, 6059;
v0x5a202581c200_6060 .array/port v0x5a202581c200, 6060;
v0x5a202581c200_6061 .array/port v0x5a202581c200, 6061;
v0x5a202581c200_6062 .array/port v0x5a202581c200, 6062;
E_0x5a20257c6530/1515 .event anyedge, v0x5a202581c200_6059, v0x5a202581c200_6060, v0x5a202581c200_6061, v0x5a202581c200_6062;
v0x5a202581c200_6063 .array/port v0x5a202581c200, 6063;
v0x5a202581c200_6064 .array/port v0x5a202581c200, 6064;
v0x5a202581c200_6065 .array/port v0x5a202581c200, 6065;
v0x5a202581c200_6066 .array/port v0x5a202581c200, 6066;
E_0x5a20257c6530/1516 .event anyedge, v0x5a202581c200_6063, v0x5a202581c200_6064, v0x5a202581c200_6065, v0x5a202581c200_6066;
v0x5a202581c200_6067 .array/port v0x5a202581c200, 6067;
v0x5a202581c200_6068 .array/port v0x5a202581c200, 6068;
v0x5a202581c200_6069 .array/port v0x5a202581c200, 6069;
v0x5a202581c200_6070 .array/port v0x5a202581c200, 6070;
E_0x5a20257c6530/1517 .event anyedge, v0x5a202581c200_6067, v0x5a202581c200_6068, v0x5a202581c200_6069, v0x5a202581c200_6070;
v0x5a202581c200_6071 .array/port v0x5a202581c200, 6071;
v0x5a202581c200_6072 .array/port v0x5a202581c200, 6072;
v0x5a202581c200_6073 .array/port v0x5a202581c200, 6073;
v0x5a202581c200_6074 .array/port v0x5a202581c200, 6074;
E_0x5a20257c6530/1518 .event anyedge, v0x5a202581c200_6071, v0x5a202581c200_6072, v0x5a202581c200_6073, v0x5a202581c200_6074;
v0x5a202581c200_6075 .array/port v0x5a202581c200, 6075;
v0x5a202581c200_6076 .array/port v0x5a202581c200, 6076;
v0x5a202581c200_6077 .array/port v0x5a202581c200, 6077;
v0x5a202581c200_6078 .array/port v0x5a202581c200, 6078;
E_0x5a20257c6530/1519 .event anyedge, v0x5a202581c200_6075, v0x5a202581c200_6076, v0x5a202581c200_6077, v0x5a202581c200_6078;
v0x5a202581c200_6079 .array/port v0x5a202581c200, 6079;
v0x5a202581c200_6080 .array/port v0x5a202581c200, 6080;
v0x5a202581c200_6081 .array/port v0x5a202581c200, 6081;
v0x5a202581c200_6082 .array/port v0x5a202581c200, 6082;
E_0x5a20257c6530/1520 .event anyedge, v0x5a202581c200_6079, v0x5a202581c200_6080, v0x5a202581c200_6081, v0x5a202581c200_6082;
v0x5a202581c200_6083 .array/port v0x5a202581c200, 6083;
v0x5a202581c200_6084 .array/port v0x5a202581c200, 6084;
v0x5a202581c200_6085 .array/port v0x5a202581c200, 6085;
v0x5a202581c200_6086 .array/port v0x5a202581c200, 6086;
E_0x5a20257c6530/1521 .event anyedge, v0x5a202581c200_6083, v0x5a202581c200_6084, v0x5a202581c200_6085, v0x5a202581c200_6086;
v0x5a202581c200_6087 .array/port v0x5a202581c200, 6087;
v0x5a202581c200_6088 .array/port v0x5a202581c200, 6088;
v0x5a202581c200_6089 .array/port v0x5a202581c200, 6089;
v0x5a202581c200_6090 .array/port v0x5a202581c200, 6090;
E_0x5a20257c6530/1522 .event anyedge, v0x5a202581c200_6087, v0x5a202581c200_6088, v0x5a202581c200_6089, v0x5a202581c200_6090;
v0x5a202581c200_6091 .array/port v0x5a202581c200, 6091;
v0x5a202581c200_6092 .array/port v0x5a202581c200, 6092;
v0x5a202581c200_6093 .array/port v0x5a202581c200, 6093;
v0x5a202581c200_6094 .array/port v0x5a202581c200, 6094;
E_0x5a20257c6530/1523 .event anyedge, v0x5a202581c200_6091, v0x5a202581c200_6092, v0x5a202581c200_6093, v0x5a202581c200_6094;
v0x5a202581c200_6095 .array/port v0x5a202581c200, 6095;
v0x5a202581c200_6096 .array/port v0x5a202581c200, 6096;
v0x5a202581c200_6097 .array/port v0x5a202581c200, 6097;
v0x5a202581c200_6098 .array/port v0x5a202581c200, 6098;
E_0x5a20257c6530/1524 .event anyedge, v0x5a202581c200_6095, v0x5a202581c200_6096, v0x5a202581c200_6097, v0x5a202581c200_6098;
v0x5a202581c200_6099 .array/port v0x5a202581c200, 6099;
v0x5a202581c200_6100 .array/port v0x5a202581c200, 6100;
v0x5a202581c200_6101 .array/port v0x5a202581c200, 6101;
v0x5a202581c200_6102 .array/port v0x5a202581c200, 6102;
E_0x5a20257c6530/1525 .event anyedge, v0x5a202581c200_6099, v0x5a202581c200_6100, v0x5a202581c200_6101, v0x5a202581c200_6102;
v0x5a202581c200_6103 .array/port v0x5a202581c200, 6103;
v0x5a202581c200_6104 .array/port v0x5a202581c200, 6104;
v0x5a202581c200_6105 .array/port v0x5a202581c200, 6105;
v0x5a202581c200_6106 .array/port v0x5a202581c200, 6106;
E_0x5a20257c6530/1526 .event anyedge, v0x5a202581c200_6103, v0x5a202581c200_6104, v0x5a202581c200_6105, v0x5a202581c200_6106;
v0x5a202581c200_6107 .array/port v0x5a202581c200, 6107;
v0x5a202581c200_6108 .array/port v0x5a202581c200, 6108;
v0x5a202581c200_6109 .array/port v0x5a202581c200, 6109;
v0x5a202581c200_6110 .array/port v0x5a202581c200, 6110;
E_0x5a20257c6530/1527 .event anyedge, v0x5a202581c200_6107, v0x5a202581c200_6108, v0x5a202581c200_6109, v0x5a202581c200_6110;
v0x5a202581c200_6111 .array/port v0x5a202581c200, 6111;
v0x5a202581c200_6112 .array/port v0x5a202581c200, 6112;
v0x5a202581c200_6113 .array/port v0x5a202581c200, 6113;
v0x5a202581c200_6114 .array/port v0x5a202581c200, 6114;
E_0x5a20257c6530/1528 .event anyedge, v0x5a202581c200_6111, v0x5a202581c200_6112, v0x5a202581c200_6113, v0x5a202581c200_6114;
v0x5a202581c200_6115 .array/port v0x5a202581c200, 6115;
v0x5a202581c200_6116 .array/port v0x5a202581c200, 6116;
v0x5a202581c200_6117 .array/port v0x5a202581c200, 6117;
v0x5a202581c200_6118 .array/port v0x5a202581c200, 6118;
E_0x5a20257c6530/1529 .event anyedge, v0x5a202581c200_6115, v0x5a202581c200_6116, v0x5a202581c200_6117, v0x5a202581c200_6118;
v0x5a202581c200_6119 .array/port v0x5a202581c200, 6119;
v0x5a202581c200_6120 .array/port v0x5a202581c200, 6120;
v0x5a202581c200_6121 .array/port v0x5a202581c200, 6121;
v0x5a202581c200_6122 .array/port v0x5a202581c200, 6122;
E_0x5a20257c6530/1530 .event anyedge, v0x5a202581c200_6119, v0x5a202581c200_6120, v0x5a202581c200_6121, v0x5a202581c200_6122;
v0x5a202581c200_6123 .array/port v0x5a202581c200, 6123;
v0x5a202581c200_6124 .array/port v0x5a202581c200, 6124;
v0x5a202581c200_6125 .array/port v0x5a202581c200, 6125;
v0x5a202581c200_6126 .array/port v0x5a202581c200, 6126;
E_0x5a20257c6530/1531 .event anyedge, v0x5a202581c200_6123, v0x5a202581c200_6124, v0x5a202581c200_6125, v0x5a202581c200_6126;
v0x5a202581c200_6127 .array/port v0x5a202581c200, 6127;
v0x5a202581c200_6128 .array/port v0x5a202581c200, 6128;
v0x5a202581c200_6129 .array/port v0x5a202581c200, 6129;
v0x5a202581c200_6130 .array/port v0x5a202581c200, 6130;
E_0x5a20257c6530/1532 .event anyedge, v0x5a202581c200_6127, v0x5a202581c200_6128, v0x5a202581c200_6129, v0x5a202581c200_6130;
v0x5a202581c200_6131 .array/port v0x5a202581c200, 6131;
v0x5a202581c200_6132 .array/port v0x5a202581c200, 6132;
v0x5a202581c200_6133 .array/port v0x5a202581c200, 6133;
v0x5a202581c200_6134 .array/port v0x5a202581c200, 6134;
E_0x5a20257c6530/1533 .event anyedge, v0x5a202581c200_6131, v0x5a202581c200_6132, v0x5a202581c200_6133, v0x5a202581c200_6134;
v0x5a202581c200_6135 .array/port v0x5a202581c200, 6135;
v0x5a202581c200_6136 .array/port v0x5a202581c200, 6136;
v0x5a202581c200_6137 .array/port v0x5a202581c200, 6137;
v0x5a202581c200_6138 .array/port v0x5a202581c200, 6138;
E_0x5a20257c6530/1534 .event anyedge, v0x5a202581c200_6135, v0x5a202581c200_6136, v0x5a202581c200_6137, v0x5a202581c200_6138;
v0x5a202581c200_6139 .array/port v0x5a202581c200, 6139;
v0x5a202581c200_6140 .array/port v0x5a202581c200, 6140;
v0x5a202581c200_6141 .array/port v0x5a202581c200, 6141;
v0x5a202581c200_6142 .array/port v0x5a202581c200, 6142;
E_0x5a20257c6530/1535 .event anyedge, v0x5a202581c200_6139, v0x5a202581c200_6140, v0x5a202581c200_6141, v0x5a202581c200_6142;
v0x5a202581c200_6143 .array/port v0x5a202581c200, 6143;
v0x5a202581c200_6144 .array/port v0x5a202581c200, 6144;
v0x5a202581c200_6145 .array/port v0x5a202581c200, 6145;
v0x5a202581c200_6146 .array/port v0x5a202581c200, 6146;
E_0x5a20257c6530/1536 .event anyedge, v0x5a202581c200_6143, v0x5a202581c200_6144, v0x5a202581c200_6145, v0x5a202581c200_6146;
v0x5a202581c200_6147 .array/port v0x5a202581c200, 6147;
v0x5a202581c200_6148 .array/port v0x5a202581c200, 6148;
v0x5a202581c200_6149 .array/port v0x5a202581c200, 6149;
v0x5a202581c200_6150 .array/port v0x5a202581c200, 6150;
E_0x5a20257c6530/1537 .event anyedge, v0x5a202581c200_6147, v0x5a202581c200_6148, v0x5a202581c200_6149, v0x5a202581c200_6150;
v0x5a202581c200_6151 .array/port v0x5a202581c200, 6151;
v0x5a202581c200_6152 .array/port v0x5a202581c200, 6152;
v0x5a202581c200_6153 .array/port v0x5a202581c200, 6153;
v0x5a202581c200_6154 .array/port v0x5a202581c200, 6154;
E_0x5a20257c6530/1538 .event anyedge, v0x5a202581c200_6151, v0x5a202581c200_6152, v0x5a202581c200_6153, v0x5a202581c200_6154;
v0x5a202581c200_6155 .array/port v0x5a202581c200, 6155;
v0x5a202581c200_6156 .array/port v0x5a202581c200, 6156;
v0x5a202581c200_6157 .array/port v0x5a202581c200, 6157;
v0x5a202581c200_6158 .array/port v0x5a202581c200, 6158;
E_0x5a20257c6530/1539 .event anyedge, v0x5a202581c200_6155, v0x5a202581c200_6156, v0x5a202581c200_6157, v0x5a202581c200_6158;
v0x5a202581c200_6159 .array/port v0x5a202581c200, 6159;
v0x5a202581c200_6160 .array/port v0x5a202581c200, 6160;
v0x5a202581c200_6161 .array/port v0x5a202581c200, 6161;
v0x5a202581c200_6162 .array/port v0x5a202581c200, 6162;
E_0x5a20257c6530/1540 .event anyedge, v0x5a202581c200_6159, v0x5a202581c200_6160, v0x5a202581c200_6161, v0x5a202581c200_6162;
v0x5a202581c200_6163 .array/port v0x5a202581c200, 6163;
v0x5a202581c200_6164 .array/port v0x5a202581c200, 6164;
v0x5a202581c200_6165 .array/port v0x5a202581c200, 6165;
v0x5a202581c200_6166 .array/port v0x5a202581c200, 6166;
E_0x5a20257c6530/1541 .event anyedge, v0x5a202581c200_6163, v0x5a202581c200_6164, v0x5a202581c200_6165, v0x5a202581c200_6166;
v0x5a202581c200_6167 .array/port v0x5a202581c200, 6167;
v0x5a202581c200_6168 .array/port v0x5a202581c200, 6168;
v0x5a202581c200_6169 .array/port v0x5a202581c200, 6169;
v0x5a202581c200_6170 .array/port v0x5a202581c200, 6170;
E_0x5a20257c6530/1542 .event anyedge, v0x5a202581c200_6167, v0x5a202581c200_6168, v0x5a202581c200_6169, v0x5a202581c200_6170;
v0x5a202581c200_6171 .array/port v0x5a202581c200, 6171;
v0x5a202581c200_6172 .array/port v0x5a202581c200, 6172;
v0x5a202581c200_6173 .array/port v0x5a202581c200, 6173;
v0x5a202581c200_6174 .array/port v0x5a202581c200, 6174;
E_0x5a20257c6530/1543 .event anyedge, v0x5a202581c200_6171, v0x5a202581c200_6172, v0x5a202581c200_6173, v0x5a202581c200_6174;
v0x5a202581c200_6175 .array/port v0x5a202581c200, 6175;
v0x5a202581c200_6176 .array/port v0x5a202581c200, 6176;
v0x5a202581c200_6177 .array/port v0x5a202581c200, 6177;
v0x5a202581c200_6178 .array/port v0x5a202581c200, 6178;
E_0x5a20257c6530/1544 .event anyedge, v0x5a202581c200_6175, v0x5a202581c200_6176, v0x5a202581c200_6177, v0x5a202581c200_6178;
v0x5a202581c200_6179 .array/port v0x5a202581c200, 6179;
v0x5a202581c200_6180 .array/port v0x5a202581c200, 6180;
v0x5a202581c200_6181 .array/port v0x5a202581c200, 6181;
v0x5a202581c200_6182 .array/port v0x5a202581c200, 6182;
E_0x5a20257c6530/1545 .event anyedge, v0x5a202581c200_6179, v0x5a202581c200_6180, v0x5a202581c200_6181, v0x5a202581c200_6182;
v0x5a202581c200_6183 .array/port v0x5a202581c200, 6183;
v0x5a202581c200_6184 .array/port v0x5a202581c200, 6184;
v0x5a202581c200_6185 .array/port v0x5a202581c200, 6185;
v0x5a202581c200_6186 .array/port v0x5a202581c200, 6186;
E_0x5a20257c6530/1546 .event anyedge, v0x5a202581c200_6183, v0x5a202581c200_6184, v0x5a202581c200_6185, v0x5a202581c200_6186;
v0x5a202581c200_6187 .array/port v0x5a202581c200, 6187;
v0x5a202581c200_6188 .array/port v0x5a202581c200, 6188;
v0x5a202581c200_6189 .array/port v0x5a202581c200, 6189;
v0x5a202581c200_6190 .array/port v0x5a202581c200, 6190;
E_0x5a20257c6530/1547 .event anyedge, v0x5a202581c200_6187, v0x5a202581c200_6188, v0x5a202581c200_6189, v0x5a202581c200_6190;
v0x5a202581c200_6191 .array/port v0x5a202581c200, 6191;
v0x5a202581c200_6192 .array/port v0x5a202581c200, 6192;
v0x5a202581c200_6193 .array/port v0x5a202581c200, 6193;
v0x5a202581c200_6194 .array/port v0x5a202581c200, 6194;
E_0x5a20257c6530/1548 .event anyedge, v0x5a202581c200_6191, v0x5a202581c200_6192, v0x5a202581c200_6193, v0x5a202581c200_6194;
v0x5a202581c200_6195 .array/port v0x5a202581c200, 6195;
v0x5a202581c200_6196 .array/port v0x5a202581c200, 6196;
v0x5a202581c200_6197 .array/port v0x5a202581c200, 6197;
v0x5a202581c200_6198 .array/port v0x5a202581c200, 6198;
E_0x5a20257c6530/1549 .event anyedge, v0x5a202581c200_6195, v0x5a202581c200_6196, v0x5a202581c200_6197, v0x5a202581c200_6198;
v0x5a202581c200_6199 .array/port v0x5a202581c200, 6199;
v0x5a202581c200_6200 .array/port v0x5a202581c200, 6200;
v0x5a202581c200_6201 .array/port v0x5a202581c200, 6201;
v0x5a202581c200_6202 .array/port v0x5a202581c200, 6202;
E_0x5a20257c6530/1550 .event anyedge, v0x5a202581c200_6199, v0x5a202581c200_6200, v0x5a202581c200_6201, v0x5a202581c200_6202;
v0x5a202581c200_6203 .array/port v0x5a202581c200, 6203;
v0x5a202581c200_6204 .array/port v0x5a202581c200, 6204;
v0x5a202581c200_6205 .array/port v0x5a202581c200, 6205;
v0x5a202581c200_6206 .array/port v0x5a202581c200, 6206;
E_0x5a20257c6530/1551 .event anyedge, v0x5a202581c200_6203, v0x5a202581c200_6204, v0x5a202581c200_6205, v0x5a202581c200_6206;
v0x5a202581c200_6207 .array/port v0x5a202581c200, 6207;
v0x5a202581c200_6208 .array/port v0x5a202581c200, 6208;
v0x5a202581c200_6209 .array/port v0x5a202581c200, 6209;
v0x5a202581c200_6210 .array/port v0x5a202581c200, 6210;
E_0x5a20257c6530/1552 .event anyedge, v0x5a202581c200_6207, v0x5a202581c200_6208, v0x5a202581c200_6209, v0x5a202581c200_6210;
v0x5a202581c200_6211 .array/port v0x5a202581c200, 6211;
v0x5a202581c200_6212 .array/port v0x5a202581c200, 6212;
v0x5a202581c200_6213 .array/port v0x5a202581c200, 6213;
v0x5a202581c200_6214 .array/port v0x5a202581c200, 6214;
E_0x5a20257c6530/1553 .event anyedge, v0x5a202581c200_6211, v0x5a202581c200_6212, v0x5a202581c200_6213, v0x5a202581c200_6214;
v0x5a202581c200_6215 .array/port v0x5a202581c200, 6215;
v0x5a202581c200_6216 .array/port v0x5a202581c200, 6216;
v0x5a202581c200_6217 .array/port v0x5a202581c200, 6217;
v0x5a202581c200_6218 .array/port v0x5a202581c200, 6218;
E_0x5a20257c6530/1554 .event anyedge, v0x5a202581c200_6215, v0x5a202581c200_6216, v0x5a202581c200_6217, v0x5a202581c200_6218;
v0x5a202581c200_6219 .array/port v0x5a202581c200, 6219;
v0x5a202581c200_6220 .array/port v0x5a202581c200, 6220;
v0x5a202581c200_6221 .array/port v0x5a202581c200, 6221;
v0x5a202581c200_6222 .array/port v0x5a202581c200, 6222;
E_0x5a20257c6530/1555 .event anyedge, v0x5a202581c200_6219, v0x5a202581c200_6220, v0x5a202581c200_6221, v0x5a202581c200_6222;
v0x5a202581c200_6223 .array/port v0x5a202581c200, 6223;
v0x5a202581c200_6224 .array/port v0x5a202581c200, 6224;
v0x5a202581c200_6225 .array/port v0x5a202581c200, 6225;
v0x5a202581c200_6226 .array/port v0x5a202581c200, 6226;
E_0x5a20257c6530/1556 .event anyedge, v0x5a202581c200_6223, v0x5a202581c200_6224, v0x5a202581c200_6225, v0x5a202581c200_6226;
v0x5a202581c200_6227 .array/port v0x5a202581c200, 6227;
v0x5a202581c200_6228 .array/port v0x5a202581c200, 6228;
v0x5a202581c200_6229 .array/port v0x5a202581c200, 6229;
v0x5a202581c200_6230 .array/port v0x5a202581c200, 6230;
E_0x5a20257c6530/1557 .event anyedge, v0x5a202581c200_6227, v0x5a202581c200_6228, v0x5a202581c200_6229, v0x5a202581c200_6230;
v0x5a202581c200_6231 .array/port v0x5a202581c200, 6231;
v0x5a202581c200_6232 .array/port v0x5a202581c200, 6232;
v0x5a202581c200_6233 .array/port v0x5a202581c200, 6233;
v0x5a202581c200_6234 .array/port v0x5a202581c200, 6234;
E_0x5a20257c6530/1558 .event anyedge, v0x5a202581c200_6231, v0x5a202581c200_6232, v0x5a202581c200_6233, v0x5a202581c200_6234;
v0x5a202581c200_6235 .array/port v0x5a202581c200, 6235;
v0x5a202581c200_6236 .array/port v0x5a202581c200, 6236;
v0x5a202581c200_6237 .array/port v0x5a202581c200, 6237;
v0x5a202581c200_6238 .array/port v0x5a202581c200, 6238;
E_0x5a20257c6530/1559 .event anyedge, v0x5a202581c200_6235, v0x5a202581c200_6236, v0x5a202581c200_6237, v0x5a202581c200_6238;
v0x5a202581c200_6239 .array/port v0x5a202581c200, 6239;
v0x5a202581c200_6240 .array/port v0x5a202581c200, 6240;
v0x5a202581c200_6241 .array/port v0x5a202581c200, 6241;
v0x5a202581c200_6242 .array/port v0x5a202581c200, 6242;
E_0x5a20257c6530/1560 .event anyedge, v0x5a202581c200_6239, v0x5a202581c200_6240, v0x5a202581c200_6241, v0x5a202581c200_6242;
v0x5a202581c200_6243 .array/port v0x5a202581c200, 6243;
v0x5a202581c200_6244 .array/port v0x5a202581c200, 6244;
v0x5a202581c200_6245 .array/port v0x5a202581c200, 6245;
v0x5a202581c200_6246 .array/port v0x5a202581c200, 6246;
E_0x5a20257c6530/1561 .event anyedge, v0x5a202581c200_6243, v0x5a202581c200_6244, v0x5a202581c200_6245, v0x5a202581c200_6246;
v0x5a202581c200_6247 .array/port v0x5a202581c200, 6247;
v0x5a202581c200_6248 .array/port v0x5a202581c200, 6248;
v0x5a202581c200_6249 .array/port v0x5a202581c200, 6249;
v0x5a202581c200_6250 .array/port v0x5a202581c200, 6250;
E_0x5a20257c6530/1562 .event anyedge, v0x5a202581c200_6247, v0x5a202581c200_6248, v0x5a202581c200_6249, v0x5a202581c200_6250;
v0x5a202581c200_6251 .array/port v0x5a202581c200, 6251;
v0x5a202581c200_6252 .array/port v0x5a202581c200, 6252;
v0x5a202581c200_6253 .array/port v0x5a202581c200, 6253;
v0x5a202581c200_6254 .array/port v0x5a202581c200, 6254;
E_0x5a20257c6530/1563 .event anyedge, v0x5a202581c200_6251, v0x5a202581c200_6252, v0x5a202581c200_6253, v0x5a202581c200_6254;
v0x5a202581c200_6255 .array/port v0x5a202581c200, 6255;
v0x5a202581c200_6256 .array/port v0x5a202581c200, 6256;
v0x5a202581c200_6257 .array/port v0x5a202581c200, 6257;
v0x5a202581c200_6258 .array/port v0x5a202581c200, 6258;
E_0x5a20257c6530/1564 .event anyedge, v0x5a202581c200_6255, v0x5a202581c200_6256, v0x5a202581c200_6257, v0x5a202581c200_6258;
v0x5a202581c200_6259 .array/port v0x5a202581c200, 6259;
v0x5a202581c200_6260 .array/port v0x5a202581c200, 6260;
v0x5a202581c200_6261 .array/port v0x5a202581c200, 6261;
v0x5a202581c200_6262 .array/port v0x5a202581c200, 6262;
E_0x5a20257c6530/1565 .event anyedge, v0x5a202581c200_6259, v0x5a202581c200_6260, v0x5a202581c200_6261, v0x5a202581c200_6262;
v0x5a202581c200_6263 .array/port v0x5a202581c200, 6263;
v0x5a202581c200_6264 .array/port v0x5a202581c200, 6264;
v0x5a202581c200_6265 .array/port v0x5a202581c200, 6265;
v0x5a202581c200_6266 .array/port v0x5a202581c200, 6266;
E_0x5a20257c6530/1566 .event anyedge, v0x5a202581c200_6263, v0x5a202581c200_6264, v0x5a202581c200_6265, v0x5a202581c200_6266;
v0x5a202581c200_6267 .array/port v0x5a202581c200, 6267;
v0x5a202581c200_6268 .array/port v0x5a202581c200, 6268;
v0x5a202581c200_6269 .array/port v0x5a202581c200, 6269;
v0x5a202581c200_6270 .array/port v0x5a202581c200, 6270;
E_0x5a20257c6530/1567 .event anyedge, v0x5a202581c200_6267, v0x5a202581c200_6268, v0x5a202581c200_6269, v0x5a202581c200_6270;
v0x5a202581c200_6271 .array/port v0x5a202581c200, 6271;
v0x5a202581c200_6272 .array/port v0x5a202581c200, 6272;
v0x5a202581c200_6273 .array/port v0x5a202581c200, 6273;
v0x5a202581c200_6274 .array/port v0x5a202581c200, 6274;
E_0x5a20257c6530/1568 .event anyedge, v0x5a202581c200_6271, v0x5a202581c200_6272, v0x5a202581c200_6273, v0x5a202581c200_6274;
v0x5a202581c200_6275 .array/port v0x5a202581c200, 6275;
v0x5a202581c200_6276 .array/port v0x5a202581c200, 6276;
v0x5a202581c200_6277 .array/port v0x5a202581c200, 6277;
v0x5a202581c200_6278 .array/port v0x5a202581c200, 6278;
E_0x5a20257c6530/1569 .event anyedge, v0x5a202581c200_6275, v0x5a202581c200_6276, v0x5a202581c200_6277, v0x5a202581c200_6278;
v0x5a202581c200_6279 .array/port v0x5a202581c200, 6279;
v0x5a202581c200_6280 .array/port v0x5a202581c200, 6280;
v0x5a202581c200_6281 .array/port v0x5a202581c200, 6281;
v0x5a202581c200_6282 .array/port v0x5a202581c200, 6282;
E_0x5a20257c6530/1570 .event anyedge, v0x5a202581c200_6279, v0x5a202581c200_6280, v0x5a202581c200_6281, v0x5a202581c200_6282;
v0x5a202581c200_6283 .array/port v0x5a202581c200, 6283;
v0x5a202581c200_6284 .array/port v0x5a202581c200, 6284;
v0x5a202581c200_6285 .array/port v0x5a202581c200, 6285;
v0x5a202581c200_6286 .array/port v0x5a202581c200, 6286;
E_0x5a20257c6530/1571 .event anyedge, v0x5a202581c200_6283, v0x5a202581c200_6284, v0x5a202581c200_6285, v0x5a202581c200_6286;
v0x5a202581c200_6287 .array/port v0x5a202581c200, 6287;
v0x5a202581c200_6288 .array/port v0x5a202581c200, 6288;
v0x5a202581c200_6289 .array/port v0x5a202581c200, 6289;
v0x5a202581c200_6290 .array/port v0x5a202581c200, 6290;
E_0x5a20257c6530/1572 .event anyedge, v0x5a202581c200_6287, v0x5a202581c200_6288, v0x5a202581c200_6289, v0x5a202581c200_6290;
v0x5a202581c200_6291 .array/port v0x5a202581c200, 6291;
v0x5a202581c200_6292 .array/port v0x5a202581c200, 6292;
v0x5a202581c200_6293 .array/port v0x5a202581c200, 6293;
v0x5a202581c200_6294 .array/port v0x5a202581c200, 6294;
E_0x5a20257c6530/1573 .event anyedge, v0x5a202581c200_6291, v0x5a202581c200_6292, v0x5a202581c200_6293, v0x5a202581c200_6294;
v0x5a202581c200_6295 .array/port v0x5a202581c200, 6295;
v0x5a202581c200_6296 .array/port v0x5a202581c200, 6296;
v0x5a202581c200_6297 .array/port v0x5a202581c200, 6297;
v0x5a202581c200_6298 .array/port v0x5a202581c200, 6298;
E_0x5a20257c6530/1574 .event anyedge, v0x5a202581c200_6295, v0x5a202581c200_6296, v0x5a202581c200_6297, v0x5a202581c200_6298;
v0x5a202581c200_6299 .array/port v0x5a202581c200, 6299;
v0x5a202581c200_6300 .array/port v0x5a202581c200, 6300;
v0x5a202581c200_6301 .array/port v0x5a202581c200, 6301;
v0x5a202581c200_6302 .array/port v0x5a202581c200, 6302;
E_0x5a20257c6530/1575 .event anyedge, v0x5a202581c200_6299, v0x5a202581c200_6300, v0x5a202581c200_6301, v0x5a202581c200_6302;
v0x5a202581c200_6303 .array/port v0x5a202581c200, 6303;
v0x5a202581c200_6304 .array/port v0x5a202581c200, 6304;
v0x5a202581c200_6305 .array/port v0x5a202581c200, 6305;
v0x5a202581c200_6306 .array/port v0x5a202581c200, 6306;
E_0x5a20257c6530/1576 .event anyedge, v0x5a202581c200_6303, v0x5a202581c200_6304, v0x5a202581c200_6305, v0x5a202581c200_6306;
v0x5a202581c200_6307 .array/port v0x5a202581c200, 6307;
v0x5a202581c200_6308 .array/port v0x5a202581c200, 6308;
v0x5a202581c200_6309 .array/port v0x5a202581c200, 6309;
v0x5a202581c200_6310 .array/port v0x5a202581c200, 6310;
E_0x5a20257c6530/1577 .event anyedge, v0x5a202581c200_6307, v0x5a202581c200_6308, v0x5a202581c200_6309, v0x5a202581c200_6310;
v0x5a202581c200_6311 .array/port v0x5a202581c200, 6311;
v0x5a202581c200_6312 .array/port v0x5a202581c200, 6312;
v0x5a202581c200_6313 .array/port v0x5a202581c200, 6313;
v0x5a202581c200_6314 .array/port v0x5a202581c200, 6314;
E_0x5a20257c6530/1578 .event anyedge, v0x5a202581c200_6311, v0x5a202581c200_6312, v0x5a202581c200_6313, v0x5a202581c200_6314;
v0x5a202581c200_6315 .array/port v0x5a202581c200, 6315;
v0x5a202581c200_6316 .array/port v0x5a202581c200, 6316;
v0x5a202581c200_6317 .array/port v0x5a202581c200, 6317;
v0x5a202581c200_6318 .array/port v0x5a202581c200, 6318;
E_0x5a20257c6530/1579 .event anyedge, v0x5a202581c200_6315, v0x5a202581c200_6316, v0x5a202581c200_6317, v0x5a202581c200_6318;
v0x5a202581c200_6319 .array/port v0x5a202581c200, 6319;
v0x5a202581c200_6320 .array/port v0x5a202581c200, 6320;
v0x5a202581c200_6321 .array/port v0x5a202581c200, 6321;
v0x5a202581c200_6322 .array/port v0x5a202581c200, 6322;
E_0x5a20257c6530/1580 .event anyedge, v0x5a202581c200_6319, v0x5a202581c200_6320, v0x5a202581c200_6321, v0x5a202581c200_6322;
v0x5a202581c200_6323 .array/port v0x5a202581c200, 6323;
v0x5a202581c200_6324 .array/port v0x5a202581c200, 6324;
v0x5a202581c200_6325 .array/port v0x5a202581c200, 6325;
v0x5a202581c200_6326 .array/port v0x5a202581c200, 6326;
E_0x5a20257c6530/1581 .event anyedge, v0x5a202581c200_6323, v0x5a202581c200_6324, v0x5a202581c200_6325, v0x5a202581c200_6326;
v0x5a202581c200_6327 .array/port v0x5a202581c200, 6327;
v0x5a202581c200_6328 .array/port v0x5a202581c200, 6328;
v0x5a202581c200_6329 .array/port v0x5a202581c200, 6329;
v0x5a202581c200_6330 .array/port v0x5a202581c200, 6330;
E_0x5a20257c6530/1582 .event anyedge, v0x5a202581c200_6327, v0x5a202581c200_6328, v0x5a202581c200_6329, v0x5a202581c200_6330;
v0x5a202581c200_6331 .array/port v0x5a202581c200, 6331;
v0x5a202581c200_6332 .array/port v0x5a202581c200, 6332;
v0x5a202581c200_6333 .array/port v0x5a202581c200, 6333;
v0x5a202581c200_6334 .array/port v0x5a202581c200, 6334;
E_0x5a20257c6530/1583 .event anyedge, v0x5a202581c200_6331, v0x5a202581c200_6332, v0x5a202581c200_6333, v0x5a202581c200_6334;
v0x5a202581c200_6335 .array/port v0x5a202581c200, 6335;
v0x5a202581c200_6336 .array/port v0x5a202581c200, 6336;
v0x5a202581c200_6337 .array/port v0x5a202581c200, 6337;
v0x5a202581c200_6338 .array/port v0x5a202581c200, 6338;
E_0x5a20257c6530/1584 .event anyedge, v0x5a202581c200_6335, v0x5a202581c200_6336, v0x5a202581c200_6337, v0x5a202581c200_6338;
v0x5a202581c200_6339 .array/port v0x5a202581c200, 6339;
v0x5a202581c200_6340 .array/port v0x5a202581c200, 6340;
v0x5a202581c200_6341 .array/port v0x5a202581c200, 6341;
v0x5a202581c200_6342 .array/port v0x5a202581c200, 6342;
E_0x5a20257c6530/1585 .event anyedge, v0x5a202581c200_6339, v0x5a202581c200_6340, v0x5a202581c200_6341, v0x5a202581c200_6342;
v0x5a202581c200_6343 .array/port v0x5a202581c200, 6343;
v0x5a202581c200_6344 .array/port v0x5a202581c200, 6344;
v0x5a202581c200_6345 .array/port v0x5a202581c200, 6345;
v0x5a202581c200_6346 .array/port v0x5a202581c200, 6346;
E_0x5a20257c6530/1586 .event anyedge, v0x5a202581c200_6343, v0x5a202581c200_6344, v0x5a202581c200_6345, v0x5a202581c200_6346;
v0x5a202581c200_6347 .array/port v0x5a202581c200, 6347;
v0x5a202581c200_6348 .array/port v0x5a202581c200, 6348;
v0x5a202581c200_6349 .array/port v0x5a202581c200, 6349;
v0x5a202581c200_6350 .array/port v0x5a202581c200, 6350;
E_0x5a20257c6530/1587 .event anyedge, v0x5a202581c200_6347, v0x5a202581c200_6348, v0x5a202581c200_6349, v0x5a202581c200_6350;
v0x5a202581c200_6351 .array/port v0x5a202581c200, 6351;
v0x5a202581c200_6352 .array/port v0x5a202581c200, 6352;
v0x5a202581c200_6353 .array/port v0x5a202581c200, 6353;
v0x5a202581c200_6354 .array/port v0x5a202581c200, 6354;
E_0x5a20257c6530/1588 .event anyedge, v0x5a202581c200_6351, v0x5a202581c200_6352, v0x5a202581c200_6353, v0x5a202581c200_6354;
v0x5a202581c200_6355 .array/port v0x5a202581c200, 6355;
v0x5a202581c200_6356 .array/port v0x5a202581c200, 6356;
v0x5a202581c200_6357 .array/port v0x5a202581c200, 6357;
v0x5a202581c200_6358 .array/port v0x5a202581c200, 6358;
E_0x5a20257c6530/1589 .event anyedge, v0x5a202581c200_6355, v0x5a202581c200_6356, v0x5a202581c200_6357, v0x5a202581c200_6358;
v0x5a202581c200_6359 .array/port v0x5a202581c200, 6359;
v0x5a202581c200_6360 .array/port v0x5a202581c200, 6360;
v0x5a202581c200_6361 .array/port v0x5a202581c200, 6361;
v0x5a202581c200_6362 .array/port v0x5a202581c200, 6362;
E_0x5a20257c6530/1590 .event anyedge, v0x5a202581c200_6359, v0x5a202581c200_6360, v0x5a202581c200_6361, v0x5a202581c200_6362;
v0x5a202581c200_6363 .array/port v0x5a202581c200, 6363;
v0x5a202581c200_6364 .array/port v0x5a202581c200, 6364;
v0x5a202581c200_6365 .array/port v0x5a202581c200, 6365;
v0x5a202581c200_6366 .array/port v0x5a202581c200, 6366;
E_0x5a20257c6530/1591 .event anyedge, v0x5a202581c200_6363, v0x5a202581c200_6364, v0x5a202581c200_6365, v0x5a202581c200_6366;
v0x5a202581c200_6367 .array/port v0x5a202581c200, 6367;
v0x5a202581c200_6368 .array/port v0x5a202581c200, 6368;
v0x5a202581c200_6369 .array/port v0x5a202581c200, 6369;
v0x5a202581c200_6370 .array/port v0x5a202581c200, 6370;
E_0x5a20257c6530/1592 .event anyedge, v0x5a202581c200_6367, v0x5a202581c200_6368, v0x5a202581c200_6369, v0x5a202581c200_6370;
v0x5a202581c200_6371 .array/port v0x5a202581c200, 6371;
v0x5a202581c200_6372 .array/port v0x5a202581c200, 6372;
v0x5a202581c200_6373 .array/port v0x5a202581c200, 6373;
v0x5a202581c200_6374 .array/port v0x5a202581c200, 6374;
E_0x5a20257c6530/1593 .event anyedge, v0x5a202581c200_6371, v0x5a202581c200_6372, v0x5a202581c200_6373, v0x5a202581c200_6374;
v0x5a202581c200_6375 .array/port v0x5a202581c200, 6375;
v0x5a202581c200_6376 .array/port v0x5a202581c200, 6376;
v0x5a202581c200_6377 .array/port v0x5a202581c200, 6377;
v0x5a202581c200_6378 .array/port v0x5a202581c200, 6378;
E_0x5a20257c6530/1594 .event anyedge, v0x5a202581c200_6375, v0x5a202581c200_6376, v0x5a202581c200_6377, v0x5a202581c200_6378;
v0x5a202581c200_6379 .array/port v0x5a202581c200, 6379;
v0x5a202581c200_6380 .array/port v0x5a202581c200, 6380;
v0x5a202581c200_6381 .array/port v0x5a202581c200, 6381;
v0x5a202581c200_6382 .array/port v0x5a202581c200, 6382;
E_0x5a20257c6530/1595 .event anyedge, v0x5a202581c200_6379, v0x5a202581c200_6380, v0x5a202581c200_6381, v0x5a202581c200_6382;
v0x5a202581c200_6383 .array/port v0x5a202581c200, 6383;
v0x5a202581c200_6384 .array/port v0x5a202581c200, 6384;
v0x5a202581c200_6385 .array/port v0x5a202581c200, 6385;
v0x5a202581c200_6386 .array/port v0x5a202581c200, 6386;
E_0x5a20257c6530/1596 .event anyedge, v0x5a202581c200_6383, v0x5a202581c200_6384, v0x5a202581c200_6385, v0x5a202581c200_6386;
v0x5a202581c200_6387 .array/port v0x5a202581c200, 6387;
v0x5a202581c200_6388 .array/port v0x5a202581c200, 6388;
v0x5a202581c200_6389 .array/port v0x5a202581c200, 6389;
v0x5a202581c200_6390 .array/port v0x5a202581c200, 6390;
E_0x5a20257c6530/1597 .event anyedge, v0x5a202581c200_6387, v0x5a202581c200_6388, v0x5a202581c200_6389, v0x5a202581c200_6390;
v0x5a202581c200_6391 .array/port v0x5a202581c200, 6391;
v0x5a202581c200_6392 .array/port v0x5a202581c200, 6392;
v0x5a202581c200_6393 .array/port v0x5a202581c200, 6393;
v0x5a202581c200_6394 .array/port v0x5a202581c200, 6394;
E_0x5a20257c6530/1598 .event anyedge, v0x5a202581c200_6391, v0x5a202581c200_6392, v0x5a202581c200_6393, v0x5a202581c200_6394;
v0x5a202581c200_6395 .array/port v0x5a202581c200, 6395;
v0x5a202581c200_6396 .array/port v0x5a202581c200, 6396;
v0x5a202581c200_6397 .array/port v0x5a202581c200, 6397;
v0x5a202581c200_6398 .array/port v0x5a202581c200, 6398;
E_0x5a20257c6530/1599 .event anyedge, v0x5a202581c200_6395, v0x5a202581c200_6396, v0x5a202581c200_6397, v0x5a202581c200_6398;
v0x5a202581c200_6399 .array/port v0x5a202581c200, 6399;
v0x5a202581c200_6400 .array/port v0x5a202581c200, 6400;
v0x5a202581c200_6401 .array/port v0x5a202581c200, 6401;
v0x5a202581c200_6402 .array/port v0x5a202581c200, 6402;
E_0x5a20257c6530/1600 .event anyedge, v0x5a202581c200_6399, v0x5a202581c200_6400, v0x5a202581c200_6401, v0x5a202581c200_6402;
v0x5a202581c200_6403 .array/port v0x5a202581c200, 6403;
v0x5a202581c200_6404 .array/port v0x5a202581c200, 6404;
v0x5a202581c200_6405 .array/port v0x5a202581c200, 6405;
v0x5a202581c200_6406 .array/port v0x5a202581c200, 6406;
E_0x5a20257c6530/1601 .event anyedge, v0x5a202581c200_6403, v0x5a202581c200_6404, v0x5a202581c200_6405, v0x5a202581c200_6406;
v0x5a202581c200_6407 .array/port v0x5a202581c200, 6407;
v0x5a202581c200_6408 .array/port v0x5a202581c200, 6408;
v0x5a202581c200_6409 .array/port v0x5a202581c200, 6409;
v0x5a202581c200_6410 .array/port v0x5a202581c200, 6410;
E_0x5a20257c6530/1602 .event anyedge, v0x5a202581c200_6407, v0x5a202581c200_6408, v0x5a202581c200_6409, v0x5a202581c200_6410;
v0x5a202581c200_6411 .array/port v0x5a202581c200, 6411;
v0x5a202581c200_6412 .array/port v0x5a202581c200, 6412;
v0x5a202581c200_6413 .array/port v0x5a202581c200, 6413;
v0x5a202581c200_6414 .array/port v0x5a202581c200, 6414;
E_0x5a20257c6530/1603 .event anyedge, v0x5a202581c200_6411, v0x5a202581c200_6412, v0x5a202581c200_6413, v0x5a202581c200_6414;
v0x5a202581c200_6415 .array/port v0x5a202581c200, 6415;
v0x5a202581c200_6416 .array/port v0x5a202581c200, 6416;
v0x5a202581c200_6417 .array/port v0x5a202581c200, 6417;
v0x5a202581c200_6418 .array/port v0x5a202581c200, 6418;
E_0x5a20257c6530/1604 .event anyedge, v0x5a202581c200_6415, v0x5a202581c200_6416, v0x5a202581c200_6417, v0x5a202581c200_6418;
v0x5a202581c200_6419 .array/port v0x5a202581c200, 6419;
v0x5a202581c200_6420 .array/port v0x5a202581c200, 6420;
v0x5a202581c200_6421 .array/port v0x5a202581c200, 6421;
v0x5a202581c200_6422 .array/port v0x5a202581c200, 6422;
E_0x5a20257c6530/1605 .event anyedge, v0x5a202581c200_6419, v0x5a202581c200_6420, v0x5a202581c200_6421, v0x5a202581c200_6422;
v0x5a202581c200_6423 .array/port v0x5a202581c200, 6423;
v0x5a202581c200_6424 .array/port v0x5a202581c200, 6424;
v0x5a202581c200_6425 .array/port v0x5a202581c200, 6425;
v0x5a202581c200_6426 .array/port v0x5a202581c200, 6426;
E_0x5a20257c6530/1606 .event anyedge, v0x5a202581c200_6423, v0x5a202581c200_6424, v0x5a202581c200_6425, v0x5a202581c200_6426;
v0x5a202581c200_6427 .array/port v0x5a202581c200, 6427;
v0x5a202581c200_6428 .array/port v0x5a202581c200, 6428;
v0x5a202581c200_6429 .array/port v0x5a202581c200, 6429;
v0x5a202581c200_6430 .array/port v0x5a202581c200, 6430;
E_0x5a20257c6530/1607 .event anyedge, v0x5a202581c200_6427, v0x5a202581c200_6428, v0x5a202581c200_6429, v0x5a202581c200_6430;
v0x5a202581c200_6431 .array/port v0x5a202581c200, 6431;
v0x5a202581c200_6432 .array/port v0x5a202581c200, 6432;
v0x5a202581c200_6433 .array/port v0x5a202581c200, 6433;
v0x5a202581c200_6434 .array/port v0x5a202581c200, 6434;
E_0x5a20257c6530/1608 .event anyedge, v0x5a202581c200_6431, v0x5a202581c200_6432, v0x5a202581c200_6433, v0x5a202581c200_6434;
v0x5a202581c200_6435 .array/port v0x5a202581c200, 6435;
v0x5a202581c200_6436 .array/port v0x5a202581c200, 6436;
v0x5a202581c200_6437 .array/port v0x5a202581c200, 6437;
v0x5a202581c200_6438 .array/port v0x5a202581c200, 6438;
E_0x5a20257c6530/1609 .event anyedge, v0x5a202581c200_6435, v0x5a202581c200_6436, v0x5a202581c200_6437, v0x5a202581c200_6438;
v0x5a202581c200_6439 .array/port v0x5a202581c200, 6439;
v0x5a202581c200_6440 .array/port v0x5a202581c200, 6440;
v0x5a202581c200_6441 .array/port v0x5a202581c200, 6441;
v0x5a202581c200_6442 .array/port v0x5a202581c200, 6442;
E_0x5a20257c6530/1610 .event anyedge, v0x5a202581c200_6439, v0x5a202581c200_6440, v0x5a202581c200_6441, v0x5a202581c200_6442;
v0x5a202581c200_6443 .array/port v0x5a202581c200, 6443;
v0x5a202581c200_6444 .array/port v0x5a202581c200, 6444;
v0x5a202581c200_6445 .array/port v0x5a202581c200, 6445;
v0x5a202581c200_6446 .array/port v0x5a202581c200, 6446;
E_0x5a20257c6530/1611 .event anyedge, v0x5a202581c200_6443, v0x5a202581c200_6444, v0x5a202581c200_6445, v0x5a202581c200_6446;
v0x5a202581c200_6447 .array/port v0x5a202581c200, 6447;
v0x5a202581c200_6448 .array/port v0x5a202581c200, 6448;
v0x5a202581c200_6449 .array/port v0x5a202581c200, 6449;
v0x5a202581c200_6450 .array/port v0x5a202581c200, 6450;
E_0x5a20257c6530/1612 .event anyedge, v0x5a202581c200_6447, v0x5a202581c200_6448, v0x5a202581c200_6449, v0x5a202581c200_6450;
v0x5a202581c200_6451 .array/port v0x5a202581c200, 6451;
v0x5a202581c200_6452 .array/port v0x5a202581c200, 6452;
v0x5a202581c200_6453 .array/port v0x5a202581c200, 6453;
v0x5a202581c200_6454 .array/port v0x5a202581c200, 6454;
E_0x5a20257c6530/1613 .event anyedge, v0x5a202581c200_6451, v0x5a202581c200_6452, v0x5a202581c200_6453, v0x5a202581c200_6454;
v0x5a202581c200_6455 .array/port v0x5a202581c200, 6455;
v0x5a202581c200_6456 .array/port v0x5a202581c200, 6456;
v0x5a202581c200_6457 .array/port v0x5a202581c200, 6457;
v0x5a202581c200_6458 .array/port v0x5a202581c200, 6458;
E_0x5a20257c6530/1614 .event anyedge, v0x5a202581c200_6455, v0x5a202581c200_6456, v0x5a202581c200_6457, v0x5a202581c200_6458;
v0x5a202581c200_6459 .array/port v0x5a202581c200, 6459;
v0x5a202581c200_6460 .array/port v0x5a202581c200, 6460;
v0x5a202581c200_6461 .array/port v0x5a202581c200, 6461;
v0x5a202581c200_6462 .array/port v0x5a202581c200, 6462;
E_0x5a20257c6530/1615 .event anyedge, v0x5a202581c200_6459, v0x5a202581c200_6460, v0x5a202581c200_6461, v0x5a202581c200_6462;
v0x5a202581c200_6463 .array/port v0x5a202581c200, 6463;
v0x5a202581c200_6464 .array/port v0x5a202581c200, 6464;
v0x5a202581c200_6465 .array/port v0x5a202581c200, 6465;
v0x5a202581c200_6466 .array/port v0x5a202581c200, 6466;
E_0x5a20257c6530/1616 .event anyedge, v0x5a202581c200_6463, v0x5a202581c200_6464, v0x5a202581c200_6465, v0x5a202581c200_6466;
v0x5a202581c200_6467 .array/port v0x5a202581c200, 6467;
v0x5a202581c200_6468 .array/port v0x5a202581c200, 6468;
v0x5a202581c200_6469 .array/port v0x5a202581c200, 6469;
v0x5a202581c200_6470 .array/port v0x5a202581c200, 6470;
E_0x5a20257c6530/1617 .event anyedge, v0x5a202581c200_6467, v0x5a202581c200_6468, v0x5a202581c200_6469, v0x5a202581c200_6470;
v0x5a202581c200_6471 .array/port v0x5a202581c200, 6471;
v0x5a202581c200_6472 .array/port v0x5a202581c200, 6472;
v0x5a202581c200_6473 .array/port v0x5a202581c200, 6473;
v0x5a202581c200_6474 .array/port v0x5a202581c200, 6474;
E_0x5a20257c6530/1618 .event anyedge, v0x5a202581c200_6471, v0x5a202581c200_6472, v0x5a202581c200_6473, v0x5a202581c200_6474;
v0x5a202581c200_6475 .array/port v0x5a202581c200, 6475;
v0x5a202581c200_6476 .array/port v0x5a202581c200, 6476;
v0x5a202581c200_6477 .array/port v0x5a202581c200, 6477;
v0x5a202581c200_6478 .array/port v0x5a202581c200, 6478;
E_0x5a20257c6530/1619 .event anyedge, v0x5a202581c200_6475, v0x5a202581c200_6476, v0x5a202581c200_6477, v0x5a202581c200_6478;
v0x5a202581c200_6479 .array/port v0x5a202581c200, 6479;
v0x5a202581c200_6480 .array/port v0x5a202581c200, 6480;
v0x5a202581c200_6481 .array/port v0x5a202581c200, 6481;
v0x5a202581c200_6482 .array/port v0x5a202581c200, 6482;
E_0x5a20257c6530/1620 .event anyedge, v0x5a202581c200_6479, v0x5a202581c200_6480, v0x5a202581c200_6481, v0x5a202581c200_6482;
v0x5a202581c200_6483 .array/port v0x5a202581c200, 6483;
v0x5a202581c200_6484 .array/port v0x5a202581c200, 6484;
v0x5a202581c200_6485 .array/port v0x5a202581c200, 6485;
v0x5a202581c200_6486 .array/port v0x5a202581c200, 6486;
E_0x5a20257c6530/1621 .event anyedge, v0x5a202581c200_6483, v0x5a202581c200_6484, v0x5a202581c200_6485, v0x5a202581c200_6486;
v0x5a202581c200_6487 .array/port v0x5a202581c200, 6487;
v0x5a202581c200_6488 .array/port v0x5a202581c200, 6488;
v0x5a202581c200_6489 .array/port v0x5a202581c200, 6489;
v0x5a202581c200_6490 .array/port v0x5a202581c200, 6490;
E_0x5a20257c6530/1622 .event anyedge, v0x5a202581c200_6487, v0x5a202581c200_6488, v0x5a202581c200_6489, v0x5a202581c200_6490;
v0x5a202581c200_6491 .array/port v0x5a202581c200, 6491;
v0x5a202581c200_6492 .array/port v0x5a202581c200, 6492;
v0x5a202581c200_6493 .array/port v0x5a202581c200, 6493;
v0x5a202581c200_6494 .array/port v0x5a202581c200, 6494;
E_0x5a20257c6530/1623 .event anyedge, v0x5a202581c200_6491, v0x5a202581c200_6492, v0x5a202581c200_6493, v0x5a202581c200_6494;
v0x5a202581c200_6495 .array/port v0x5a202581c200, 6495;
v0x5a202581c200_6496 .array/port v0x5a202581c200, 6496;
v0x5a202581c200_6497 .array/port v0x5a202581c200, 6497;
v0x5a202581c200_6498 .array/port v0x5a202581c200, 6498;
E_0x5a20257c6530/1624 .event anyedge, v0x5a202581c200_6495, v0x5a202581c200_6496, v0x5a202581c200_6497, v0x5a202581c200_6498;
v0x5a202581c200_6499 .array/port v0x5a202581c200, 6499;
v0x5a202581c200_6500 .array/port v0x5a202581c200, 6500;
v0x5a202581c200_6501 .array/port v0x5a202581c200, 6501;
v0x5a202581c200_6502 .array/port v0x5a202581c200, 6502;
E_0x5a20257c6530/1625 .event anyedge, v0x5a202581c200_6499, v0x5a202581c200_6500, v0x5a202581c200_6501, v0x5a202581c200_6502;
v0x5a202581c200_6503 .array/port v0x5a202581c200, 6503;
v0x5a202581c200_6504 .array/port v0x5a202581c200, 6504;
v0x5a202581c200_6505 .array/port v0x5a202581c200, 6505;
v0x5a202581c200_6506 .array/port v0x5a202581c200, 6506;
E_0x5a20257c6530/1626 .event anyedge, v0x5a202581c200_6503, v0x5a202581c200_6504, v0x5a202581c200_6505, v0x5a202581c200_6506;
v0x5a202581c200_6507 .array/port v0x5a202581c200, 6507;
v0x5a202581c200_6508 .array/port v0x5a202581c200, 6508;
v0x5a202581c200_6509 .array/port v0x5a202581c200, 6509;
v0x5a202581c200_6510 .array/port v0x5a202581c200, 6510;
E_0x5a20257c6530/1627 .event anyedge, v0x5a202581c200_6507, v0x5a202581c200_6508, v0x5a202581c200_6509, v0x5a202581c200_6510;
v0x5a202581c200_6511 .array/port v0x5a202581c200, 6511;
v0x5a202581c200_6512 .array/port v0x5a202581c200, 6512;
v0x5a202581c200_6513 .array/port v0x5a202581c200, 6513;
v0x5a202581c200_6514 .array/port v0x5a202581c200, 6514;
E_0x5a20257c6530/1628 .event anyedge, v0x5a202581c200_6511, v0x5a202581c200_6512, v0x5a202581c200_6513, v0x5a202581c200_6514;
v0x5a202581c200_6515 .array/port v0x5a202581c200, 6515;
v0x5a202581c200_6516 .array/port v0x5a202581c200, 6516;
v0x5a202581c200_6517 .array/port v0x5a202581c200, 6517;
v0x5a202581c200_6518 .array/port v0x5a202581c200, 6518;
E_0x5a20257c6530/1629 .event anyedge, v0x5a202581c200_6515, v0x5a202581c200_6516, v0x5a202581c200_6517, v0x5a202581c200_6518;
v0x5a202581c200_6519 .array/port v0x5a202581c200, 6519;
v0x5a202581c200_6520 .array/port v0x5a202581c200, 6520;
v0x5a202581c200_6521 .array/port v0x5a202581c200, 6521;
v0x5a202581c200_6522 .array/port v0x5a202581c200, 6522;
E_0x5a20257c6530/1630 .event anyedge, v0x5a202581c200_6519, v0x5a202581c200_6520, v0x5a202581c200_6521, v0x5a202581c200_6522;
v0x5a202581c200_6523 .array/port v0x5a202581c200, 6523;
v0x5a202581c200_6524 .array/port v0x5a202581c200, 6524;
v0x5a202581c200_6525 .array/port v0x5a202581c200, 6525;
v0x5a202581c200_6526 .array/port v0x5a202581c200, 6526;
E_0x5a20257c6530/1631 .event anyedge, v0x5a202581c200_6523, v0x5a202581c200_6524, v0x5a202581c200_6525, v0x5a202581c200_6526;
v0x5a202581c200_6527 .array/port v0x5a202581c200, 6527;
v0x5a202581c200_6528 .array/port v0x5a202581c200, 6528;
v0x5a202581c200_6529 .array/port v0x5a202581c200, 6529;
v0x5a202581c200_6530 .array/port v0x5a202581c200, 6530;
E_0x5a20257c6530/1632 .event anyedge, v0x5a202581c200_6527, v0x5a202581c200_6528, v0x5a202581c200_6529, v0x5a202581c200_6530;
v0x5a202581c200_6531 .array/port v0x5a202581c200, 6531;
v0x5a202581c200_6532 .array/port v0x5a202581c200, 6532;
v0x5a202581c200_6533 .array/port v0x5a202581c200, 6533;
v0x5a202581c200_6534 .array/port v0x5a202581c200, 6534;
E_0x5a20257c6530/1633 .event anyedge, v0x5a202581c200_6531, v0x5a202581c200_6532, v0x5a202581c200_6533, v0x5a202581c200_6534;
v0x5a202581c200_6535 .array/port v0x5a202581c200, 6535;
v0x5a202581c200_6536 .array/port v0x5a202581c200, 6536;
v0x5a202581c200_6537 .array/port v0x5a202581c200, 6537;
v0x5a202581c200_6538 .array/port v0x5a202581c200, 6538;
E_0x5a20257c6530/1634 .event anyedge, v0x5a202581c200_6535, v0x5a202581c200_6536, v0x5a202581c200_6537, v0x5a202581c200_6538;
v0x5a202581c200_6539 .array/port v0x5a202581c200, 6539;
v0x5a202581c200_6540 .array/port v0x5a202581c200, 6540;
v0x5a202581c200_6541 .array/port v0x5a202581c200, 6541;
v0x5a202581c200_6542 .array/port v0x5a202581c200, 6542;
E_0x5a20257c6530/1635 .event anyedge, v0x5a202581c200_6539, v0x5a202581c200_6540, v0x5a202581c200_6541, v0x5a202581c200_6542;
v0x5a202581c200_6543 .array/port v0x5a202581c200, 6543;
v0x5a202581c200_6544 .array/port v0x5a202581c200, 6544;
v0x5a202581c200_6545 .array/port v0x5a202581c200, 6545;
v0x5a202581c200_6546 .array/port v0x5a202581c200, 6546;
E_0x5a20257c6530/1636 .event anyedge, v0x5a202581c200_6543, v0x5a202581c200_6544, v0x5a202581c200_6545, v0x5a202581c200_6546;
v0x5a202581c200_6547 .array/port v0x5a202581c200, 6547;
v0x5a202581c200_6548 .array/port v0x5a202581c200, 6548;
v0x5a202581c200_6549 .array/port v0x5a202581c200, 6549;
v0x5a202581c200_6550 .array/port v0x5a202581c200, 6550;
E_0x5a20257c6530/1637 .event anyedge, v0x5a202581c200_6547, v0x5a202581c200_6548, v0x5a202581c200_6549, v0x5a202581c200_6550;
v0x5a202581c200_6551 .array/port v0x5a202581c200, 6551;
v0x5a202581c200_6552 .array/port v0x5a202581c200, 6552;
v0x5a202581c200_6553 .array/port v0x5a202581c200, 6553;
v0x5a202581c200_6554 .array/port v0x5a202581c200, 6554;
E_0x5a20257c6530/1638 .event anyedge, v0x5a202581c200_6551, v0x5a202581c200_6552, v0x5a202581c200_6553, v0x5a202581c200_6554;
v0x5a202581c200_6555 .array/port v0x5a202581c200, 6555;
v0x5a202581c200_6556 .array/port v0x5a202581c200, 6556;
v0x5a202581c200_6557 .array/port v0x5a202581c200, 6557;
v0x5a202581c200_6558 .array/port v0x5a202581c200, 6558;
E_0x5a20257c6530/1639 .event anyedge, v0x5a202581c200_6555, v0x5a202581c200_6556, v0x5a202581c200_6557, v0x5a202581c200_6558;
v0x5a202581c200_6559 .array/port v0x5a202581c200, 6559;
v0x5a202581c200_6560 .array/port v0x5a202581c200, 6560;
v0x5a202581c200_6561 .array/port v0x5a202581c200, 6561;
v0x5a202581c200_6562 .array/port v0x5a202581c200, 6562;
E_0x5a20257c6530/1640 .event anyedge, v0x5a202581c200_6559, v0x5a202581c200_6560, v0x5a202581c200_6561, v0x5a202581c200_6562;
v0x5a202581c200_6563 .array/port v0x5a202581c200, 6563;
v0x5a202581c200_6564 .array/port v0x5a202581c200, 6564;
v0x5a202581c200_6565 .array/port v0x5a202581c200, 6565;
v0x5a202581c200_6566 .array/port v0x5a202581c200, 6566;
E_0x5a20257c6530/1641 .event anyedge, v0x5a202581c200_6563, v0x5a202581c200_6564, v0x5a202581c200_6565, v0x5a202581c200_6566;
v0x5a202581c200_6567 .array/port v0x5a202581c200, 6567;
v0x5a202581c200_6568 .array/port v0x5a202581c200, 6568;
v0x5a202581c200_6569 .array/port v0x5a202581c200, 6569;
v0x5a202581c200_6570 .array/port v0x5a202581c200, 6570;
E_0x5a20257c6530/1642 .event anyedge, v0x5a202581c200_6567, v0x5a202581c200_6568, v0x5a202581c200_6569, v0x5a202581c200_6570;
v0x5a202581c200_6571 .array/port v0x5a202581c200, 6571;
v0x5a202581c200_6572 .array/port v0x5a202581c200, 6572;
v0x5a202581c200_6573 .array/port v0x5a202581c200, 6573;
v0x5a202581c200_6574 .array/port v0x5a202581c200, 6574;
E_0x5a20257c6530/1643 .event anyedge, v0x5a202581c200_6571, v0x5a202581c200_6572, v0x5a202581c200_6573, v0x5a202581c200_6574;
v0x5a202581c200_6575 .array/port v0x5a202581c200, 6575;
v0x5a202581c200_6576 .array/port v0x5a202581c200, 6576;
v0x5a202581c200_6577 .array/port v0x5a202581c200, 6577;
v0x5a202581c200_6578 .array/port v0x5a202581c200, 6578;
E_0x5a20257c6530/1644 .event anyedge, v0x5a202581c200_6575, v0x5a202581c200_6576, v0x5a202581c200_6577, v0x5a202581c200_6578;
v0x5a202581c200_6579 .array/port v0x5a202581c200, 6579;
v0x5a202581c200_6580 .array/port v0x5a202581c200, 6580;
v0x5a202581c200_6581 .array/port v0x5a202581c200, 6581;
v0x5a202581c200_6582 .array/port v0x5a202581c200, 6582;
E_0x5a20257c6530/1645 .event anyedge, v0x5a202581c200_6579, v0x5a202581c200_6580, v0x5a202581c200_6581, v0x5a202581c200_6582;
v0x5a202581c200_6583 .array/port v0x5a202581c200, 6583;
v0x5a202581c200_6584 .array/port v0x5a202581c200, 6584;
v0x5a202581c200_6585 .array/port v0x5a202581c200, 6585;
v0x5a202581c200_6586 .array/port v0x5a202581c200, 6586;
E_0x5a20257c6530/1646 .event anyedge, v0x5a202581c200_6583, v0x5a202581c200_6584, v0x5a202581c200_6585, v0x5a202581c200_6586;
v0x5a202581c200_6587 .array/port v0x5a202581c200, 6587;
v0x5a202581c200_6588 .array/port v0x5a202581c200, 6588;
v0x5a202581c200_6589 .array/port v0x5a202581c200, 6589;
v0x5a202581c200_6590 .array/port v0x5a202581c200, 6590;
E_0x5a20257c6530/1647 .event anyedge, v0x5a202581c200_6587, v0x5a202581c200_6588, v0x5a202581c200_6589, v0x5a202581c200_6590;
v0x5a202581c200_6591 .array/port v0x5a202581c200, 6591;
v0x5a202581c200_6592 .array/port v0x5a202581c200, 6592;
v0x5a202581c200_6593 .array/port v0x5a202581c200, 6593;
v0x5a202581c200_6594 .array/port v0x5a202581c200, 6594;
E_0x5a20257c6530/1648 .event anyedge, v0x5a202581c200_6591, v0x5a202581c200_6592, v0x5a202581c200_6593, v0x5a202581c200_6594;
v0x5a202581c200_6595 .array/port v0x5a202581c200, 6595;
v0x5a202581c200_6596 .array/port v0x5a202581c200, 6596;
v0x5a202581c200_6597 .array/port v0x5a202581c200, 6597;
v0x5a202581c200_6598 .array/port v0x5a202581c200, 6598;
E_0x5a20257c6530/1649 .event anyedge, v0x5a202581c200_6595, v0x5a202581c200_6596, v0x5a202581c200_6597, v0x5a202581c200_6598;
v0x5a202581c200_6599 .array/port v0x5a202581c200, 6599;
v0x5a202581c200_6600 .array/port v0x5a202581c200, 6600;
v0x5a202581c200_6601 .array/port v0x5a202581c200, 6601;
v0x5a202581c200_6602 .array/port v0x5a202581c200, 6602;
E_0x5a20257c6530/1650 .event anyedge, v0x5a202581c200_6599, v0x5a202581c200_6600, v0x5a202581c200_6601, v0x5a202581c200_6602;
v0x5a202581c200_6603 .array/port v0x5a202581c200, 6603;
v0x5a202581c200_6604 .array/port v0x5a202581c200, 6604;
v0x5a202581c200_6605 .array/port v0x5a202581c200, 6605;
v0x5a202581c200_6606 .array/port v0x5a202581c200, 6606;
E_0x5a20257c6530/1651 .event anyedge, v0x5a202581c200_6603, v0x5a202581c200_6604, v0x5a202581c200_6605, v0x5a202581c200_6606;
v0x5a202581c200_6607 .array/port v0x5a202581c200, 6607;
v0x5a202581c200_6608 .array/port v0x5a202581c200, 6608;
v0x5a202581c200_6609 .array/port v0x5a202581c200, 6609;
v0x5a202581c200_6610 .array/port v0x5a202581c200, 6610;
E_0x5a20257c6530/1652 .event anyedge, v0x5a202581c200_6607, v0x5a202581c200_6608, v0x5a202581c200_6609, v0x5a202581c200_6610;
v0x5a202581c200_6611 .array/port v0x5a202581c200, 6611;
v0x5a202581c200_6612 .array/port v0x5a202581c200, 6612;
v0x5a202581c200_6613 .array/port v0x5a202581c200, 6613;
v0x5a202581c200_6614 .array/port v0x5a202581c200, 6614;
E_0x5a20257c6530/1653 .event anyedge, v0x5a202581c200_6611, v0x5a202581c200_6612, v0x5a202581c200_6613, v0x5a202581c200_6614;
v0x5a202581c200_6615 .array/port v0x5a202581c200, 6615;
v0x5a202581c200_6616 .array/port v0x5a202581c200, 6616;
v0x5a202581c200_6617 .array/port v0x5a202581c200, 6617;
v0x5a202581c200_6618 .array/port v0x5a202581c200, 6618;
E_0x5a20257c6530/1654 .event anyedge, v0x5a202581c200_6615, v0x5a202581c200_6616, v0x5a202581c200_6617, v0x5a202581c200_6618;
v0x5a202581c200_6619 .array/port v0x5a202581c200, 6619;
v0x5a202581c200_6620 .array/port v0x5a202581c200, 6620;
v0x5a202581c200_6621 .array/port v0x5a202581c200, 6621;
v0x5a202581c200_6622 .array/port v0x5a202581c200, 6622;
E_0x5a20257c6530/1655 .event anyedge, v0x5a202581c200_6619, v0x5a202581c200_6620, v0x5a202581c200_6621, v0x5a202581c200_6622;
v0x5a202581c200_6623 .array/port v0x5a202581c200, 6623;
v0x5a202581c200_6624 .array/port v0x5a202581c200, 6624;
v0x5a202581c200_6625 .array/port v0x5a202581c200, 6625;
v0x5a202581c200_6626 .array/port v0x5a202581c200, 6626;
E_0x5a20257c6530/1656 .event anyedge, v0x5a202581c200_6623, v0x5a202581c200_6624, v0x5a202581c200_6625, v0x5a202581c200_6626;
v0x5a202581c200_6627 .array/port v0x5a202581c200, 6627;
v0x5a202581c200_6628 .array/port v0x5a202581c200, 6628;
v0x5a202581c200_6629 .array/port v0x5a202581c200, 6629;
v0x5a202581c200_6630 .array/port v0x5a202581c200, 6630;
E_0x5a20257c6530/1657 .event anyedge, v0x5a202581c200_6627, v0x5a202581c200_6628, v0x5a202581c200_6629, v0x5a202581c200_6630;
v0x5a202581c200_6631 .array/port v0x5a202581c200, 6631;
v0x5a202581c200_6632 .array/port v0x5a202581c200, 6632;
v0x5a202581c200_6633 .array/port v0x5a202581c200, 6633;
v0x5a202581c200_6634 .array/port v0x5a202581c200, 6634;
E_0x5a20257c6530/1658 .event anyedge, v0x5a202581c200_6631, v0x5a202581c200_6632, v0x5a202581c200_6633, v0x5a202581c200_6634;
v0x5a202581c200_6635 .array/port v0x5a202581c200, 6635;
v0x5a202581c200_6636 .array/port v0x5a202581c200, 6636;
v0x5a202581c200_6637 .array/port v0x5a202581c200, 6637;
v0x5a202581c200_6638 .array/port v0x5a202581c200, 6638;
E_0x5a20257c6530/1659 .event anyedge, v0x5a202581c200_6635, v0x5a202581c200_6636, v0x5a202581c200_6637, v0x5a202581c200_6638;
v0x5a202581c200_6639 .array/port v0x5a202581c200, 6639;
v0x5a202581c200_6640 .array/port v0x5a202581c200, 6640;
v0x5a202581c200_6641 .array/port v0x5a202581c200, 6641;
v0x5a202581c200_6642 .array/port v0x5a202581c200, 6642;
E_0x5a20257c6530/1660 .event anyedge, v0x5a202581c200_6639, v0x5a202581c200_6640, v0x5a202581c200_6641, v0x5a202581c200_6642;
v0x5a202581c200_6643 .array/port v0x5a202581c200, 6643;
v0x5a202581c200_6644 .array/port v0x5a202581c200, 6644;
v0x5a202581c200_6645 .array/port v0x5a202581c200, 6645;
v0x5a202581c200_6646 .array/port v0x5a202581c200, 6646;
E_0x5a20257c6530/1661 .event anyedge, v0x5a202581c200_6643, v0x5a202581c200_6644, v0x5a202581c200_6645, v0x5a202581c200_6646;
v0x5a202581c200_6647 .array/port v0x5a202581c200, 6647;
v0x5a202581c200_6648 .array/port v0x5a202581c200, 6648;
v0x5a202581c200_6649 .array/port v0x5a202581c200, 6649;
v0x5a202581c200_6650 .array/port v0x5a202581c200, 6650;
E_0x5a20257c6530/1662 .event anyedge, v0x5a202581c200_6647, v0x5a202581c200_6648, v0x5a202581c200_6649, v0x5a202581c200_6650;
v0x5a202581c200_6651 .array/port v0x5a202581c200, 6651;
v0x5a202581c200_6652 .array/port v0x5a202581c200, 6652;
v0x5a202581c200_6653 .array/port v0x5a202581c200, 6653;
v0x5a202581c200_6654 .array/port v0x5a202581c200, 6654;
E_0x5a20257c6530/1663 .event anyedge, v0x5a202581c200_6651, v0x5a202581c200_6652, v0x5a202581c200_6653, v0x5a202581c200_6654;
v0x5a202581c200_6655 .array/port v0x5a202581c200, 6655;
v0x5a202581c200_6656 .array/port v0x5a202581c200, 6656;
v0x5a202581c200_6657 .array/port v0x5a202581c200, 6657;
v0x5a202581c200_6658 .array/port v0x5a202581c200, 6658;
E_0x5a20257c6530/1664 .event anyedge, v0x5a202581c200_6655, v0x5a202581c200_6656, v0x5a202581c200_6657, v0x5a202581c200_6658;
v0x5a202581c200_6659 .array/port v0x5a202581c200, 6659;
v0x5a202581c200_6660 .array/port v0x5a202581c200, 6660;
v0x5a202581c200_6661 .array/port v0x5a202581c200, 6661;
v0x5a202581c200_6662 .array/port v0x5a202581c200, 6662;
E_0x5a20257c6530/1665 .event anyedge, v0x5a202581c200_6659, v0x5a202581c200_6660, v0x5a202581c200_6661, v0x5a202581c200_6662;
v0x5a202581c200_6663 .array/port v0x5a202581c200, 6663;
v0x5a202581c200_6664 .array/port v0x5a202581c200, 6664;
v0x5a202581c200_6665 .array/port v0x5a202581c200, 6665;
v0x5a202581c200_6666 .array/port v0x5a202581c200, 6666;
E_0x5a20257c6530/1666 .event anyedge, v0x5a202581c200_6663, v0x5a202581c200_6664, v0x5a202581c200_6665, v0x5a202581c200_6666;
v0x5a202581c200_6667 .array/port v0x5a202581c200, 6667;
v0x5a202581c200_6668 .array/port v0x5a202581c200, 6668;
v0x5a202581c200_6669 .array/port v0x5a202581c200, 6669;
v0x5a202581c200_6670 .array/port v0x5a202581c200, 6670;
E_0x5a20257c6530/1667 .event anyedge, v0x5a202581c200_6667, v0x5a202581c200_6668, v0x5a202581c200_6669, v0x5a202581c200_6670;
v0x5a202581c200_6671 .array/port v0x5a202581c200, 6671;
v0x5a202581c200_6672 .array/port v0x5a202581c200, 6672;
v0x5a202581c200_6673 .array/port v0x5a202581c200, 6673;
v0x5a202581c200_6674 .array/port v0x5a202581c200, 6674;
E_0x5a20257c6530/1668 .event anyedge, v0x5a202581c200_6671, v0x5a202581c200_6672, v0x5a202581c200_6673, v0x5a202581c200_6674;
v0x5a202581c200_6675 .array/port v0x5a202581c200, 6675;
v0x5a202581c200_6676 .array/port v0x5a202581c200, 6676;
v0x5a202581c200_6677 .array/port v0x5a202581c200, 6677;
v0x5a202581c200_6678 .array/port v0x5a202581c200, 6678;
E_0x5a20257c6530/1669 .event anyedge, v0x5a202581c200_6675, v0x5a202581c200_6676, v0x5a202581c200_6677, v0x5a202581c200_6678;
v0x5a202581c200_6679 .array/port v0x5a202581c200, 6679;
v0x5a202581c200_6680 .array/port v0x5a202581c200, 6680;
v0x5a202581c200_6681 .array/port v0x5a202581c200, 6681;
v0x5a202581c200_6682 .array/port v0x5a202581c200, 6682;
E_0x5a20257c6530/1670 .event anyedge, v0x5a202581c200_6679, v0x5a202581c200_6680, v0x5a202581c200_6681, v0x5a202581c200_6682;
v0x5a202581c200_6683 .array/port v0x5a202581c200, 6683;
v0x5a202581c200_6684 .array/port v0x5a202581c200, 6684;
v0x5a202581c200_6685 .array/port v0x5a202581c200, 6685;
v0x5a202581c200_6686 .array/port v0x5a202581c200, 6686;
E_0x5a20257c6530/1671 .event anyedge, v0x5a202581c200_6683, v0x5a202581c200_6684, v0x5a202581c200_6685, v0x5a202581c200_6686;
v0x5a202581c200_6687 .array/port v0x5a202581c200, 6687;
v0x5a202581c200_6688 .array/port v0x5a202581c200, 6688;
v0x5a202581c200_6689 .array/port v0x5a202581c200, 6689;
v0x5a202581c200_6690 .array/port v0x5a202581c200, 6690;
E_0x5a20257c6530/1672 .event anyedge, v0x5a202581c200_6687, v0x5a202581c200_6688, v0x5a202581c200_6689, v0x5a202581c200_6690;
v0x5a202581c200_6691 .array/port v0x5a202581c200, 6691;
v0x5a202581c200_6692 .array/port v0x5a202581c200, 6692;
v0x5a202581c200_6693 .array/port v0x5a202581c200, 6693;
v0x5a202581c200_6694 .array/port v0x5a202581c200, 6694;
E_0x5a20257c6530/1673 .event anyedge, v0x5a202581c200_6691, v0x5a202581c200_6692, v0x5a202581c200_6693, v0x5a202581c200_6694;
v0x5a202581c200_6695 .array/port v0x5a202581c200, 6695;
v0x5a202581c200_6696 .array/port v0x5a202581c200, 6696;
v0x5a202581c200_6697 .array/port v0x5a202581c200, 6697;
v0x5a202581c200_6698 .array/port v0x5a202581c200, 6698;
E_0x5a20257c6530/1674 .event anyedge, v0x5a202581c200_6695, v0x5a202581c200_6696, v0x5a202581c200_6697, v0x5a202581c200_6698;
v0x5a202581c200_6699 .array/port v0x5a202581c200, 6699;
v0x5a202581c200_6700 .array/port v0x5a202581c200, 6700;
v0x5a202581c200_6701 .array/port v0x5a202581c200, 6701;
v0x5a202581c200_6702 .array/port v0x5a202581c200, 6702;
E_0x5a20257c6530/1675 .event anyedge, v0x5a202581c200_6699, v0x5a202581c200_6700, v0x5a202581c200_6701, v0x5a202581c200_6702;
v0x5a202581c200_6703 .array/port v0x5a202581c200, 6703;
v0x5a202581c200_6704 .array/port v0x5a202581c200, 6704;
v0x5a202581c200_6705 .array/port v0x5a202581c200, 6705;
v0x5a202581c200_6706 .array/port v0x5a202581c200, 6706;
E_0x5a20257c6530/1676 .event anyedge, v0x5a202581c200_6703, v0x5a202581c200_6704, v0x5a202581c200_6705, v0x5a202581c200_6706;
v0x5a202581c200_6707 .array/port v0x5a202581c200, 6707;
v0x5a202581c200_6708 .array/port v0x5a202581c200, 6708;
v0x5a202581c200_6709 .array/port v0x5a202581c200, 6709;
v0x5a202581c200_6710 .array/port v0x5a202581c200, 6710;
E_0x5a20257c6530/1677 .event anyedge, v0x5a202581c200_6707, v0x5a202581c200_6708, v0x5a202581c200_6709, v0x5a202581c200_6710;
v0x5a202581c200_6711 .array/port v0x5a202581c200, 6711;
v0x5a202581c200_6712 .array/port v0x5a202581c200, 6712;
v0x5a202581c200_6713 .array/port v0x5a202581c200, 6713;
v0x5a202581c200_6714 .array/port v0x5a202581c200, 6714;
E_0x5a20257c6530/1678 .event anyedge, v0x5a202581c200_6711, v0x5a202581c200_6712, v0x5a202581c200_6713, v0x5a202581c200_6714;
v0x5a202581c200_6715 .array/port v0x5a202581c200, 6715;
v0x5a202581c200_6716 .array/port v0x5a202581c200, 6716;
v0x5a202581c200_6717 .array/port v0x5a202581c200, 6717;
v0x5a202581c200_6718 .array/port v0x5a202581c200, 6718;
E_0x5a20257c6530/1679 .event anyedge, v0x5a202581c200_6715, v0x5a202581c200_6716, v0x5a202581c200_6717, v0x5a202581c200_6718;
v0x5a202581c200_6719 .array/port v0x5a202581c200, 6719;
v0x5a202581c200_6720 .array/port v0x5a202581c200, 6720;
v0x5a202581c200_6721 .array/port v0x5a202581c200, 6721;
v0x5a202581c200_6722 .array/port v0x5a202581c200, 6722;
E_0x5a20257c6530/1680 .event anyedge, v0x5a202581c200_6719, v0x5a202581c200_6720, v0x5a202581c200_6721, v0x5a202581c200_6722;
v0x5a202581c200_6723 .array/port v0x5a202581c200, 6723;
v0x5a202581c200_6724 .array/port v0x5a202581c200, 6724;
v0x5a202581c200_6725 .array/port v0x5a202581c200, 6725;
v0x5a202581c200_6726 .array/port v0x5a202581c200, 6726;
E_0x5a20257c6530/1681 .event anyedge, v0x5a202581c200_6723, v0x5a202581c200_6724, v0x5a202581c200_6725, v0x5a202581c200_6726;
v0x5a202581c200_6727 .array/port v0x5a202581c200, 6727;
v0x5a202581c200_6728 .array/port v0x5a202581c200, 6728;
v0x5a202581c200_6729 .array/port v0x5a202581c200, 6729;
v0x5a202581c200_6730 .array/port v0x5a202581c200, 6730;
E_0x5a20257c6530/1682 .event anyedge, v0x5a202581c200_6727, v0x5a202581c200_6728, v0x5a202581c200_6729, v0x5a202581c200_6730;
v0x5a202581c200_6731 .array/port v0x5a202581c200, 6731;
v0x5a202581c200_6732 .array/port v0x5a202581c200, 6732;
v0x5a202581c200_6733 .array/port v0x5a202581c200, 6733;
v0x5a202581c200_6734 .array/port v0x5a202581c200, 6734;
E_0x5a20257c6530/1683 .event anyedge, v0x5a202581c200_6731, v0x5a202581c200_6732, v0x5a202581c200_6733, v0x5a202581c200_6734;
v0x5a202581c200_6735 .array/port v0x5a202581c200, 6735;
v0x5a202581c200_6736 .array/port v0x5a202581c200, 6736;
v0x5a202581c200_6737 .array/port v0x5a202581c200, 6737;
v0x5a202581c200_6738 .array/port v0x5a202581c200, 6738;
E_0x5a20257c6530/1684 .event anyedge, v0x5a202581c200_6735, v0x5a202581c200_6736, v0x5a202581c200_6737, v0x5a202581c200_6738;
v0x5a202581c200_6739 .array/port v0x5a202581c200, 6739;
v0x5a202581c200_6740 .array/port v0x5a202581c200, 6740;
v0x5a202581c200_6741 .array/port v0x5a202581c200, 6741;
v0x5a202581c200_6742 .array/port v0x5a202581c200, 6742;
E_0x5a20257c6530/1685 .event anyedge, v0x5a202581c200_6739, v0x5a202581c200_6740, v0x5a202581c200_6741, v0x5a202581c200_6742;
v0x5a202581c200_6743 .array/port v0x5a202581c200, 6743;
v0x5a202581c200_6744 .array/port v0x5a202581c200, 6744;
v0x5a202581c200_6745 .array/port v0x5a202581c200, 6745;
v0x5a202581c200_6746 .array/port v0x5a202581c200, 6746;
E_0x5a20257c6530/1686 .event anyedge, v0x5a202581c200_6743, v0x5a202581c200_6744, v0x5a202581c200_6745, v0x5a202581c200_6746;
v0x5a202581c200_6747 .array/port v0x5a202581c200, 6747;
v0x5a202581c200_6748 .array/port v0x5a202581c200, 6748;
v0x5a202581c200_6749 .array/port v0x5a202581c200, 6749;
v0x5a202581c200_6750 .array/port v0x5a202581c200, 6750;
E_0x5a20257c6530/1687 .event anyedge, v0x5a202581c200_6747, v0x5a202581c200_6748, v0x5a202581c200_6749, v0x5a202581c200_6750;
v0x5a202581c200_6751 .array/port v0x5a202581c200, 6751;
v0x5a202581c200_6752 .array/port v0x5a202581c200, 6752;
v0x5a202581c200_6753 .array/port v0x5a202581c200, 6753;
v0x5a202581c200_6754 .array/port v0x5a202581c200, 6754;
E_0x5a20257c6530/1688 .event anyedge, v0x5a202581c200_6751, v0x5a202581c200_6752, v0x5a202581c200_6753, v0x5a202581c200_6754;
v0x5a202581c200_6755 .array/port v0x5a202581c200, 6755;
v0x5a202581c200_6756 .array/port v0x5a202581c200, 6756;
v0x5a202581c200_6757 .array/port v0x5a202581c200, 6757;
v0x5a202581c200_6758 .array/port v0x5a202581c200, 6758;
E_0x5a20257c6530/1689 .event anyedge, v0x5a202581c200_6755, v0x5a202581c200_6756, v0x5a202581c200_6757, v0x5a202581c200_6758;
v0x5a202581c200_6759 .array/port v0x5a202581c200, 6759;
v0x5a202581c200_6760 .array/port v0x5a202581c200, 6760;
v0x5a202581c200_6761 .array/port v0x5a202581c200, 6761;
v0x5a202581c200_6762 .array/port v0x5a202581c200, 6762;
E_0x5a20257c6530/1690 .event anyedge, v0x5a202581c200_6759, v0x5a202581c200_6760, v0x5a202581c200_6761, v0x5a202581c200_6762;
v0x5a202581c200_6763 .array/port v0x5a202581c200, 6763;
v0x5a202581c200_6764 .array/port v0x5a202581c200, 6764;
v0x5a202581c200_6765 .array/port v0x5a202581c200, 6765;
v0x5a202581c200_6766 .array/port v0x5a202581c200, 6766;
E_0x5a20257c6530/1691 .event anyedge, v0x5a202581c200_6763, v0x5a202581c200_6764, v0x5a202581c200_6765, v0x5a202581c200_6766;
v0x5a202581c200_6767 .array/port v0x5a202581c200, 6767;
v0x5a202581c200_6768 .array/port v0x5a202581c200, 6768;
v0x5a202581c200_6769 .array/port v0x5a202581c200, 6769;
v0x5a202581c200_6770 .array/port v0x5a202581c200, 6770;
E_0x5a20257c6530/1692 .event anyedge, v0x5a202581c200_6767, v0x5a202581c200_6768, v0x5a202581c200_6769, v0x5a202581c200_6770;
v0x5a202581c200_6771 .array/port v0x5a202581c200, 6771;
v0x5a202581c200_6772 .array/port v0x5a202581c200, 6772;
v0x5a202581c200_6773 .array/port v0x5a202581c200, 6773;
v0x5a202581c200_6774 .array/port v0x5a202581c200, 6774;
E_0x5a20257c6530/1693 .event anyedge, v0x5a202581c200_6771, v0x5a202581c200_6772, v0x5a202581c200_6773, v0x5a202581c200_6774;
v0x5a202581c200_6775 .array/port v0x5a202581c200, 6775;
v0x5a202581c200_6776 .array/port v0x5a202581c200, 6776;
v0x5a202581c200_6777 .array/port v0x5a202581c200, 6777;
v0x5a202581c200_6778 .array/port v0x5a202581c200, 6778;
E_0x5a20257c6530/1694 .event anyedge, v0x5a202581c200_6775, v0x5a202581c200_6776, v0x5a202581c200_6777, v0x5a202581c200_6778;
v0x5a202581c200_6779 .array/port v0x5a202581c200, 6779;
v0x5a202581c200_6780 .array/port v0x5a202581c200, 6780;
v0x5a202581c200_6781 .array/port v0x5a202581c200, 6781;
v0x5a202581c200_6782 .array/port v0x5a202581c200, 6782;
E_0x5a20257c6530/1695 .event anyedge, v0x5a202581c200_6779, v0x5a202581c200_6780, v0x5a202581c200_6781, v0x5a202581c200_6782;
v0x5a202581c200_6783 .array/port v0x5a202581c200, 6783;
v0x5a202581c200_6784 .array/port v0x5a202581c200, 6784;
v0x5a202581c200_6785 .array/port v0x5a202581c200, 6785;
v0x5a202581c200_6786 .array/port v0x5a202581c200, 6786;
E_0x5a20257c6530/1696 .event anyedge, v0x5a202581c200_6783, v0x5a202581c200_6784, v0x5a202581c200_6785, v0x5a202581c200_6786;
v0x5a202581c200_6787 .array/port v0x5a202581c200, 6787;
v0x5a202581c200_6788 .array/port v0x5a202581c200, 6788;
v0x5a202581c200_6789 .array/port v0x5a202581c200, 6789;
v0x5a202581c200_6790 .array/port v0x5a202581c200, 6790;
E_0x5a20257c6530/1697 .event anyedge, v0x5a202581c200_6787, v0x5a202581c200_6788, v0x5a202581c200_6789, v0x5a202581c200_6790;
v0x5a202581c200_6791 .array/port v0x5a202581c200, 6791;
v0x5a202581c200_6792 .array/port v0x5a202581c200, 6792;
v0x5a202581c200_6793 .array/port v0x5a202581c200, 6793;
v0x5a202581c200_6794 .array/port v0x5a202581c200, 6794;
E_0x5a20257c6530/1698 .event anyedge, v0x5a202581c200_6791, v0x5a202581c200_6792, v0x5a202581c200_6793, v0x5a202581c200_6794;
v0x5a202581c200_6795 .array/port v0x5a202581c200, 6795;
v0x5a202581c200_6796 .array/port v0x5a202581c200, 6796;
v0x5a202581c200_6797 .array/port v0x5a202581c200, 6797;
v0x5a202581c200_6798 .array/port v0x5a202581c200, 6798;
E_0x5a20257c6530/1699 .event anyedge, v0x5a202581c200_6795, v0x5a202581c200_6796, v0x5a202581c200_6797, v0x5a202581c200_6798;
v0x5a202581c200_6799 .array/port v0x5a202581c200, 6799;
v0x5a202581c200_6800 .array/port v0x5a202581c200, 6800;
v0x5a202581c200_6801 .array/port v0x5a202581c200, 6801;
v0x5a202581c200_6802 .array/port v0x5a202581c200, 6802;
E_0x5a20257c6530/1700 .event anyedge, v0x5a202581c200_6799, v0x5a202581c200_6800, v0x5a202581c200_6801, v0x5a202581c200_6802;
v0x5a202581c200_6803 .array/port v0x5a202581c200, 6803;
v0x5a202581c200_6804 .array/port v0x5a202581c200, 6804;
v0x5a202581c200_6805 .array/port v0x5a202581c200, 6805;
v0x5a202581c200_6806 .array/port v0x5a202581c200, 6806;
E_0x5a20257c6530/1701 .event anyedge, v0x5a202581c200_6803, v0x5a202581c200_6804, v0x5a202581c200_6805, v0x5a202581c200_6806;
v0x5a202581c200_6807 .array/port v0x5a202581c200, 6807;
v0x5a202581c200_6808 .array/port v0x5a202581c200, 6808;
v0x5a202581c200_6809 .array/port v0x5a202581c200, 6809;
v0x5a202581c200_6810 .array/port v0x5a202581c200, 6810;
E_0x5a20257c6530/1702 .event anyedge, v0x5a202581c200_6807, v0x5a202581c200_6808, v0x5a202581c200_6809, v0x5a202581c200_6810;
v0x5a202581c200_6811 .array/port v0x5a202581c200, 6811;
v0x5a202581c200_6812 .array/port v0x5a202581c200, 6812;
v0x5a202581c200_6813 .array/port v0x5a202581c200, 6813;
v0x5a202581c200_6814 .array/port v0x5a202581c200, 6814;
E_0x5a20257c6530/1703 .event anyedge, v0x5a202581c200_6811, v0x5a202581c200_6812, v0x5a202581c200_6813, v0x5a202581c200_6814;
v0x5a202581c200_6815 .array/port v0x5a202581c200, 6815;
v0x5a202581c200_6816 .array/port v0x5a202581c200, 6816;
v0x5a202581c200_6817 .array/port v0x5a202581c200, 6817;
v0x5a202581c200_6818 .array/port v0x5a202581c200, 6818;
E_0x5a20257c6530/1704 .event anyedge, v0x5a202581c200_6815, v0x5a202581c200_6816, v0x5a202581c200_6817, v0x5a202581c200_6818;
v0x5a202581c200_6819 .array/port v0x5a202581c200, 6819;
v0x5a202581c200_6820 .array/port v0x5a202581c200, 6820;
v0x5a202581c200_6821 .array/port v0x5a202581c200, 6821;
v0x5a202581c200_6822 .array/port v0x5a202581c200, 6822;
E_0x5a20257c6530/1705 .event anyedge, v0x5a202581c200_6819, v0x5a202581c200_6820, v0x5a202581c200_6821, v0x5a202581c200_6822;
v0x5a202581c200_6823 .array/port v0x5a202581c200, 6823;
v0x5a202581c200_6824 .array/port v0x5a202581c200, 6824;
v0x5a202581c200_6825 .array/port v0x5a202581c200, 6825;
v0x5a202581c200_6826 .array/port v0x5a202581c200, 6826;
E_0x5a20257c6530/1706 .event anyedge, v0x5a202581c200_6823, v0x5a202581c200_6824, v0x5a202581c200_6825, v0x5a202581c200_6826;
v0x5a202581c200_6827 .array/port v0x5a202581c200, 6827;
v0x5a202581c200_6828 .array/port v0x5a202581c200, 6828;
v0x5a202581c200_6829 .array/port v0x5a202581c200, 6829;
v0x5a202581c200_6830 .array/port v0x5a202581c200, 6830;
E_0x5a20257c6530/1707 .event anyedge, v0x5a202581c200_6827, v0x5a202581c200_6828, v0x5a202581c200_6829, v0x5a202581c200_6830;
v0x5a202581c200_6831 .array/port v0x5a202581c200, 6831;
v0x5a202581c200_6832 .array/port v0x5a202581c200, 6832;
v0x5a202581c200_6833 .array/port v0x5a202581c200, 6833;
v0x5a202581c200_6834 .array/port v0x5a202581c200, 6834;
E_0x5a20257c6530/1708 .event anyedge, v0x5a202581c200_6831, v0x5a202581c200_6832, v0x5a202581c200_6833, v0x5a202581c200_6834;
v0x5a202581c200_6835 .array/port v0x5a202581c200, 6835;
v0x5a202581c200_6836 .array/port v0x5a202581c200, 6836;
v0x5a202581c200_6837 .array/port v0x5a202581c200, 6837;
v0x5a202581c200_6838 .array/port v0x5a202581c200, 6838;
E_0x5a20257c6530/1709 .event anyedge, v0x5a202581c200_6835, v0x5a202581c200_6836, v0x5a202581c200_6837, v0x5a202581c200_6838;
v0x5a202581c200_6839 .array/port v0x5a202581c200, 6839;
v0x5a202581c200_6840 .array/port v0x5a202581c200, 6840;
v0x5a202581c200_6841 .array/port v0x5a202581c200, 6841;
v0x5a202581c200_6842 .array/port v0x5a202581c200, 6842;
E_0x5a20257c6530/1710 .event anyedge, v0x5a202581c200_6839, v0x5a202581c200_6840, v0x5a202581c200_6841, v0x5a202581c200_6842;
v0x5a202581c200_6843 .array/port v0x5a202581c200, 6843;
v0x5a202581c200_6844 .array/port v0x5a202581c200, 6844;
v0x5a202581c200_6845 .array/port v0x5a202581c200, 6845;
v0x5a202581c200_6846 .array/port v0x5a202581c200, 6846;
E_0x5a20257c6530/1711 .event anyedge, v0x5a202581c200_6843, v0x5a202581c200_6844, v0x5a202581c200_6845, v0x5a202581c200_6846;
v0x5a202581c200_6847 .array/port v0x5a202581c200, 6847;
v0x5a202581c200_6848 .array/port v0x5a202581c200, 6848;
v0x5a202581c200_6849 .array/port v0x5a202581c200, 6849;
v0x5a202581c200_6850 .array/port v0x5a202581c200, 6850;
E_0x5a20257c6530/1712 .event anyedge, v0x5a202581c200_6847, v0x5a202581c200_6848, v0x5a202581c200_6849, v0x5a202581c200_6850;
v0x5a202581c200_6851 .array/port v0x5a202581c200, 6851;
v0x5a202581c200_6852 .array/port v0x5a202581c200, 6852;
v0x5a202581c200_6853 .array/port v0x5a202581c200, 6853;
v0x5a202581c200_6854 .array/port v0x5a202581c200, 6854;
E_0x5a20257c6530/1713 .event anyedge, v0x5a202581c200_6851, v0x5a202581c200_6852, v0x5a202581c200_6853, v0x5a202581c200_6854;
v0x5a202581c200_6855 .array/port v0x5a202581c200, 6855;
v0x5a202581c200_6856 .array/port v0x5a202581c200, 6856;
v0x5a202581c200_6857 .array/port v0x5a202581c200, 6857;
v0x5a202581c200_6858 .array/port v0x5a202581c200, 6858;
E_0x5a20257c6530/1714 .event anyedge, v0x5a202581c200_6855, v0x5a202581c200_6856, v0x5a202581c200_6857, v0x5a202581c200_6858;
v0x5a202581c200_6859 .array/port v0x5a202581c200, 6859;
v0x5a202581c200_6860 .array/port v0x5a202581c200, 6860;
v0x5a202581c200_6861 .array/port v0x5a202581c200, 6861;
v0x5a202581c200_6862 .array/port v0x5a202581c200, 6862;
E_0x5a20257c6530/1715 .event anyedge, v0x5a202581c200_6859, v0x5a202581c200_6860, v0x5a202581c200_6861, v0x5a202581c200_6862;
v0x5a202581c200_6863 .array/port v0x5a202581c200, 6863;
v0x5a202581c200_6864 .array/port v0x5a202581c200, 6864;
v0x5a202581c200_6865 .array/port v0x5a202581c200, 6865;
v0x5a202581c200_6866 .array/port v0x5a202581c200, 6866;
E_0x5a20257c6530/1716 .event anyedge, v0x5a202581c200_6863, v0x5a202581c200_6864, v0x5a202581c200_6865, v0x5a202581c200_6866;
v0x5a202581c200_6867 .array/port v0x5a202581c200, 6867;
v0x5a202581c200_6868 .array/port v0x5a202581c200, 6868;
v0x5a202581c200_6869 .array/port v0x5a202581c200, 6869;
v0x5a202581c200_6870 .array/port v0x5a202581c200, 6870;
E_0x5a20257c6530/1717 .event anyedge, v0x5a202581c200_6867, v0x5a202581c200_6868, v0x5a202581c200_6869, v0x5a202581c200_6870;
v0x5a202581c200_6871 .array/port v0x5a202581c200, 6871;
v0x5a202581c200_6872 .array/port v0x5a202581c200, 6872;
v0x5a202581c200_6873 .array/port v0x5a202581c200, 6873;
v0x5a202581c200_6874 .array/port v0x5a202581c200, 6874;
E_0x5a20257c6530/1718 .event anyedge, v0x5a202581c200_6871, v0x5a202581c200_6872, v0x5a202581c200_6873, v0x5a202581c200_6874;
v0x5a202581c200_6875 .array/port v0x5a202581c200, 6875;
v0x5a202581c200_6876 .array/port v0x5a202581c200, 6876;
v0x5a202581c200_6877 .array/port v0x5a202581c200, 6877;
v0x5a202581c200_6878 .array/port v0x5a202581c200, 6878;
E_0x5a20257c6530/1719 .event anyedge, v0x5a202581c200_6875, v0x5a202581c200_6876, v0x5a202581c200_6877, v0x5a202581c200_6878;
v0x5a202581c200_6879 .array/port v0x5a202581c200, 6879;
v0x5a202581c200_6880 .array/port v0x5a202581c200, 6880;
v0x5a202581c200_6881 .array/port v0x5a202581c200, 6881;
v0x5a202581c200_6882 .array/port v0x5a202581c200, 6882;
E_0x5a20257c6530/1720 .event anyedge, v0x5a202581c200_6879, v0x5a202581c200_6880, v0x5a202581c200_6881, v0x5a202581c200_6882;
v0x5a202581c200_6883 .array/port v0x5a202581c200, 6883;
v0x5a202581c200_6884 .array/port v0x5a202581c200, 6884;
v0x5a202581c200_6885 .array/port v0x5a202581c200, 6885;
v0x5a202581c200_6886 .array/port v0x5a202581c200, 6886;
E_0x5a20257c6530/1721 .event anyedge, v0x5a202581c200_6883, v0x5a202581c200_6884, v0x5a202581c200_6885, v0x5a202581c200_6886;
v0x5a202581c200_6887 .array/port v0x5a202581c200, 6887;
v0x5a202581c200_6888 .array/port v0x5a202581c200, 6888;
v0x5a202581c200_6889 .array/port v0x5a202581c200, 6889;
v0x5a202581c200_6890 .array/port v0x5a202581c200, 6890;
E_0x5a20257c6530/1722 .event anyedge, v0x5a202581c200_6887, v0x5a202581c200_6888, v0x5a202581c200_6889, v0x5a202581c200_6890;
v0x5a202581c200_6891 .array/port v0x5a202581c200, 6891;
v0x5a202581c200_6892 .array/port v0x5a202581c200, 6892;
v0x5a202581c200_6893 .array/port v0x5a202581c200, 6893;
v0x5a202581c200_6894 .array/port v0x5a202581c200, 6894;
E_0x5a20257c6530/1723 .event anyedge, v0x5a202581c200_6891, v0x5a202581c200_6892, v0x5a202581c200_6893, v0x5a202581c200_6894;
v0x5a202581c200_6895 .array/port v0x5a202581c200, 6895;
v0x5a202581c200_6896 .array/port v0x5a202581c200, 6896;
v0x5a202581c200_6897 .array/port v0x5a202581c200, 6897;
v0x5a202581c200_6898 .array/port v0x5a202581c200, 6898;
E_0x5a20257c6530/1724 .event anyedge, v0x5a202581c200_6895, v0x5a202581c200_6896, v0x5a202581c200_6897, v0x5a202581c200_6898;
v0x5a202581c200_6899 .array/port v0x5a202581c200, 6899;
v0x5a202581c200_6900 .array/port v0x5a202581c200, 6900;
v0x5a202581c200_6901 .array/port v0x5a202581c200, 6901;
v0x5a202581c200_6902 .array/port v0x5a202581c200, 6902;
E_0x5a20257c6530/1725 .event anyedge, v0x5a202581c200_6899, v0x5a202581c200_6900, v0x5a202581c200_6901, v0x5a202581c200_6902;
v0x5a202581c200_6903 .array/port v0x5a202581c200, 6903;
v0x5a202581c200_6904 .array/port v0x5a202581c200, 6904;
v0x5a202581c200_6905 .array/port v0x5a202581c200, 6905;
v0x5a202581c200_6906 .array/port v0x5a202581c200, 6906;
E_0x5a20257c6530/1726 .event anyedge, v0x5a202581c200_6903, v0x5a202581c200_6904, v0x5a202581c200_6905, v0x5a202581c200_6906;
v0x5a202581c200_6907 .array/port v0x5a202581c200, 6907;
v0x5a202581c200_6908 .array/port v0x5a202581c200, 6908;
v0x5a202581c200_6909 .array/port v0x5a202581c200, 6909;
v0x5a202581c200_6910 .array/port v0x5a202581c200, 6910;
E_0x5a20257c6530/1727 .event anyedge, v0x5a202581c200_6907, v0x5a202581c200_6908, v0x5a202581c200_6909, v0x5a202581c200_6910;
v0x5a202581c200_6911 .array/port v0x5a202581c200, 6911;
v0x5a202581c200_6912 .array/port v0x5a202581c200, 6912;
v0x5a202581c200_6913 .array/port v0x5a202581c200, 6913;
v0x5a202581c200_6914 .array/port v0x5a202581c200, 6914;
E_0x5a20257c6530/1728 .event anyedge, v0x5a202581c200_6911, v0x5a202581c200_6912, v0x5a202581c200_6913, v0x5a202581c200_6914;
v0x5a202581c200_6915 .array/port v0x5a202581c200, 6915;
v0x5a202581c200_6916 .array/port v0x5a202581c200, 6916;
v0x5a202581c200_6917 .array/port v0x5a202581c200, 6917;
v0x5a202581c200_6918 .array/port v0x5a202581c200, 6918;
E_0x5a20257c6530/1729 .event anyedge, v0x5a202581c200_6915, v0x5a202581c200_6916, v0x5a202581c200_6917, v0x5a202581c200_6918;
v0x5a202581c200_6919 .array/port v0x5a202581c200, 6919;
v0x5a202581c200_6920 .array/port v0x5a202581c200, 6920;
v0x5a202581c200_6921 .array/port v0x5a202581c200, 6921;
v0x5a202581c200_6922 .array/port v0x5a202581c200, 6922;
E_0x5a20257c6530/1730 .event anyedge, v0x5a202581c200_6919, v0x5a202581c200_6920, v0x5a202581c200_6921, v0x5a202581c200_6922;
v0x5a202581c200_6923 .array/port v0x5a202581c200, 6923;
v0x5a202581c200_6924 .array/port v0x5a202581c200, 6924;
v0x5a202581c200_6925 .array/port v0x5a202581c200, 6925;
v0x5a202581c200_6926 .array/port v0x5a202581c200, 6926;
E_0x5a20257c6530/1731 .event anyedge, v0x5a202581c200_6923, v0x5a202581c200_6924, v0x5a202581c200_6925, v0x5a202581c200_6926;
v0x5a202581c200_6927 .array/port v0x5a202581c200, 6927;
v0x5a202581c200_6928 .array/port v0x5a202581c200, 6928;
v0x5a202581c200_6929 .array/port v0x5a202581c200, 6929;
v0x5a202581c200_6930 .array/port v0x5a202581c200, 6930;
E_0x5a20257c6530/1732 .event anyedge, v0x5a202581c200_6927, v0x5a202581c200_6928, v0x5a202581c200_6929, v0x5a202581c200_6930;
v0x5a202581c200_6931 .array/port v0x5a202581c200, 6931;
v0x5a202581c200_6932 .array/port v0x5a202581c200, 6932;
v0x5a202581c200_6933 .array/port v0x5a202581c200, 6933;
v0x5a202581c200_6934 .array/port v0x5a202581c200, 6934;
E_0x5a20257c6530/1733 .event anyedge, v0x5a202581c200_6931, v0x5a202581c200_6932, v0x5a202581c200_6933, v0x5a202581c200_6934;
v0x5a202581c200_6935 .array/port v0x5a202581c200, 6935;
v0x5a202581c200_6936 .array/port v0x5a202581c200, 6936;
v0x5a202581c200_6937 .array/port v0x5a202581c200, 6937;
v0x5a202581c200_6938 .array/port v0x5a202581c200, 6938;
E_0x5a20257c6530/1734 .event anyedge, v0x5a202581c200_6935, v0x5a202581c200_6936, v0x5a202581c200_6937, v0x5a202581c200_6938;
v0x5a202581c200_6939 .array/port v0x5a202581c200, 6939;
v0x5a202581c200_6940 .array/port v0x5a202581c200, 6940;
v0x5a202581c200_6941 .array/port v0x5a202581c200, 6941;
v0x5a202581c200_6942 .array/port v0x5a202581c200, 6942;
E_0x5a20257c6530/1735 .event anyedge, v0x5a202581c200_6939, v0x5a202581c200_6940, v0x5a202581c200_6941, v0x5a202581c200_6942;
v0x5a202581c200_6943 .array/port v0x5a202581c200, 6943;
v0x5a202581c200_6944 .array/port v0x5a202581c200, 6944;
v0x5a202581c200_6945 .array/port v0x5a202581c200, 6945;
v0x5a202581c200_6946 .array/port v0x5a202581c200, 6946;
E_0x5a20257c6530/1736 .event anyedge, v0x5a202581c200_6943, v0x5a202581c200_6944, v0x5a202581c200_6945, v0x5a202581c200_6946;
v0x5a202581c200_6947 .array/port v0x5a202581c200, 6947;
v0x5a202581c200_6948 .array/port v0x5a202581c200, 6948;
v0x5a202581c200_6949 .array/port v0x5a202581c200, 6949;
v0x5a202581c200_6950 .array/port v0x5a202581c200, 6950;
E_0x5a20257c6530/1737 .event anyedge, v0x5a202581c200_6947, v0x5a202581c200_6948, v0x5a202581c200_6949, v0x5a202581c200_6950;
v0x5a202581c200_6951 .array/port v0x5a202581c200, 6951;
v0x5a202581c200_6952 .array/port v0x5a202581c200, 6952;
v0x5a202581c200_6953 .array/port v0x5a202581c200, 6953;
v0x5a202581c200_6954 .array/port v0x5a202581c200, 6954;
E_0x5a20257c6530/1738 .event anyedge, v0x5a202581c200_6951, v0x5a202581c200_6952, v0x5a202581c200_6953, v0x5a202581c200_6954;
v0x5a202581c200_6955 .array/port v0x5a202581c200, 6955;
v0x5a202581c200_6956 .array/port v0x5a202581c200, 6956;
v0x5a202581c200_6957 .array/port v0x5a202581c200, 6957;
v0x5a202581c200_6958 .array/port v0x5a202581c200, 6958;
E_0x5a20257c6530/1739 .event anyedge, v0x5a202581c200_6955, v0x5a202581c200_6956, v0x5a202581c200_6957, v0x5a202581c200_6958;
v0x5a202581c200_6959 .array/port v0x5a202581c200, 6959;
v0x5a202581c200_6960 .array/port v0x5a202581c200, 6960;
v0x5a202581c200_6961 .array/port v0x5a202581c200, 6961;
v0x5a202581c200_6962 .array/port v0x5a202581c200, 6962;
E_0x5a20257c6530/1740 .event anyedge, v0x5a202581c200_6959, v0x5a202581c200_6960, v0x5a202581c200_6961, v0x5a202581c200_6962;
v0x5a202581c200_6963 .array/port v0x5a202581c200, 6963;
v0x5a202581c200_6964 .array/port v0x5a202581c200, 6964;
v0x5a202581c200_6965 .array/port v0x5a202581c200, 6965;
v0x5a202581c200_6966 .array/port v0x5a202581c200, 6966;
E_0x5a20257c6530/1741 .event anyedge, v0x5a202581c200_6963, v0x5a202581c200_6964, v0x5a202581c200_6965, v0x5a202581c200_6966;
v0x5a202581c200_6967 .array/port v0x5a202581c200, 6967;
v0x5a202581c200_6968 .array/port v0x5a202581c200, 6968;
v0x5a202581c200_6969 .array/port v0x5a202581c200, 6969;
v0x5a202581c200_6970 .array/port v0x5a202581c200, 6970;
E_0x5a20257c6530/1742 .event anyedge, v0x5a202581c200_6967, v0x5a202581c200_6968, v0x5a202581c200_6969, v0x5a202581c200_6970;
v0x5a202581c200_6971 .array/port v0x5a202581c200, 6971;
v0x5a202581c200_6972 .array/port v0x5a202581c200, 6972;
v0x5a202581c200_6973 .array/port v0x5a202581c200, 6973;
v0x5a202581c200_6974 .array/port v0x5a202581c200, 6974;
E_0x5a20257c6530/1743 .event anyedge, v0x5a202581c200_6971, v0x5a202581c200_6972, v0x5a202581c200_6973, v0x5a202581c200_6974;
v0x5a202581c200_6975 .array/port v0x5a202581c200, 6975;
v0x5a202581c200_6976 .array/port v0x5a202581c200, 6976;
v0x5a202581c200_6977 .array/port v0x5a202581c200, 6977;
v0x5a202581c200_6978 .array/port v0x5a202581c200, 6978;
E_0x5a20257c6530/1744 .event anyedge, v0x5a202581c200_6975, v0x5a202581c200_6976, v0x5a202581c200_6977, v0x5a202581c200_6978;
v0x5a202581c200_6979 .array/port v0x5a202581c200, 6979;
v0x5a202581c200_6980 .array/port v0x5a202581c200, 6980;
v0x5a202581c200_6981 .array/port v0x5a202581c200, 6981;
v0x5a202581c200_6982 .array/port v0x5a202581c200, 6982;
E_0x5a20257c6530/1745 .event anyedge, v0x5a202581c200_6979, v0x5a202581c200_6980, v0x5a202581c200_6981, v0x5a202581c200_6982;
v0x5a202581c200_6983 .array/port v0x5a202581c200, 6983;
v0x5a202581c200_6984 .array/port v0x5a202581c200, 6984;
v0x5a202581c200_6985 .array/port v0x5a202581c200, 6985;
v0x5a202581c200_6986 .array/port v0x5a202581c200, 6986;
E_0x5a20257c6530/1746 .event anyedge, v0x5a202581c200_6983, v0x5a202581c200_6984, v0x5a202581c200_6985, v0x5a202581c200_6986;
v0x5a202581c200_6987 .array/port v0x5a202581c200, 6987;
v0x5a202581c200_6988 .array/port v0x5a202581c200, 6988;
v0x5a202581c200_6989 .array/port v0x5a202581c200, 6989;
v0x5a202581c200_6990 .array/port v0x5a202581c200, 6990;
E_0x5a20257c6530/1747 .event anyedge, v0x5a202581c200_6987, v0x5a202581c200_6988, v0x5a202581c200_6989, v0x5a202581c200_6990;
v0x5a202581c200_6991 .array/port v0x5a202581c200, 6991;
v0x5a202581c200_6992 .array/port v0x5a202581c200, 6992;
v0x5a202581c200_6993 .array/port v0x5a202581c200, 6993;
v0x5a202581c200_6994 .array/port v0x5a202581c200, 6994;
E_0x5a20257c6530/1748 .event anyedge, v0x5a202581c200_6991, v0x5a202581c200_6992, v0x5a202581c200_6993, v0x5a202581c200_6994;
v0x5a202581c200_6995 .array/port v0x5a202581c200, 6995;
v0x5a202581c200_6996 .array/port v0x5a202581c200, 6996;
v0x5a202581c200_6997 .array/port v0x5a202581c200, 6997;
v0x5a202581c200_6998 .array/port v0x5a202581c200, 6998;
E_0x5a20257c6530/1749 .event anyedge, v0x5a202581c200_6995, v0x5a202581c200_6996, v0x5a202581c200_6997, v0x5a202581c200_6998;
v0x5a202581c200_6999 .array/port v0x5a202581c200, 6999;
v0x5a202581c200_7000 .array/port v0x5a202581c200, 7000;
v0x5a202581c200_7001 .array/port v0x5a202581c200, 7001;
v0x5a202581c200_7002 .array/port v0x5a202581c200, 7002;
E_0x5a20257c6530/1750 .event anyedge, v0x5a202581c200_6999, v0x5a202581c200_7000, v0x5a202581c200_7001, v0x5a202581c200_7002;
v0x5a202581c200_7003 .array/port v0x5a202581c200, 7003;
v0x5a202581c200_7004 .array/port v0x5a202581c200, 7004;
v0x5a202581c200_7005 .array/port v0x5a202581c200, 7005;
v0x5a202581c200_7006 .array/port v0x5a202581c200, 7006;
E_0x5a20257c6530/1751 .event anyedge, v0x5a202581c200_7003, v0x5a202581c200_7004, v0x5a202581c200_7005, v0x5a202581c200_7006;
v0x5a202581c200_7007 .array/port v0x5a202581c200, 7007;
v0x5a202581c200_7008 .array/port v0x5a202581c200, 7008;
v0x5a202581c200_7009 .array/port v0x5a202581c200, 7009;
v0x5a202581c200_7010 .array/port v0x5a202581c200, 7010;
E_0x5a20257c6530/1752 .event anyedge, v0x5a202581c200_7007, v0x5a202581c200_7008, v0x5a202581c200_7009, v0x5a202581c200_7010;
v0x5a202581c200_7011 .array/port v0x5a202581c200, 7011;
v0x5a202581c200_7012 .array/port v0x5a202581c200, 7012;
v0x5a202581c200_7013 .array/port v0x5a202581c200, 7013;
v0x5a202581c200_7014 .array/port v0x5a202581c200, 7014;
E_0x5a20257c6530/1753 .event anyedge, v0x5a202581c200_7011, v0x5a202581c200_7012, v0x5a202581c200_7013, v0x5a202581c200_7014;
v0x5a202581c200_7015 .array/port v0x5a202581c200, 7015;
v0x5a202581c200_7016 .array/port v0x5a202581c200, 7016;
v0x5a202581c200_7017 .array/port v0x5a202581c200, 7017;
v0x5a202581c200_7018 .array/port v0x5a202581c200, 7018;
E_0x5a20257c6530/1754 .event anyedge, v0x5a202581c200_7015, v0x5a202581c200_7016, v0x5a202581c200_7017, v0x5a202581c200_7018;
v0x5a202581c200_7019 .array/port v0x5a202581c200, 7019;
v0x5a202581c200_7020 .array/port v0x5a202581c200, 7020;
v0x5a202581c200_7021 .array/port v0x5a202581c200, 7021;
v0x5a202581c200_7022 .array/port v0x5a202581c200, 7022;
E_0x5a20257c6530/1755 .event anyedge, v0x5a202581c200_7019, v0x5a202581c200_7020, v0x5a202581c200_7021, v0x5a202581c200_7022;
v0x5a202581c200_7023 .array/port v0x5a202581c200, 7023;
v0x5a202581c200_7024 .array/port v0x5a202581c200, 7024;
v0x5a202581c200_7025 .array/port v0x5a202581c200, 7025;
v0x5a202581c200_7026 .array/port v0x5a202581c200, 7026;
E_0x5a20257c6530/1756 .event anyedge, v0x5a202581c200_7023, v0x5a202581c200_7024, v0x5a202581c200_7025, v0x5a202581c200_7026;
v0x5a202581c200_7027 .array/port v0x5a202581c200, 7027;
v0x5a202581c200_7028 .array/port v0x5a202581c200, 7028;
v0x5a202581c200_7029 .array/port v0x5a202581c200, 7029;
v0x5a202581c200_7030 .array/port v0x5a202581c200, 7030;
E_0x5a20257c6530/1757 .event anyedge, v0x5a202581c200_7027, v0x5a202581c200_7028, v0x5a202581c200_7029, v0x5a202581c200_7030;
v0x5a202581c200_7031 .array/port v0x5a202581c200, 7031;
v0x5a202581c200_7032 .array/port v0x5a202581c200, 7032;
v0x5a202581c200_7033 .array/port v0x5a202581c200, 7033;
v0x5a202581c200_7034 .array/port v0x5a202581c200, 7034;
E_0x5a20257c6530/1758 .event anyedge, v0x5a202581c200_7031, v0x5a202581c200_7032, v0x5a202581c200_7033, v0x5a202581c200_7034;
v0x5a202581c200_7035 .array/port v0x5a202581c200, 7035;
v0x5a202581c200_7036 .array/port v0x5a202581c200, 7036;
v0x5a202581c200_7037 .array/port v0x5a202581c200, 7037;
v0x5a202581c200_7038 .array/port v0x5a202581c200, 7038;
E_0x5a20257c6530/1759 .event anyedge, v0x5a202581c200_7035, v0x5a202581c200_7036, v0x5a202581c200_7037, v0x5a202581c200_7038;
v0x5a202581c200_7039 .array/port v0x5a202581c200, 7039;
v0x5a202581c200_7040 .array/port v0x5a202581c200, 7040;
v0x5a202581c200_7041 .array/port v0x5a202581c200, 7041;
v0x5a202581c200_7042 .array/port v0x5a202581c200, 7042;
E_0x5a20257c6530/1760 .event anyedge, v0x5a202581c200_7039, v0x5a202581c200_7040, v0x5a202581c200_7041, v0x5a202581c200_7042;
v0x5a202581c200_7043 .array/port v0x5a202581c200, 7043;
v0x5a202581c200_7044 .array/port v0x5a202581c200, 7044;
v0x5a202581c200_7045 .array/port v0x5a202581c200, 7045;
v0x5a202581c200_7046 .array/port v0x5a202581c200, 7046;
E_0x5a20257c6530/1761 .event anyedge, v0x5a202581c200_7043, v0x5a202581c200_7044, v0x5a202581c200_7045, v0x5a202581c200_7046;
v0x5a202581c200_7047 .array/port v0x5a202581c200, 7047;
v0x5a202581c200_7048 .array/port v0x5a202581c200, 7048;
v0x5a202581c200_7049 .array/port v0x5a202581c200, 7049;
v0x5a202581c200_7050 .array/port v0x5a202581c200, 7050;
E_0x5a20257c6530/1762 .event anyedge, v0x5a202581c200_7047, v0x5a202581c200_7048, v0x5a202581c200_7049, v0x5a202581c200_7050;
v0x5a202581c200_7051 .array/port v0x5a202581c200, 7051;
v0x5a202581c200_7052 .array/port v0x5a202581c200, 7052;
v0x5a202581c200_7053 .array/port v0x5a202581c200, 7053;
v0x5a202581c200_7054 .array/port v0x5a202581c200, 7054;
E_0x5a20257c6530/1763 .event anyedge, v0x5a202581c200_7051, v0x5a202581c200_7052, v0x5a202581c200_7053, v0x5a202581c200_7054;
v0x5a202581c200_7055 .array/port v0x5a202581c200, 7055;
v0x5a202581c200_7056 .array/port v0x5a202581c200, 7056;
v0x5a202581c200_7057 .array/port v0x5a202581c200, 7057;
v0x5a202581c200_7058 .array/port v0x5a202581c200, 7058;
E_0x5a20257c6530/1764 .event anyedge, v0x5a202581c200_7055, v0x5a202581c200_7056, v0x5a202581c200_7057, v0x5a202581c200_7058;
v0x5a202581c200_7059 .array/port v0x5a202581c200, 7059;
v0x5a202581c200_7060 .array/port v0x5a202581c200, 7060;
v0x5a202581c200_7061 .array/port v0x5a202581c200, 7061;
v0x5a202581c200_7062 .array/port v0x5a202581c200, 7062;
E_0x5a20257c6530/1765 .event anyedge, v0x5a202581c200_7059, v0x5a202581c200_7060, v0x5a202581c200_7061, v0x5a202581c200_7062;
v0x5a202581c200_7063 .array/port v0x5a202581c200, 7063;
v0x5a202581c200_7064 .array/port v0x5a202581c200, 7064;
v0x5a202581c200_7065 .array/port v0x5a202581c200, 7065;
v0x5a202581c200_7066 .array/port v0x5a202581c200, 7066;
E_0x5a20257c6530/1766 .event anyedge, v0x5a202581c200_7063, v0x5a202581c200_7064, v0x5a202581c200_7065, v0x5a202581c200_7066;
v0x5a202581c200_7067 .array/port v0x5a202581c200, 7067;
v0x5a202581c200_7068 .array/port v0x5a202581c200, 7068;
v0x5a202581c200_7069 .array/port v0x5a202581c200, 7069;
v0x5a202581c200_7070 .array/port v0x5a202581c200, 7070;
E_0x5a20257c6530/1767 .event anyedge, v0x5a202581c200_7067, v0x5a202581c200_7068, v0x5a202581c200_7069, v0x5a202581c200_7070;
v0x5a202581c200_7071 .array/port v0x5a202581c200, 7071;
v0x5a202581c200_7072 .array/port v0x5a202581c200, 7072;
v0x5a202581c200_7073 .array/port v0x5a202581c200, 7073;
v0x5a202581c200_7074 .array/port v0x5a202581c200, 7074;
E_0x5a20257c6530/1768 .event anyedge, v0x5a202581c200_7071, v0x5a202581c200_7072, v0x5a202581c200_7073, v0x5a202581c200_7074;
v0x5a202581c200_7075 .array/port v0x5a202581c200, 7075;
v0x5a202581c200_7076 .array/port v0x5a202581c200, 7076;
v0x5a202581c200_7077 .array/port v0x5a202581c200, 7077;
v0x5a202581c200_7078 .array/port v0x5a202581c200, 7078;
E_0x5a20257c6530/1769 .event anyedge, v0x5a202581c200_7075, v0x5a202581c200_7076, v0x5a202581c200_7077, v0x5a202581c200_7078;
v0x5a202581c200_7079 .array/port v0x5a202581c200, 7079;
v0x5a202581c200_7080 .array/port v0x5a202581c200, 7080;
v0x5a202581c200_7081 .array/port v0x5a202581c200, 7081;
v0x5a202581c200_7082 .array/port v0x5a202581c200, 7082;
E_0x5a20257c6530/1770 .event anyedge, v0x5a202581c200_7079, v0x5a202581c200_7080, v0x5a202581c200_7081, v0x5a202581c200_7082;
v0x5a202581c200_7083 .array/port v0x5a202581c200, 7083;
v0x5a202581c200_7084 .array/port v0x5a202581c200, 7084;
v0x5a202581c200_7085 .array/port v0x5a202581c200, 7085;
v0x5a202581c200_7086 .array/port v0x5a202581c200, 7086;
E_0x5a20257c6530/1771 .event anyedge, v0x5a202581c200_7083, v0x5a202581c200_7084, v0x5a202581c200_7085, v0x5a202581c200_7086;
v0x5a202581c200_7087 .array/port v0x5a202581c200, 7087;
v0x5a202581c200_7088 .array/port v0x5a202581c200, 7088;
v0x5a202581c200_7089 .array/port v0x5a202581c200, 7089;
v0x5a202581c200_7090 .array/port v0x5a202581c200, 7090;
E_0x5a20257c6530/1772 .event anyedge, v0x5a202581c200_7087, v0x5a202581c200_7088, v0x5a202581c200_7089, v0x5a202581c200_7090;
v0x5a202581c200_7091 .array/port v0x5a202581c200, 7091;
v0x5a202581c200_7092 .array/port v0x5a202581c200, 7092;
v0x5a202581c200_7093 .array/port v0x5a202581c200, 7093;
v0x5a202581c200_7094 .array/port v0x5a202581c200, 7094;
E_0x5a20257c6530/1773 .event anyedge, v0x5a202581c200_7091, v0x5a202581c200_7092, v0x5a202581c200_7093, v0x5a202581c200_7094;
v0x5a202581c200_7095 .array/port v0x5a202581c200, 7095;
v0x5a202581c200_7096 .array/port v0x5a202581c200, 7096;
v0x5a202581c200_7097 .array/port v0x5a202581c200, 7097;
v0x5a202581c200_7098 .array/port v0x5a202581c200, 7098;
E_0x5a20257c6530/1774 .event anyedge, v0x5a202581c200_7095, v0x5a202581c200_7096, v0x5a202581c200_7097, v0x5a202581c200_7098;
v0x5a202581c200_7099 .array/port v0x5a202581c200, 7099;
v0x5a202581c200_7100 .array/port v0x5a202581c200, 7100;
v0x5a202581c200_7101 .array/port v0x5a202581c200, 7101;
v0x5a202581c200_7102 .array/port v0x5a202581c200, 7102;
E_0x5a20257c6530/1775 .event anyedge, v0x5a202581c200_7099, v0x5a202581c200_7100, v0x5a202581c200_7101, v0x5a202581c200_7102;
v0x5a202581c200_7103 .array/port v0x5a202581c200, 7103;
v0x5a202581c200_7104 .array/port v0x5a202581c200, 7104;
v0x5a202581c200_7105 .array/port v0x5a202581c200, 7105;
v0x5a202581c200_7106 .array/port v0x5a202581c200, 7106;
E_0x5a20257c6530/1776 .event anyedge, v0x5a202581c200_7103, v0x5a202581c200_7104, v0x5a202581c200_7105, v0x5a202581c200_7106;
v0x5a202581c200_7107 .array/port v0x5a202581c200, 7107;
v0x5a202581c200_7108 .array/port v0x5a202581c200, 7108;
v0x5a202581c200_7109 .array/port v0x5a202581c200, 7109;
v0x5a202581c200_7110 .array/port v0x5a202581c200, 7110;
E_0x5a20257c6530/1777 .event anyedge, v0x5a202581c200_7107, v0x5a202581c200_7108, v0x5a202581c200_7109, v0x5a202581c200_7110;
v0x5a202581c200_7111 .array/port v0x5a202581c200, 7111;
v0x5a202581c200_7112 .array/port v0x5a202581c200, 7112;
v0x5a202581c200_7113 .array/port v0x5a202581c200, 7113;
v0x5a202581c200_7114 .array/port v0x5a202581c200, 7114;
E_0x5a20257c6530/1778 .event anyedge, v0x5a202581c200_7111, v0x5a202581c200_7112, v0x5a202581c200_7113, v0x5a202581c200_7114;
v0x5a202581c200_7115 .array/port v0x5a202581c200, 7115;
v0x5a202581c200_7116 .array/port v0x5a202581c200, 7116;
v0x5a202581c200_7117 .array/port v0x5a202581c200, 7117;
v0x5a202581c200_7118 .array/port v0x5a202581c200, 7118;
E_0x5a20257c6530/1779 .event anyedge, v0x5a202581c200_7115, v0x5a202581c200_7116, v0x5a202581c200_7117, v0x5a202581c200_7118;
v0x5a202581c200_7119 .array/port v0x5a202581c200, 7119;
v0x5a202581c200_7120 .array/port v0x5a202581c200, 7120;
v0x5a202581c200_7121 .array/port v0x5a202581c200, 7121;
v0x5a202581c200_7122 .array/port v0x5a202581c200, 7122;
E_0x5a20257c6530/1780 .event anyedge, v0x5a202581c200_7119, v0x5a202581c200_7120, v0x5a202581c200_7121, v0x5a202581c200_7122;
v0x5a202581c200_7123 .array/port v0x5a202581c200, 7123;
v0x5a202581c200_7124 .array/port v0x5a202581c200, 7124;
v0x5a202581c200_7125 .array/port v0x5a202581c200, 7125;
v0x5a202581c200_7126 .array/port v0x5a202581c200, 7126;
E_0x5a20257c6530/1781 .event anyedge, v0x5a202581c200_7123, v0x5a202581c200_7124, v0x5a202581c200_7125, v0x5a202581c200_7126;
v0x5a202581c200_7127 .array/port v0x5a202581c200, 7127;
v0x5a202581c200_7128 .array/port v0x5a202581c200, 7128;
v0x5a202581c200_7129 .array/port v0x5a202581c200, 7129;
v0x5a202581c200_7130 .array/port v0x5a202581c200, 7130;
E_0x5a20257c6530/1782 .event anyedge, v0x5a202581c200_7127, v0x5a202581c200_7128, v0x5a202581c200_7129, v0x5a202581c200_7130;
v0x5a202581c200_7131 .array/port v0x5a202581c200, 7131;
v0x5a202581c200_7132 .array/port v0x5a202581c200, 7132;
v0x5a202581c200_7133 .array/port v0x5a202581c200, 7133;
v0x5a202581c200_7134 .array/port v0x5a202581c200, 7134;
E_0x5a20257c6530/1783 .event anyedge, v0x5a202581c200_7131, v0x5a202581c200_7132, v0x5a202581c200_7133, v0x5a202581c200_7134;
v0x5a202581c200_7135 .array/port v0x5a202581c200, 7135;
v0x5a202581c200_7136 .array/port v0x5a202581c200, 7136;
v0x5a202581c200_7137 .array/port v0x5a202581c200, 7137;
v0x5a202581c200_7138 .array/port v0x5a202581c200, 7138;
E_0x5a20257c6530/1784 .event anyedge, v0x5a202581c200_7135, v0x5a202581c200_7136, v0x5a202581c200_7137, v0x5a202581c200_7138;
v0x5a202581c200_7139 .array/port v0x5a202581c200, 7139;
v0x5a202581c200_7140 .array/port v0x5a202581c200, 7140;
v0x5a202581c200_7141 .array/port v0x5a202581c200, 7141;
v0x5a202581c200_7142 .array/port v0x5a202581c200, 7142;
E_0x5a20257c6530/1785 .event anyedge, v0x5a202581c200_7139, v0x5a202581c200_7140, v0x5a202581c200_7141, v0x5a202581c200_7142;
v0x5a202581c200_7143 .array/port v0x5a202581c200, 7143;
v0x5a202581c200_7144 .array/port v0x5a202581c200, 7144;
v0x5a202581c200_7145 .array/port v0x5a202581c200, 7145;
v0x5a202581c200_7146 .array/port v0x5a202581c200, 7146;
E_0x5a20257c6530/1786 .event anyedge, v0x5a202581c200_7143, v0x5a202581c200_7144, v0x5a202581c200_7145, v0x5a202581c200_7146;
v0x5a202581c200_7147 .array/port v0x5a202581c200, 7147;
v0x5a202581c200_7148 .array/port v0x5a202581c200, 7148;
v0x5a202581c200_7149 .array/port v0x5a202581c200, 7149;
v0x5a202581c200_7150 .array/port v0x5a202581c200, 7150;
E_0x5a20257c6530/1787 .event anyedge, v0x5a202581c200_7147, v0x5a202581c200_7148, v0x5a202581c200_7149, v0x5a202581c200_7150;
v0x5a202581c200_7151 .array/port v0x5a202581c200, 7151;
v0x5a202581c200_7152 .array/port v0x5a202581c200, 7152;
v0x5a202581c200_7153 .array/port v0x5a202581c200, 7153;
v0x5a202581c200_7154 .array/port v0x5a202581c200, 7154;
E_0x5a20257c6530/1788 .event anyedge, v0x5a202581c200_7151, v0x5a202581c200_7152, v0x5a202581c200_7153, v0x5a202581c200_7154;
v0x5a202581c200_7155 .array/port v0x5a202581c200, 7155;
v0x5a202581c200_7156 .array/port v0x5a202581c200, 7156;
v0x5a202581c200_7157 .array/port v0x5a202581c200, 7157;
v0x5a202581c200_7158 .array/port v0x5a202581c200, 7158;
E_0x5a20257c6530/1789 .event anyedge, v0x5a202581c200_7155, v0x5a202581c200_7156, v0x5a202581c200_7157, v0x5a202581c200_7158;
v0x5a202581c200_7159 .array/port v0x5a202581c200, 7159;
v0x5a202581c200_7160 .array/port v0x5a202581c200, 7160;
v0x5a202581c200_7161 .array/port v0x5a202581c200, 7161;
v0x5a202581c200_7162 .array/port v0x5a202581c200, 7162;
E_0x5a20257c6530/1790 .event anyedge, v0x5a202581c200_7159, v0x5a202581c200_7160, v0x5a202581c200_7161, v0x5a202581c200_7162;
v0x5a202581c200_7163 .array/port v0x5a202581c200, 7163;
v0x5a202581c200_7164 .array/port v0x5a202581c200, 7164;
v0x5a202581c200_7165 .array/port v0x5a202581c200, 7165;
v0x5a202581c200_7166 .array/port v0x5a202581c200, 7166;
E_0x5a20257c6530/1791 .event anyedge, v0x5a202581c200_7163, v0x5a202581c200_7164, v0x5a202581c200_7165, v0x5a202581c200_7166;
v0x5a202581c200_7167 .array/port v0x5a202581c200, 7167;
v0x5a202581c200_7168 .array/port v0x5a202581c200, 7168;
v0x5a202581c200_7169 .array/port v0x5a202581c200, 7169;
v0x5a202581c200_7170 .array/port v0x5a202581c200, 7170;
E_0x5a20257c6530/1792 .event anyedge, v0x5a202581c200_7167, v0x5a202581c200_7168, v0x5a202581c200_7169, v0x5a202581c200_7170;
v0x5a202581c200_7171 .array/port v0x5a202581c200, 7171;
v0x5a202581c200_7172 .array/port v0x5a202581c200, 7172;
v0x5a202581c200_7173 .array/port v0x5a202581c200, 7173;
v0x5a202581c200_7174 .array/port v0x5a202581c200, 7174;
E_0x5a20257c6530/1793 .event anyedge, v0x5a202581c200_7171, v0x5a202581c200_7172, v0x5a202581c200_7173, v0x5a202581c200_7174;
v0x5a202581c200_7175 .array/port v0x5a202581c200, 7175;
v0x5a202581c200_7176 .array/port v0x5a202581c200, 7176;
v0x5a202581c200_7177 .array/port v0x5a202581c200, 7177;
v0x5a202581c200_7178 .array/port v0x5a202581c200, 7178;
E_0x5a20257c6530/1794 .event anyedge, v0x5a202581c200_7175, v0x5a202581c200_7176, v0x5a202581c200_7177, v0x5a202581c200_7178;
v0x5a202581c200_7179 .array/port v0x5a202581c200, 7179;
v0x5a202581c200_7180 .array/port v0x5a202581c200, 7180;
v0x5a202581c200_7181 .array/port v0x5a202581c200, 7181;
v0x5a202581c200_7182 .array/port v0x5a202581c200, 7182;
E_0x5a20257c6530/1795 .event anyedge, v0x5a202581c200_7179, v0x5a202581c200_7180, v0x5a202581c200_7181, v0x5a202581c200_7182;
v0x5a202581c200_7183 .array/port v0x5a202581c200, 7183;
v0x5a202581c200_7184 .array/port v0x5a202581c200, 7184;
v0x5a202581c200_7185 .array/port v0x5a202581c200, 7185;
v0x5a202581c200_7186 .array/port v0x5a202581c200, 7186;
E_0x5a20257c6530/1796 .event anyedge, v0x5a202581c200_7183, v0x5a202581c200_7184, v0x5a202581c200_7185, v0x5a202581c200_7186;
v0x5a202581c200_7187 .array/port v0x5a202581c200, 7187;
v0x5a202581c200_7188 .array/port v0x5a202581c200, 7188;
v0x5a202581c200_7189 .array/port v0x5a202581c200, 7189;
v0x5a202581c200_7190 .array/port v0x5a202581c200, 7190;
E_0x5a20257c6530/1797 .event anyedge, v0x5a202581c200_7187, v0x5a202581c200_7188, v0x5a202581c200_7189, v0x5a202581c200_7190;
v0x5a202581c200_7191 .array/port v0x5a202581c200, 7191;
v0x5a202581c200_7192 .array/port v0x5a202581c200, 7192;
v0x5a202581c200_7193 .array/port v0x5a202581c200, 7193;
v0x5a202581c200_7194 .array/port v0x5a202581c200, 7194;
E_0x5a20257c6530/1798 .event anyedge, v0x5a202581c200_7191, v0x5a202581c200_7192, v0x5a202581c200_7193, v0x5a202581c200_7194;
v0x5a202581c200_7195 .array/port v0x5a202581c200, 7195;
v0x5a202581c200_7196 .array/port v0x5a202581c200, 7196;
v0x5a202581c200_7197 .array/port v0x5a202581c200, 7197;
v0x5a202581c200_7198 .array/port v0x5a202581c200, 7198;
E_0x5a20257c6530/1799 .event anyedge, v0x5a202581c200_7195, v0x5a202581c200_7196, v0x5a202581c200_7197, v0x5a202581c200_7198;
v0x5a202581c200_7199 .array/port v0x5a202581c200, 7199;
v0x5a202581c200_7200 .array/port v0x5a202581c200, 7200;
v0x5a202581c200_7201 .array/port v0x5a202581c200, 7201;
v0x5a202581c200_7202 .array/port v0x5a202581c200, 7202;
E_0x5a20257c6530/1800 .event anyedge, v0x5a202581c200_7199, v0x5a202581c200_7200, v0x5a202581c200_7201, v0x5a202581c200_7202;
v0x5a202581c200_7203 .array/port v0x5a202581c200, 7203;
v0x5a202581c200_7204 .array/port v0x5a202581c200, 7204;
v0x5a202581c200_7205 .array/port v0x5a202581c200, 7205;
v0x5a202581c200_7206 .array/port v0x5a202581c200, 7206;
E_0x5a20257c6530/1801 .event anyedge, v0x5a202581c200_7203, v0x5a202581c200_7204, v0x5a202581c200_7205, v0x5a202581c200_7206;
v0x5a202581c200_7207 .array/port v0x5a202581c200, 7207;
v0x5a202581c200_7208 .array/port v0x5a202581c200, 7208;
v0x5a202581c200_7209 .array/port v0x5a202581c200, 7209;
v0x5a202581c200_7210 .array/port v0x5a202581c200, 7210;
E_0x5a20257c6530/1802 .event anyedge, v0x5a202581c200_7207, v0x5a202581c200_7208, v0x5a202581c200_7209, v0x5a202581c200_7210;
v0x5a202581c200_7211 .array/port v0x5a202581c200, 7211;
v0x5a202581c200_7212 .array/port v0x5a202581c200, 7212;
v0x5a202581c200_7213 .array/port v0x5a202581c200, 7213;
v0x5a202581c200_7214 .array/port v0x5a202581c200, 7214;
E_0x5a20257c6530/1803 .event anyedge, v0x5a202581c200_7211, v0x5a202581c200_7212, v0x5a202581c200_7213, v0x5a202581c200_7214;
v0x5a202581c200_7215 .array/port v0x5a202581c200, 7215;
v0x5a202581c200_7216 .array/port v0x5a202581c200, 7216;
v0x5a202581c200_7217 .array/port v0x5a202581c200, 7217;
v0x5a202581c200_7218 .array/port v0x5a202581c200, 7218;
E_0x5a20257c6530/1804 .event anyedge, v0x5a202581c200_7215, v0x5a202581c200_7216, v0x5a202581c200_7217, v0x5a202581c200_7218;
v0x5a202581c200_7219 .array/port v0x5a202581c200, 7219;
v0x5a202581c200_7220 .array/port v0x5a202581c200, 7220;
v0x5a202581c200_7221 .array/port v0x5a202581c200, 7221;
v0x5a202581c200_7222 .array/port v0x5a202581c200, 7222;
E_0x5a20257c6530/1805 .event anyedge, v0x5a202581c200_7219, v0x5a202581c200_7220, v0x5a202581c200_7221, v0x5a202581c200_7222;
v0x5a202581c200_7223 .array/port v0x5a202581c200, 7223;
v0x5a202581c200_7224 .array/port v0x5a202581c200, 7224;
v0x5a202581c200_7225 .array/port v0x5a202581c200, 7225;
v0x5a202581c200_7226 .array/port v0x5a202581c200, 7226;
E_0x5a20257c6530/1806 .event anyedge, v0x5a202581c200_7223, v0x5a202581c200_7224, v0x5a202581c200_7225, v0x5a202581c200_7226;
v0x5a202581c200_7227 .array/port v0x5a202581c200, 7227;
v0x5a202581c200_7228 .array/port v0x5a202581c200, 7228;
v0x5a202581c200_7229 .array/port v0x5a202581c200, 7229;
v0x5a202581c200_7230 .array/port v0x5a202581c200, 7230;
E_0x5a20257c6530/1807 .event anyedge, v0x5a202581c200_7227, v0x5a202581c200_7228, v0x5a202581c200_7229, v0x5a202581c200_7230;
v0x5a202581c200_7231 .array/port v0x5a202581c200, 7231;
v0x5a202581c200_7232 .array/port v0x5a202581c200, 7232;
v0x5a202581c200_7233 .array/port v0x5a202581c200, 7233;
v0x5a202581c200_7234 .array/port v0x5a202581c200, 7234;
E_0x5a20257c6530/1808 .event anyedge, v0x5a202581c200_7231, v0x5a202581c200_7232, v0x5a202581c200_7233, v0x5a202581c200_7234;
v0x5a202581c200_7235 .array/port v0x5a202581c200, 7235;
v0x5a202581c200_7236 .array/port v0x5a202581c200, 7236;
v0x5a202581c200_7237 .array/port v0x5a202581c200, 7237;
v0x5a202581c200_7238 .array/port v0x5a202581c200, 7238;
E_0x5a20257c6530/1809 .event anyedge, v0x5a202581c200_7235, v0x5a202581c200_7236, v0x5a202581c200_7237, v0x5a202581c200_7238;
v0x5a202581c200_7239 .array/port v0x5a202581c200, 7239;
v0x5a202581c200_7240 .array/port v0x5a202581c200, 7240;
v0x5a202581c200_7241 .array/port v0x5a202581c200, 7241;
v0x5a202581c200_7242 .array/port v0x5a202581c200, 7242;
E_0x5a20257c6530/1810 .event anyedge, v0x5a202581c200_7239, v0x5a202581c200_7240, v0x5a202581c200_7241, v0x5a202581c200_7242;
v0x5a202581c200_7243 .array/port v0x5a202581c200, 7243;
v0x5a202581c200_7244 .array/port v0x5a202581c200, 7244;
v0x5a202581c200_7245 .array/port v0x5a202581c200, 7245;
v0x5a202581c200_7246 .array/port v0x5a202581c200, 7246;
E_0x5a20257c6530/1811 .event anyedge, v0x5a202581c200_7243, v0x5a202581c200_7244, v0x5a202581c200_7245, v0x5a202581c200_7246;
v0x5a202581c200_7247 .array/port v0x5a202581c200, 7247;
v0x5a202581c200_7248 .array/port v0x5a202581c200, 7248;
v0x5a202581c200_7249 .array/port v0x5a202581c200, 7249;
v0x5a202581c200_7250 .array/port v0x5a202581c200, 7250;
E_0x5a20257c6530/1812 .event anyedge, v0x5a202581c200_7247, v0x5a202581c200_7248, v0x5a202581c200_7249, v0x5a202581c200_7250;
v0x5a202581c200_7251 .array/port v0x5a202581c200, 7251;
v0x5a202581c200_7252 .array/port v0x5a202581c200, 7252;
v0x5a202581c200_7253 .array/port v0x5a202581c200, 7253;
v0x5a202581c200_7254 .array/port v0x5a202581c200, 7254;
E_0x5a20257c6530/1813 .event anyedge, v0x5a202581c200_7251, v0x5a202581c200_7252, v0x5a202581c200_7253, v0x5a202581c200_7254;
v0x5a202581c200_7255 .array/port v0x5a202581c200, 7255;
v0x5a202581c200_7256 .array/port v0x5a202581c200, 7256;
v0x5a202581c200_7257 .array/port v0x5a202581c200, 7257;
v0x5a202581c200_7258 .array/port v0x5a202581c200, 7258;
E_0x5a20257c6530/1814 .event anyedge, v0x5a202581c200_7255, v0x5a202581c200_7256, v0x5a202581c200_7257, v0x5a202581c200_7258;
v0x5a202581c200_7259 .array/port v0x5a202581c200, 7259;
v0x5a202581c200_7260 .array/port v0x5a202581c200, 7260;
v0x5a202581c200_7261 .array/port v0x5a202581c200, 7261;
v0x5a202581c200_7262 .array/port v0x5a202581c200, 7262;
E_0x5a20257c6530/1815 .event anyedge, v0x5a202581c200_7259, v0x5a202581c200_7260, v0x5a202581c200_7261, v0x5a202581c200_7262;
v0x5a202581c200_7263 .array/port v0x5a202581c200, 7263;
v0x5a202581c200_7264 .array/port v0x5a202581c200, 7264;
v0x5a202581c200_7265 .array/port v0x5a202581c200, 7265;
v0x5a202581c200_7266 .array/port v0x5a202581c200, 7266;
E_0x5a20257c6530/1816 .event anyedge, v0x5a202581c200_7263, v0x5a202581c200_7264, v0x5a202581c200_7265, v0x5a202581c200_7266;
v0x5a202581c200_7267 .array/port v0x5a202581c200, 7267;
v0x5a202581c200_7268 .array/port v0x5a202581c200, 7268;
v0x5a202581c200_7269 .array/port v0x5a202581c200, 7269;
v0x5a202581c200_7270 .array/port v0x5a202581c200, 7270;
E_0x5a20257c6530/1817 .event anyedge, v0x5a202581c200_7267, v0x5a202581c200_7268, v0x5a202581c200_7269, v0x5a202581c200_7270;
v0x5a202581c200_7271 .array/port v0x5a202581c200, 7271;
v0x5a202581c200_7272 .array/port v0x5a202581c200, 7272;
v0x5a202581c200_7273 .array/port v0x5a202581c200, 7273;
v0x5a202581c200_7274 .array/port v0x5a202581c200, 7274;
E_0x5a20257c6530/1818 .event anyedge, v0x5a202581c200_7271, v0x5a202581c200_7272, v0x5a202581c200_7273, v0x5a202581c200_7274;
v0x5a202581c200_7275 .array/port v0x5a202581c200, 7275;
v0x5a202581c200_7276 .array/port v0x5a202581c200, 7276;
v0x5a202581c200_7277 .array/port v0x5a202581c200, 7277;
v0x5a202581c200_7278 .array/port v0x5a202581c200, 7278;
E_0x5a20257c6530/1819 .event anyedge, v0x5a202581c200_7275, v0x5a202581c200_7276, v0x5a202581c200_7277, v0x5a202581c200_7278;
v0x5a202581c200_7279 .array/port v0x5a202581c200, 7279;
v0x5a202581c200_7280 .array/port v0x5a202581c200, 7280;
v0x5a202581c200_7281 .array/port v0x5a202581c200, 7281;
v0x5a202581c200_7282 .array/port v0x5a202581c200, 7282;
E_0x5a20257c6530/1820 .event anyedge, v0x5a202581c200_7279, v0x5a202581c200_7280, v0x5a202581c200_7281, v0x5a202581c200_7282;
v0x5a202581c200_7283 .array/port v0x5a202581c200, 7283;
v0x5a202581c200_7284 .array/port v0x5a202581c200, 7284;
v0x5a202581c200_7285 .array/port v0x5a202581c200, 7285;
v0x5a202581c200_7286 .array/port v0x5a202581c200, 7286;
E_0x5a20257c6530/1821 .event anyedge, v0x5a202581c200_7283, v0x5a202581c200_7284, v0x5a202581c200_7285, v0x5a202581c200_7286;
v0x5a202581c200_7287 .array/port v0x5a202581c200, 7287;
v0x5a202581c200_7288 .array/port v0x5a202581c200, 7288;
v0x5a202581c200_7289 .array/port v0x5a202581c200, 7289;
v0x5a202581c200_7290 .array/port v0x5a202581c200, 7290;
E_0x5a20257c6530/1822 .event anyedge, v0x5a202581c200_7287, v0x5a202581c200_7288, v0x5a202581c200_7289, v0x5a202581c200_7290;
v0x5a202581c200_7291 .array/port v0x5a202581c200, 7291;
v0x5a202581c200_7292 .array/port v0x5a202581c200, 7292;
v0x5a202581c200_7293 .array/port v0x5a202581c200, 7293;
v0x5a202581c200_7294 .array/port v0x5a202581c200, 7294;
E_0x5a20257c6530/1823 .event anyedge, v0x5a202581c200_7291, v0x5a202581c200_7292, v0x5a202581c200_7293, v0x5a202581c200_7294;
v0x5a202581c200_7295 .array/port v0x5a202581c200, 7295;
v0x5a202581c200_7296 .array/port v0x5a202581c200, 7296;
v0x5a202581c200_7297 .array/port v0x5a202581c200, 7297;
v0x5a202581c200_7298 .array/port v0x5a202581c200, 7298;
E_0x5a20257c6530/1824 .event anyedge, v0x5a202581c200_7295, v0x5a202581c200_7296, v0x5a202581c200_7297, v0x5a202581c200_7298;
v0x5a202581c200_7299 .array/port v0x5a202581c200, 7299;
v0x5a202581c200_7300 .array/port v0x5a202581c200, 7300;
v0x5a202581c200_7301 .array/port v0x5a202581c200, 7301;
v0x5a202581c200_7302 .array/port v0x5a202581c200, 7302;
E_0x5a20257c6530/1825 .event anyedge, v0x5a202581c200_7299, v0x5a202581c200_7300, v0x5a202581c200_7301, v0x5a202581c200_7302;
v0x5a202581c200_7303 .array/port v0x5a202581c200, 7303;
v0x5a202581c200_7304 .array/port v0x5a202581c200, 7304;
v0x5a202581c200_7305 .array/port v0x5a202581c200, 7305;
v0x5a202581c200_7306 .array/port v0x5a202581c200, 7306;
E_0x5a20257c6530/1826 .event anyedge, v0x5a202581c200_7303, v0x5a202581c200_7304, v0x5a202581c200_7305, v0x5a202581c200_7306;
v0x5a202581c200_7307 .array/port v0x5a202581c200, 7307;
v0x5a202581c200_7308 .array/port v0x5a202581c200, 7308;
v0x5a202581c200_7309 .array/port v0x5a202581c200, 7309;
v0x5a202581c200_7310 .array/port v0x5a202581c200, 7310;
E_0x5a20257c6530/1827 .event anyedge, v0x5a202581c200_7307, v0x5a202581c200_7308, v0x5a202581c200_7309, v0x5a202581c200_7310;
v0x5a202581c200_7311 .array/port v0x5a202581c200, 7311;
v0x5a202581c200_7312 .array/port v0x5a202581c200, 7312;
v0x5a202581c200_7313 .array/port v0x5a202581c200, 7313;
v0x5a202581c200_7314 .array/port v0x5a202581c200, 7314;
E_0x5a20257c6530/1828 .event anyedge, v0x5a202581c200_7311, v0x5a202581c200_7312, v0x5a202581c200_7313, v0x5a202581c200_7314;
v0x5a202581c200_7315 .array/port v0x5a202581c200, 7315;
v0x5a202581c200_7316 .array/port v0x5a202581c200, 7316;
v0x5a202581c200_7317 .array/port v0x5a202581c200, 7317;
v0x5a202581c200_7318 .array/port v0x5a202581c200, 7318;
E_0x5a20257c6530/1829 .event anyedge, v0x5a202581c200_7315, v0x5a202581c200_7316, v0x5a202581c200_7317, v0x5a202581c200_7318;
v0x5a202581c200_7319 .array/port v0x5a202581c200, 7319;
v0x5a202581c200_7320 .array/port v0x5a202581c200, 7320;
v0x5a202581c200_7321 .array/port v0x5a202581c200, 7321;
v0x5a202581c200_7322 .array/port v0x5a202581c200, 7322;
E_0x5a20257c6530/1830 .event anyedge, v0x5a202581c200_7319, v0x5a202581c200_7320, v0x5a202581c200_7321, v0x5a202581c200_7322;
v0x5a202581c200_7323 .array/port v0x5a202581c200, 7323;
v0x5a202581c200_7324 .array/port v0x5a202581c200, 7324;
v0x5a202581c200_7325 .array/port v0x5a202581c200, 7325;
v0x5a202581c200_7326 .array/port v0x5a202581c200, 7326;
E_0x5a20257c6530/1831 .event anyedge, v0x5a202581c200_7323, v0x5a202581c200_7324, v0x5a202581c200_7325, v0x5a202581c200_7326;
v0x5a202581c200_7327 .array/port v0x5a202581c200, 7327;
v0x5a202581c200_7328 .array/port v0x5a202581c200, 7328;
v0x5a202581c200_7329 .array/port v0x5a202581c200, 7329;
v0x5a202581c200_7330 .array/port v0x5a202581c200, 7330;
E_0x5a20257c6530/1832 .event anyedge, v0x5a202581c200_7327, v0x5a202581c200_7328, v0x5a202581c200_7329, v0x5a202581c200_7330;
v0x5a202581c200_7331 .array/port v0x5a202581c200, 7331;
v0x5a202581c200_7332 .array/port v0x5a202581c200, 7332;
v0x5a202581c200_7333 .array/port v0x5a202581c200, 7333;
v0x5a202581c200_7334 .array/port v0x5a202581c200, 7334;
E_0x5a20257c6530/1833 .event anyedge, v0x5a202581c200_7331, v0x5a202581c200_7332, v0x5a202581c200_7333, v0x5a202581c200_7334;
v0x5a202581c200_7335 .array/port v0x5a202581c200, 7335;
v0x5a202581c200_7336 .array/port v0x5a202581c200, 7336;
v0x5a202581c200_7337 .array/port v0x5a202581c200, 7337;
v0x5a202581c200_7338 .array/port v0x5a202581c200, 7338;
E_0x5a20257c6530/1834 .event anyedge, v0x5a202581c200_7335, v0x5a202581c200_7336, v0x5a202581c200_7337, v0x5a202581c200_7338;
v0x5a202581c200_7339 .array/port v0x5a202581c200, 7339;
v0x5a202581c200_7340 .array/port v0x5a202581c200, 7340;
v0x5a202581c200_7341 .array/port v0x5a202581c200, 7341;
v0x5a202581c200_7342 .array/port v0x5a202581c200, 7342;
E_0x5a20257c6530/1835 .event anyedge, v0x5a202581c200_7339, v0x5a202581c200_7340, v0x5a202581c200_7341, v0x5a202581c200_7342;
v0x5a202581c200_7343 .array/port v0x5a202581c200, 7343;
v0x5a202581c200_7344 .array/port v0x5a202581c200, 7344;
v0x5a202581c200_7345 .array/port v0x5a202581c200, 7345;
v0x5a202581c200_7346 .array/port v0x5a202581c200, 7346;
E_0x5a20257c6530/1836 .event anyedge, v0x5a202581c200_7343, v0x5a202581c200_7344, v0x5a202581c200_7345, v0x5a202581c200_7346;
v0x5a202581c200_7347 .array/port v0x5a202581c200, 7347;
v0x5a202581c200_7348 .array/port v0x5a202581c200, 7348;
v0x5a202581c200_7349 .array/port v0x5a202581c200, 7349;
v0x5a202581c200_7350 .array/port v0x5a202581c200, 7350;
E_0x5a20257c6530/1837 .event anyedge, v0x5a202581c200_7347, v0x5a202581c200_7348, v0x5a202581c200_7349, v0x5a202581c200_7350;
v0x5a202581c200_7351 .array/port v0x5a202581c200, 7351;
v0x5a202581c200_7352 .array/port v0x5a202581c200, 7352;
v0x5a202581c200_7353 .array/port v0x5a202581c200, 7353;
v0x5a202581c200_7354 .array/port v0x5a202581c200, 7354;
E_0x5a20257c6530/1838 .event anyedge, v0x5a202581c200_7351, v0x5a202581c200_7352, v0x5a202581c200_7353, v0x5a202581c200_7354;
v0x5a202581c200_7355 .array/port v0x5a202581c200, 7355;
v0x5a202581c200_7356 .array/port v0x5a202581c200, 7356;
v0x5a202581c200_7357 .array/port v0x5a202581c200, 7357;
v0x5a202581c200_7358 .array/port v0x5a202581c200, 7358;
E_0x5a20257c6530/1839 .event anyedge, v0x5a202581c200_7355, v0x5a202581c200_7356, v0x5a202581c200_7357, v0x5a202581c200_7358;
v0x5a202581c200_7359 .array/port v0x5a202581c200, 7359;
v0x5a202581c200_7360 .array/port v0x5a202581c200, 7360;
v0x5a202581c200_7361 .array/port v0x5a202581c200, 7361;
v0x5a202581c200_7362 .array/port v0x5a202581c200, 7362;
E_0x5a20257c6530/1840 .event anyedge, v0x5a202581c200_7359, v0x5a202581c200_7360, v0x5a202581c200_7361, v0x5a202581c200_7362;
v0x5a202581c200_7363 .array/port v0x5a202581c200, 7363;
v0x5a202581c200_7364 .array/port v0x5a202581c200, 7364;
v0x5a202581c200_7365 .array/port v0x5a202581c200, 7365;
v0x5a202581c200_7366 .array/port v0x5a202581c200, 7366;
E_0x5a20257c6530/1841 .event anyedge, v0x5a202581c200_7363, v0x5a202581c200_7364, v0x5a202581c200_7365, v0x5a202581c200_7366;
v0x5a202581c200_7367 .array/port v0x5a202581c200, 7367;
v0x5a202581c200_7368 .array/port v0x5a202581c200, 7368;
v0x5a202581c200_7369 .array/port v0x5a202581c200, 7369;
v0x5a202581c200_7370 .array/port v0x5a202581c200, 7370;
E_0x5a20257c6530/1842 .event anyedge, v0x5a202581c200_7367, v0x5a202581c200_7368, v0x5a202581c200_7369, v0x5a202581c200_7370;
v0x5a202581c200_7371 .array/port v0x5a202581c200, 7371;
v0x5a202581c200_7372 .array/port v0x5a202581c200, 7372;
v0x5a202581c200_7373 .array/port v0x5a202581c200, 7373;
v0x5a202581c200_7374 .array/port v0x5a202581c200, 7374;
E_0x5a20257c6530/1843 .event anyedge, v0x5a202581c200_7371, v0x5a202581c200_7372, v0x5a202581c200_7373, v0x5a202581c200_7374;
v0x5a202581c200_7375 .array/port v0x5a202581c200, 7375;
v0x5a202581c200_7376 .array/port v0x5a202581c200, 7376;
v0x5a202581c200_7377 .array/port v0x5a202581c200, 7377;
v0x5a202581c200_7378 .array/port v0x5a202581c200, 7378;
E_0x5a20257c6530/1844 .event anyedge, v0x5a202581c200_7375, v0x5a202581c200_7376, v0x5a202581c200_7377, v0x5a202581c200_7378;
v0x5a202581c200_7379 .array/port v0x5a202581c200, 7379;
v0x5a202581c200_7380 .array/port v0x5a202581c200, 7380;
v0x5a202581c200_7381 .array/port v0x5a202581c200, 7381;
v0x5a202581c200_7382 .array/port v0x5a202581c200, 7382;
E_0x5a20257c6530/1845 .event anyedge, v0x5a202581c200_7379, v0x5a202581c200_7380, v0x5a202581c200_7381, v0x5a202581c200_7382;
v0x5a202581c200_7383 .array/port v0x5a202581c200, 7383;
v0x5a202581c200_7384 .array/port v0x5a202581c200, 7384;
v0x5a202581c200_7385 .array/port v0x5a202581c200, 7385;
v0x5a202581c200_7386 .array/port v0x5a202581c200, 7386;
E_0x5a20257c6530/1846 .event anyedge, v0x5a202581c200_7383, v0x5a202581c200_7384, v0x5a202581c200_7385, v0x5a202581c200_7386;
v0x5a202581c200_7387 .array/port v0x5a202581c200, 7387;
v0x5a202581c200_7388 .array/port v0x5a202581c200, 7388;
v0x5a202581c200_7389 .array/port v0x5a202581c200, 7389;
v0x5a202581c200_7390 .array/port v0x5a202581c200, 7390;
E_0x5a20257c6530/1847 .event anyedge, v0x5a202581c200_7387, v0x5a202581c200_7388, v0x5a202581c200_7389, v0x5a202581c200_7390;
v0x5a202581c200_7391 .array/port v0x5a202581c200, 7391;
v0x5a202581c200_7392 .array/port v0x5a202581c200, 7392;
v0x5a202581c200_7393 .array/port v0x5a202581c200, 7393;
v0x5a202581c200_7394 .array/port v0x5a202581c200, 7394;
E_0x5a20257c6530/1848 .event anyedge, v0x5a202581c200_7391, v0x5a202581c200_7392, v0x5a202581c200_7393, v0x5a202581c200_7394;
v0x5a202581c200_7395 .array/port v0x5a202581c200, 7395;
v0x5a202581c200_7396 .array/port v0x5a202581c200, 7396;
v0x5a202581c200_7397 .array/port v0x5a202581c200, 7397;
v0x5a202581c200_7398 .array/port v0x5a202581c200, 7398;
E_0x5a20257c6530/1849 .event anyedge, v0x5a202581c200_7395, v0x5a202581c200_7396, v0x5a202581c200_7397, v0x5a202581c200_7398;
v0x5a202581c200_7399 .array/port v0x5a202581c200, 7399;
v0x5a202581c200_7400 .array/port v0x5a202581c200, 7400;
v0x5a202581c200_7401 .array/port v0x5a202581c200, 7401;
v0x5a202581c200_7402 .array/port v0x5a202581c200, 7402;
E_0x5a20257c6530/1850 .event anyedge, v0x5a202581c200_7399, v0x5a202581c200_7400, v0x5a202581c200_7401, v0x5a202581c200_7402;
v0x5a202581c200_7403 .array/port v0x5a202581c200, 7403;
v0x5a202581c200_7404 .array/port v0x5a202581c200, 7404;
v0x5a202581c200_7405 .array/port v0x5a202581c200, 7405;
v0x5a202581c200_7406 .array/port v0x5a202581c200, 7406;
E_0x5a20257c6530/1851 .event anyedge, v0x5a202581c200_7403, v0x5a202581c200_7404, v0x5a202581c200_7405, v0x5a202581c200_7406;
v0x5a202581c200_7407 .array/port v0x5a202581c200, 7407;
v0x5a202581c200_7408 .array/port v0x5a202581c200, 7408;
v0x5a202581c200_7409 .array/port v0x5a202581c200, 7409;
v0x5a202581c200_7410 .array/port v0x5a202581c200, 7410;
E_0x5a20257c6530/1852 .event anyedge, v0x5a202581c200_7407, v0x5a202581c200_7408, v0x5a202581c200_7409, v0x5a202581c200_7410;
v0x5a202581c200_7411 .array/port v0x5a202581c200, 7411;
v0x5a202581c200_7412 .array/port v0x5a202581c200, 7412;
v0x5a202581c200_7413 .array/port v0x5a202581c200, 7413;
v0x5a202581c200_7414 .array/port v0x5a202581c200, 7414;
E_0x5a20257c6530/1853 .event anyedge, v0x5a202581c200_7411, v0x5a202581c200_7412, v0x5a202581c200_7413, v0x5a202581c200_7414;
v0x5a202581c200_7415 .array/port v0x5a202581c200, 7415;
v0x5a202581c200_7416 .array/port v0x5a202581c200, 7416;
v0x5a202581c200_7417 .array/port v0x5a202581c200, 7417;
v0x5a202581c200_7418 .array/port v0x5a202581c200, 7418;
E_0x5a20257c6530/1854 .event anyedge, v0x5a202581c200_7415, v0x5a202581c200_7416, v0x5a202581c200_7417, v0x5a202581c200_7418;
v0x5a202581c200_7419 .array/port v0x5a202581c200, 7419;
v0x5a202581c200_7420 .array/port v0x5a202581c200, 7420;
v0x5a202581c200_7421 .array/port v0x5a202581c200, 7421;
v0x5a202581c200_7422 .array/port v0x5a202581c200, 7422;
E_0x5a20257c6530/1855 .event anyedge, v0x5a202581c200_7419, v0x5a202581c200_7420, v0x5a202581c200_7421, v0x5a202581c200_7422;
v0x5a202581c200_7423 .array/port v0x5a202581c200, 7423;
v0x5a202581c200_7424 .array/port v0x5a202581c200, 7424;
v0x5a202581c200_7425 .array/port v0x5a202581c200, 7425;
v0x5a202581c200_7426 .array/port v0x5a202581c200, 7426;
E_0x5a20257c6530/1856 .event anyedge, v0x5a202581c200_7423, v0x5a202581c200_7424, v0x5a202581c200_7425, v0x5a202581c200_7426;
v0x5a202581c200_7427 .array/port v0x5a202581c200, 7427;
v0x5a202581c200_7428 .array/port v0x5a202581c200, 7428;
v0x5a202581c200_7429 .array/port v0x5a202581c200, 7429;
v0x5a202581c200_7430 .array/port v0x5a202581c200, 7430;
E_0x5a20257c6530/1857 .event anyedge, v0x5a202581c200_7427, v0x5a202581c200_7428, v0x5a202581c200_7429, v0x5a202581c200_7430;
v0x5a202581c200_7431 .array/port v0x5a202581c200, 7431;
v0x5a202581c200_7432 .array/port v0x5a202581c200, 7432;
v0x5a202581c200_7433 .array/port v0x5a202581c200, 7433;
v0x5a202581c200_7434 .array/port v0x5a202581c200, 7434;
E_0x5a20257c6530/1858 .event anyedge, v0x5a202581c200_7431, v0x5a202581c200_7432, v0x5a202581c200_7433, v0x5a202581c200_7434;
v0x5a202581c200_7435 .array/port v0x5a202581c200, 7435;
v0x5a202581c200_7436 .array/port v0x5a202581c200, 7436;
v0x5a202581c200_7437 .array/port v0x5a202581c200, 7437;
v0x5a202581c200_7438 .array/port v0x5a202581c200, 7438;
E_0x5a20257c6530/1859 .event anyedge, v0x5a202581c200_7435, v0x5a202581c200_7436, v0x5a202581c200_7437, v0x5a202581c200_7438;
v0x5a202581c200_7439 .array/port v0x5a202581c200, 7439;
v0x5a202581c200_7440 .array/port v0x5a202581c200, 7440;
v0x5a202581c200_7441 .array/port v0x5a202581c200, 7441;
v0x5a202581c200_7442 .array/port v0x5a202581c200, 7442;
E_0x5a20257c6530/1860 .event anyedge, v0x5a202581c200_7439, v0x5a202581c200_7440, v0x5a202581c200_7441, v0x5a202581c200_7442;
v0x5a202581c200_7443 .array/port v0x5a202581c200, 7443;
v0x5a202581c200_7444 .array/port v0x5a202581c200, 7444;
v0x5a202581c200_7445 .array/port v0x5a202581c200, 7445;
v0x5a202581c200_7446 .array/port v0x5a202581c200, 7446;
E_0x5a20257c6530/1861 .event anyedge, v0x5a202581c200_7443, v0x5a202581c200_7444, v0x5a202581c200_7445, v0x5a202581c200_7446;
v0x5a202581c200_7447 .array/port v0x5a202581c200, 7447;
v0x5a202581c200_7448 .array/port v0x5a202581c200, 7448;
v0x5a202581c200_7449 .array/port v0x5a202581c200, 7449;
v0x5a202581c200_7450 .array/port v0x5a202581c200, 7450;
E_0x5a20257c6530/1862 .event anyedge, v0x5a202581c200_7447, v0x5a202581c200_7448, v0x5a202581c200_7449, v0x5a202581c200_7450;
v0x5a202581c200_7451 .array/port v0x5a202581c200, 7451;
v0x5a202581c200_7452 .array/port v0x5a202581c200, 7452;
v0x5a202581c200_7453 .array/port v0x5a202581c200, 7453;
v0x5a202581c200_7454 .array/port v0x5a202581c200, 7454;
E_0x5a20257c6530/1863 .event anyedge, v0x5a202581c200_7451, v0x5a202581c200_7452, v0x5a202581c200_7453, v0x5a202581c200_7454;
v0x5a202581c200_7455 .array/port v0x5a202581c200, 7455;
v0x5a202581c200_7456 .array/port v0x5a202581c200, 7456;
v0x5a202581c200_7457 .array/port v0x5a202581c200, 7457;
v0x5a202581c200_7458 .array/port v0x5a202581c200, 7458;
E_0x5a20257c6530/1864 .event anyedge, v0x5a202581c200_7455, v0x5a202581c200_7456, v0x5a202581c200_7457, v0x5a202581c200_7458;
v0x5a202581c200_7459 .array/port v0x5a202581c200, 7459;
v0x5a202581c200_7460 .array/port v0x5a202581c200, 7460;
v0x5a202581c200_7461 .array/port v0x5a202581c200, 7461;
v0x5a202581c200_7462 .array/port v0x5a202581c200, 7462;
E_0x5a20257c6530/1865 .event anyedge, v0x5a202581c200_7459, v0x5a202581c200_7460, v0x5a202581c200_7461, v0x5a202581c200_7462;
v0x5a202581c200_7463 .array/port v0x5a202581c200, 7463;
v0x5a202581c200_7464 .array/port v0x5a202581c200, 7464;
v0x5a202581c200_7465 .array/port v0x5a202581c200, 7465;
v0x5a202581c200_7466 .array/port v0x5a202581c200, 7466;
E_0x5a20257c6530/1866 .event anyedge, v0x5a202581c200_7463, v0x5a202581c200_7464, v0x5a202581c200_7465, v0x5a202581c200_7466;
v0x5a202581c200_7467 .array/port v0x5a202581c200, 7467;
v0x5a202581c200_7468 .array/port v0x5a202581c200, 7468;
v0x5a202581c200_7469 .array/port v0x5a202581c200, 7469;
v0x5a202581c200_7470 .array/port v0x5a202581c200, 7470;
E_0x5a20257c6530/1867 .event anyedge, v0x5a202581c200_7467, v0x5a202581c200_7468, v0x5a202581c200_7469, v0x5a202581c200_7470;
v0x5a202581c200_7471 .array/port v0x5a202581c200, 7471;
v0x5a202581c200_7472 .array/port v0x5a202581c200, 7472;
v0x5a202581c200_7473 .array/port v0x5a202581c200, 7473;
v0x5a202581c200_7474 .array/port v0x5a202581c200, 7474;
E_0x5a20257c6530/1868 .event anyedge, v0x5a202581c200_7471, v0x5a202581c200_7472, v0x5a202581c200_7473, v0x5a202581c200_7474;
v0x5a202581c200_7475 .array/port v0x5a202581c200, 7475;
v0x5a202581c200_7476 .array/port v0x5a202581c200, 7476;
v0x5a202581c200_7477 .array/port v0x5a202581c200, 7477;
v0x5a202581c200_7478 .array/port v0x5a202581c200, 7478;
E_0x5a20257c6530/1869 .event anyedge, v0x5a202581c200_7475, v0x5a202581c200_7476, v0x5a202581c200_7477, v0x5a202581c200_7478;
v0x5a202581c200_7479 .array/port v0x5a202581c200, 7479;
v0x5a202581c200_7480 .array/port v0x5a202581c200, 7480;
v0x5a202581c200_7481 .array/port v0x5a202581c200, 7481;
v0x5a202581c200_7482 .array/port v0x5a202581c200, 7482;
E_0x5a20257c6530/1870 .event anyedge, v0x5a202581c200_7479, v0x5a202581c200_7480, v0x5a202581c200_7481, v0x5a202581c200_7482;
v0x5a202581c200_7483 .array/port v0x5a202581c200, 7483;
v0x5a202581c200_7484 .array/port v0x5a202581c200, 7484;
v0x5a202581c200_7485 .array/port v0x5a202581c200, 7485;
v0x5a202581c200_7486 .array/port v0x5a202581c200, 7486;
E_0x5a20257c6530/1871 .event anyedge, v0x5a202581c200_7483, v0x5a202581c200_7484, v0x5a202581c200_7485, v0x5a202581c200_7486;
v0x5a202581c200_7487 .array/port v0x5a202581c200, 7487;
v0x5a202581c200_7488 .array/port v0x5a202581c200, 7488;
v0x5a202581c200_7489 .array/port v0x5a202581c200, 7489;
v0x5a202581c200_7490 .array/port v0x5a202581c200, 7490;
E_0x5a20257c6530/1872 .event anyedge, v0x5a202581c200_7487, v0x5a202581c200_7488, v0x5a202581c200_7489, v0x5a202581c200_7490;
v0x5a202581c200_7491 .array/port v0x5a202581c200, 7491;
v0x5a202581c200_7492 .array/port v0x5a202581c200, 7492;
v0x5a202581c200_7493 .array/port v0x5a202581c200, 7493;
v0x5a202581c200_7494 .array/port v0x5a202581c200, 7494;
E_0x5a20257c6530/1873 .event anyedge, v0x5a202581c200_7491, v0x5a202581c200_7492, v0x5a202581c200_7493, v0x5a202581c200_7494;
v0x5a202581c200_7495 .array/port v0x5a202581c200, 7495;
v0x5a202581c200_7496 .array/port v0x5a202581c200, 7496;
v0x5a202581c200_7497 .array/port v0x5a202581c200, 7497;
v0x5a202581c200_7498 .array/port v0x5a202581c200, 7498;
E_0x5a20257c6530/1874 .event anyedge, v0x5a202581c200_7495, v0x5a202581c200_7496, v0x5a202581c200_7497, v0x5a202581c200_7498;
v0x5a202581c200_7499 .array/port v0x5a202581c200, 7499;
v0x5a202581c200_7500 .array/port v0x5a202581c200, 7500;
v0x5a202581c200_7501 .array/port v0x5a202581c200, 7501;
v0x5a202581c200_7502 .array/port v0x5a202581c200, 7502;
E_0x5a20257c6530/1875 .event anyedge, v0x5a202581c200_7499, v0x5a202581c200_7500, v0x5a202581c200_7501, v0x5a202581c200_7502;
v0x5a202581c200_7503 .array/port v0x5a202581c200, 7503;
v0x5a202581c200_7504 .array/port v0x5a202581c200, 7504;
v0x5a202581c200_7505 .array/port v0x5a202581c200, 7505;
v0x5a202581c200_7506 .array/port v0x5a202581c200, 7506;
E_0x5a20257c6530/1876 .event anyedge, v0x5a202581c200_7503, v0x5a202581c200_7504, v0x5a202581c200_7505, v0x5a202581c200_7506;
v0x5a202581c200_7507 .array/port v0x5a202581c200, 7507;
v0x5a202581c200_7508 .array/port v0x5a202581c200, 7508;
v0x5a202581c200_7509 .array/port v0x5a202581c200, 7509;
v0x5a202581c200_7510 .array/port v0x5a202581c200, 7510;
E_0x5a20257c6530/1877 .event anyedge, v0x5a202581c200_7507, v0x5a202581c200_7508, v0x5a202581c200_7509, v0x5a202581c200_7510;
v0x5a202581c200_7511 .array/port v0x5a202581c200, 7511;
v0x5a202581c200_7512 .array/port v0x5a202581c200, 7512;
v0x5a202581c200_7513 .array/port v0x5a202581c200, 7513;
v0x5a202581c200_7514 .array/port v0x5a202581c200, 7514;
E_0x5a20257c6530/1878 .event anyedge, v0x5a202581c200_7511, v0x5a202581c200_7512, v0x5a202581c200_7513, v0x5a202581c200_7514;
v0x5a202581c200_7515 .array/port v0x5a202581c200, 7515;
v0x5a202581c200_7516 .array/port v0x5a202581c200, 7516;
v0x5a202581c200_7517 .array/port v0x5a202581c200, 7517;
v0x5a202581c200_7518 .array/port v0x5a202581c200, 7518;
E_0x5a20257c6530/1879 .event anyedge, v0x5a202581c200_7515, v0x5a202581c200_7516, v0x5a202581c200_7517, v0x5a202581c200_7518;
v0x5a202581c200_7519 .array/port v0x5a202581c200, 7519;
v0x5a202581c200_7520 .array/port v0x5a202581c200, 7520;
v0x5a202581c200_7521 .array/port v0x5a202581c200, 7521;
v0x5a202581c200_7522 .array/port v0x5a202581c200, 7522;
E_0x5a20257c6530/1880 .event anyedge, v0x5a202581c200_7519, v0x5a202581c200_7520, v0x5a202581c200_7521, v0x5a202581c200_7522;
v0x5a202581c200_7523 .array/port v0x5a202581c200, 7523;
v0x5a202581c200_7524 .array/port v0x5a202581c200, 7524;
v0x5a202581c200_7525 .array/port v0x5a202581c200, 7525;
v0x5a202581c200_7526 .array/port v0x5a202581c200, 7526;
E_0x5a20257c6530/1881 .event anyedge, v0x5a202581c200_7523, v0x5a202581c200_7524, v0x5a202581c200_7525, v0x5a202581c200_7526;
v0x5a202581c200_7527 .array/port v0x5a202581c200, 7527;
v0x5a202581c200_7528 .array/port v0x5a202581c200, 7528;
v0x5a202581c200_7529 .array/port v0x5a202581c200, 7529;
v0x5a202581c200_7530 .array/port v0x5a202581c200, 7530;
E_0x5a20257c6530/1882 .event anyedge, v0x5a202581c200_7527, v0x5a202581c200_7528, v0x5a202581c200_7529, v0x5a202581c200_7530;
v0x5a202581c200_7531 .array/port v0x5a202581c200, 7531;
v0x5a202581c200_7532 .array/port v0x5a202581c200, 7532;
v0x5a202581c200_7533 .array/port v0x5a202581c200, 7533;
v0x5a202581c200_7534 .array/port v0x5a202581c200, 7534;
E_0x5a20257c6530/1883 .event anyedge, v0x5a202581c200_7531, v0x5a202581c200_7532, v0x5a202581c200_7533, v0x5a202581c200_7534;
v0x5a202581c200_7535 .array/port v0x5a202581c200, 7535;
v0x5a202581c200_7536 .array/port v0x5a202581c200, 7536;
v0x5a202581c200_7537 .array/port v0x5a202581c200, 7537;
v0x5a202581c200_7538 .array/port v0x5a202581c200, 7538;
E_0x5a20257c6530/1884 .event anyedge, v0x5a202581c200_7535, v0x5a202581c200_7536, v0x5a202581c200_7537, v0x5a202581c200_7538;
v0x5a202581c200_7539 .array/port v0x5a202581c200, 7539;
v0x5a202581c200_7540 .array/port v0x5a202581c200, 7540;
v0x5a202581c200_7541 .array/port v0x5a202581c200, 7541;
v0x5a202581c200_7542 .array/port v0x5a202581c200, 7542;
E_0x5a20257c6530/1885 .event anyedge, v0x5a202581c200_7539, v0x5a202581c200_7540, v0x5a202581c200_7541, v0x5a202581c200_7542;
v0x5a202581c200_7543 .array/port v0x5a202581c200, 7543;
v0x5a202581c200_7544 .array/port v0x5a202581c200, 7544;
v0x5a202581c200_7545 .array/port v0x5a202581c200, 7545;
v0x5a202581c200_7546 .array/port v0x5a202581c200, 7546;
E_0x5a20257c6530/1886 .event anyedge, v0x5a202581c200_7543, v0x5a202581c200_7544, v0x5a202581c200_7545, v0x5a202581c200_7546;
v0x5a202581c200_7547 .array/port v0x5a202581c200, 7547;
v0x5a202581c200_7548 .array/port v0x5a202581c200, 7548;
v0x5a202581c200_7549 .array/port v0x5a202581c200, 7549;
v0x5a202581c200_7550 .array/port v0x5a202581c200, 7550;
E_0x5a20257c6530/1887 .event anyedge, v0x5a202581c200_7547, v0x5a202581c200_7548, v0x5a202581c200_7549, v0x5a202581c200_7550;
v0x5a202581c200_7551 .array/port v0x5a202581c200, 7551;
v0x5a202581c200_7552 .array/port v0x5a202581c200, 7552;
v0x5a202581c200_7553 .array/port v0x5a202581c200, 7553;
v0x5a202581c200_7554 .array/port v0x5a202581c200, 7554;
E_0x5a20257c6530/1888 .event anyedge, v0x5a202581c200_7551, v0x5a202581c200_7552, v0x5a202581c200_7553, v0x5a202581c200_7554;
v0x5a202581c200_7555 .array/port v0x5a202581c200, 7555;
v0x5a202581c200_7556 .array/port v0x5a202581c200, 7556;
v0x5a202581c200_7557 .array/port v0x5a202581c200, 7557;
v0x5a202581c200_7558 .array/port v0x5a202581c200, 7558;
E_0x5a20257c6530/1889 .event anyedge, v0x5a202581c200_7555, v0x5a202581c200_7556, v0x5a202581c200_7557, v0x5a202581c200_7558;
v0x5a202581c200_7559 .array/port v0x5a202581c200, 7559;
v0x5a202581c200_7560 .array/port v0x5a202581c200, 7560;
v0x5a202581c200_7561 .array/port v0x5a202581c200, 7561;
v0x5a202581c200_7562 .array/port v0x5a202581c200, 7562;
E_0x5a20257c6530/1890 .event anyedge, v0x5a202581c200_7559, v0x5a202581c200_7560, v0x5a202581c200_7561, v0x5a202581c200_7562;
v0x5a202581c200_7563 .array/port v0x5a202581c200, 7563;
v0x5a202581c200_7564 .array/port v0x5a202581c200, 7564;
v0x5a202581c200_7565 .array/port v0x5a202581c200, 7565;
v0x5a202581c200_7566 .array/port v0x5a202581c200, 7566;
E_0x5a20257c6530/1891 .event anyedge, v0x5a202581c200_7563, v0x5a202581c200_7564, v0x5a202581c200_7565, v0x5a202581c200_7566;
v0x5a202581c200_7567 .array/port v0x5a202581c200, 7567;
v0x5a202581c200_7568 .array/port v0x5a202581c200, 7568;
v0x5a202581c200_7569 .array/port v0x5a202581c200, 7569;
v0x5a202581c200_7570 .array/port v0x5a202581c200, 7570;
E_0x5a20257c6530/1892 .event anyedge, v0x5a202581c200_7567, v0x5a202581c200_7568, v0x5a202581c200_7569, v0x5a202581c200_7570;
v0x5a202581c200_7571 .array/port v0x5a202581c200, 7571;
v0x5a202581c200_7572 .array/port v0x5a202581c200, 7572;
v0x5a202581c200_7573 .array/port v0x5a202581c200, 7573;
v0x5a202581c200_7574 .array/port v0x5a202581c200, 7574;
E_0x5a20257c6530/1893 .event anyedge, v0x5a202581c200_7571, v0x5a202581c200_7572, v0x5a202581c200_7573, v0x5a202581c200_7574;
v0x5a202581c200_7575 .array/port v0x5a202581c200, 7575;
v0x5a202581c200_7576 .array/port v0x5a202581c200, 7576;
v0x5a202581c200_7577 .array/port v0x5a202581c200, 7577;
v0x5a202581c200_7578 .array/port v0x5a202581c200, 7578;
E_0x5a20257c6530/1894 .event anyedge, v0x5a202581c200_7575, v0x5a202581c200_7576, v0x5a202581c200_7577, v0x5a202581c200_7578;
v0x5a202581c200_7579 .array/port v0x5a202581c200, 7579;
v0x5a202581c200_7580 .array/port v0x5a202581c200, 7580;
v0x5a202581c200_7581 .array/port v0x5a202581c200, 7581;
v0x5a202581c200_7582 .array/port v0x5a202581c200, 7582;
E_0x5a20257c6530/1895 .event anyedge, v0x5a202581c200_7579, v0x5a202581c200_7580, v0x5a202581c200_7581, v0x5a202581c200_7582;
v0x5a202581c200_7583 .array/port v0x5a202581c200, 7583;
v0x5a202581c200_7584 .array/port v0x5a202581c200, 7584;
v0x5a202581c200_7585 .array/port v0x5a202581c200, 7585;
v0x5a202581c200_7586 .array/port v0x5a202581c200, 7586;
E_0x5a20257c6530/1896 .event anyedge, v0x5a202581c200_7583, v0x5a202581c200_7584, v0x5a202581c200_7585, v0x5a202581c200_7586;
v0x5a202581c200_7587 .array/port v0x5a202581c200, 7587;
v0x5a202581c200_7588 .array/port v0x5a202581c200, 7588;
v0x5a202581c200_7589 .array/port v0x5a202581c200, 7589;
v0x5a202581c200_7590 .array/port v0x5a202581c200, 7590;
E_0x5a20257c6530/1897 .event anyedge, v0x5a202581c200_7587, v0x5a202581c200_7588, v0x5a202581c200_7589, v0x5a202581c200_7590;
v0x5a202581c200_7591 .array/port v0x5a202581c200, 7591;
v0x5a202581c200_7592 .array/port v0x5a202581c200, 7592;
v0x5a202581c200_7593 .array/port v0x5a202581c200, 7593;
v0x5a202581c200_7594 .array/port v0x5a202581c200, 7594;
E_0x5a20257c6530/1898 .event anyedge, v0x5a202581c200_7591, v0x5a202581c200_7592, v0x5a202581c200_7593, v0x5a202581c200_7594;
v0x5a202581c200_7595 .array/port v0x5a202581c200, 7595;
v0x5a202581c200_7596 .array/port v0x5a202581c200, 7596;
v0x5a202581c200_7597 .array/port v0x5a202581c200, 7597;
v0x5a202581c200_7598 .array/port v0x5a202581c200, 7598;
E_0x5a20257c6530/1899 .event anyedge, v0x5a202581c200_7595, v0x5a202581c200_7596, v0x5a202581c200_7597, v0x5a202581c200_7598;
v0x5a202581c200_7599 .array/port v0x5a202581c200, 7599;
v0x5a202581c200_7600 .array/port v0x5a202581c200, 7600;
v0x5a202581c200_7601 .array/port v0x5a202581c200, 7601;
v0x5a202581c200_7602 .array/port v0x5a202581c200, 7602;
E_0x5a20257c6530/1900 .event anyedge, v0x5a202581c200_7599, v0x5a202581c200_7600, v0x5a202581c200_7601, v0x5a202581c200_7602;
v0x5a202581c200_7603 .array/port v0x5a202581c200, 7603;
v0x5a202581c200_7604 .array/port v0x5a202581c200, 7604;
v0x5a202581c200_7605 .array/port v0x5a202581c200, 7605;
v0x5a202581c200_7606 .array/port v0x5a202581c200, 7606;
E_0x5a20257c6530/1901 .event anyedge, v0x5a202581c200_7603, v0x5a202581c200_7604, v0x5a202581c200_7605, v0x5a202581c200_7606;
v0x5a202581c200_7607 .array/port v0x5a202581c200, 7607;
v0x5a202581c200_7608 .array/port v0x5a202581c200, 7608;
v0x5a202581c200_7609 .array/port v0x5a202581c200, 7609;
v0x5a202581c200_7610 .array/port v0x5a202581c200, 7610;
E_0x5a20257c6530/1902 .event anyedge, v0x5a202581c200_7607, v0x5a202581c200_7608, v0x5a202581c200_7609, v0x5a202581c200_7610;
v0x5a202581c200_7611 .array/port v0x5a202581c200, 7611;
v0x5a202581c200_7612 .array/port v0x5a202581c200, 7612;
v0x5a202581c200_7613 .array/port v0x5a202581c200, 7613;
v0x5a202581c200_7614 .array/port v0x5a202581c200, 7614;
E_0x5a20257c6530/1903 .event anyedge, v0x5a202581c200_7611, v0x5a202581c200_7612, v0x5a202581c200_7613, v0x5a202581c200_7614;
v0x5a202581c200_7615 .array/port v0x5a202581c200, 7615;
v0x5a202581c200_7616 .array/port v0x5a202581c200, 7616;
v0x5a202581c200_7617 .array/port v0x5a202581c200, 7617;
v0x5a202581c200_7618 .array/port v0x5a202581c200, 7618;
E_0x5a20257c6530/1904 .event anyedge, v0x5a202581c200_7615, v0x5a202581c200_7616, v0x5a202581c200_7617, v0x5a202581c200_7618;
v0x5a202581c200_7619 .array/port v0x5a202581c200, 7619;
v0x5a202581c200_7620 .array/port v0x5a202581c200, 7620;
v0x5a202581c200_7621 .array/port v0x5a202581c200, 7621;
v0x5a202581c200_7622 .array/port v0x5a202581c200, 7622;
E_0x5a20257c6530/1905 .event anyedge, v0x5a202581c200_7619, v0x5a202581c200_7620, v0x5a202581c200_7621, v0x5a202581c200_7622;
v0x5a202581c200_7623 .array/port v0x5a202581c200, 7623;
v0x5a202581c200_7624 .array/port v0x5a202581c200, 7624;
v0x5a202581c200_7625 .array/port v0x5a202581c200, 7625;
v0x5a202581c200_7626 .array/port v0x5a202581c200, 7626;
E_0x5a20257c6530/1906 .event anyedge, v0x5a202581c200_7623, v0x5a202581c200_7624, v0x5a202581c200_7625, v0x5a202581c200_7626;
v0x5a202581c200_7627 .array/port v0x5a202581c200, 7627;
v0x5a202581c200_7628 .array/port v0x5a202581c200, 7628;
v0x5a202581c200_7629 .array/port v0x5a202581c200, 7629;
v0x5a202581c200_7630 .array/port v0x5a202581c200, 7630;
E_0x5a20257c6530/1907 .event anyedge, v0x5a202581c200_7627, v0x5a202581c200_7628, v0x5a202581c200_7629, v0x5a202581c200_7630;
v0x5a202581c200_7631 .array/port v0x5a202581c200, 7631;
v0x5a202581c200_7632 .array/port v0x5a202581c200, 7632;
v0x5a202581c200_7633 .array/port v0x5a202581c200, 7633;
v0x5a202581c200_7634 .array/port v0x5a202581c200, 7634;
E_0x5a20257c6530/1908 .event anyedge, v0x5a202581c200_7631, v0x5a202581c200_7632, v0x5a202581c200_7633, v0x5a202581c200_7634;
v0x5a202581c200_7635 .array/port v0x5a202581c200, 7635;
v0x5a202581c200_7636 .array/port v0x5a202581c200, 7636;
v0x5a202581c200_7637 .array/port v0x5a202581c200, 7637;
v0x5a202581c200_7638 .array/port v0x5a202581c200, 7638;
E_0x5a20257c6530/1909 .event anyedge, v0x5a202581c200_7635, v0x5a202581c200_7636, v0x5a202581c200_7637, v0x5a202581c200_7638;
v0x5a202581c200_7639 .array/port v0x5a202581c200, 7639;
v0x5a202581c200_7640 .array/port v0x5a202581c200, 7640;
v0x5a202581c200_7641 .array/port v0x5a202581c200, 7641;
v0x5a202581c200_7642 .array/port v0x5a202581c200, 7642;
E_0x5a20257c6530/1910 .event anyedge, v0x5a202581c200_7639, v0x5a202581c200_7640, v0x5a202581c200_7641, v0x5a202581c200_7642;
v0x5a202581c200_7643 .array/port v0x5a202581c200, 7643;
v0x5a202581c200_7644 .array/port v0x5a202581c200, 7644;
v0x5a202581c200_7645 .array/port v0x5a202581c200, 7645;
v0x5a202581c200_7646 .array/port v0x5a202581c200, 7646;
E_0x5a20257c6530/1911 .event anyedge, v0x5a202581c200_7643, v0x5a202581c200_7644, v0x5a202581c200_7645, v0x5a202581c200_7646;
v0x5a202581c200_7647 .array/port v0x5a202581c200, 7647;
v0x5a202581c200_7648 .array/port v0x5a202581c200, 7648;
v0x5a202581c200_7649 .array/port v0x5a202581c200, 7649;
v0x5a202581c200_7650 .array/port v0x5a202581c200, 7650;
E_0x5a20257c6530/1912 .event anyedge, v0x5a202581c200_7647, v0x5a202581c200_7648, v0x5a202581c200_7649, v0x5a202581c200_7650;
v0x5a202581c200_7651 .array/port v0x5a202581c200, 7651;
v0x5a202581c200_7652 .array/port v0x5a202581c200, 7652;
v0x5a202581c200_7653 .array/port v0x5a202581c200, 7653;
v0x5a202581c200_7654 .array/port v0x5a202581c200, 7654;
E_0x5a20257c6530/1913 .event anyedge, v0x5a202581c200_7651, v0x5a202581c200_7652, v0x5a202581c200_7653, v0x5a202581c200_7654;
v0x5a202581c200_7655 .array/port v0x5a202581c200, 7655;
v0x5a202581c200_7656 .array/port v0x5a202581c200, 7656;
v0x5a202581c200_7657 .array/port v0x5a202581c200, 7657;
v0x5a202581c200_7658 .array/port v0x5a202581c200, 7658;
E_0x5a20257c6530/1914 .event anyedge, v0x5a202581c200_7655, v0x5a202581c200_7656, v0x5a202581c200_7657, v0x5a202581c200_7658;
v0x5a202581c200_7659 .array/port v0x5a202581c200, 7659;
v0x5a202581c200_7660 .array/port v0x5a202581c200, 7660;
v0x5a202581c200_7661 .array/port v0x5a202581c200, 7661;
v0x5a202581c200_7662 .array/port v0x5a202581c200, 7662;
E_0x5a20257c6530/1915 .event anyedge, v0x5a202581c200_7659, v0x5a202581c200_7660, v0x5a202581c200_7661, v0x5a202581c200_7662;
v0x5a202581c200_7663 .array/port v0x5a202581c200, 7663;
v0x5a202581c200_7664 .array/port v0x5a202581c200, 7664;
v0x5a202581c200_7665 .array/port v0x5a202581c200, 7665;
v0x5a202581c200_7666 .array/port v0x5a202581c200, 7666;
E_0x5a20257c6530/1916 .event anyedge, v0x5a202581c200_7663, v0x5a202581c200_7664, v0x5a202581c200_7665, v0x5a202581c200_7666;
v0x5a202581c200_7667 .array/port v0x5a202581c200, 7667;
v0x5a202581c200_7668 .array/port v0x5a202581c200, 7668;
v0x5a202581c200_7669 .array/port v0x5a202581c200, 7669;
v0x5a202581c200_7670 .array/port v0x5a202581c200, 7670;
E_0x5a20257c6530/1917 .event anyedge, v0x5a202581c200_7667, v0x5a202581c200_7668, v0x5a202581c200_7669, v0x5a202581c200_7670;
v0x5a202581c200_7671 .array/port v0x5a202581c200, 7671;
v0x5a202581c200_7672 .array/port v0x5a202581c200, 7672;
v0x5a202581c200_7673 .array/port v0x5a202581c200, 7673;
v0x5a202581c200_7674 .array/port v0x5a202581c200, 7674;
E_0x5a20257c6530/1918 .event anyedge, v0x5a202581c200_7671, v0x5a202581c200_7672, v0x5a202581c200_7673, v0x5a202581c200_7674;
v0x5a202581c200_7675 .array/port v0x5a202581c200, 7675;
v0x5a202581c200_7676 .array/port v0x5a202581c200, 7676;
v0x5a202581c200_7677 .array/port v0x5a202581c200, 7677;
v0x5a202581c200_7678 .array/port v0x5a202581c200, 7678;
E_0x5a20257c6530/1919 .event anyedge, v0x5a202581c200_7675, v0x5a202581c200_7676, v0x5a202581c200_7677, v0x5a202581c200_7678;
v0x5a202581c200_7679 .array/port v0x5a202581c200, 7679;
v0x5a202581c200_7680 .array/port v0x5a202581c200, 7680;
v0x5a202581c200_7681 .array/port v0x5a202581c200, 7681;
v0x5a202581c200_7682 .array/port v0x5a202581c200, 7682;
E_0x5a20257c6530/1920 .event anyedge, v0x5a202581c200_7679, v0x5a202581c200_7680, v0x5a202581c200_7681, v0x5a202581c200_7682;
v0x5a202581c200_7683 .array/port v0x5a202581c200, 7683;
v0x5a202581c200_7684 .array/port v0x5a202581c200, 7684;
v0x5a202581c200_7685 .array/port v0x5a202581c200, 7685;
v0x5a202581c200_7686 .array/port v0x5a202581c200, 7686;
E_0x5a20257c6530/1921 .event anyedge, v0x5a202581c200_7683, v0x5a202581c200_7684, v0x5a202581c200_7685, v0x5a202581c200_7686;
v0x5a202581c200_7687 .array/port v0x5a202581c200, 7687;
v0x5a202581c200_7688 .array/port v0x5a202581c200, 7688;
v0x5a202581c200_7689 .array/port v0x5a202581c200, 7689;
v0x5a202581c200_7690 .array/port v0x5a202581c200, 7690;
E_0x5a20257c6530/1922 .event anyedge, v0x5a202581c200_7687, v0x5a202581c200_7688, v0x5a202581c200_7689, v0x5a202581c200_7690;
v0x5a202581c200_7691 .array/port v0x5a202581c200, 7691;
v0x5a202581c200_7692 .array/port v0x5a202581c200, 7692;
v0x5a202581c200_7693 .array/port v0x5a202581c200, 7693;
v0x5a202581c200_7694 .array/port v0x5a202581c200, 7694;
E_0x5a20257c6530/1923 .event anyedge, v0x5a202581c200_7691, v0x5a202581c200_7692, v0x5a202581c200_7693, v0x5a202581c200_7694;
v0x5a202581c200_7695 .array/port v0x5a202581c200, 7695;
v0x5a202581c200_7696 .array/port v0x5a202581c200, 7696;
v0x5a202581c200_7697 .array/port v0x5a202581c200, 7697;
v0x5a202581c200_7698 .array/port v0x5a202581c200, 7698;
E_0x5a20257c6530/1924 .event anyedge, v0x5a202581c200_7695, v0x5a202581c200_7696, v0x5a202581c200_7697, v0x5a202581c200_7698;
v0x5a202581c200_7699 .array/port v0x5a202581c200, 7699;
v0x5a202581c200_7700 .array/port v0x5a202581c200, 7700;
v0x5a202581c200_7701 .array/port v0x5a202581c200, 7701;
v0x5a202581c200_7702 .array/port v0x5a202581c200, 7702;
E_0x5a20257c6530/1925 .event anyedge, v0x5a202581c200_7699, v0x5a202581c200_7700, v0x5a202581c200_7701, v0x5a202581c200_7702;
v0x5a202581c200_7703 .array/port v0x5a202581c200, 7703;
v0x5a202581c200_7704 .array/port v0x5a202581c200, 7704;
v0x5a202581c200_7705 .array/port v0x5a202581c200, 7705;
v0x5a202581c200_7706 .array/port v0x5a202581c200, 7706;
E_0x5a20257c6530/1926 .event anyedge, v0x5a202581c200_7703, v0x5a202581c200_7704, v0x5a202581c200_7705, v0x5a202581c200_7706;
v0x5a202581c200_7707 .array/port v0x5a202581c200, 7707;
v0x5a202581c200_7708 .array/port v0x5a202581c200, 7708;
v0x5a202581c200_7709 .array/port v0x5a202581c200, 7709;
v0x5a202581c200_7710 .array/port v0x5a202581c200, 7710;
E_0x5a20257c6530/1927 .event anyedge, v0x5a202581c200_7707, v0x5a202581c200_7708, v0x5a202581c200_7709, v0x5a202581c200_7710;
v0x5a202581c200_7711 .array/port v0x5a202581c200, 7711;
v0x5a202581c200_7712 .array/port v0x5a202581c200, 7712;
v0x5a202581c200_7713 .array/port v0x5a202581c200, 7713;
v0x5a202581c200_7714 .array/port v0x5a202581c200, 7714;
E_0x5a20257c6530/1928 .event anyedge, v0x5a202581c200_7711, v0x5a202581c200_7712, v0x5a202581c200_7713, v0x5a202581c200_7714;
v0x5a202581c200_7715 .array/port v0x5a202581c200, 7715;
v0x5a202581c200_7716 .array/port v0x5a202581c200, 7716;
v0x5a202581c200_7717 .array/port v0x5a202581c200, 7717;
v0x5a202581c200_7718 .array/port v0x5a202581c200, 7718;
E_0x5a20257c6530/1929 .event anyedge, v0x5a202581c200_7715, v0x5a202581c200_7716, v0x5a202581c200_7717, v0x5a202581c200_7718;
v0x5a202581c200_7719 .array/port v0x5a202581c200, 7719;
v0x5a202581c200_7720 .array/port v0x5a202581c200, 7720;
v0x5a202581c200_7721 .array/port v0x5a202581c200, 7721;
v0x5a202581c200_7722 .array/port v0x5a202581c200, 7722;
E_0x5a20257c6530/1930 .event anyedge, v0x5a202581c200_7719, v0x5a202581c200_7720, v0x5a202581c200_7721, v0x5a202581c200_7722;
v0x5a202581c200_7723 .array/port v0x5a202581c200, 7723;
v0x5a202581c200_7724 .array/port v0x5a202581c200, 7724;
v0x5a202581c200_7725 .array/port v0x5a202581c200, 7725;
v0x5a202581c200_7726 .array/port v0x5a202581c200, 7726;
E_0x5a20257c6530/1931 .event anyedge, v0x5a202581c200_7723, v0x5a202581c200_7724, v0x5a202581c200_7725, v0x5a202581c200_7726;
v0x5a202581c200_7727 .array/port v0x5a202581c200, 7727;
v0x5a202581c200_7728 .array/port v0x5a202581c200, 7728;
v0x5a202581c200_7729 .array/port v0x5a202581c200, 7729;
v0x5a202581c200_7730 .array/port v0x5a202581c200, 7730;
E_0x5a20257c6530/1932 .event anyedge, v0x5a202581c200_7727, v0x5a202581c200_7728, v0x5a202581c200_7729, v0x5a202581c200_7730;
v0x5a202581c200_7731 .array/port v0x5a202581c200, 7731;
v0x5a202581c200_7732 .array/port v0x5a202581c200, 7732;
v0x5a202581c200_7733 .array/port v0x5a202581c200, 7733;
v0x5a202581c200_7734 .array/port v0x5a202581c200, 7734;
E_0x5a20257c6530/1933 .event anyedge, v0x5a202581c200_7731, v0x5a202581c200_7732, v0x5a202581c200_7733, v0x5a202581c200_7734;
v0x5a202581c200_7735 .array/port v0x5a202581c200, 7735;
v0x5a202581c200_7736 .array/port v0x5a202581c200, 7736;
v0x5a202581c200_7737 .array/port v0x5a202581c200, 7737;
v0x5a202581c200_7738 .array/port v0x5a202581c200, 7738;
E_0x5a20257c6530/1934 .event anyedge, v0x5a202581c200_7735, v0x5a202581c200_7736, v0x5a202581c200_7737, v0x5a202581c200_7738;
v0x5a202581c200_7739 .array/port v0x5a202581c200, 7739;
v0x5a202581c200_7740 .array/port v0x5a202581c200, 7740;
v0x5a202581c200_7741 .array/port v0x5a202581c200, 7741;
v0x5a202581c200_7742 .array/port v0x5a202581c200, 7742;
E_0x5a20257c6530/1935 .event anyedge, v0x5a202581c200_7739, v0x5a202581c200_7740, v0x5a202581c200_7741, v0x5a202581c200_7742;
v0x5a202581c200_7743 .array/port v0x5a202581c200, 7743;
v0x5a202581c200_7744 .array/port v0x5a202581c200, 7744;
v0x5a202581c200_7745 .array/port v0x5a202581c200, 7745;
v0x5a202581c200_7746 .array/port v0x5a202581c200, 7746;
E_0x5a20257c6530/1936 .event anyedge, v0x5a202581c200_7743, v0x5a202581c200_7744, v0x5a202581c200_7745, v0x5a202581c200_7746;
v0x5a202581c200_7747 .array/port v0x5a202581c200, 7747;
v0x5a202581c200_7748 .array/port v0x5a202581c200, 7748;
v0x5a202581c200_7749 .array/port v0x5a202581c200, 7749;
v0x5a202581c200_7750 .array/port v0x5a202581c200, 7750;
E_0x5a20257c6530/1937 .event anyedge, v0x5a202581c200_7747, v0x5a202581c200_7748, v0x5a202581c200_7749, v0x5a202581c200_7750;
v0x5a202581c200_7751 .array/port v0x5a202581c200, 7751;
v0x5a202581c200_7752 .array/port v0x5a202581c200, 7752;
v0x5a202581c200_7753 .array/port v0x5a202581c200, 7753;
v0x5a202581c200_7754 .array/port v0x5a202581c200, 7754;
E_0x5a20257c6530/1938 .event anyedge, v0x5a202581c200_7751, v0x5a202581c200_7752, v0x5a202581c200_7753, v0x5a202581c200_7754;
v0x5a202581c200_7755 .array/port v0x5a202581c200, 7755;
v0x5a202581c200_7756 .array/port v0x5a202581c200, 7756;
v0x5a202581c200_7757 .array/port v0x5a202581c200, 7757;
v0x5a202581c200_7758 .array/port v0x5a202581c200, 7758;
E_0x5a20257c6530/1939 .event anyedge, v0x5a202581c200_7755, v0x5a202581c200_7756, v0x5a202581c200_7757, v0x5a202581c200_7758;
v0x5a202581c200_7759 .array/port v0x5a202581c200, 7759;
v0x5a202581c200_7760 .array/port v0x5a202581c200, 7760;
v0x5a202581c200_7761 .array/port v0x5a202581c200, 7761;
v0x5a202581c200_7762 .array/port v0x5a202581c200, 7762;
E_0x5a20257c6530/1940 .event anyedge, v0x5a202581c200_7759, v0x5a202581c200_7760, v0x5a202581c200_7761, v0x5a202581c200_7762;
v0x5a202581c200_7763 .array/port v0x5a202581c200, 7763;
v0x5a202581c200_7764 .array/port v0x5a202581c200, 7764;
v0x5a202581c200_7765 .array/port v0x5a202581c200, 7765;
v0x5a202581c200_7766 .array/port v0x5a202581c200, 7766;
E_0x5a20257c6530/1941 .event anyedge, v0x5a202581c200_7763, v0x5a202581c200_7764, v0x5a202581c200_7765, v0x5a202581c200_7766;
v0x5a202581c200_7767 .array/port v0x5a202581c200, 7767;
v0x5a202581c200_7768 .array/port v0x5a202581c200, 7768;
v0x5a202581c200_7769 .array/port v0x5a202581c200, 7769;
v0x5a202581c200_7770 .array/port v0x5a202581c200, 7770;
E_0x5a20257c6530/1942 .event anyedge, v0x5a202581c200_7767, v0x5a202581c200_7768, v0x5a202581c200_7769, v0x5a202581c200_7770;
v0x5a202581c200_7771 .array/port v0x5a202581c200, 7771;
v0x5a202581c200_7772 .array/port v0x5a202581c200, 7772;
v0x5a202581c200_7773 .array/port v0x5a202581c200, 7773;
v0x5a202581c200_7774 .array/port v0x5a202581c200, 7774;
E_0x5a20257c6530/1943 .event anyedge, v0x5a202581c200_7771, v0x5a202581c200_7772, v0x5a202581c200_7773, v0x5a202581c200_7774;
v0x5a202581c200_7775 .array/port v0x5a202581c200, 7775;
v0x5a202581c200_7776 .array/port v0x5a202581c200, 7776;
v0x5a202581c200_7777 .array/port v0x5a202581c200, 7777;
v0x5a202581c200_7778 .array/port v0x5a202581c200, 7778;
E_0x5a20257c6530/1944 .event anyedge, v0x5a202581c200_7775, v0x5a202581c200_7776, v0x5a202581c200_7777, v0x5a202581c200_7778;
v0x5a202581c200_7779 .array/port v0x5a202581c200, 7779;
v0x5a202581c200_7780 .array/port v0x5a202581c200, 7780;
v0x5a202581c200_7781 .array/port v0x5a202581c200, 7781;
v0x5a202581c200_7782 .array/port v0x5a202581c200, 7782;
E_0x5a20257c6530/1945 .event anyedge, v0x5a202581c200_7779, v0x5a202581c200_7780, v0x5a202581c200_7781, v0x5a202581c200_7782;
v0x5a202581c200_7783 .array/port v0x5a202581c200, 7783;
v0x5a202581c200_7784 .array/port v0x5a202581c200, 7784;
v0x5a202581c200_7785 .array/port v0x5a202581c200, 7785;
v0x5a202581c200_7786 .array/port v0x5a202581c200, 7786;
E_0x5a20257c6530/1946 .event anyedge, v0x5a202581c200_7783, v0x5a202581c200_7784, v0x5a202581c200_7785, v0x5a202581c200_7786;
v0x5a202581c200_7787 .array/port v0x5a202581c200, 7787;
v0x5a202581c200_7788 .array/port v0x5a202581c200, 7788;
v0x5a202581c200_7789 .array/port v0x5a202581c200, 7789;
v0x5a202581c200_7790 .array/port v0x5a202581c200, 7790;
E_0x5a20257c6530/1947 .event anyedge, v0x5a202581c200_7787, v0x5a202581c200_7788, v0x5a202581c200_7789, v0x5a202581c200_7790;
v0x5a202581c200_7791 .array/port v0x5a202581c200, 7791;
v0x5a202581c200_7792 .array/port v0x5a202581c200, 7792;
v0x5a202581c200_7793 .array/port v0x5a202581c200, 7793;
v0x5a202581c200_7794 .array/port v0x5a202581c200, 7794;
E_0x5a20257c6530/1948 .event anyedge, v0x5a202581c200_7791, v0x5a202581c200_7792, v0x5a202581c200_7793, v0x5a202581c200_7794;
v0x5a202581c200_7795 .array/port v0x5a202581c200, 7795;
v0x5a202581c200_7796 .array/port v0x5a202581c200, 7796;
v0x5a202581c200_7797 .array/port v0x5a202581c200, 7797;
v0x5a202581c200_7798 .array/port v0x5a202581c200, 7798;
E_0x5a20257c6530/1949 .event anyedge, v0x5a202581c200_7795, v0x5a202581c200_7796, v0x5a202581c200_7797, v0x5a202581c200_7798;
v0x5a202581c200_7799 .array/port v0x5a202581c200, 7799;
v0x5a202581c200_7800 .array/port v0x5a202581c200, 7800;
v0x5a202581c200_7801 .array/port v0x5a202581c200, 7801;
v0x5a202581c200_7802 .array/port v0x5a202581c200, 7802;
E_0x5a20257c6530/1950 .event anyedge, v0x5a202581c200_7799, v0x5a202581c200_7800, v0x5a202581c200_7801, v0x5a202581c200_7802;
v0x5a202581c200_7803 .array/port v0x5a202581c200, 7803;
v0x5a202581c200_7804 .array/port v0x5a202581c200, 7804;
v0x5a202581c200_7805 .array/port v0x5a202581c200, 7805;
v0x5a202581c200_7806 .array/port v0x5a202581c200, 7806;
E_0x5a20257c6530/1951 .event anyedge, v0x5a202581c200_7803, v0x5a202581c200_7804, v0x5a202581c200_7805, v0x5a202581c200_7806;
v0x5a202581c200_7807 .array/port v0x5a202581c200, 7807;
v0x5a202581c200_7808 .array/port v0x5a202581c200, 7808;
v0x5a202581c200_7809 .array/port v0x5a202581c200, 7809;
v0x5a202581c200_7810 .array/port v0x5a202581c200, 7810;
E_0x5a20257c6530/1952 .event anyedge, v0x5a202581c200_7807, v0x5a202581c200_7808, v0x5a202581c200_7809, v0x5a202581c200_7810;
v0x5a202581c200_7811 .array/port v0x5a202581c200, 7811;
v0x5a202581c200_7812 .array/port v0x5a202581c200, 7812;
v0x5a202581c200_7813 .array/port v0x5a202581c200, 7813;
v0x5a202581c200_7814 .array/port v0x5a202581c200, 7814;
E_0x5a20257c6530/1953 .event anyedge, v0x5a202581c200_7811, v0x5a202581c200_7812, v0x5a202581c200_7813, v0x5a202581c200_7814;
v0x5a202581c200_7815 .array/port v0x5a202581c200, 7815;
v0x5a202581c200_7816 .array/port v0x5a202581c200, 7816;
v0x5a202581c200_7817 .array/port v0x5a202581c200, 7817;
v0x5a202581c200_7818 .array/port v0x5a202581c200, 7818;
E_0x5a20257c6530/1954 .event anyedge, v0x5a202581c200_7815, v0x5a202581c200_7816, v0x5a202581c200_7817, v0x5a202581c200_7818;
v0x5a202581c200_7819 .array/port v0x5a202581c200, 7819;
v0x5a202581c200_7820 .array/port v0x5a202581c200, 7820;
v0x5a202581c200_7821 .array/port v0x5a202581c200, 7821;
v0x5a202581c200_7822 .array/port v0x5a202581c200, 7822;
E_0x5a20257c6530/1955 .event anyedge, v0x5a202581c200_7819, v0x5a202581c200_7820, v0x5a202581c200_7821, v0x5a202581c200_7822;
v0x5a202581c200_7823 .array/port v0x5a202581c200, 7823;
v0x5a202581c200_7824 .array/port v0x5a202581c200, 7824;
v0x5a202581c200_7825 .array/port v0x5a202581c200, 7825;
v0x5a202581c200_7826 .array/port v0x5a202581c200, 7826;
E_0x5a20257c6530/1956 .event anyedge, v0x5a202581c200_7823, v0x5a202581c200_7824, v0x5a202581c200_7825, v0x5a202581c200_7826;
v0x5a202581c200_7827 .array/port v0x5a202581c200, 7827;
v0x5a202581c200_7828 .array/port v0x5a202581c200, 7828;
v0x5a202581c200_7829 .array/port v0x5a202581c200, 7829;
v0x5a202581c200_7830 .array/port v0x5a202581c200, 7830;
E_0x5a20257c6530/1957 .event anyedge, v0x5a202581c200_7827, v0x5a202581c200_7828, v0x5a202581c200_7829, v0x5a202581c200_7830;
v0x5a202581c200_7831 .array/port v0x5a202581c200, 7831;
v0x5a202581c200_7832 .array/port v0x5a202581c200, 7832;
v0x5a202581c200_7833 .array/port v0x5a202581c200, 7833;
v0x5a202581c200_7834 .array/port v0x5a202581c200, 7834;
E_0x5a20257c6530/1958 .event anyedge, v0x5a202581c200_7831, v0x5a202581c200_7832, v0x5a202581c200_7833, v0x5a202581c200_7834;
v0x5a202581c200_7835 .array/port v0x5a202581c200, 7835;
v0x5a202581c200_7836 .array/port v0x5a202581c200, 7836;
v0x5a202581c200_7837 .array/port v0x5a202581c200, 7837;
v0x5a202581c200_7838 .array/port v0x5a202581c200, 7838;
E_0x5a20257c6530/1959 .event anyedge, v0x5a202581c200_7835, v0x5a202581c200_7836, v0x5a202581c200_7837, v0x5a202581c200_7838;
v0x5a202581c200_7839 .array/port v0x5a202581c200, 7839;
v0x5a202581c200_7840 .array/port v0x5a202581c200, 7840;
v0x5a202581c200_7841 .array/port v0x5a202581c200, 7841;
v0x5a202581c200_7842 .array/port v0x5a202581c200, 7842;
E_0x5a20257c6530/1960 .event anyedge, v0x5a202581c200_7839, v0x5a202581c200_7840, v0x5a202581c200_7841, v0x5a202581c200_7842;
v0x5a202581c200_7843 .array/port v0x5a202581c200, 7843;
v0x5a202581c200_7844 .array/port v0x5a202581c200, 7844;
v0x5a202581c200_7845 .array/port v0x5a202581c200, 7845;
v0x5a202581c200_7846 .array/port v0x5a202581c200, 7846;
E_0x5a20257c6530/1961 .event anyedge, v0x5a202581c200_7843, v0x5a202581c200_7844, v0x5a202581c200_7845, v0x5a202581c200_7846;
v0x5a202581c200_7847 .array/port v0x5a202581c200, 7847;
v0x5a202581c200_7848 .array/port v0x5a202581c200, 7848;
v0x5a202581c200_7849 .array/port v0x5a202581c200, 7849;
v0x5a202581c200_7850 .array/port v0x5a202581c200, 7850;
E_0x5a20257c6530/1962 .event anyedge, v0x5a202581c200_7847, v0x5a202581c200_7848, v0x5a202581c200_7849, v0x5a202581c200_7850;
v0x5a202581c200_7851 .array/port v0x5a202581c200, 7851;
v0x5a202581c200_7852 .array/port v0x5a202581c200, 7852;
v0x5a202581c200_7853 .array/port v0x5a202581c200, 7853;
v0x5a202581c200_7854 .array/port v0x5a202581c200, 7854;
E_0x5a20257c6530/1963 .event anyedge, v0x5a202581c200_7851, v0x5a202581c200_7852, v0x5a202581c200_7853, v0x5a202581c200_7854;
v0x5a202581c200_7855 .array/port v0x5a202581c200, 7855;
v0x5a202581c200_7856 .array/port v0x5a202581c200, 7856;
v0x5a202581c200_7857 .array/port v0x5a202581c200, 7857;
v0x5a202581c200_7858 .array/port v0x5a202581c200, 7858;
E_0x5a20257c6530/1964 .event anyedge, v0x5a202581c200_7855, v0x5a202581c200_7856, v0x5a202581c200_7857, v0x5a202581c200_7858;
v0x5a202581c200_7859 .array/port v0x5a202581c200, 7859;
v0x5a202581c200_7860 .array/port v0x5a202581c200, 7860;
v0x5a202581c200_7861 .array/port v0x5a202581c200, 7861;
v0x5a202581c200_7862 .array/port v0x5a202581c200, 7862;
E_0x5a20257c6530/1965 .event anyedge, v0x5a202581c200_7859, v0x5a202581c200_7860, v0x5a202581c200_7861, v0x5a202581c200_7862;
v0x5a202581c200_7863 .array/port v0x5a202581c200, 7863;
v0x5a202581c200_7864 .array/port v0x5a202581c200, 7864;
v0x5a202581c200_7865 .array/port v0x5a202581c200, 7865;
v0x5a202581c200_7866 .array/port v0x5a202581c200, 7866;
E_0x5a20257c6530/1966 .event anyedge, v0x5a202581c200_7863, v0x5a202581c200_7864, v0x5a202581c200_7865, v0x5a202581c200_7866;
v0x5a202581c200_7867 .array/port v0x5a202581c200, 7867;
v0x5a202581c200_7868 .array/port v0x5a202581c200, 7868;
v0x5a202581c200_7869 .array/port v0x5a202581c200, 7869;
v0x5a202581c200_7870 .array/port v0x5a202581c200, 7870;
E_0x5a20257c6530/1967 .event anyedge, v0x5a202581c200_7867, v0x5a202581c200_7868, v0x5a202581c200_7869, v0x5a202581c200_7870;
v0x5a202581c200_7871 .array/port v0x5a202581c200, 7871;
v0x5a202581c200_7872 .array/port v0x5a202581c200, 7872;
v0x5a202581c200_7873 .array/port v0x5a202581c200, 7873;
v0x5a202581c200_7874 .array/port v0x5a202581c200, 7874;
E_0x5a20257c6530/1968 .event anyedge, v0x5a202581c200_7871, v0x5a202581c200_7872, v0x5a202581c200_7873, v0x5a202581c200_7874;
v0x5a202581c200_7875 .array/port v0x5a202581c200, 7875;
v0x5a202581c200_7876 .array/port v0x5a202581c200, 7876;
v0x5a202581c200_7877 .array/port v0x5a202581c200, 7877;
v0x5a202581c200_7878 .array/port v0x5a202581c200, 7878;
E_0x5a20257c6530/1969 .event anyedge, v0x5a202581c200_7875, v0x5a202581c200_7876, v0x5a202581c200_7877, v0x5a202581c200_7878;
v0x5a202581c200_7879 .array/port v0x5a202581c200, 7879;
v0x5a202581c200_7880 .array/port v0x5a202581c200, 7880;
v0x5a202581c200_7881 .array/port v0x5a202581c200, 7881;
v0x5a202581c200_7882 .array/port v0x5a202581c200, 7882;
E_0x5a20257c6530/1970 .event anyedge, v0x5a202581c200_7879, v0x5a202581c200_7880, v0x5a202581c200_7881, v0x5a202581c200_7882;
v0x5a202581c200_7883 .array/port v0x5a202581c200, 7883;
v0x5a202581c200_7884 .array/port v0x5a202581c200, 7884;
v0x5a202581c200_7885 .array/port v0x5a202581c200, 7885;
v0x5a202581c200_7886 .array/port v0x5a202581c200, 7886;
E_0x5a20257c6530/1971 .event anyedge, v0x5a202581c200_7883, v0x5a202581c200_7884, v0x5a202581c200_7885, v0x5a202581c200_7886;
v0x5a202581c200_7887 .array/port v0x5a202581c200, 7887;
v0x5a202581c200_7888 .array/port v0x5a202581c200, 7888;
v0x5a202581c200_7889 .array/port v0x5a202581c200, 7889;
v0x5a202581c200_7890 .array/port v0x5a202581c200, 7890;
E_0x5a20257c6530/1972 .event anyedge, v0x5a202581c200_7887, v0x5a202581c200_7888, v0x5a202581c200_7889, v0x5a202581c200_7890;
v0x5a202581c200_7891 .array/port v0x5a202581c200, 7891;
v0x5a202581c200_7892 .array/port v0x5a202581c200, 7892;
v0x5a202581c200_7893 .array/port v0x5a202581c200, 7893;
v0x5a202581c200_7894 .array/port v0x5a202581c200, 7894;
E_0x5a20257c6530/1973 .event anyedge, v0x5a202581c200_7891, v0x5a202581c200_7892, v0x5a202581c200_7893, v0x5a202581c200_7894;
v0x5a202581c200_7895 .array/port v0x5a202581c200, 7895;
v0x5a202581c200_7896 .array/port v0x5a202581c200, 7896;
v0x5a202581c200_7897 .array/port v0x5a202581c200, 7897;
v0x5a202581c200_7898 .array/port v0x5a202581c200, 7898;
E_0x5a20257c6530/1974 .event anyedge, v0x5a202581c200_7895, v0x5a202581c200_7896, v0x5a202581c200_7897, v0x5a202581c200_7898;
v0x5a202581c200_7899 .array/port v0x5a202581c200, 7899;
v0x5a202581c200_7900 .array/port v0x5a202581c200, 7900;
v0x5a202581c200_7901 .array/port v0x5a202581c200, 7901;
v0x5a202581c200_7902 .array/port v0x5a202581c200, 7902;
E_0x5a20257c6530/1975 .event anyedge, v0x5a202581c200_7899, v0x5a202581c200_7900, v0x5a202581c200_7901, v0x5a202581c200_7902;
v0x5a202581c200_7903 .array/port v0x5a202581c200, 7903;
v0x5a202581c200_7904 .array/port v0x5a202581c200, 7904;
v0x5a202581c200_7905 .array/port v0x5a202581c200, 7905;
v0x5a202581c200_7906 .array/port v0x5a202581c200, 7906;
E_0x5a20257c6530/1976 .event anyedge, v0x5a202581c200_7903, v0x5a202581c200_7904, v0x5a202581c200_7905, v0x5a202581c200_7906;
v0x5a202581c200_7907 .array/port v0x5a202581c200, 7907;
v0x5a202581c200_7908 .array/port v0x5a202581c200, 7908;
v0x5a202581c200_7909 .array/port v0x5a202581c200, 7909;
v0x5a202581c200_7910 .array/port v0x5a202581c200, 7910;
E_0x5a20257c6530/1977 .event anyedge, v0x5a202581c200_7907, v0x5a202581c200_7908, v0x5a202581c200_7909, v0x5a202581c200_7910;
v0x5a202581c200_7911 .array/port v0x5a202581c200, 7911;
v0x5a202581c200_7912 .array/port v0x5a202581c200, 7912;
v0x5a202581c200_7913 .array/port v0x5a202581c200, 7913;
v0x5a202581c200_7914 .array/port v0x5a202581c200, 7914;
E_0x5a20257c6530/1978 .event anyedge, v0x5a202581c200_7911, v0x5a202581c200_7912, v0x5a202581c200_7913, v0x5a202581c200_7914;
v0x5a202581c200_7915 .array/port v0x5a202581c200, 7915;
v0x5a202581c200_7916 .array/port v0x5a202581c200, 7916;
v0x5a202581c200_7917 .array/port v0x5a202581c200, 7917;
v0x5a202581c200_7918 .array/port v0x5a202581c200, 7918;
E_0x5a20257c6530/1979 .event anyedge, v0x5a202581c200_7915, v0x5a202581c200_7916, v0x5a202581c200_7917, v0x5a202581c200_7918;
v0x5a202581c200_7919 .array/port v0x5a202581c200, 7919;
v0x5a202581c200_7920 .array/port v0x5a202581c200, 7920;
v0x5a202581c200_7921 .array/port v0x5a202581c200, 7921;
v0x5a202581c200_7922 .array/port v0x5a202581c200, 7922;
E_0x5a20257c6530/1980 .event anyedge, v0x5a202581c200_7919, v0x5a202581c200_7920, v0x5a202581c200_7921, v0x5a202581c200_7922;
v0x5a202581c200_7923 .array/port v0x5a202581c200, 7923;
v0x5a202581c200_7924 .array/port v0x5a202581c200, 7924;
v0x5a202581c200_7925 .array/port v0x5a202581c200, 7925;
v0x5a202581c200_7926 .array/port v0x5a202581c200, 7926;
E_0x5a20257c6530/1981 .event anyedge, v0x5a202581c200_7923, v0x5a202581c200_7924, v0x5a202581c200_7925, v0x5a202581c200_7926;
v0x5a202581c200_7927 .array/port v0x5a202581c200, 7927;
v0x5a202581c200_7928 .array/port v0x5a202581c200, 7928;
v0x5a202581c200_7929 .array/port v0x5a202581c200, 7929;
v0x5a202581c200_7930 .array/port v0x5a202581c200, 7930;
E_0x5a20257c6530/1982 .event anyedge, v0x5a202581c200_7927, v0x5a202581c200_7928, v0x5a202581c200_7929, v0x5a202581c200_7930;
v0x5a202581c200_7931 .array/port v0x5a202581c200, 7931;
v0x5a202581c200_7932 .array/port v0x5a202581c200, 7932;
v0x5a202581c200_7933 .array/port v0x5a202581c200, 7933;
v0x5a202581c200_7934 .array/port v0x5a202581c200, 7934;
E_0x5a20257c6530/1983 .event anyedge, v0x5a202581c200_7931, v0x5a202581c200_7932, v0x5a202581c200_7933, v0x5a202581c200_7934;
v0x5a202581c200_7935 .array/port v0x5a202581c200, 7935;
v0x5a202581c200_7936 .array/port v0x5a202581c200, 7936;
v0x5a202581c200_7937 .array/port v0x5a202581c200, 7937;
v0x5a202581c200_7938 .array/port v0x5a202581c200, 7938;
E_0x5a20257c6530/1984 .event anyedge, v0x5a202581c200_7935, v0x5a202581c200_7936, v0x5a202581c200_7937, v0x5a202581c200_7938;
v0x5a202581c200_7939 .array/port v0x5a202581c200, 7939;
v0x5a202581c200_7940 .array/port v0x5a202581c200, 7940;
v0x5a202581c200_7941 .array/port v0x5a202581c200, 7941;
v0x5a202581c200_7942 .array/port v0x5a202581c200, 7942;
E_0x5a20257c6530/1985 .event anyedge, v0x5a202581c200_7939, v0x5a202581c200_7940, v0x5a202581c200_7941, v0x5a202581c200_7942;
v0x5a202581c200_7943 .array/port v0x5a202581c200, 7943;
v0x5a202581c200_7944 .array/port v0x5a202581c200, 7944;
v0x5a202581c200_7945 .array/port v0x5a202581c200, 7945;
v0x5a202581c200_7946 .array/port v0x5a202581c200, 7946;
E_0x5a20257c6530/1986 .event anyedge, v0x5a202581c200_7943, v0x5a202581c200_7944, v0x5a202581c200_7945, v0x5a202581c200_7946;
v0x5a202581c200_7947 .array/port v0x5a202581c200, 7947;
v0x5a202581c200_7948 .array/port v0x5a202581c200, 7948;
v0x5a202581c200_7949 .array/port v0x5a202581c200, 7949;
v0x5a202581c200_7950 .array/port v0x5a202581c200, 7950;
E_0x5a20257c6530/1987 .event anyedge, v0x5a202581c200_7947, v0x5a202581c200_7948, v0x5a202581c200_7949, v0x5a202581c200_7950;
v0x5a202581c200_7951 .array/port v0x5a202581c200, 7951;
v0x5a202581c200_7952 .array/port v0x5a202581c200, 7952;
v0x5a202581c200_7953 .array/port v0x5a202581c200, 7953;
v0x5a202581c200_7954 .array/port v0x5a202581c200, 7954;
E_0x5a20257c6530/1988 .event anyedge, v0x5a202581c200_7951, v0x5a202581c200_7952, v0x5a202581c200_7953, v0x5a202581c200_7954;
v0x5a202581c200_7955 .array/port v0x5a202581c200, 7955;
v0x5a202581c200_7956 .array/port v0x5a202581c200, 7956;
v0x5a202581c200_7957 .array/port v0x5a202581c200, 7957;
v0x5a202581c200_7958 .array/port v0x5a202581c200, 7958;
E_0x5a20257c6530/1989 .event anyedge, v0x5a202581c200_7955, v0x5a202581c200_7956, v0x5a202581c200_7957, v0x5a202581c200_7958;
v0x5a202581c200_7959 .array/port v0x5a202581c200, 7959;
v0x5a202581c200_7960 .array/port v0x5a202581c200, 7960;
v0x5a202581c200_7961 .array/port v0x5a202581c200, 7961;
v0x5a202581c200_7962 .array/port v0x5a202581c200, 7962;
E_0x5a20257c6530/1990 .event anyedge, v0x5a202581c200_7959, v0x5a202581c200_7960, v0x5a202581c200_7961, v0x5a202581c200_7962;
v0x5a202581c200_7963 .array/port v0x5a202581c200, 7963;
v0x5a202581c200_7964 .array/port v0x5a202581c200, 7964;
v0x5a202581c200_7965 .array/port v0x5a202581c200, 7965;
v0x5a202581c200_7966 .array/port v0x5a202581c200, 7966;
E_0x5a20257c6530/1991 .event anyedge, v0x5a202581c200_7963, v0x5a202581c200_7964, v0x5a202581c200_7965, v0x5a202581c200_7966;
v0x5a202581c200_7967 .array/port v0x5a202581c200, 7967;
v0x5a202581c200_7968 .array/port v0x5a202581c200, 7968;
v0x5a202581c200_7969 .array/port v0x5a202581c200, 7969;
v0x5a202581c200_7970 .array/port v0x5a202581c200, 7970;
E_0x5a20257c6530/1992 .event anyedge, v0x5a202581c200_7967, v0x5a202581c200_7968, v0x5a202581c200_7969, v0x5a202581c200_7970;
v0x5a202581c200_7971 .array/port v0x5a202581c200, 7971;
v0x5a202581c200_7972 .array/port v0x5a202581c200, 7972;
v0x5a202581c200_7973 .array/port v0x5a202581c200, 7973;
v0x5a202581c200_7974 .array/port v0x5a202581c200, 7974;
E_0x5a20257c6530/1993 .event anyedge, v0x5a202581c200_7971, v0x5a202581c200_7972, v0x5a202581c200_7973, v0x5a202581c200_7974;
v0x5a202581c200_7975 .array/port v0x5a202581c200, 7975;
v0x5a202581c200_7976 .array/port v0x5a202581c200, 7976;
v0x5a202581c200_7977 .array/port v0x5a202581c200, 7977;
v0x5a202581c200_7978 .array/port v0x5a202581c200, 7978;
E_0x5a20257c6530/1994 .event anyedge, v0x5a202581c200_7975, v0x5a202581c200_7976, v0x5a202581c200_7977, v0x5a202581c200_7978;
v0x5a202581c200_7979 .array/port v0x5a202581c200, 7979;
v0x5a202581c200_7980 .array/port v0x5a202581c200, 7980;
v0x5a202581c200_7981 .array/port v0x5a202581c200, 7981;
v0x5a202581c200_7982 .array/port v0x5a202581c200, 7982;
E_0x5a20257c6530/1995 .event anyedge, v0x5a202581c200_7979, v0x5a202581c200_7980, v0x5a202581c200_7981, v0x5a202581c200_7982;
v0x5a202581c200_7983 .array/port v0x5a202581c200, 7983;
v0x5a202581c200_7984 .array/port v0x5a202581c200, 7984;
v0x5a202581c200_7985 .array/port v0x5a202581c200, 7985;
v0x5a202581c200_7986 .array/port v0x5a202581c200, 7986;
E_0x5a20257c6530/1996 .event anyedge, v0x5a202581c200_7983, v0x5a202581c200_7984, v0x5a202581c200_7985, v0x5a202581c200_7986;
v0x5a202581c200_7987 .array/port v0x5a202581c200, 7987;
v0x5a202581c200_7988 .array/port v0x5a202581c200, 7988;
v0x5a202581c200_7989 .array/port v0x5a202581c200, 7989;
v0x5a202581c200_7990 .array/port v0x5a202581c200, 7990;
E_0x5a20257c6530/1997 .event anyedge, v0x5a202581c200_7987, v0x5a202581c200_7988, v0x5a202581c200_7989, v0x5a202581c200_7990;
v0x5a202581c200_7991 .array/port v0x5a202581c200, 7991;
v0x5a202581c200_7992 .array/port v0x5a202581c200, 7992;
v0x5a202581c200_7993 .array/port v0x5a202581c200, 7993;
v0x5a202581c200_7994 .array/port v0x5a202581c200, 7994;
E_0x5a20257c6530/1998 .event anyedge, v0x5a202581c200_7991, v0x5a202581c200_7992, v0x5a202581c200_7993, v0x5a202581c200_7994;
v0x5a202581c200_7995 .array/port v0x5a202581c200, 7995;
v0x5a202581c200_7996 .array/port v0x5a202581c200, 7996;
v0x5a202581c200_7997 .array/port v0x5a202581c200, 7997;
v0x5a202581c200_7998 .array/port v0x5a202581c200, 7998;
E_0x5a20257c6530/1999 .event anyedge, v0x5a202581c200_7995, v0x5a202581c200_7996, v0x5a202581c200_7997, v0x5a202581c200_7998;
v0x5a202581c200_7999 .array/port v0x5a202581c200, 7999;
v0x5a202581c200_8000 .array/port v0x5a202581c200, 8000;
v0x5a202581c200_8001 .array/port v0x5a202581c200, 8001;
v0x5a202581c200_8002 .array/port v0x5a202581c200, 8002;
E_0x5a20257c6530/2000 .event anyedge, v0x5a202581c200_7999, v0x5a202581c200_8000, v0x5a202581c200_8001, v0x5a202581c200_8002;
v0x5a202581c200_8003 .array/port v0x5a202581c200, 8003;
v0x5a202581c200_8004 .array/port v0x5a202581c200, 8004;
v0x5a202581c200_8005 .array/port v0x5a202581c200, 8005;
v0x5a202581c200_8006 .array/port v0x5a202581c200, 8006;
E_0x5a20257c6530/2001 .event anyedge, v0x5a202581c200_8003, v0x5a202581c200_8004, v0x5a202581c200_8005, v0x5a202581c200_8006;
v0x5a202581c200_8007 .array/port v0x5a202581c200, 8007;
v0x5a202581c200_8008 .array/port v0x5a202581c200, 8008;
v0x5a202581c200_8009 .array/port v0x5a202581c200, 8009;
v0x5a202581c200_8010 .array/port v0x5a202581c200, 8010;
E_0x5a20257c6530/2002 .event anyedge, v0x5a202581c200_8007, v0x5a202581c200_8008, v0x5a202581c200_8009, v0x5a202581c200_8010;
v0x5a202581c200_8011 .array/port v0x5a202581c200, 8011;
v0x5a202581c200_8012 .array/port v0x5a202581c200, 8012;
v0x5a202581c200_8013 .array/port v0x5a202581c200, 8013;
v0x5a202581c200_8014 .array/port v0x5a202581c200, 8014;
E_0x5a20257c6530/2003 .event anyedge, v0x5a202581c200_8011, v0x5a202581c200_8012, v0x5a202581c200_8013, v0x5a202581c200_8014;
v0x5a202581c200_8015 .array/port v0x5a202581c200, 8015;
v0x5a202581c200_8016 .array/port v0x5a202581c200, 8016;
v0x5a202581c200_8017 .array/port v0x5a202581c200, 8017;
v0x5a202581c200_8018 .array/port v0x5a202581c200, 8018;
E_0x5a20257c6530/2004 .event anyedge, v0x5a202581c200_8015, v0x5a202581c200_8016, v0x5a202581c200_8017, v0x5a202581c200_8018;
v0x5a202581c200_8019 .array/port v0x5a202581c200, 8019;
v0x5a202581c200_8020 .array/port v0x5a202581c200, 8020;
v0x5a202581c200_8021 .array/port v0x5a202581c200, 8021;
v0x5a202581c200_8022 .array/port v0x5a202581c200, 8022;
E_0x5a20257c6530/2005 .event anyedge, v0x5a202581c200_8019, v0x5a202581c200_8020, v0x5a202581c200_8021, v0x5a202581c200_8022;
v0x5a202581c200_8023 .array/port v0x5a202581c200, 8023;
v0x5a202581c200_8024 .array/port v0x5a202581c200, 8024;
v0x5a202581c200_8025 .array/port v0x5a202581c200, 8025;
v0x5a202581c200_8026 .array/port v0x5a202581c200, 8026;
E_0x5a20257c6530/2006 .event anyedge, v0x5a202581c200_8023, v0x5a202581c200_8024, v0x5a202581c200_8025, v0x5a202581c200_8026;
v0x5a202581c200_8027 .array/port v0x5a202581c200, 8027;
v0x5a202581c200_8028 .array/port v0x5a202581c200, 8028;
v0x5a202581c200_8029 .array/port v0x5a202581c200, 8029;
v0x5a202581c200_8030 .array/port v0x5a202581c200, 8030;
E_0x5a20257c6530/2007 .event anyedge, v0x5a202581c200_8027, v0x5a202581c200_8028, v0x5a202581c200_8029, v0x5a202581c200_8030;
v0x5a202581c200_8031 .array/port v0x5a202581c200, 8031;
v0x5a202581c200_8032 .array/port v0x5a202581c200, 8032;
v0x5a202581c200_8033 .array/port v0x5a202581c200, 8033;
v0x5a202581c200_8034 .array/port v0x5a202581c200, 8034;
E_0x5a20257c6530/2008 .event anyedge, v0x5a202581c200_8031, v0x5a202581c200_8032, v0x5a202581c200_8033, v0x5a202581c200_8034;
v0x5a202581c200_8035 .array/port v0x5a202581c200, 8035;
v0x5a202581c200_8036 .array/port v0x5a202581c200, 8036;
v0x5a202581c200_8037 .array/port v0x5a202581c200, 8037;
v0x5a202581c200_8038 .array/port v0x5a202581c200, 8038;
E_0x5a20257c6530/2009 .event anyedge, v0x5a202581c200_8035, v0x5a202581c200_8036, v0x5a202581c200_8037, v0x5a202581c200_8038;
v0x5a202581c200_8039 .array/port v0x5a202581c200, 8039;
v0x5a202581c200_8040 .array/port v0x5a202581c200, 8040;
v0x5a202581c200_8041 .array/port v0x5a202581c200, 8041;
v0x5a202581c200_8042 .array/port v0x5a202581c200, 8042;
E_0x5a20257c6530/2010 .event anyedge, v0x5a202581c200_8039, v0x5a202581c200_8040, v0x5a202581c200_8041, v0x5a202581c200_8042;
v0x5a202581c200_8043 .array/port v0x5a202581c200, 8043;
v0x5a202581c200_8044 .array/port v0x5a202581c200, 8044;
v0x5a202581c200_8045 .array/port v0x5a202581c200, 8045;
v0x5a202581c200_8046 .array/port v0x5a202581c200, 8046;
E_0x5a20257c6530/2011 .event anyedge, v0x5a202581c200_8043, v0x5a202581c200_8044, v0x5a202581c200_8045, v0x5a202581c200_8046;
v0x5a202581c200_8047 .array/port v0x5a202581c200, 8047;
v0x5a202581c200_8048 .array/port v0x5a202581c200, 8048;
v0x5a202581c200_8049 .array/port v0x5a202581c200, 8049;
v0x5a202581c200_8050 .array/port v0x5a202581c200, 8050;
E_0x5a20257c6530/2012 .event anyedge, v0x5a202581c200_8047, v0x5a202581c200_8048, v0x5a202581c200_8049, v0x5a202581c200_8050;
v0x5a202581c200_8051 .array/port v0x5a202581c200, 8051;
v0x5a202581c200_8052 .array/port v0x5a202581c200, 8052;
v0x5a202581c200_8053 .array/port v0x5a202581c200, 8053;
v0x5a202581c200_8054 .array/port v0x5a202581c200, 8054;
E_0x5a20257c6530/2013 .event anyedge, v0x5a202581c200_8051, v0x5a202581c200_8052, v0x5a202581c200_8053, v0x5a202581c200_8054;
v0x5a202581c200_8055 .array/port v0x5a202581c200, 8055;
v0x5a202581c200_8056 .array/port v0x5a202581c200, 8056;
v0x5a202581c200_8057 .array/port v0x5a202581c200, 8057;
v0x5a202581c200_8058 .array/port v0x5a202581c200, 8058;
E_0x5a20257c6530/2014 .event anyedge, v0x5a202581c200_8055, v0x5a202581c200_8056, v0x5a202581c200_8057, v0x5a202581c200_8058;
v0x5a202581c200_8059 .array/port v0x5a202581c200, 8059;
v0x5a202581c200_8060 .array/port v0x5a202581c200, 8060;
v0x5a202581c200_8061 .array/port v0x5a202581c200, 8061;
v0x5a202581c200_8062 .array/port v0x5a202581c200, 8062;
E_0x5a20257c6530/2015 .event anyedge, v0x5a202581c200_8059, v0x5a202581c200_8060, v0x5a202581c200_8061, v0x5a202581c200_8062;
v0x5a202581c200_8063 .array/port v0x5a202581c200, 8063;
v0x5a202581c200_8064 .array/port v0x5a202581c200, 8064;
v0x5a202581c200_8065 .array/port v0x5a202581c200, 8065;
v0x5a202581c200_8066 .array/port v0x5a202581c200, 8066;
E_0x5a20257c6530/2016 .event anyedge, v0x5a202581c200_8063, v0x5a202581c200_8064, v0x5a202581c200_8065, v0x5a202581c200_8066;
v0x5a202581c200_8067 .array/port v0x5a202581c200, 8067;
v0x5a202581c200_8068 .array/port v0x5a202581c200, 8068;
v0x5a202581c200_8069 .array/port v0x5a202581c200, 8069;
v0x5a202581c200_8070 .array/port v0x5a202581c200, 8070;
E_0x5a20257c6530/2017 .event anyedge, v0x5a202581c200_8067, v0x5a202581c200_8068, v0x5a202581c200_8069, v0x5a202581c200_8070;
v0x5a202581c200_8071 .array/port v0x5a202581c200, 8071;
v0x5a202581c200_8072 .array/port v0x5a202581c200, 8072;
v0x5a202581c200_8073 .array/port v0x5a202581c200, 8073;
v0x5a202581c200_8074 .array/port v0x5a202581c200, 8074;
E_0x5a20257c6530/2018 .event anyedge, v0x5a202581c200_8071, v0x5a202581c200_8072, v0x5a202581c200_8073, v0x5a202581c200_8074;
v0x5a202581c200_8075 .array/port v0x5a202581c200, 8075;
v0x5a202581c200_8076 .array/port v0x5a202581c200, 8076;
v0x5a202581c200_8077 .array/port v0x5a202581c200, 8077;
v0x5a202581c200_8078 .array/port v0x5a202581c200, 8078;
E_0x5a20257c6530/2019 .event anyedge, v0x5a202581c200_8075, v0x5a202581c200_8076, v0x5a202581c200_8077, v0x5a202581c200_8078;
v0x5a202581c200_8079 .array/port v0x5a202581c200, 8079;
v0x5a202581c200_8080 .array/port v0x5a202581c200, 8080;
v0x5a202581c200_8081 .array/port v0x5a202581c200, 8081;
v0x5a202581c200_8082 .array/port v0x5a202581c200, 8082;
E_0x5a20257c6530/2020 .event anyedge, v0x5a202581c200_8079, v0x5a202581c200_8080, v0x5a202581c200_8081, v0x5a202581c200_8082;
v0x5a202581c200_8083 .array/port v0x5a202581c200, 8083;
v0x5a202581c200_8084 .array/port v0x5a202581c200, 8084;
v0x5a202581c200_8085 .array/port v0x5a202581c200, 8085;
v0x5a202581c200_8086 .array/port v0x5a202581c200, 8086;
E_0x5a20257c6530/2021 .event anyedge, v0x5a202581c200_8083, v0x5a202581c200_8084, v0x5a202581c200_8085, v0x5a202581c200_8086;
v0x5a202581c200_8087 .array/port v0x5a202581c200, 8087;
v0x5a202581c200_8088 .array/port v0x5a202581c200, 8088;
v0x5a202581c200_8089 .array/port v0x5a202581c200, 8089;
v0x5a202581c200_8090 .array/port v0x5a202581c200, 8090;
E_0x5a20257c6530/2022 .event anyedge, v0x5a202581c200_8087, v0x5a202581c200_8088, v0x5a202581c200_8089, v0x5a202581c200_8090;
v0x5a202581c200_8091 .array/port v0x5a202581c200, 8091;
v0x5a202581c200_8092 .array/port v0x5a202581c200, 8092;
v0x5a202581c200_8093 .array/port v0x5a202581c200, 8093;
v0x5a202581c200_8094 .array/port v0x5a202581c200, 8094;
E_0x5a20257c6530/2023 .event anyedge, v0x5a202581c200_8091, v0x5a202581c200_8092, v0x5a202581c200_8093, v0x5a202581c200_8094;
v0x5a202581c200_8095 .array/port v0x5a202581c200, 8095;
v0x5a202581c200_8096 .array/port v0x5a202581c200, 8096;
v0x5a202581c200_8097 .array/port v0x5a202581c200, 8097;
v0x5a202581c200_8098 .array/port v0x5a202581c200, 8098;
E_0x5a20257c6530/2024 .event anyedge, v0x5a202581c200_8095, v0x5a202581c200_8096, v0x5a202581c200_8097, v0x5a202581c200_8098;
v0x5a202581c200_8099 .array/port v0x5a202581c200, 8099;
v0x5a202581c200_8100 .array/port v0x5a202581c200, 8100;
v0x5a202581c200_8101 .array/port v0x5a202581c200, 8101;
v0x5a202581c200_8102 .array/port v0x5a202581c200, 8102;
E_0x5a20257c6530/2025 .event anyedge, v0x5a202581c200_8099, v0x5a202581c200_8100, v0x5a202581c200_8101, v0x5a202581c200_8102;
v0x5a202581c200_8103 .array/port v0x5a202581c200, 8103;
v0x5a202581c200_8104 .array/port v0x5a202581c200, 8104;
v0x5a202581c200_8105 .array/port v0x5a202581c200, 8105;
v0x5a202581c200_8106 .array/port v0x5a202581c200, 8106;
E_0x5a20257c6530/2026 .event anyedge, v0x5a202581c200_8103, v0x5a202581c200_8104, v0x5a202581c200_8105, v0x5a202581c200_8106;
v0x5a202581c200_8107 .array/port v0x5a202581c200, 8107;
v0x5a202581c200_8108 .array/port v0x5a202581c200, 8108;
v0x5a202581c200_8109 .array/port v0x5a202581c200, 8109;
v0x5a202581c200_8110 .array/port v0x5a202581c200, 8110;
E_0x5a20257c6530/2027 .event anyedge, v0x5a202581c200_8107, v0x5a202581c200_8108, v0x5a202581c200_8109, v0x5a202581c200_8110;
v0x5a202581c200_8111 .array/port v0x5a202581c200, 8111;
v0x5a202581c200_8112 .array/port v0x5a202581c200, 8112;
v0x5a202581c200_8113 .array/port v0x5a202581c200, 8113;
v0x5a202581c200_8114 .array/port v0x5a202581c200, 8114;
E_0x5a20257c6530/2028 .event anyedge, v0x5a202581c200_8111, v0x5a202581c200_8112, v0x5a202581c200_8113, v0x5a202581c200_8114;
v0x5a202581c200_8115 .array/port v0x5a202581c200, 8115;
v0x5a202581c200_8116 .array/port v0x5a202581c200, 8116;
v0x5a202581c200_8117 .array/port v0x5a202581c200, 8117;
v0x5a202581c200_8118 .array/port v0x5a202581c200, 8118;
E_0x5a20257c6530/2029 .event anyedge, v0x5a202581c200_8115, v0x5a202581c200_8116, v0x5a202581c200_8117, v0x5a202581c200_8118;
v0x5a202581c200_8119 .array/port v0x5a202581c200, 8119;
v0x5a202581c200_8120 .array/port v0x5a202581c200, 8120;
v0x5a202581c200_8121 .array/port v0x5a202581c200, 8121;
v0x5a202581c200_8122 .array/port v0x5a202581c200, 8122;
E_0x5a20257c6530/2030 .event anyedge, v0x5a202581c200_8119, v0x5a202581c200_8120, v0x5a202581c200_8121, v0x5a202581c200_8122;
v0x5a202581c200_8123 .array/port v0x5a202581c200, 8123;
v0x5a202581c200_8124 .array/port v0x5a202581c200, 8124;
v0x5a202581c200_8125 .array/port v0x5a202581c200, 8125;
v0x5a202581c200_8126 .array/port v0x5a202581c200, 8126;
E_0x5a20257c6530/2031 .event anyedge, v0x5a202581c200_8123, v0x5a202581c200_8124, v0x5a202581c200_8125, v0x5a202581c200_8126;
v0x5a202581c200_8127 .array/port v0x5a202581c200, 8127;
v0x5a202581c200_8128 .array/port v0x5a202581c200, 8128;
v0x5a202581c200_8129 .array/port v0x5a202581c200, 8129;
v0x5a202581c200_8130 .array/port v0x5a202581c200, 8130;
E_0x5a20257c6530/2032 .event anyedge, v0x5a202581c200_8127, v0x5a202581c200_8128, v0x5a202581c200_8129, v0x5a202581c200_8130;
v0x5a202581c200_8131 .array/port v0x5a202581c200, 8131;
v0x5a202581c200_8132 .array/port v0x5a202581c200, 8132;
v0x5a202581c200_8133 .array/port v0x5a202581c200, 8133;
v0x5a202581c200_8134 .array/port v0x5a202581c200, 8134;
E_0x5a20257c6530/2033 .event anyedge, v0x5a202581c200_8131, v0x5a202581c200_8132, v0x5a202581c200_8133, v0x5a202581c200_8134;
v0x5a202581c200_8135 .array/port v0x5a202581c200, 8135;
v0x5a202581c200_8136 .array/port v0x5a202581c200, 8136;
v0x5a202581c200_8137 .array/port v0x5a202581c200, 8137;
v0x5a202581c200_8138 .array/port v0x5a202581c200, 8138;
E_0x5a20257c6530/2034 .event anyedge, v0x5a202581c200_8135, v0x5a202581c200_8136, v0x5a202581c200_8137, v0x5a202581c200_8138;
v0x5a202581c200_8139 .array/port v0x5a202581c200, 8139;
v0x5a202581c200_8140 .array/port v0x5a202581c200, 8140;
v0x5a202581c200_8141 .array/port v0x5a202581c200, 8141;
v0x5a202581c200_8142 .array/port v0x5a202581c200, 8142;
E_0x5a20257c6530/2035 .event anyedge, v0x5a202581c200_8139, v0x5a202581c200_8140, v0x5a202581c200_8141, v0x5a202581c200_8142;
v0x5a202581c200_8143 .array/port v0x5a202581c200, 8143;
v0x5a202581c200_8144 .array/port v0x5a202581c200, 8144;
v0x5a202581c200_8145 .array/port v0x5a202581c200, 8145;
v0x5a202581c200_8146 .array/port v0x5a202581c200, 8146;
E_0x5a20257c6530/2036 .event anyedge, v0x5a202581c200_8143, v0x5a202581c200_8144, v0x5a202581c200_8145, v0x5a202581c200_8146;
v0x5a202581c200_8147 .array/port v0x5a202581c200, 8147;
v0x5a202581c200_8148 .array/port v0x5a202581c200, 8148;
v0x5a202581c200_8149 .array/port v0x5a202581c200, 8149;
v0x5a202581c200_8150 .array/port v0x5a202581c200, 8150;
E_0x5a20257c6530/2037 .event anyedge, v0x5a202581c200_8147, v0x5a202581c200_8148, v0x5a202581c200_8149, v0x5a202581c200_8150;
v0x5a202581c200_8151 .array/port v0x5a202581c200, 8151;
v0x5a202581c200_8152 .array/port v0x5a202581c200, 8152;
v0x5a202581c200_8153 .array/port v0x5a202581c200, 8153;
v0x5a202581c200_8154 .array/port v0x5a202581c200, 8154;
E_0x5a20257c6530/2038 .event anyedge, v0x5a202581c200_8151, v0x5a202581c200_8152, v0x5a202581c200_8153, v0x5a202581c200_8154;
v0x5a202581c200_8155 .array/port v0x5a202581c200, 8155;
v0x5a202581c200_8156 .array/port v0x5a202581c200, 8156;
v0x5a202581c200_8157 .array/port v0x5a202581c200, 8157;
v0x5a202581c200_8158 .array/port v0x5a202581c200, 8158;
E_0x5a20257c6530/2039 .event anyedge, v0x5a202581c200_8155, v0x5a202581c200_8156, v0x5a202581c200_8157, v0x5a202581c200_8158;
v0x5a202581c200_8159 .array/port v0x5a202581c200, 8159;
v0x5a202581c200_8160 .array/port v0x5a202581c200, 8160;
v0x5a202581c200_8161 .array/port v0x5a202581c200, 8161;
v0x5a202581c200_8162 .array/port v0x5a202581c200, 8162;
E_0x5a20257c6530/2040 .event anyedge, v0x5a202581c200_8159, v0x5a202581c200_8160, v0x5a202581c200_8161, v0x5a202581c200_8162;
v0x5a202581c200_8163 .array/port v0x5a202581c200, 8163;
v0x5a202581c200_8164 .array/port v0x5a202581c200, 8164;
v0x5a202581c200_8165 .array/port v0x5a202581c200, 8165;
v0x5a202581c200_8166 .array/port v0x5a202581c200, 8166;
E_0x5a20257c6530/2041 .event anyedge, v0x5a202581c200_8163, v0x5a202581c200_8164, v0x5a202581c200_8165, v0x5a202581c200_8166;
v0x5a202581c200_8167 .array/port v0x5a202581c200, 8167;
v0x5a202581c200_8168 .array/port v0x5a202581c200, 8168;
v0x5a202581c200_8169 .array/port v0x5a202581c200, 8169;
v0x5a202581c200_8170 .array/port v0x5a202581c200, 8170;
E_0x5a20257c6530/2042 .event anyedge, v0x5a202581c200_8167, v0x5a202581c200_8168, v0x5a202581c200_8169, v0x5a202581c200_8170;
v0x5a202581c200_8171 .array/port v0x5a202581c200, 8171;
v0x5a202581c200_8172 .array/port v0x5a202581c200, 8172;
v0x5a202581c200_8173 .array/port v0x5a202581c200, 8173;
v0x5a202581c200_8174 .array/port v0x5a202581c200, 8174;
E_0x5a20257c6530/2043 .event anyedge, v0x5a202581c200_8171, v0x5a202581c200_8172, v0x5a202581c200_8173, v0x5a202581c200_8174;
v0x5a202581c200_8175 .array/port v0x5a202581c200, 8175;
v0x5a202581c200_8176 .array/port v0x5a202581c200, 8176;
v0x5a202581c200_8177 .array/port v0x5a202581c200, 8177;
v0x5a202581c200_8178 .array/port v0x5a202581c200, 8178;
E_0x5a20257c6530/2044 .event anyedge, v0x5a202581c200_8175, v0x5a202581c200_8176, v0x5a202581c200_8177, v0x5a202581c200_8178;
v0x5a202581c200_8179 .array/port v0x5a202581c200, 8179;
v0x5a202581c200_8180 .array/port v0x5a202581c200, 8180;
v0x5a202581c200_8181 .array/port v0x5a202581c200, 8181;
v0x5a202581c200_8182 .array/port v0x5a202581c200, 8182;
E_0x5a20257c6530/2045 .event anyedge, v0x5a202581c200_8179, v0x5a202581c200_8180, v0x5a202581c200_8181, v0x5a202581c200_8182;
v0x5a202581c200_8183 .array/port v0x5a202581c200, 8183;
v0x5a202581c200_8184 .array/port v0x5a202581c200, 8184;
v0x5a202581c200_8185 .array/port v0x5a202581c200, 8185;
v0x5a202581c200_8186 .array/port v0x5a202581c200, 8186;
E_0x5a20257c6530/2046 .event anyedge, v0x5a202581c200_8183, v0x5a202581c200_8184, v0x5a202581c200_8185, v0x5a202581c200_8186;
v0x5a202581c200_8187 .array/port v0x5a202581c200, 8187;
v0x5a202581c200_8188 .array/port v0x5a202581c200, 8188;
v0x5a202581c200_8189 .array/port v0x5a202581c200, 8189;
v0x5a202581c200_8190 .array/port v0x5a202581c200, 8190;
E_0x5a20257c6530/2047 .event anyedge, v0x5a202581c200_8187, v0x5a202581c200_8188, v0x5a202581c200_8189, v0x5a202581c200_8190;
v0x5a202581c200_8191 .array/port v0x5a202581c200, 8191;
E_0x5a20257c6530/2048 .event anyedge, v0x5a202581c200_8191, v0x5a2025816d30_0;
E_0x5a20257c6530 .event/or E_0x5a20257c6530/0, E_0x5a20257c6530/1, E_0x5a20257c6530/2, E_0x5a20257c6530/3, E_0x5a20257c6530/4, E_0x5a20257c6530/5, E_0x5a20257c6530/6, E_0x5a20257c6530/7, E_0x5a20257c6530/8, E_0x5a20257c6530/9, E_0x5a20257c6530/10, E_0x5a20257c6530/11, E_0x5a20257c6530/12, E_0x5a20257c6530/13, E_0x5a20257c6530/14, E_0x5a20257c6530/15, E_0x5a20257c6530/16, E_0x5a20257c6530/17, E_0x5a20257c6530/18, E_0x5a20257c6530/19, E_0x5a20257c6530/20, E_0x5a20257c6530/21, E_0x5a20257c6530/22, E_0x5a20257c6530/23, E_0x5a20257c6530/24, E_0x5a20257c6530/25, E_0x5a20257c6530/26, E_0x5a20257c6530/27, E_0x5a20257c6530/28, E_0x5a20257c6530/29, E_0x5a20257c6530/30, E_0x5a20257c6530/31, E_0x5a20257c6530/32, E_0x5a20257c6530/33, E_0x5a20257c6530/34, E_0x5a20257c6530/35, E_0x5a20257c6530/36, E_0x5a20257c6530/37, E_0x5a20257c6530/38, E_0x5a20257c6530/39, E_0x5a20257c6530/40, E_0x5a20257c6530/41, E_0x5a20257c6530/42, E_0x5a20257c6530/43, E_0x5a20257c6530/44, E_0x5a20257c6530/45, E_0x5a20257c6530/46, E_0x5a20257c6530/47, E_0x5a20257c6530/48, E_0x5a20257c6530/49, E_0x5a20257c6530/50, E_0x5a20257c6530/51, E_0x5a20257c6530/52, E_0x5a20257c6530/53, E_0x5a20257c6530/54, E_0x5a20257c6530/55, E_0x5a20257c6530/56, E_0x5a20257c6530/57, E_0x5a20257c6530/58, E_0x5a20257c6530/59, E_0x5a20257c6530/60, E_0x5a20257c6530/61, E_0x5a20257c6530/62, E_0x5a20257c6530/63, E_0x5a20257c6530/64, E_0x5a20257c6530/65, E_0x5a20257c6530/66, E_0x5a20257c6530/67, E_0x5a20257c6530/68, E_0x5a20257c6530/69, E_0x5a20257c6530/70, E_0x5a20257c6530/71, E_0x5a20257c6530/72, E_0x5a20257c6530/73, E_0x5a20257c6530/74, E_0x5a20257c6530/75, E_0x5a20257c6530/76, E_0x5a20257c6530/77, E_0x5a20257c6530/78, E_0x5a20257c6530/79, E_0x5a20257c6530/80, E_0x5a20257c6530/81, E_0x5a20257c6530/82, E_0x5a20257c6530/83, E_0x5a20257c6530/84, E_0x5a20257c6530/85, E_0x5a20257c6530/86, E_0x5a20257c6530/87, E_0x5a20257c6530/88, E_0x5a20257c6530/89, E_0x5a20257c6530/90, E_0x5a20257c6530/91, E_0x5a20257c6530/92, E_0x5a20257c6530/93, E_0x5a20257c6530/94, E_0x5a20257c6530/95, E_0x5a20257c6530/96, E_0x5a20257c6530/97, E_0x5a20257c6530/98, E_0x5a20257c6530/99, E_0x5a20257c6530/100, E_0x5a20257c6530/101, E_0x5a20257c6530/102, E_0x5a20257c6530/103, E_0x5a20257c6530/104, E_0x5a20257c6530/105, E_0x5a20257c6530/106, E_0x5a20257c6530/107, E_0x5a20257c6530/108, E_0x5a20257c6530/109, E_0x5a20257c6530/110, E_0x5a20257c6530/111, E_0x5a20257c6530/112, E_0x5a20257c6530/113, E_0x5a20257c6530/114, E_0x5a20257c6530/115, E_0x5a20257c6530/116, E_0x5a20257c6530/117, E_0x5a20257c6530/118, E_0x5a20257c6530/119, E_0x5a20257c6530/120, E_0x5a20257c6530/121, E_0x5a20257c6530/122, E_0x5a20257c6530/123, E_0x5a20257c6530/124, E_0x5a20257c6530/125, E_0x5a20257c6530/126, E_0x5a20257c6530/127, E_0x5a20257c6530/128, E_0x5a20257c6530/129, E_0x5a20257c6530/130, E_0x5a20257c6530/131, E_0x5a20257c6530/132, E_0x5a20257c6530/133, E_0x5a20257c6530/134, E_0x5a20257c6530/135, E_0x5a20257c6530/136, E_0x5a20257c6530/137, E_0x5a20257c6530/138, E_0x5a20257c6530/139, E_0x5a20257c6530/140, E_0x5a20257c6530/141, E_0x5a20257c6530/142, E_0x5a20257c6530/143, E_0x5a20257c6530/144, E_0x5a20257c6530/145, E_0x5a20257c6530/146, E_0x5a20257c6530/147, E_0x5a20257c6530/148, E_0x5a20257c6530/149, E_0x5a20257c6530/150, E_0x5a20257c6530/151, E_0x5a20257c6530/152, E_0x5a20257c6530/153, E_0x5a20257c6530/154, E_0x5a20257c6530/155, E_0x5a20257c6530/156, E_0x5a20257c6530/157, E_0x5a20257c6530/158, E_0x5a20257c6530/159, E_0x5a20257c6530/160, E_0x5a20257c6530/161, E_0x5a20257c6530/162, E_0x5a20257c6530/163, E_0x5a20257c6530/164, E_0x5a20257c6530/165, E_0x5a20257c6530/166, E_0x5a20257c6530/167, E_0x5a20257c6530/168, E_0x5a20257c6530/169, E_0x5a20257c6530/170, E_0x5a20257c6530/171, E_0x5a20257c6530/172, E_0x5a20257c6530/173, E_0x5a20257c6530/174, E_0x5a20257c6530/175, E_0x5a20257c6530/176, E_0x5a20257c6530/177, E_0x5a20257c6530/178, E_0x5a20257c6530/179, E_0x5a20257c6530/180, E_0x5a20257c6530/181, E_0x5a20257c6530/182, E_0x5a20257c6530/183, E_0x5a20257c6530/184, E_0x5a20257c6530/185, E_0x5a20257c6530/186, E_0x5a20257c6530/187, E_0x5a20257c6530/188, E_0x5a20257c6530/189, E_0x5a20257c6530/190, E_0x5a20257c6530/191, E_0x5a20257c6530/192, E_0x5a20257c6530/193, E_0x5a20257c6530/194, E_0x5a20257c6530/195, E_0x5a20257c6530/196, E_0x5a20257c6530/197, E_0x5a20257c6530/198, E_0x5a20257c6530/199, E_0x5a20257c6530/200, E_0x5a20257c6530/201, E_0x5a20257c6530/202, E_0x5a20257c6530/203, E_0x5a20257c6530/204, E_0x5a20257c6530/205, E_0x5a20257c6530/206, E_0x5a20257c6530/207, E_0x5a20257c6530/208, E_0x5a20257c6530/209, E_0x5a20257c6530/210, E_0x5a20257c6530/211, E_0x5a20257c6530/212, E_0x5a20257c6530/213, E_0x5a20257c6530/214, E_0x5a20257c6530/215, E_0x5a20257c6530/216, E_0x5a20257c6530/217, E_0x5a20257c6530/218, E_0x5a20257c6530/219, E_0x5a20257c6530/220, E_0x5a20257c6530/221, E_0x5a20257c6530/222, E_0x5a20257c6530/223, E_0x5a20257c6530/224, E_0x5a20257c6530/225, E_0x5a20257c6530/226, E_0x5a20257c6530/227, E_0x5a20257c6530/228, E_0x5a20257c6530/229, E_0x5a20257c6530/230, E_0x5a20257c6530/231, E_0x5a20257c6530/232, E_0x5a20257c6530/233, E_0x5a20257c6530/234, E_0x5a20257c6530/235, E_0x5a20257c6530/236, E_0x5a20257c6530/237, E_0x5a20257c6530/238, E_0x5a20257c6530/239, E_0x5a20257c6530/240, E_0x5a20257c6530/241, E_0x5a20257c6530/242, E_0x5a20257c6530/243, E_0x5a20257c6530/244, E_0x5a20257c6530/245, E_0x5a20257c6530/246, E_0x5a20257c6530/247, E_0x5a20257c6530/248, E_0x5a20257c6530/249, E_0x5a20257c6530/250, E_0x5a20257c6530/251, E_0x5a20257c6530/252, E_0x5a20257c6530/253, E_0x5a20257c6530/254, E_0x5a20257c6530/255, E_0x5a20257c6530/256, E_0x5a20257c6530/257, E_0x5a20257c6530/258, E_0x5a20257c6530/259, E_0x5a20257c6530/260, E_0x5a20257c6530/261, E_0x5a20257c6530/262, E_0x5a20257c6530/263, E_0x5a20257c6530/264, E_0x5a20257c6530/265, E_0x5a20257c6530/266, E_0x5a20257c6530/267, E_0x5a20257c6530/268, E_0x5a20257c6530/269, E_0x5a20257c6530/270, E_0x5a20257c6530/271, E_0x5a20257c6530/272, E_0x5a20257c6530/273, E_0x5a20257c6530/274, E_0x5a20257c6530/275, E_0x5a20257c6530/276, E_0x5a20257c6530/277, E_0x5a20257c6530/278, E_0x5a20257c6530/279, E_0x5a20257c6530/280, E_0x5a20257c6530/281, E_0x5a20257c6530/282, E_0x5a20257c6530/283, E_0x5a20257c6530/284, E_0x5a20257c6530/285, E_0x5a20257c6530/286, E_0x5a20257c6530/287, E_0x5a20257c6530/288, E_0x5a20257c6530/289, E_0x5a20257c6530/290, E_0x5a20257c6530/291, E_0x5a20257c6530/292, E_0x5a20257c6530/293, E_0x5a20257c6530/294, E_0x5a20257c6530/295, E_0x5a20257c6530/296, E_0x5a20257c6530/297, E_0x5a20257c6530/298, E_0x5a20257c6530/299, E_0x5a20257c6530/300, E_0x5a20257c6530/301, E_0x5a20257c6530/302, E_0x5a20257c6530/303, E_0x5a20257c6530/304, E_0x5a20257c6530/305, E_0x5a20257c6530/306, E_0x5a20257c6530/307, E_0x5a20257c6530/308, E_0x5a20257c6530/309, E_0x5a20257c6530/310, E_0x5a20257c6530/311, E_0x5a20257c6530/312, E_0x5a20257c6530/313, E_0x5a20257c6530/314, E_0x5a20257c6530/315, E_0x5a20257c6530/316, E_0x5a20257c6530/317, E_0x5a20257c6530/318, E_0x5a20257c6530/319, E_0x5a20257c6530/320, E_0x5a20257c6530/321, E_0x5a20257c6530/322, E_0x5a20257c6530/323, E_0x5a20257c6530/324, E_0x5a20257c6530/325, E_0x5a20257c6530/326, E_0x5a20257c6530/327, E_0x5a20257c6530/328, E_0x5a20257c6530/329, E_0x5a20257c6530/330, E_0x5a20257c6530/331, E_0x5a20257c6530/332, E_0x5a20257c6530/333, E_0x5a20257c6530/334, E_0x5a20257c6530/335, E_0x5a20257c6530/336, E_0x5a20257c6530/337, E_0x5a20257c6530/338, E_0x5a20257c6530/339, E_0x5a20257c6530/340, E_0x5a20257c6530/341, E_0x5a20257c6530/342, E_0x5a20257c6530/343, E_0x5a20257c6530/344, E_0x5a20257c6530/345, E_0x5a20257c6530/346, E_0x5a20257c6530/347, E_0x5a20257c6530/348, E_0x5a20257c6530/349, E_0x5a20257c6530/350, E_0x5a20257c6530/351, E_0x5a20257c6530/352, E_0x5a20257c6530/353, E_0x5a20257c6530/354, E_0x5a20257c6530/355, E_0x5a20257c6530/356, E_0x5a20257c6530/357, E_0x5a20257c6530/358, E_0x5a20257c6530/359, E_0x5a20257c6530/360, E_0x5a20257c6530/361, E_0x5a20257c6530/362, E_0x5a20257c6530/363, E_0x5a20257c6530/364, E_0x5a20257c6530/365, E_0x5a20257c6530/366, E_0x5a20257c6530/367, E_0x5a20257c6530/368, E_0x5a20257c6530/369, E_0x5a20257c6530/370, E_0x5a20257c6530/371, E_0x5a20257c6530/372, E_0x5a20257c6530/373, E_0x5a20257c6530/374, E_0x5a20257c6530/375, E_0x5a20257c6530/376, E_0x5a20257c6530/377, E_0x5a20257c6530/378, E_0x5a20257c6530/379, E_0x5a20257c6530/380, E_0x5a20257c6530/381, E_0x5a20257c6530/382, E_0x5a20257c6530/383, E_0x5a20257c6530/384, E_0x5a20257c6530/385, E_0x5a20257c6530/386, E_0x5a20257c6530/387, E_0x5a20257c6530/388, E_0x5a20257c6530/389, E_0x5a20257c6530/390, E_0x5a20257c6530/391, E_0x5a20257c6530/392, E_0x5a20257c6530/393, E_0x5a20257c6530/394, E_0x5a20257c6530/395, E_0x5a20257c6530/396, E_0x5a20257c6530/397, E_0x5a20257c6530/398, E_0x5a20257c6530/399, E_0x5a20257c6530/400, E_0x5a20257c6530/401, E_0x5a20257c6530/402, E_0x5a20257c6530/403, E_0x5a20257c6530/404, E_0x5a20257c6530/405, E_0x5a20257c6530/406, E_0x5a20257c6530/407, E_0x5a20257c6530/408, E_0x5a20257c6530/409, E_0x5a20257c6530/410, E_0x5a20257c6530/411, E_0x5a20257c6530/412, E_0x5a20257c6530/413, E_0x5a20257c6530/414, E_0x5a20257c6530/415, E_0x5a20257c6530/416, E_0x5a20257c6530/417, E_0x5a20257c6530/418, E_0x5a20257c6530/419, E_0x5a20257c6530/420, E_0x5a20257c6530/421, E_0x5a20257c6530/422, E_0x5a20257c6530/423, E_0x5a20257c6530/424, E_0x5a20257c6530/425, E_0x5a20257c6530/426, E_0x5a20257c6530/427, E_0x5a20257c6530/428, E_0x5a20257c6530/429, E_0x5a20257c6530/430, E_0x5a20257c6530/431, E_0x5a20257c6530/432, E_0x5a20257c6530/433, E_0x5a20257c6530/434, E_0x5a20257c6530/435, E_0x5a20257c6530/436, E_0x5a20257c6530/437, E_0x5a20257c6530/438, E_0x5a20257c6530/439, E_0x5a20257c6530/440, E_0x5a20257c6530/441, E_0x5a20257c6530/442, E_0x5a20257c6530/443, E_0x5a20257c6530/444, E_0x5a20257c6530/445, E_0x5a20257c6530/446, E_0x5a20257c6530/447, E_0x5a20257c6530/448, E_0x5a20257c6530/449, E_0x5a20257c6530/450, E_0x5a20257c6530/451, E_0x5a20257c6530/452, E_0x5a20257c6530/453, E_0x5a20257c6530/454, E_0x5a20257c6530/455, E_0x5a20257c6530/456, E_0x5a20257c6530/457, E_0x5a20257c6530/458, E_0x5a20257c6530/459, E_0x5a20257c6530/460, E_0x5a20257c6530/461, E_0x5a20257c6530/462, E_0x5a20257c6530/463, E_0x5a20257c6530/464, E_0x5a20257c6530/465, E_0x5a20257c6530/466, E_0x5a20257c6530/467, E_0x5a20257c6530/468, E_0x5a20257c6530/469, E_0x5a20257c6530/470, E_0x5a20257c6530/471, E_0x5a20257c6530/472, E_0x5a20257c6530/473, E_0x5a20257c6530/474, E_0x5a20257c6530/475, E_0x5a20257c6530/476, E_0x5a20257c6530/477, E_0x5a20257c6530/478, E_0x5a20257c6530/479, E_0x5a20257c6530/480, E_0x5a20257c6530/481, E_0x5a20257c6530/482, E_0x5a20257c6530/483, E_0x5a20257c6530/484, E_0x5a20257c6530/485, E_0x5a20257c6530/486, E_0x5a20257c6530/487, E_0x5a20257c6530/488, E_0x5a20257c6530/489, E_0x5a20257c6530/490, E_0x5a20257c6530/491, E_0x5a20257c6530/492, E_0x5a20257c6530/493, E_0x5a20257c6530/494, E_0x5a20257c6530/495, E_0x5a20257c6530/496, E_0x5a20257c6530/497, E_0x5a20257c6530/498, E_0x5a20257c6530/499, E_0x5a20257c6530/500, E_0x5a20257c6530/501, E_0x5a20257c6530/502, E_0x5a20257c6530/503, E_0x5a20257c6530/504, E_0x5a20257c6530/505, E_0x5a20257c6530/506, E_0x5a20257c6530/507, E_0x5a20257c6530/508, E_0x5a20257c6530/509, E_0x5a20257c6530/510, E_0x5a20257c6530/511, E_0x5a20257c6530/512, E_0x5a20257c6530/513, E_0x5a20257c6530/514, E_0x5a20257c6530/515, E_0x5a20257c6530/516, E_0x5a20257c6530/517, E_0x5a20257c6530/518, E_0x5a20257c6530/519, E_0x5a20257c6530/520, E_0x5a20257c6530/521, E_0x5a20257c6530/522, E_0x5a20257c6530/523, E_0x5a20257c6530/524, E_0x5a20257c6530/525, E_0x5a20257c6530/526, E_0x5a20257c6530/527, E_0x5a20257c6530/528, E_0x5a20257c6530/529, E_0x5a20257c6530/530, E_0x5a20257c6530/531, E_0x5a20257c6530/532, E_0x5a20257c6530/533, E_0x5a20257c6530/534, E_0x5a20257c6530/535, E_0x5a20257c6530/536, E_0x5a20257c6530/537, E_0x5a20257c6530/538, E_0x5a20257c6530/539, E_0x5a20257c6530/540, E_0x5a20257c6530/541, E_0x5a20257c6530/542, E_0x5a20257c6530/543, E_0x5a20257c6530/544, E_0x5a20257c6530/545, E_0x5a20257c6530/546, E_0x5a20257c6530/547, E_0x5a20257c6530/548, E_0x5a20257c6530/549, E_0x5a20257c6530/550, E_0x5a20257c6530/551, E_0x5a20257c6530/552, E_0x5a20257c6530/553, E_0x5a20257c6530/554, E_0x5a20257c6530/555, E_0x5a20257c6530/556, E_0x5a20257c6530/557, E_0x5a20257c6530/558, E_0x5a20257c6530/559, E_0x5a20257c6530/560, E_0x5a20257c6530/561, E_0x5a20257c6530/562, E_0x5a20257c6530/563, E_0x5a20257c6530/564, E_0x5a20257c6530/565, E_0x5a20257c6530/566, E_0x5a20257c6530/567, E_0x5a20257c6530/568, E_0x5a20257c6530/569, E_0x5a20257c6530/570, E_0x5a20257c6530/571, E_0x5a20257c6530/572, E_0x5a20257c6530/573, E_0x5a20257c6530/574, E_0x5a20257c6530/575, E_0x5a20257c6530/576, E_0x5a20257c6530/577, E_0x5a20257c6530/578, E_0x5a20257c6530/579, E_0x5a20257c6530/580, E_0x5a20257c6530/581, E_0x5a20257c6530/582, E_0x5a20257c6530/583, E_0x5a20257c6530/584, E_0x5a20257c6530/585, E_0x5a20257c6530/586, E_0x5a20257c6530/587, E_0x5a20257c6530/588, E_0x5a20257c6530/589, E_0x5a20257c6530/590, E_0x5a20257c6530/591, E_0x5a20257c6530/592, E_0x5a20257c6530/593, E_0x5a20257c6530/594, E_0x5a20257c6530/595, E_0x5a20257c6530/596, E_0x5a20257c6530/597, E_0x5a20257c6530/598, E_0x5a20257c6530/599, E_0x5a20257c6530/600, E_0x5a20257c6530/601, E_0x5a20257c6530/602, E_0x5a20257c6530/603, E_0x5a20257c6530/604, E_0x5a20257c6530/605, E_0x5a20257c6530/606, E_0x5a20257c6530/607, E_0x5a20257c6530/608, E_0x5a20257c6530/609, E_0x5a20257c6530/610, E_0x5a20257c6530/611, E_0x5a20257c6530/612, E_0x5a20257c6530/613, E_0x5a20257c6530/614, E_0x5a20257c6530/615, E_0x5a20257c6530/616, E_0x5a20257c6530/617, E_0x5a20257c6530/618, E_0x5a20257c6530/619, E_0x5a20257c6530/620, E_0x5a20257c6530/621, E_0x5a20257c6530/622, E_0x5a20257c6530/623, E_0x5a20257c6530/624, E_0x5a20257c6530/625, E_0x5a20257c6530/626, E_0x5a20257c6530/627, E_0x5a20257c6530/628, E_0x5a20257c6530/629, E_0x5a20257c6530/630, E_0x5a20257c6530/631, E_0x5a20257c6530/632, E_0x5a20257c6530/633, E_0x5a20257c6530/634, E_0x5a20257c6530/635, E_0x5a20257c6530/636, E_0x5a20257c6530/637, E_0x5a20257c6530/638, E_0x5a20257c6530/639, E_0x5a20257c6530/640, E_0x5a20257c6530/641, E_0x5a20257c6530/642, E_0x5a20257c6530/643, E_0x5a20257c6530/644, E_0x5a20257c6530/645, E_0x5a20257c6530/646, E_0x5a20257c6530/647, E_0x5a20257c6530/648, E_0x5a20257c6530/649, E_0x5a20257c6530/650, E_0x5a20257c6530/651, E_0x5a20257c6530/652, E_0x5a20257c6530/653, E_0x5a20257c6530/654, E_0x5a20257c6530/655, E_0x5a20257c6530/656, E_0x5a20257c6530/657, E_0x5a20257c6530/658, E_0x5a20257c6530/659, E_0x5a20257c6530/660, E_0x5a20257c6530/661, E_0x5a20257c6530/662, E_0x5a20257c6530/663, E_0x5a20257c6530/664, E_0x5a20257c6530/665, E_0x5a20257c6530/666, E_0x5a20257c6530/667, E_0x5a20257c6530/668, E_0x5a20257c6530/669, E_0x5a20257c6530/670, E_0x5a20257c6530/671, E_0x5a20257c6530/672, E_0x5a20257c6530/673, E_0x5a20257c6530/674, E_0x5a20257c6530/675, E_0x5a20257c6530/676, E_0x5a20257c6530/677, E_0x5a20257c6530/678, E_0x5a20257c6530/679, E_0x5a20257c6530/680, E_0x5a20257c6530/681, E_0x5a20257c6530/682, E_0x5a20257c6530/683, E_0x5a20257c6530/684, E_0x5a20257c6530/685, E_0x5a20257c6530/686, E_0x5a20257c6530/687, E_0x5a20257c6530/688, E_0x5a20257c6530/689, E_0x5a20257c6530/690, E_0x5a20257c6530/691, E_0x5a20257c6530/692, E_0x5a20257c6530/693, E_0x5a20257c6530/694, E_0x5a20257c6530/695, E_0x5a20257c6530/696, E_0x5a20257c6530/697, E_0x5a20257c6530/698, E_0x5a20257c6530/699, E_0x5a20257c6530/700, E_0x5a20257c6530/701, E_0x5a20257c6530/702, E_0x5a20257c6530/703, E_0x5a20257c6530/704, E_0x5a20257c6530/705, E_0x5a20257c6530/706, E_0x5a20257c6530/707, E_0x5a20257c6530/708, E_0x5a20257c6530/709, E_0x5a20257c6530/710, E_0x5a20257c6530/711, E_0x5a20257c6530/712, E_0x5a20257c6530/713, E_0x5a20257c6530/714, E_0x5a20257c6530/715, E_0x5a20257c6530/716, E_0x5a20257c6530/717, E_0x5a20257c6530/718, E_0x5a20257c6530/719, E_0x5a20257c6530/720, E_0x5a20257c6530/721, E_0x5a20257c6530/722, E_0x5a20257c6530/723, E_0x5a20257c6530/724, E_0x5a20257c6530/725, E_0x5a20257c6530/726, E_0x5a20257c6530/727, E_0x5a20257c6530/728, E_0x5a20257c6530/729, E_0x5a20257c6530/730, E_0x5a20257c6530/731, E_0x5a20257c6530/732, E_0x5a20257c6530/733, E_0x5a20257c6530/734, E_0x5a20257c6530/735, E_0x5a20257c6530/736, E_0x5a20257c6530/737, E_0x5a20257c6530/738, E_0x5a20257c6530/739, E_0x5a20257c6530/740, E_0x5a20257c6530/741, E_0x5a20257c6530/742, E_0x5a20257c6530/743, E_0x5a20257c6530/744, E_0x5a20257c6530/745, E_0x5a20257c6530/746, E_0x5a20257c6530/747, E_0x5a20257c6530/748, E_0x5a20257c6530/749, E_0x5a20257c6530/750, E_0x5a20257c6530/751, E_0x5a20257c6530/752, E_0x5a20257c6530/753, E_0x5a20257c6530/754, E_0x5a20257c6530/755, E_0x5a20257c6530/756, E_0x5a20257c6530/757, E_0x5a20257c6530/758, E_0x5a20257c6530/759, E_0x5a20257c6530/760, E_0x5a20257c6530/761, E_0x5a20257c6530/762, E_0x5a20257c6530/763, E_0x5a20257c6530/764, E_0x5a20257c6530/765, E_0x5a20257c6530/766, E_0x5a20257c6530/767, E_0x5a20257c6530/768, E_0x5a20257c6530/769, E_0x5a20257c6530/770, E_0x5a20257c6530/771, E_0x5a20257c6530/772, E_0x5a20257c6530/773, E_0x5a20257c6530/774, E_0x5a20257c6530/775, E_0x5a20257c6530/776, E_0x5a20257c6530/777, E_0x5a20257c6530/778, E_0x5a20257c6530/779, E_0x5a20257c6530/780, E_0x5a20257c6530/781, E_0x5a20257c6530/782, E_0x5a20257c6530/783, E_0x5a20257c6530/784, E_0x5a20257c6530/785, E_0x5a20257c6530/786, E_0x5a20257c6530/787, E_0x5a20257c6530/788, E_0x5a20257c6530/789, E_0x5a20257c6530/790, E_0x5a20257c6530/791, E_0x5a20257c6530/792, E_0x5a20257c6530/793, E_0x5a20257c6530/794, E_0x5a20257c6530/795, E_0x5a20257c6530/796, E_0x5a20257c6530/797, E_0x5a20257c6530/798, E_0x5a20257c6530/799, E_0x5a20257c6530/800, E_0x5a20257c6530/801, E_0x5a20257c6530/802, E_0x5a20257c6530/803, E_0x5a20257c6530/804, E_0x5a20257c6530/805, E_0x5a20257c6530/806, E_0x5a20257c6530/807, E_0x5a20257c6530/808, E_0x5a20257c6530/809, E_0x5a20257c6530/810, E_0x5a20257c6530/811, E_0x5a20257c6530/812, E_0x5a20257c6530/813, E_0x5a20257c6530/814, E_0x5a20257c6530/815, E_0x5a20257c6530/816, E_0x5a20257c6530/817, E_0x5a20257c6530/818, E_0x5a20257c6530/819, E_0x5a20257c6530/820, E_0x5a20257c6530/821, E_0x5a20257c6530/822, E_0x5a20257c6530/823, E_0x5a20257c6530/824, E_0x5a20257c6530/825, E_0x5a20257c6530/826, E_0x5a20257c6530/827, E_0x5a20257c6530/828, E_0x5a20257c6530/829, E_0x5a20257c6530/830, E_0x5a20257c6530/831, E_0x5a20257c6530/832, E_0x5a20257c6530/833, E_0x5a20257c6530/834, E_0x5a20257c6530/835, E_0x5a20257c6530/836, E_0x5a20257c6530/837, E_0x5a20257c6530/838, E_0x5a20257c6530/839, E_0x5a20257c6530/840, E_0x5a20257c6530/841, E_0x5a20257c6530/842, E_0x5a20257c6530/843, E_0x5a20257c6530/844, E_0x5a20257c6530/845, E_0x5a20257c6530/846, E_0x5a20257c6530/847, E_0x5a20257c6530/848, E_0x5a20257c6530/849, E_0x5a20257c6530/850, E_0x5a20257c6530/851, E_0x5a20257c6530/852, E_0x5a20257c6530/853, E_0x5a20257c6530/854, E_0x5a20257c6530/855, E_0x5a20257c6530/856, E_0x5a20257c6530/857, E_0x5a20257c6530/858, E_0x5a20257c6530/859, E_0x5a20257c6530/860, E_0x5a20257c6530/861, E_0x5a20257c6530/862, E_0x5a20257c6530/863, E_0x5a20257c6530/864, E_0x5a20257c6530/865, E_0x5a20257c6530/866, E_0x5a20257c6530/867, E_0x5a20257c6530/868, E_0x5a20257c6530/869, E_0x5a20257c6530/870, E_0x5a20257c6530/871, E_0x5a20257c6530/872, E_0x5a20257c6530/873, E_0x5a20257c6530/874, E_0x5a20257c6530/875, E_0x5a20257c6530/876, E_0x5a20257c6530/877, E_0x5a20257c6530/878, E_0x5a20257c6530/879, E_0x5a20257c6530/880, E_0x5a20257c6530/881, E_0x5a20257c6530/882, E_0x5a20257c6530/883, E_0x5a20257c6530/884, E_0x5a20257c6530/885, E_0x5a20257c6530/886, E_0x5a20257c6530/887, E_0x5a20257c6530/888, E_0x5a20257c6530/889, E_0x5a20257c6530/890, E_0x5a20257c6530/891, E_0x5a20257c6530/892, E_0x5a20257c6530/893, E_0x5a20257c6530/894, E_0x5a20257c6530/895, E_0x5a20257c6530/896, E_0x5a20257c6530/897, E_0x5a20257c6530/898, E_0x5a20257c6530/899, E_0x5a20257c6530/900, E_0x5a20257c6530/901, E_0x5a20257c6530/902, E_0x5a20257c6530/903, E_0x5a20257c6530/904, E_0x5a20257c6530/905, E_0x5a20257c6530/906, E_0x5a20257c6530/907, E_0x5a20257c6530/908, E_0x5a20257c6530/909, E_0x5a20257c6530/910, E_0x5a20257c6530/911, E_0x5a20257c6530/912, E_0x5a20257c6530/913, E_0x5a20257c6530/914, E_0x5a20257c6530/915, E_0x5a20257c6530/916, E_0x5a20257c6530/917, E_0x5a20257c6530/918, E_0x5a20257c6530/919, E_0x5a20257c6530/920, E_0x5a20257c6530/921, E_0x5a20257c6530/922, E_0x5a20257c6530/923, E_0x5a20257c6530/924, E_0x5a20257c6530/925, E_0x5a20257c6530/926, E_0x5a20257c6530/927, E_0x5a20257c6530/928, E_0x5a20257c6530/929, E_0x5a20257c6530/930, E_0x5a20257c6530/931, E_0x5a20257c6530/932, E_0x5a20257c6530/933, E_0x5a20257c6530/934, E_0x5a20257c6530/935, E_0x5a20257c6530/936, E_0x5a20257c6530/937, E_0x5a20257c6530/938, E_0x5a20257c6530/939, E_0x5a20257c6530/940, E_0x5a20257c6530/941, E_0x5a20257c6530/942, E_0x5a20257c6530/943, E_0x5a20257c6530/944, E_0x5a20257c6530/945, E_0x5a20257c6530/946, E_0x5a20257c6530/947, E_0x5a20257c6530/948, E_0x5a20257c6530/949, E_0x5a20257c6530/950, E_0x5a20257c6530/951, E_0x5a20257c6530/952, E_0x5a20257c6530/953, E_0x5a20257c6530/954, E_0x5a20257c6530/955, E_0x5a20257c6530/956, E_0x5a20257c6530/957, E_0x5a20257c6530/958, E_0x5a20257c6530/959, E_0x5a20257c6530/960, E_0x5a20257c6530/961, E_0x5a20257c6530/962, E_0x5a20257c6530/963, E_0x5a20257c6530/964, E_0x5a20257c6530/965, E_0x5a20257c6530/966, E_0x5a20257c6530/967, E_0x5a20257c6530/968, E_0x5a20257c6530/969, E_0x5a20257c6530/970, E_0x5a20257c6530/971, E_0x5a20257c6530/972, E_0x5a20257c6530/973, E_0x5a20257c6530/974, E_0x5a20257c6530/975, E_0x5a20257c6530/976, E_0x5a20257c6530/977, E_0x5a20257c6530/978, E_0x5a20257c6530/979, E_0x5a20257c6530/980, E_0x5a20257c6530/981, E_0x5a20257c6530/982, E_0x5a20257c6530/983, E_0x5a20257c6530/984, E_0x5a20257c6530/985, E_0x5a20257c6530/986, E_0x5a20257c6530/987, E_0x5a20257c6530/988, E_0x5a20257c6530/989, E_0x5a20257c6530/990, E_0x5a20257c6530/991, E_0x5a20257c6530/992, E_0x5a20257c6530/993, E_0x5a20257c6530/994, E_0x5a20257c6530/995, E_0x5a20257c6530/996, E_0x5a20257c6530/997, E_0x5a20257c6530/998, E_0x5a20257c6530/999, E_0x5a20257c6530/1000, E_0x5a20257c6530/1001, E_0x5a20257c6530/1002, E_0x5a20257c6530/1003, E_0x5a20257c6530/1004, E_0x5a20257c6530/1005, E_0x5a20257c6530/1006, E_0x5a20257c6530/1007, E_0x5a20257c6530/1008, E_0x5a20257c6530/1009, E_0x5a20257c6530/1010, E_0x5a20257c6530/1011, E_0x5a20257c6530/1012, E_0x5a20257c6530/1013, E_0x5a20257c6530/1014, E_0x5a20257c6530/1015, E_0x5a20257c6530/1016, E_0x5a20257c6530/1017, E_0x5a20257c6530/1018, E_0x5a20257c6530/1019, E_0x5a20257c6530/1020, E_0x5a20257c6530/1021, E_0x5a20257c6530/1022, E_0x5a20257c6530/1023, E_0x5a20257c6530/1024, E_0x5a20257c6530/1025, E_0x5a20257c6530/1026, E_0x5a20257c6530/1027, E_0x5a20257c6530/1028, E_0x5a20257c6530/1029, E_0x5a20257c6530/1030, E_0x5a20257c6530/1031, E_0x5a20257c6530/1032, E_0x5a20257c6530/1033, E_0x5a20257c6530/1034, E_0x5a20257c6530/1035, E_0x5a20257c6530/1036, E_0x5a20257c6530/1037, E_0x5a20257c6530/1038, E_0x5a20257c6530/1039, E_0x5a20257c6530/1040, E_0x5a20257c6530/1041, E_0x5a20257c6530/1042, E_0x5a20257c6530/1043, E_0x5a20257c6530/1044, E_0x5a20257c6530/1045, E_0x5a20257c6530/1046, E_0x5a20257c6530/1047, E_0x5a20257c6530/1048, E_0x5a20257c6530/1049, E_0x5a20257c6530/1050, E_0x5a20257c6530/1051, E_0x5a20257c6530/1052, E_0x5a20257c6530/1053, E_0x5a20257c6530/1054, E_0x5a20257c6530/1055, E_0x5a20257c6530/1056, E_0x5a20257c6530/1057, E_0x5a20257c6530/1058, E_0x5a20257c6530/1059, E_0x5a20257c6530/1060, E_0x5a20257c6530/1061, E_0x5a20257c6530/1062, E_0x5a20257c6530/1063, E_0x5a20257c6530/1064, E_0x5a20257c6530/1065, E_0x5a20257c6530/1066, E_0x5a20257c6530/1067, E_0x5a20257c6530/1068, E_0x5a20257c6530/1069, E_0x5a20257c6530/1070, E_0x5a20257c6530/1071, E_0x5a20257c6530/1072, E_0x5a20257c6530/1073, E_0x5a20257c6530/1074, E_0x5a20257c6530/1075, E_0x5a20257c6530/1076, E_0x5a20257c6530/1077, E_0x5a20257c6530/1078, E_0x5a20257c6530/1079, E_0x5a20257c6530/1080, E_0x5a20257c6530/1081, E_0x5a20257c6530/1082, E_0x5a20257c6530/1083, E_0x5a20257c6530/1084, E_0x5a20257c6530/1085, E_0x5a20257c6530/1086, E_0x5a20257c6530/1087, E_0x5a20257c6530/1088, E_0x5a20257c6530/1089, E_0x5a20257c6530/1090, E_0x5a20257c6530/1091, E_0x5a20257c6530/1092, E_0x5a20257c6530/1093, E_0x5a20257c6530/1094, E_0x5a20257c6530/1095, E_0x5a20257c6530/1096, E_0x5a20257c6530/1097, E_0x5a20257c6530/1098, E_0x5a20257c6530/1099, E_0x5a20257c6530/1100, E_0x5a20257c6530/1101, E_0x5a20257c6530/1102, E_0x5a20257c6530/1103, E_0x5a20257c6530/1104, E_0x5a20257c6530/1105, E_0x5a20257c6530/1106, E_0x5a20257c6530/1107, E_0x5a20257c6530/1108, E_0x5a20257c6530/1109, E_0x5a20257c6530/1110, E_0x5a20257c6530/1111, E_0x5a20257c6530/1112, E_0x5a20257c6530/1113, E_0x5a20257c6530/1114, E_0x5a20257c6530/1115, E_0x5a20257c6530/1116, E_0x5a20257c6530/1117, E_0x5a20257c6530/1118, E_0x5a20257c6530/1119, E_0x5a20257c6530/1120, E_0x5a20257c6530/1121, E_0x5a20257c6530/1122, E_0x5a20257c6530/1123, E_0x5a20257c6530/1124, E_0x5a20257c6530/1125, E_0x5a20257c6530/1126, E_0x5a20257c6530/1127, E_0x5a20257c6530/1128, E_0x5a20257c6530/1129, E_0x5a20257c6530/1130, E_0x5a20257c6530/1131, E_0x5a20257c6530/1132, E_0x5a20257c6530/1133, E_0x5a20257c6530/1134, E_0x5a20257c6530/1135, E_0x5a20257c6530/1136, E_0x5a20257c6530/1137, E_0x5a20257c6530/1138, E_0x5a20257c6530/1139, E_0x5a20257c6530/1140, E_0x5a20257c6530/1141, E_0x5a20257c6530/1142, E_0x5a20257c6530/1143, E_0x5a20257c6530/1144, E_0x5a20257c6530/1145, E_0x5a20257c6530/1146, E_0x5a20257c6530/1147, E_0x5a20257c6530/1148, E_0x5a20257c6530/1149, E_0x5a20257c6530/1150, E_0x5a20257c6530/1151, E_0x5a20257c6530/1152, E_0x5a20257c6530/1153, E_0x5a20257c6530/1154, E_0x5a20257c6530/1155, E_0x5a20257c6530/1156, E_0x5a20257c6530/1157, E_0x5a20257c6530/1158, E_0x5a20257c6530/1159, E_0x5a20257c6530/1160, E_0x5a20257c6530/1161, E_0x5a20257c6530/1162, E_0x5a20257c6530/1163, E_0x5a20257c6530/1164, E_0x5a20257c6530/1165, E_0x5a20257c6530/1166, E_0x5a20257c6530/1167, E_0x5a20257c6530/1168, E_0x5a20257c6530/1169, E_0x5a20257c6530/1170, E_0x5a20257c6530/1171, E_0x5a20257c6530/1172, E_0x5a20257c6530/1173, E_0x5a20257c6530/1174, E_0x5a20257c6530/1175, E_0x5a20257c6530/1176, E_0x5a20257c6530/1177, E_0x5a20257c6530/1178, E_0x5a20257c6530/1179, E_0x5a20257c6530/1180, E_0x5a20257c6530/1181, E_0x5a20257c6530/1182, E_0x5a20257c6530/1183, E_0x5a20257c6530/1184, E_0x5a20257c6530/1185, E_0x5a20257c6530/1186, E_0x5a20257c6530/1187, E_0x5a20257c6530/1188, E_0x5a20257c6530/1189, E_0x5a20257c6530/1190, E_0x5a20257c6530/1191, E_0x5a20257c6530/1192, E_0x5a20257c6530/1193, E_0x5a20257c6530/1194, E_0x5a20257c6530/1195, E_0x5a20257c6530/1196, E_0x5a20257c6530/1197, E_0x5a20257c6530/1198, E_0x5a20257c6530/1199, E_0x5a20257c6530/1200, E_0x5a20257c6530/1201, E_0x5a20257c6530/1202, E_0x5a20257c6530/1203, E_0x5a20257c6530/1204, E_0x5a20257c6530/1205, E_0x5a20257c6530/1206, E_0x5a20257c6530/1207, E_0x5a20257c6530/1208, E_0x5a20257c6530/1209, E_0x5a20257c6530/1210, E_0x5a20257c6530/1211, E_0x5a20257c6530/1212, E_0x5a20257c6530/1213, E_0x5a20257c6530/1214, E_0x5a20257c6530/1215, E_0x5a20257c6530/1216, E_0x5a20257c6530/1217, E_0x5a20257c6530/1218, E_0x5a20257c6530/1219, E_0x5a20257c6530/1220, E_0x5a20257c6530/1221, E_0x5a20257c6530/1222, E_0x5a20257c6530/1223, E_0x5a20257c6530/1224, E_0x5a20257c6530/1225, E_0x5a20257c6530/1226, E_0x5a20257c6530/1227, E_0x5a20257c6530/1228, E_0x5a20257c6530/1229, E_0x5a20257c6530/1230, E_0x5a20257c6530/1231, E_0x5a20257c6530/1232, E_0x5a20257c6530/1233, E_0x5a20257c6530/1234, E_0x5a20257c6530/1235, E_0x5a20257c6530/1236, E_0x5a20257c6530/1237, E_0x5a20257c6530/1238, E_0x5a20257c6530/1239, E_0x5a20257c6530/1240, E_0x5a20257c6530/1241, E_0x5a20257c6530/1242, E_0x5a20257c6530/1243, E_0x5a20257c6530/1244, E_0x5a20257c6530/1245, E_0x5a20257c6530/1246, E_0x5a20257c6530/1247, E_0x5a20257c6530/1248, E_0x5a20257c6530/1249, E_0x5a20257c6530/1250, E_0x5a20257c6530/1251, E_0x5a20257c6530/1252, E_0x5a20257c6530/1253, E_0x5a20257c6530/1254, E_0x5a20257c6530/1255, E_0x5a20257c6530/1256, E_0x5a20257c6530/1257, E_0x5a20257c6530/1258, E_0x5a20257c6530/1259, E_0x5a20257c6530/1260, E_0x5a20257c6530/1261, E_0x5a20257c6530/1262, E_0x5a20257c6530/1263, E_0x5a20257c6530/1264, E_0x5a20257c6530/1265, E_0x5a20257c6530/1266, E_0x5a20257c6530/1267, E_0x5a20257c6530/1268, E_0x5a20257c6530/1269, E_0x5a20257c6530/1270, E_0x5a20257c6530/1271, E_0x5a20257c6530/1272, E_0x5a20257c6530/1273, E_0x5a20257c6530/1274, E_0x5a20257c6530/1275, E_0x5a20257c6530/1276, E_0x5a20257c6530/1277, E_0x5a20257c6530/1278, E_0x5a20257c6530/1279, E_0x5a20257c6530/1280, E_0x5a20257c6530/1281, E_0x5a20257c6530/1282, E_0x5a20257c6530/1283, E_0x5a20257c6530/1284, E_0x5a20257c6530/1285, E_0x5a20257c6530/1286, E_0x5a20257c6530/1287, E_0x5a20257c6530/1288, E_0x5a20257c6530/1289, E_0x5a20257c6530/1290, E_0x5a20257c6530/1291, E_0x5a20257c6530/1292, E_0x5a20257c6530/1293, E_0x5a20257c6530/1294, E_0x5a20257c6530/1295, E_0x5a20257c6530/1296, E_0x5a20257c6530/1297, E_0x5a20257c6530/1298, E_0x5a20257c6530/1299, E_0x5a20257c6530/1300, E_0x5a20257c6530/1301, E_0x5a20257c6530/1302, E_0x5a20257c6530/1303, E_0x5a20257c6530/1304, E_0x5a20257c6530/1305, E_0x5a20257c6530/1306, E_0x5a20257c6530/1307, E_0x5a20257c6530/1308, E_0x5a20257c6530/1309, E_0x5a20257c6530/1310, E_0x5a20257c6530/1311, E_0x5a20257c6530/1312, E_0x5a20257c6530/1313, E_0x5a20257c6530/1314, E_0x5a20257c6530/1315, E_0x5a20257c6530/1316, E_0x5a20257c6530/1317, E_0x5a20257c6530/1318, E_0x5a20257c6530/1319, E_0x5a20257c6530/1320, E_0x5a20257c6530/1321, E_0x5a20257c6530/1322, E_0x5a20257c6530/1323, E_0x5a20257c6530/1324, E_0x5a20257c6530/1325, E_0x5a20257c6530/1326, E_0x5a20257c6530/1327, E_0x5a20257c6530/1328, E_0x5a20257c6530/1329, E_0x5a20257c6530/1330, E_0x5a20257c6530/1331, E_0x5a20257c6530/1332, E_0x5a20257c6530/1333, E_0x5a20257c6530/1334, E_0x5a20257c6530/1335, E_0x5a20257c6530/1336, E_0x5a20257c6530/1337, E_0x5a20257c6530/1338, E_0x5a20257c6530/1339, E_0x5a20257c6530/1340, E_0x5a20257c6530/1341, E_0x5a20257c6530/1342, E_0x5a20257c6530/1343, E_0x5a20257c6530/1344, E_0x5a20257c6530/1345, E_0x5a20257c6530/1346, E_0x5a20257c6530/1347, E_0x5a20257c6530/1348, E_0x5a20257c6530/1349, E_0x5a20257c6530/1350, E_0x5a20257c6530/1351, E_0x5a20257c6530/1352, E_0x5a20257c6530/1353, E_0x5a20257c6530/1354, E_0x5a20257c6530/1355, E_0x5a20257c6530/1356, E_0x5a20257c6530/1357, E_0x5a20257c6530/1358, E_0x5a20257c6530/1359, E_0x5a20257c6530/1360, E_0x5a20257c6530/1361, E_0x5a20257c6530/1362, E_0x5a20257c6530/1363, E_0x5a20257c6530/1364, E_0x5a20257c6530/1365, E_0x5a20257c6530/1366, E_0x5a20257c6530/1367, E_0x5a20257c6530/1368, E_0x5a20257c6530/1369, E_0x5a20257c6530/1370, E_0x5a20257c6530/1371, E_0x5a20257c6530/1372, E_0x5a20257c6530/1373, E_0x5a20257c6530/1374, E_0x5a20257c6530/1375, E_0x5a20257c6530/1376, E_0x5a20257c6530/1377, E_0x5a20257c6530/1378, E_0x5a20257c6530/1379, E_0x5a20257c6530/1380, E_0x5a20257c6530/1381, E_0x5a20257c6530/1382, E_0x5a20257c6530/1383, E_0x5a20257c6530/1384, E_0x5a20257c6530/1385, E_0x5a20257c6530/1386, E_0x5a20257c6530/1387, E_0x5a20257c6530/1388, E_0x5a20257c6530/1389, E_0x5a20257c6530/1390, E_0x5a20257c6530/1391, E_0x5a20257c6530/1392, E_0x5a20257c6530/1393, E_0x5a20257c6530/1394, E_0x5a20257c6530/1395, E_0x5a20257c6530/1396, E_0x5a20257c6530/1397, E_0x5a20257c6530/1398, E_0x5a20257c6530/1399, E_0x5a20257c6530/1400, E_0x5a20257c6530/1401, E_0x5a20257c6530/1402, E_0x5a20257c6530/1403, E_0x5a20257c6530/1404, E_0x5a20257c6530/1405, E_0x5a20257c6530/1406, E_0x5a20257c6530/1407, E_0x5a20257c6530/1408, E_0x5a20257c6530/1409, E_0x5a20257c6530/1410, E_0x5a20257c6530/1411, E_0x5a20257c6530/1412, E_0x5a20257c6530/1413, E_0x5a20257c6530/1414, E_0x5a20257c6530/1415, E_0x5a20257c6530/1416, E_0x5a20257c6530/1417, E_0x5a20257c6530/1418, E_0x5a20257c6530/1419, E_0x5a20257c6530/1420, E_0x5a20257c6530/1421, E_0x5a20257c6530/1422, E_0x5a20257c6530/1423, E_0x5a20257c6530/1424, E_0x5a20257c6530/1425, E_0x5a20257c6530/1426, E_0x5a20257c6530/1427, E_0x5a20257c6530/1428, E_0x5a20257c6530/1429, E_0x5a20257c6530/1430, E_0x5a20257c6530/1431, E_0x5a20257c6530/1432, E_0x5a20257c6530/1433, E_0x5a20257c6530/1434, E_0x5a20257c6530/1435, E_0x5a20257c6530/1436, E_0x5a20257c6530/1437, E_0x5a20257c6530/1438, E_0x5a20257c6530/1439, E_0x5a20257c6530/1440, E_0x5a20257c6530/1441, E_0x5a20257c6530/1442, E_0x5a20257c6530/1443, E_0x5a20257c6530/1444, E_0x5a20257c6530/1445, E_0x5a20257c6530/1446, E_0x5a20257c6530/1447, E_0x5a20257c6530/1448, E_0x5a20257c6530/1449, E_0x5a20257c6530/1450, E_0x5a20257c6530/1451, E_0x5a20257c6530/1452, E_0x5a20257c6530/1453, E_0x5a20257c6530/1454, E_0x5a20257c6530/1455, E_0x5a20257c6530/1456, E_0x5a20257c6530/1457, E_0x5a20257c6530/1458, E_0x5a20257c6530/1459, E_0x5a20257c6530/1460, E_0x5a20257c6530/1461, E_0x5a20257c6530/1462, E_0x5a20257c6530/1463, E_0x5a20257c6530/1464, E_0x5a20257c6530/1465, E_0x5a20257c6530/1466, E_0x5a20257c6530/1467, E_0x5a20257c6530/1468, E_0x5a20257c6530/1469, E_0x5a20257c6530/1470, E_0x5a20257c6530/1471, E_0x5a20257c6530/1472, E_0x5a20257c6530/1473, E_0x5a20257c6530/1474, E_0x5a20257c6530/1475, E_0x5a20257c6530/1476, E_0x5a20257c6530/1477, E_0x5a20257c6530/1478, E_0x5a20257c6530/1479, E_0x5a20257c6530/1480, E_0x5a20257c6530/1481, E_0x5a20257c6530/1482, E_0x5a20257c6530/1483, E_0x5a20257c6530/1484, E_0x5a20257c6530/1485, E_0x5a20257c6530/1486, E_0x5a20257c6530/1487, E_0x5a20257c6530/1488, E_0x5a20257c6530/1489, E_0x5a20257c6530/1490, E_0x5a20257c6530/1491, E_0x5a20257c6530/1492, E_0x5a20257c6530/1493, E_0x5a20257c6530/1494, E_0x5a20257c6530/1495, E_0x5a20257c6530/1496, E_0x5a20257c6530/1497, E_0x5a20257c6530/1498, E_0x5a20257c6530/1499, E_0x5a20257c6530/1500, E_0x5a20257c6530/1501, E_0x5a20257c6530/1502, E_0x5a20257c6530/1503, E_0x5a20257c6530/1504, E_0x5a20257c6530/1505, E_0x5a20257c6530/1506, E_0x5a20257c6530/1507, E_0x5a20257c6530/1508, E_0x5a20257c6530/1509, E_0x5a20257c6530/1510, E_0x5a20257c6530/1511, E_0x5a20257c6530/1512, E_0x5a20257c6530/1513, E_0x5a20257c6530/1514, E_0x5a20257c6530/1515, E_0x5a20257c6530/1516, E_0x5a20257c6530/1517, E_0x5a20257c6530/1518, E_0x5a20257c6530/1519, E_0x5a20257c6530/1520, E_0x5a20257c6530/1521, E_0x5a20257c6530/1522, E_0x5a20257c6530/1523, E_0x5a20257c6530/1524, E_0x5a20257c6530/1525, E_0x5a20257c6530/1526, E_0x5a20257c6530/1527, E_0x5a20257c6530/1528, E_0x5a20257c6530/1529, E_0x5a20257c6530/1530, E_0x5a20257c6530/1531, E_0x5a20257c6530/1532, E_0x5a20257c6530/1533, E_0x5a20257c6530/1534, E_0x5a20257c6530/1535, E_0x5a20257c6530/1536, E_0x5a20257c6530/1537, E_0x5a20257c6530/1538, E_0x5a20257c6530/1539, E_0x5a20257c6530/1540, E_0x5a20257c6530/1541, E_0x5a20257c6530/1542, E_0x5a20257c6530/1543, E_0x5a20257c6530/1544, E_0x5a20257c6530/1545, E_0x5a20257c6530/1546, E_0x5a20257c6530/1547, E_0x5a20257c6530/1548, E_0x5a20257c6530/1549, E_0x5a20257c6530/1550, E_0x5a20257c6530/1551, E_0x5a20257c6530/1552, E_0x5a20257c6530/1553, E_0x5a20257c6530/1554, E_0x5a20257c6530/1555, E_0x5a20257c6530/1556, E_0x5a20257c6530/1557, E_0x5a20257c6530/1558, E_0x5a20257c6530/1559, E_0x5a20257c6530/1560, E_0x5a20257c6530/1561, E_0x5a20257c6530/1562, E_0x5a20257c6530/1563, E_0x5a20257c6530/1564, E_0x5a20257c6530/1565, E_0x5a20257c6530/1566, E_0x5a20257c6530/1567, E_0x5a20257c6530/1568, E_0x5a20257c6530/1569, E_0x5a20257c6530/1570, E_0x5a20257c6530/1571, E_0x5a20257c6530/1572, E_0x5a20257c6530/1573, E_0x5a20257c6530/1574, E_0x5a20257c6530/1575, E_0x5a20257c6530/1576, E_0x5a20257c6530/1577, E_0x5a20257c6530/1578, E_0x5a20257c6530/1579, E_0x5a20257c6530/1580, E_0x5a20257c6530/1581, E_0x5a20257c6530/1582, E_0x5a20257c6530/1583, E_0x5a20257c6530/1584, E_0x5a20257c6530/1585, E_0x5a20257c6530/1586, E_0x5a20257c6530/1587, E_0x5a20257c6530/1588, E_0x5a20257c6530/1589, E_0x5a20257c6530/1590, E_0x5a20257c6530/1591, E_0x5a20257c6530/1592, E_0x5a20257c6530/1593, E_0x5a20257c6530/1594, E_0x5a20257c6530/1595, E_0x5a20257c6530/1596, E_0x5a20257c6530/1597, E_0x5a20257c6530/1598, E_0x5a20257c6530/1599, E_0x5a20257c6530/1600, E_0x5a20257c6530/1601, E_0x5a20257c6530/1602, E_0x5a20257c6530/1603, E_0x5a20257c6530/1604, E_0x5a20257c6530/1605, E_0x5a20257c6530/1606, E_0x5a20257c6530/1607, E_0x5a20257c6530/1608, E_0x5a20257c6530/1609, E_0x5a20257c6530/1610, E_0x5a20257c6530/1611, E_0x5a20257c6530/1612, E_0x5a20257c6530/1613, E_0x5a20257c6530/1614, E_0x5a20257c6530/1615, E_0x5a20257c6530/1616, E_0x5a20257c6530/1617, E_0x5a20257c6530/1618, E_0x5a20257c6530/1619, E_0x5a20257c6530/1620, E_0x5a20257c6530/1621, E_0x5a20257c6530/1622, E_0x5a20257c6530/1623, E_0x5a20257c6530/1624, E_0x5a20257c6530/1625, E_0x5a20257c6530/1626, E_0x5a20257c6530/1627, E_0x5a20257c6530/1628, E_0x5a20257c6530/1629, E_0x5a20257c6530/1630, E_0x5a20257c6530/1631, E_0x5a20257c6530/1632, E_0x5a20257c6530/1633, E_0x5a20257c6530/1634, E_0x5a20257c6530/1635, E_0x5a20257c6530/1636, E_0x5a20257c6530/1637, E_0x5a20257c6530/1638, E_0x5a20257c6530/1639, E_0x5a20257c6530/1640, E_0x5a20257c6530/1641, E_0x5a20257c6530/1642, E_0x5a20257c6530/1643, E_0x5a20257c6530/1644, E_0x5a20257c6530/1645, E_0x5a20257c6530/1646, E_0x5a20257c6530/1647, E_0x5a20257c6530/1648, E_0x5a20257c6530/1649, E_0x5a20257c6530/1650, E_0x5a20257c6530/1651, E_0x5a20257c6530/1652, E_0x5a20257c6530/1653, E_0x5a20257c6530/1654, E_0x5a20257c6530/1655, E_0x5a20257c6530/1656, E_0x5a20257c6530/1657, E_0x5a20257c6530/1658, E_0x5a20257c6530/1659, E_0x5a20257c6530/1660, E_0x5a20257c6530/1661, E_0x5a20257c6530/1662, E_0x5a20257c6530/1663, E_0x5a20257c6530/1664, E_0x5a20257c6530/1665, E_0x5a20257c6530/1666, E_0x5a20257c6530/1667, E_0x5a20257c6530/1668, E_0x5a20257c6530/1669, E_0x5a20257c6530/1670, E_0x5a20257c6530/1671, E_0x5a20257c6530/1672, E_0x5a20257c6530/1673, E_0x5a20257c6530/1674, E_0x5a20257c6530/1675, E_0x5a20257c6530/1676, E_0x5a20257c6530/1677, E_0x5a20257c6530/1678, E_0x5a20257c6530/1679, E_0x5a20257c6530/1680, E_0x5a20257c6530/1681, E_0x5a20257c6530/1682, E_0x5a20257c6530/1683, E_0x5a20257c6530/1684, E_0x5a20257c6530/1685, E_0x5a20257c6530/1686, E_0x5a20257c6530/1687, E_0x5a20257c6530/1688, E_0x5a20257c6530/1689, E_0x5a20257c6530/1690, E_0x5a20257c6530/1691, E_0x5a20257c6530/1692, E_0x5a20257c6530/1693, E_0x5a20257c6530/1694, E_0x5a20257c6530/1695, E_0x5a20257c6530/1696, E_0x5a20257c6530/1697, E_0x5a20257c6530/1698, E_0x5a20257c6530/1699, E_0x5a20257c6530/1700, E_0x5a20257c6530/1701, E_0x5a20257c6530/1702, E_0x5a20257c6530/1703, E_0x5a20257c6530/1704, E_0x5a20257c6530/1705, E_0x5a20257c6530/1706, E_0x5a20257c6530/1707, E_0x5a20257c6530/1708, E_0x5a20257c6530/1709, E_0x5a20257c6530/1710, E_0x5a20257c6530/1711, E_0x5a20257c6530/1712, E_0x5a20257c6530/1713, E_0x5a20257c6530/1714, E_0x5a20257c6530/1715, E_0x5a20257c6530/1716, E_0x5a20257c6530/1717, E_0x5a20257c6530/1718, E_0x5a20257c6530/1719, E_0x5a20257c6530/1720, E_0x5a20257c6530/1721, E_0x5a20257c6530/1722, E_0x5a20257c6530/1723, E_0x5a20257c6530/1724, E_0x5a20257c6530/1725, E_0x5a20257c6530/1726, E_0x5a20257c6530/1727, E_0x5a20257c6530/1728, E_0x5a20257c6530/1729, E_0x5a20257c6530/1730, E_0x5a20257c6530/1731, E_0x5a20257c6530/1732, E_0x5a20257c6530/1733, E_0x5a20257c6530/1734, E_0x5a20257c6530/1735, E_0x5a20257c6530/1736, E_0x5a20257c6530/1737, E_0x5a20257c6530/1738, E_0x5a20257c6530/1739, E_0x5a20257c6530/1740, E_0x5a20257c6530/1741, E_0x5a20257c6530/1742, E_0x5a20257c6530/1743, E_0x5a20257c6530/1744, E_0x5a20257c6530/1745, E_0x5a20257c6530/1746, E_0x5a20257c6530/1747, E_0x5a20257c6530/1748, E_0x5a20257c6530/1749, E_0x5a20257c6530/1750, E_0x5a20257c6530/1751, E_0x5a20257c6530/1752, E_0x5a20257c6530/1753, E_0x5a20257c6530/1754, E_0x5a20257c6530/1755, E_0x5a20257c6530/1756, E_0x5a20257c6530/1757, E_0x5a20257c6530/1758, E_0x5a20257c6530/1759, E_0x5a20257c6530/1760, E_0x5a20257c6530/1761, E_0x5a20257c6530/1762, E_0x5a20257c6530/1763, E_0x5a20257c6530/1764, E_0x5a20257c6530/1765, E_0x5a20257c6530/1766, E_0x5a20257c6530/1767, E_0x5a20257c6530/1768, E_0x5a20257c6530/1769, E_0x5a20257c6530/1770, E_0x5a20257c6530/1771, E_0x5a20257c6530/1772, E_0x5a20257c6530/1773, E_0x5a20257c6530/1774, E_0x5a20257c6530/1775, E_0x5a20257c6530/1776, E_0x5a20257c6530/1777, E_0x5a20257c6530/1778, E_0x5a20257c6530/1779, E_0x5a20257c6530/1780, E_0x5a20257c6530/1781, E_0x5a20257c6530/1782, E_0x5a20257c6530/1783, E_0x5a20257c6530/1784, E_0x5a20257c6530/1785, E_0x5a20257c6530/1786, E_0x5a20257c6530/1787, E_0x5a20257c6530/1788, E_0x5a20257c6530/1789, E_0x5a20257c6530/1790, E_0x5a20257c6530/1791, E_0x5a20257c6530/1792, E_0x5a20257c6530/1793, E_0x5a20257c6530/1794, E_0x5a20257c6530/1795, E_0x5a20257c6530/1796, E_0x5a20257c6530/1797, E_0x5a20257c6530/1798, E_0x5a20257c6530/1799, E_0x5a20257c6530/1800, E_0x5a20257c6530/1801, E_0x5a20257c6530/1802, E_0x5a20257c6530/1803, E_0x5a20257c6530/1804, E_0x5a20257c6530/1805, E_0x5a20257c6530/1806, E_0x5a20257c6530/1807, E_0x5a20257c6530/1808, E_0x5a20257c6530/1809, E_0x5a20257c6530/1810, E_0x5a20257c6530/1811, E_0x5a20257c6530/1812, E_0x5a20257c6530/1813, E_0x5a20257c6530/1814, E_0x5a20257c6530/1815, E_0x5a20257c6530/1816, E_0x5a20257c6530/1817, E_0x5a20257c6530/1818, E_0x5a20257c6530/1819, E_0x5a20257c6530/1820, E_0x5a20257c6530/1821, E_0x5a20257c6530/1822, E_0x5a20257c6530/1823, E_0x5a20257c6530/1824, E_0x5a20257c6530/1825, E_0x5a20257c6530/1826, E_0x5a20257c6530/1827, E_0x5a20257c6530/1828, E_0x5a20257c6530/1829, E_0x5a20257c6530/1830, E_0x5a20257c6530/1831, E_0x5a20257c6530/1832, E_0x5a20257c6530/1833, E_0x5a20257c6530/1834, E_0x5a20257c6530/1835, E_0x5a20257c6530/1836, E_0x5a20257c6530/1837, E_0x5a20257c6530/1838, E_0x5a20257c6530/1839, E_0x5a20257c6530/1840, E_0x5a20257c6530/1841, E_0x5a20257c6530/1842, E_0x5a20257c6530/1843, E_0x5a20257c6530/1844, E_0x5a20257c6530/1845, E_0x5a20257c6530/1846, E_0x5a20257c6530/1847, E_0x5a20257c6530/1848, E_0x5a20257c6530/1849, E_0x5a20257c6530/1850, E_0x5a20257c6530/1851, E_0x5a20257c6530/1852, E_0x5a20257c6530/1853, E_0x5a20257c6530/1854, E_0x5a20257c6530/1855, E_0x5a20257c6530/1856, E_0x5a20257c6530/1857, E_0x5a20257c6530/1858, E_0x5a20257c6530/1859, E_0x5a20257c6530/1860, E_0x5a20257c6530/1861, E_0x5a20257c6530/1862, E_0x5a20257c6530/1863, E_0x5a20257c6530/1864, E_0x5a20257c6530/1865, E_0x5a20257c6530/1866, E_0x5a20257c6530/1867, E_0x5a20257c6530/1868, E_0x5a20257c6530/1869, E_0x5a20257c6530/1870, E_0x5a20257c6530/1871, E_0x5a20257c6530/1872, E_0x5a20257c6530/1873, E_0x5a20257c6530/1874, E_0x5a20257c6530/1875, E_0x5a20257c6530/1876, E_0x5a20257c6530/1877, E_0x5a20257c6530/1878, E_0x5a20257c6530/1879, E_0x5a20257c6530/1880, E_0x5a20257c6530/1881, E_0x5a20257c6530/1882, E_0x5a20257c6530/1883, E_0x5a20257c6530/1884, E_0x5a20257c6530/1885, E_0x5a20257c6530/1886, E_0x5a20257c6530/1887, E_0x5a20257c6530/1888, E_0x5a20257c6530/1889, E_0x5a20257c6530/1890, E_0x5a20257c6530/1891, E_0x5a20257c6530/1892, E_0x5a20257c6530/1893, E_0x5a20257c6530/1894, E_0x5a20257c6530/1895, E_0x5a20257c6530/1896, E_0x5a20257c6530/1897, E_0x5a20257c6530/1898, E_0x5a20257c6530/1899, E_0x5a20257c6530/1900, E_0x5a20257c6530/1901, E_0x5a20257c6530/1902, E_0x5a20257c6530/1903, E_0x5a20257c6530/1904, E_0x5a20257c6530/1905, E_0x5a20257c6530/1906, E_0x5a20257c6530/1907, E_0x5a20257c6530/1908, E_0x5a20257c6530/1909, E_0x5a20257c6530/1910, E_0x5a20257c6530/1911, E_0x5a20257c6530/1912, E_0x5a20257c6530/1913, E_0x5a20257c6530/1914, E_0x5a20257c6530/1915, E_0x5a20257c6530/1916, E_0x5a20257c6530/1917, E_0x5a20257c6530/1918, E_0x5a20257c6530/1919, E_0x5a20257c6530/1920, E_0x5a20257c6530/1921, E_0x5a20257c6530/1922, E_0x5a20257c6530/1923, E_0x5a20257c6530/1924, E_0x5a20257c6530/1925, E_0x5a20257c6530/1926, E_0x5a20257c6530/1927, E_0x5a20257c6530/1928, E_0x5a20257c6530/1929, E_0x5a20257c6530/1930, E_0x5a20257c6530/1931, E_0x5a20257c6530/1932, E_0x5a20257c6530/1933, E_0x5a20257c6530/1934, E_0x5a20257c6530/1935, E_0x5a20257c6530/1936, E_0x5a20257c6530/1937, E_0x5a20257c6530/1938, E_0x5a20257c6530/1939, E_0x5a20257c6530/1940, E_0x5a20257c6530/1941, E_0x5a20257c6530/1942, E_0x5a20257c6530/1943, E_0x5a20257c6530/1944, E_0x5a20257c6530/1945, E_0x5a20257c6530/1946, E_0x5a20257c6530/1947, E_0x5a20257c6530/1948, E_0x5a20257c6530/1949, E_0x5a20257c6530/1950, E_0x5a20257c6530/1951, E_0x5a20257c6530/1952, E_0x5a20257c6530/1953, E_0x5a20257c6530/1954, E_0x5a20257c6530/1955, E_0x5a20257c6530/1956, E_0x5a20257c6530/1957, E_0x5a20257c6530/1958, E_0x5a20257c6530/1959, E_0x5a20257c6530/1960, E_0x5a20257c6530/1961, E_0x5a20257c6530/1962, E_0x5a20257c6530/1963, E_0x5a20257c6530/1964, E_0x5a20257c6530/1965, E_0x5a20257c6530/1966, E_0x5a20257c6530/1967, E_0x5a20257c6530/1968, E_0x5a20257c6530/1969, E_0x5a20257c6530/1970, E_0x5a20257c6530/1971, E_0x5a20257c6530/1972, E_0x5a20257c6530/1973, E_0x5a20257c6530/1974, E_0x5a20257c6530/1975, E_0x5a20257c6530/1976, E_0x5a20257c6530/1977, E_0x5a20257c6530/1978, E_0x5a20257c6530/1979, E_0x5a20257c6530/1980, E_0x5a20257c6530/1981, E_0x5a20257c6530/1982, E_0x5a20257c6530/1983, E_0x5a20257c6530/1984, E_0x5a20257c6530/1985, E_0x5a20257c6530/1986, E_0x5a20257c6530/1987, E_0x5a20257c6530/1988, E_0x5a20257c6530/1989, E_0x5a20257c6530/1990, E_0x5a20257c6530/1991, E_0x5a20257c6530/1992, E_0x5a20257c6530/1993, E_0x5a20257c6530/1994, E_0x5a20257c6530/1995, E_0x5a20257c6530/1996, E_0x5a20257c6530/1997, E_0x5a20257c6530/1998, E_0x5a20257c6530/1999, E_0x5a20257c6530/2000, E_0x5a20257c6530/2001, E_0x5a20257c6530/2002, E_0x5a20257c6530/2003, E_0x5a20257c6530/2004, E_0x5a20257c6530/2005, E_0x5a20257c6530/2006, E_0x5a20257c6530/2007, E_0x5a20257c6530/2008, E_0x5a20257c6530/2009, E_0x5a20257c6530/2010, E_0x5a20257c6530/2011, E_0x5a20257c6530/2012, E_0x5a20257c6530/2013, E_0x5a20257c6530/2014, E_0x5a20257c6530/2015, E_0x5a20257c6530/2016, E_0x5a20257c6530/2017, E_0x5a20257c6530/2018, E_0x5a20257c6530/2019, E_0x5a20257c6530/2020, E_0x5a20257c6530/2021, E_0x5a20257c6530/2022, E_0x5a20257c6530/2023, E_0x5a20257c6530/2024, E_0x5a20257c6530/2025, E_0x5a20257c6530/2026, E_0x5a20257c6530/2027, E_0x5a20257c6530/2028, E_0x5a20257c6530/2029, E_0x5a20257c6530/2030, E_0x5a20257c6530/2031, E_0x5a20257c6530/2032, E_0x5a20257c6530/2033, E_0x5a20257c6530/2034, E_0x5a20257c6530/2035, E_0x5a20257c6530/2036, E_0x5a20257c6530/2037, E_0x5a20257c6530/2038, E_0x5a20257c6530/2039, E_0x5a20257c6530/2040, E_0x5a20257c6530/2041, E_0x5a20257c6530/2042, E_0x5a20257c6530/2043, E_0x5a20257c6530/2044, E_0x5a20257c6530/2045, E_0x5a20257c6530/2046, E_0x5a20257c6530/2047, E_0x5a20257c6530/2048;
S_0x5a20259d3380 .scope module, "rf" "RF" 3 141, 8 3 0, S_0x5a202582a220;
 .timescale -9 -10;
    .port_info 0 /INPUT 1 "clk";
    .port_info 1 /INPUT 1 "rst";
    .port_info 2 /INPUT 5 "rd_addr1";
    .port_info 3 /INPUT 5 "rd_addr2";
    .port_info 4 /OUTPUT 32 "rd_data1";
    .port_info 5 /OUTPUT 32 "rd_data2";
    .port_info 6 /INPUT 1 "RegWrite";
    .port_info 7 /INPUT 5 "wr_addr";
    .port_info 8 /INPUT 32 "wr_data";
v0x5a20259d3990_0 .net "RegWrite", 0 0, v0x5a20259d9d00_0;  1 drivers
v0x5a20259d3a70_0 .net "clk", 0 0, v0x5a20259da580_0;  alias, 1 drivers
v0x5a20259d3b30_0 .net "rd_addr1", 4 0, L_0x5a20259dab20;  alias, 1 drivers
v0x5a20259d3bd0_0 .net "rd_addr2", 4 0, L_0x5a20259dac10;  alias, 1 drivers
v0x5a20259d3c70_0 .var "rd_data1", 31 0;
v0x5a20259d3d60_0 .var "rd_data2", 31 0;
v0x5a20259d3e20 .array "register_file", 31 0, 31 0;
v0x5a20259d42e0_0 .net "rst", 0 0, v0x5a20259da990_0;  alias, 1 drivers
v0x5a20259d4380_0 .net "wr_addr", 4 0, v0x5a20259da110_0;  1 drivers
v0x5a20259d44d0_0 .net "wr_data", 31 0, L_0x5a20259eda00;  alias, 1 drivers
E_0x5a20259d3690/0 .event anyedge, v0x5a2025825d30_0, v0x5a20259d3990_0, v0x5a20259d4380_0, v0x5a20259d44d0_0;
v0x5a20259d3e20_0 .array/port v0x5a20259d3e20, 0;
v0x5a20259d3e20_1 .array/port v0x5a20259d3e20, 1;
v0x5a20259d3e20_2 .array/port v0x5a20259d3e20, 2;
v0x5a20259d3e20_3 .array/port v0x5a20259d3e20, 3;
E_0x5a20259d3690/1 .event anyedge, v0x5a20259d3e20_0, v0x5a20259d3e20_1, v0x5a20259d3e20_2, v0x5a20259d3e20_3;
v0x5a20259d3e20_4 .array/port v0x5a20259d3e20, 4;
v0x5a20259d3e20_5 .array/port v0x5a20259d3e20, 5;
v0x5a20259d3e20_6 .array/port v0x5a20259d3e20, 6;
v0x5a20259d3e20_7 .array/port v0x5a20259d3e20, 7;
E_0x5a20259d3690/2 .event anyedge, v0x5a20259d3e20_4, v0x5a20259d3e20_5, v0x5a20259d3e20_6, v0x5a20259d3e20_7;
v0x5a20259d3e20_8 .array/port v0x5a20259d3e20, 8;
v0x5a20259d3e20_9 .array/port v0x5a20259d3e20, 9;
v0x5a20259d3e20_10 .array/port v0x5a20259d3e20, 10;
v0x5a20259d3e20_11 .array/port v0x5a20259d3e20, 11;
E_0x5a20259d3690/3 .event anyedge, v0x5a20259d3e20_8, v0x5a20259d3e20_9, v0x5a20259d3e20_10, v0x5a20259d3e20_11;
v0x5a20259d3e20_12 .array/port v0x5a20259d3e20, 12;
v0x5a20259d3e20_13 .array/port v0x5a20259d3e20, 13;
v0x5a20259d3e20_14 .array/port v0x5a20259d3e20, 14;
v0x5a20259d3e20_15 .array/port v0x5a20259d3e20, 15;
E_0x5a20259d3690/4 .event anyedge, v0x5a20259d3e20_12, v0x5a20259d3e20_13, v0x5a20259d3e20_14, v0x5a20259d3e20_15;
v0x5a20259d3e20_16 .array/port v0x5a20259d3e20, 16;
v0x5a20259d3e20_17 .array/port v0x5a20259d3e20, 17;
v0x5a20259d3e20_18 .array/port v0x5a20259d3e20, 18;
v0x5a20259d3e20_19 .array/port v0x5a20259d3e20, 19;
E_0x5a20259d3690/5 .event anyedge, v0x5a20259d3e20_16, v0x5a20259d3e20_17, v0x5a20259d3e20_18, v0x5a20259d3e20_19;
v0x5a20259d3e20_20 .array/port v0x5a20259d3e20, 20;
v0x5a20259d3e20_21 .array/port v0x5a20259d3e20, 21;
v0x5a20259d3e20_22 .array/port v0x5a20259d3e20, 22;
v0x5a20259d3e20_23 .array/port v0x5a20259d3e20, 23;
E_0x5a20259d3690/6 .event anyedge, v0x5a20259d3e20_20, v0x5a20259d3e20_21, v0x5a20259d3e20_22, v0x5a20259d3e20_23;
v0x5a20259d3e20_24 .array/port v0x5a20259d3e20, 24;
v0x5a20259d3e20_25 .array/port v0x5a20259d3e20, 25;
v0x5a20259d3e20_26 .array/port v0x5a20259d3e20, 26;
v0x5a20259d3e20_27 .array/port v0x5a20259d3e20, 27;
E_0x5a20259d3690/7 .event anyedge, v0x5a20259d3e20_24, v0x5a20259d3e20_25, v0x5a20259d3e20_26, v0x5a20259d3e20_27;
v0x5a20259d3e20_28 .array/port v0x5a20259d3e20, 28;
v0x5a20259d3e20_29 .array/port v0x5a20259d3e20, 29;
v0x5a20259d3e20_30 .array/port v0x5a20259d3e20, 30;
v0x5a20259d3e20_31 .array/port v0x5a20259d3e20, 31;
E_0x5a20259d3690/8 .event anyedge, v0x5a20259d3e20_28, v0x5a20259d3e20_29, v0x5a20259d3e20_30, v0x5a20259d3e20_31;
E_0x5a20259d3690 .event/or E_0x5a20259d3690/0, E_0x5a20259d3690/1, E_0x5a20259d3690/2, E_0x5a20259d3690/3, E_0x5a20259d3690/4, E_0x5a20259d3690/5, E_0x5a20259d3690/6, E_0x5a20259d3690/7, E_0x5a20259d3690/8;
E_0x5a20259d3820/0 .event anyedge, v0x5a2025825c50_0, v0x5a20259d3990_0, v0x5a20259d4380_0, v0x5a20259d44d0_0;
E_0x5a20259d3820/1 .event anyedge, v0x5a20259d3e20_0, v0x5a20259d3e20_1, v0x5a20259d3e20_2, v0x5a20259d3e20_3;
E_0x5a20259d3820/2 .event anyedge, v0x5a20259d3e20_4, v0x5a20259d3e20_5, v0x5a20259d3e20_6, v0x5a20259d3e20_7;
E_0x5a20259d3820/3 .event anyedge, v0x5a20259d3e20_8, v0x5a20259d3e20_9, v0x5a20259d3e20_10, v0x5a20259d3e20_11;
E_0x5a20259d3820/4 .event anyedge, v0x5a20259d3e20_12, v0x5a20259d3e20_13, v0x5a20259d3e20_14, v0x5a20259d3e20_15;
E_0x5a20259d3820/5 .event anyedge, v0x5a20259d3e20_16, v0x5a20259d3e20_17, v0x5a20259d3e20_18, v0x5a20259d3e20_19;
E_0x5a20259d3820/6 .event anyedge, v0x5a20259d3e20_20, v0x5a20259d3e20_21, v0x5a20259d3e20_22, v0x5a20259d3e20_23;
E_0x5a20259d3820/7 .event anyedge, v0x5a20259d3e20_24, v0x5a20259d3e20_25, v0x5a20259d3e20_26, v0x5a20259d3e20_27;
E_0x5a20259d3820/8 .event anyedge, v0x5a20259d3e20_28, v0x5a20259d3e20_29, v0x5a20259d3e20_30, v0x5a20259d3e20_31;
E_0x5a20259d3820 .event/or E_0x5a20259d3820/0, E_0x5a20259d3820/1, E_0x5a20259d3820/2, E_0x5a20259d3820/3, E_0x5a20259d3820/4, E_0x5a20259d3820/5, E_0x5a20259d3820/6, E_0x5a20259d3820/7, E_0x5a20259d3820/8;
    .scope S_0x5a2025831fd0;
T_0 ;
    %wait E_0x5a202581c8a0;
    %pushi/vec4 0, 0, 1;
    %store/vec4 v0x5a20258193c0_0, 0, 1;
    %pushi/vec4 0, 0, 2;
    %store/vec4 v0x5a2025823fc0_0, 0, 2;
    %pushi/vec4 0, 0, 4;
    %store/vec4 v0x5a2025842840_0, 0, 4;
    %pushi/vec4 0, 0, 2;
    %store/vec4 v0x5a2025829ec0_0, 0, 2;
    %pushi/vec4 0, 0, 1;
    %store/vec4 v0x5a202582b320_0, 0, 1;
    %pushi/vec4 0, 0, 1;
    %store/vec4 v0x5a202582b3e0_0, 0, 1;
    %pushi/vec4 0, 0, 1;
    %store/vec4 v0x5a2025827850_0, 0, 1;
    %pushi/vec4 0, 0, 1;
    %store/vec4 v0x5a2025834450_0, 0, 1;
    %pushi/vec4 0, 0, 2;
    %store/vec4 v0x5a2025829de0_0, 0, 2;
    %pushi/vec4 0, 0, 1;
    %store/vec4 v0x5a20257d9ef0_0, 0, 1;
    %pushi/vec4 0, 0, 1;
    %store/vec4 v0x5a2025832630_0, 0, 1;
    %pushi/vec4 0, 0, 1;
    %store/vec4 v0x5a202582a660_0, 0, 1;
    %pushi/vec4 0, 0, 1;
    %store/vec4 v0x5a2025832570_0, 0, 1;
    %load/vec4 v0x5a202582e7e0_0;
    %dup/vec4;
    %pushi/vec4 0, 0, 6;
    %cmp/u;
    %jmp/1 T_0.0, 6;
    %dup/vec4;
    %pushi/vec4 35, 0, 6;
    %cmp/u;
    %jmp/1 T_0.1, 6;
    %dup/vec4;
    %pushi/vec4 43, 0, 6;
    %cmp/u;
    %jmp/1 T_0.2, 6;
    %dup/vec4;
    %pushi/vec4 4, 0, 6;
    %cmp/u;
    %jmp/1 T_0.3, 6;
    %dup/vec4;
    %pushi/vec4 5, 0, 6;
    %cmp/u;
    %jmp/1 T_0.4, 6;
    %dup/vec4;
    %pushi/vec4 2, 0, 6;
    %cmp/u;
    %jmp/1 T_0.5, 6;
    %dup/vec4;
    %pushi/vec4 3, 0, 6;
    %cmp/u;
    %jmp/1 T_0.6, 6;
    %dup/vec4;
    %pushi/vec4 9, 0, 6;
    %cmp/u;
    %jmp/1 T_0.7, 6;
    %dup/vec4;
    %pushi/vec4 10, 0, 6;
    %cmp/u;
    %jmp/1 T_0.8, 6;
    %dup/vec4;
    %pushi/vec4 11, 0, 6;
    %cmp/u;
    %jmp/1 T_0.9, 6;
    %dup/vec4;
    %pushi/vec4 12, 0, 6;
    %cmp/u;
    %jmp/1 T_0.10, 6;
    %dup/vec4;
    %pushi/vec4 13, 0, 6;
    %cmp/u;
    %jmp/1 T_0.11, 6;
    %dup/vec4;
    %pushi/vec4 14, 0, 6;
    %cmp/u;
    %jmp/1 T_0.12, 6;
    %dup/vec4;
    %pushi/vec4 15, 0, 6;
    %cmp/u;
    %jmp/1 T_0.13, 6;
    %jmp T_0.15;
T_0.0 ;
    %load/vec4 v0x5a20257d9fb0_0;
    %cmpi/e 8, 0, 6;
    %jmp/0xz  T_0.16, 4;
    %pushi/vec4 1, 0, 1;
    %store/vec4 v0x5a2025832570_0, 0, 1;
    %jmp T_0.17;
T_0.16 ;
    %pushi/vec4 1, 0, 1;
    %store/vec4 v0x5a20258193c0_0, 0, 1;
    %pushi/vec4 0, 0, 2;
    %store/vec4 v0x5a2025823fc0_0, 0, 2;
    %pushi/vec4 1, 0, 2;
    %store/vec4 v0x5a2025829ec0_0, 0, 2;
    %pushi/vec4 1, 0, 1;
    %store/vec4 v0x5a20257d9ef0_0, 0, 1;
    %pushi/vec4 0, 0, 2;
    %store/vec4 v0x5a2025829de0_0, 0, 2;
    %load/vec4 v0x5a20257d9fb0_0;
    %dup/vec4;
    %pushi/vec4 0, 0, 6;
    %cmp/u;
    %jmp/1 T_0.18, 6;
    %dup/vec4;
    %pushi/vec4 2, 0, 6;
    %cmp/u;
    %jmp/1 T_0.19, 6;
    %dup/vec4;
    %pushi/vec4 3, 0, 6;
    %cmp/u;
    %jmp/1 T_0.20, 6;
    %dup/vec4;
    %pushi/vec4 33, 0, 6;
    %cmp/u;
    %jmp/1 T_0.21, 6;
    %dup/vec4;
    %pushi/vec4 35, 0, 6;
    %cmp/u;
    %jmp/1 T_0.22, 6;
    %dup/vec4;
    %pushi/vec4 36, 0, 6;
    %cmp/u;
    %jmp/1 T_0.23, 6;
    %dup/vec4;
    %pushi/vec4 37, 0, 6;
    %cmp/u;
    %jmp/1 T_0.24, 6;
    %dup/vec4;
    %pushi/vec4 38, 0, 6;
    %cmp/u;
    %jmp/1 T_0.25, 6;
    %dup/vec4;
    %pushi/vec4 39, 0, 6;
    %cmp/u;
    %jmp/1 T_0.26, 6;
    %dup/vec4;
    %pushi/vec4 42, 0, 6;
    %cmp/u;
    %jmp/1 T_0.27, 6;
    %dup/vec4;
    %pushi/vec4 43, 0, 6;
    %cmp/u;
    %jmp/1 T_0.28, 6;
    %pushi/vec4 0, 0, 4;
    %store/vec4 v0x5a2025842840_0, 0, 4;
    %jmp T_0.30;
T_0.18 ;
    %pushi/vec4 4, 0, 4;
    %store/vec4 v0x5a2025842840_0, 0, 4;
    %jmp T_0.30;
T_0.19 ;
    %pushi/vec4 6, 0, 4;
    %store/vec4 v0x5a2025842840_0, 0, 4;
    %jmp T_0.30;
T_0.20 ;
    %pushi/vec4 5, 0, 4;
    %store/vec4 v0x5a2025842840_0, 0, 4;
    %jmp T_0.30;
T_0.21 ;
    %pushi/vec4 0, 0, 4;
    %store/vec4 v0x5a2025842840_0, 0, 4;
    %jmp T_0.30;
T_0.22 ;
    %pushi/vec4 7, 0, 4;
    %store/vec4 v0x5a2025842840_0, 0, 4;
    %jmp T_0.30;
T_0.23 ;
    %pushi/vec4 1, 0, 4;
    %store/vec4 v0x5a2025842840_0, 0, 4;
    %jmp T_0.30;
T_0.24 ;
    %pushi/vec4 3, 0, 4;
    %store/vec4 v0x5a2025842840_0, 0, 4;
    %jmp T_0.30;
T_0.25 ;
    %pushi/vec4 8, 0, 4;
    %store/vec4 v0x5a2025842840_0, 0, 4;
    %jmp T_0.30;
T_0.26 ;
    %pushi/vec4 2, 0, 4;
    %store/vec4 v0x5a2025842840_0, 0, 4;
    %jmp T_0.30;
T_0.27 ;
    %pushi/vec4 9, 0, 4;
    %store/vec4 v0x5a2025842840_0, 0, 4;
    %jmp T_0.30;
T_0.28 ;
    %pushi/vec4 10, 0, 4;
    %store/vec4 v0x5a2025842840_0, 0, 4;
    %jmp T_0.30;
T_0.30 ;
    %pop/vec4 1;
T_0.17 ;
    %jmp T_0.15;
T_0.1 ;
    %pushi/vec4 1, 0, 1;
    %store/vec4 v0x5a20258193c0_0, 0, 1;
    %pushi/vec4 2, 0, 2;
    %store/vec4 v0x5a2025823fc0_0, 0, 2;
    %pushi/vec4 0, 0, 4;
    %store/vec4 v0x5a2025842840_0, 0, 4;
    %pushi/vec4 0, 0, 2;
    %store/vec4 v0x5a2025829ec0_0, 0, 2;
    %pushi/vec4 1, 0, 1;
    %store/vec4 v0x5a202582b320_0, 0, 1;
    %pushi/vec4 1, 0, 1;
    %store/vec4 v0x5a20257d9ef0_0, 0, 1;
    %pushi/vec4 1, 0, 2;
    %store/vec4 v0x5a2025829de0_0, 0, 2;
    %jmp T_0.15;
T_0.2 ;
    %pushi/vec4 1, 0, 1;
    %store/vec4 v0x5a20258193c0_0, 0, 1;
    %pushi/vec4 2, 0, 2;
    %store/vec4 v0x5a2025823fc0_0, 0, 2;
    %pushi/vec4 0, 0, 4;
    %store/vec4 v0x5a2025842840_0, 0, 4;
    %pushi/vec4 1, 0, 1;
    %store/vec4 v0x5a202582b3e0_0, 0, 1;
    %jmp T_0.15;
T_0.3 ;
    %pushi/vec4 1, 0, 1;
    %store/vec4 v0x5a20258193c0_0, 0, 1;
    %pushi/vec4 0, 0, 2;
    %store/vec4 v0x5a2025823fc0_0, 0, 2;
    %pushi/vec4 11, 0, 4;
    %store/vec4 v0x5a2025842840_0, 0, 4;
    %pushi/vec4 1, 0, 1;
    %store/vec4 v0x5a2025827850_0, 0, 1;
    %jmp T_0.15;
T_0.4 ;
    %pushi/vec4 1, 0, 1;
    %store/vec4 v0x5a20258193c0_0, 0, 1;
    %pushi/vec4 0, 0, 2;
    %store/vec4 v0x5a2025823fc0_0, 0, 2;
    %pushi/vec4 12, 0, 4;
    %store/vec4 v0x5a2025842840_0, 0, 4;
    %pushi/vec4 1, 0, 1;
    %store/vec4 v0x5a2025834450_0, 0, 1;
    %jmp T_0.15;
T_0.5 ;
    %pushi/vec4 1, 0, 1;
    %store/vec4 v0x5a2025832630_0, 0, 1;
    %jmp T_0.15;
T_0.6 ;
    %pushi/vec4 1, 0, 1;
    %store/vec4 v0x5a2025832630_0, 0, 1;
    %pushi/vec4 1, 0, 1;
    %store/vec4 v0x5a202582a660_0, 0, 1;
    %pushi/vec4 3, 0, 2;
    %store/vec4 v0x5a2025829ec0_0, 0, 2;
    %pushi/vec4 1, 0, 1;
    %store/vec4 v0x5a20257d9ef0_0, 0, 1;
    %pushi/vec4 2, 0, 2;
    %store/vec4 v0x5a2025829de0_0, 0, 2;
    %jmp T_0.15;
T_0.7 ;
    %pushi/vec4 1, 0, 1;
    %store/vec4 v0x5a20258193c0_0, 0, 1;
    %pushi/vec4 2, 0, 2;
    %store/vec4 v0x5a2025823fc0_0, 0, 2;
    %pushi/vec4 0, 0, 4;
    %store/vec4 v0x5a2025842840_0, 0, 4;
    %pushi/vec4 1, 0, 1;
    %store/vec4 v0x5a20257d9ef0_0, 0, 1;
    %jmp T_0.15;
T_0.8 ;
    %pushi/vec4 1, 0, 1;
    %store/vec4 v0x5a20258193c0_0, 0, 1;
    %pushi/vec4 2, 0, 2;
    %store/vec4 v0x5a2025823fc0_0, 0, 2;
    %pushi/vec4 9, 0, 4;
    %store/vec4 v0x5a2025842840_0, 0, 4;
    %pushi/vec4 1, 0, 1;
    %store/vec4 v0x5a20257d9ef0_0, 0, 1;
    %jmp T_0.15;
T_0.9 ;
    %pushi/vec4 1, 0, 1;
    %store/vec4 v0x5a20258193c0_0, 0, 1;
    %pushi/vec4 2, 0, 2;
    %store/vec4 v0x5a2025823fc0_0, 0, 2;
    %pushi/vec4 10, 0, 4;
    %store/vec4 v0x5a2025842840_0, 0, 4;
    %pushi/vec4 1, 0, 1;
    %store/vec4 v0x5a20257d9ef0_0, 0, 1;
    %jmp T_0.15;
T_0.10 ;
    %pushi/vec4 1, 0, 1;
    %store/vec4 v0x5a20258193c0_0, 0, 1;
    %pushi/vec4 2, 0, 2;
    %store/vec4 v0x5a2025823fc0_0, 0, 2;
    %pushi/vec4 1, 0, 4;
    %store/vec4 v0x5a2025842840_0, 0, 4;
    %pushi/vec4 1, 0, 1;
    %store/vec4 v0x5a20257d9ef0_0, 0, 1;
    %jmp T_0.15;
T_0.11 ;
    %pushi/vec4 1, 0, 1;
    %store/vec4 v0x5a20258193c0_0, 0, 1;
    %pushi/vec4 2, 0, 2;
    %store/vec4 v0x5a2025823fc0_0, 0, 2;
    %pushi/vec4 3, 0, 4;
    %store/vec4 v0x5a2025842840_0, 0, 4;
    %pushi/vec4 1, 0, 1;
    %store/vec4 v0x5a20257d9ef0_0, 0, 1;
    %jmp T_0.15;
T_0.12 ;
    %pushi/vec4 1, 0, 1;
    %store/vec4 v0x5a20258193c0_0, 0, 1;
    %pushi/vec4 2, 0, 2;
    %store/vec4 v0x5a2025823fc0_0, 0, 2;
    %pushi/vec4 8, 0, 4;
    %store/vec4 v0x5a2025842840_0, 0, 4;
    %pushi/vec4 1, 0, 1;
    %store/vec4 v0x5a20257d9ef0_0, 0, 1;
    %jmp T_0.15;
T_0.13 ;
    %pushi/vec4 1, 0, 1;
    %store/vec4 v0x5a20258193c0_0, 0, 1;
    %pushi/vec4 2, 0, 2;
    %store/vec4 v0x5a2025823fc0_0, 0, 2;
    %pushi/vec4 13, 0, 4;
    %store/vec4 v0x5a2025842840_0, 0, 4;
    %pushi/vec4 1, 0, 1;
    %store/vec4 v0x5a20257d9ef0_0, 0, 1;
    %jmp T_0.15;
T_0.15 ;
    %pop/vec4 1;
    %jmp T_0;
    .thread T_0, $push;
    .scope S_0x5a20259d3380;
T_1 ;
    %wait E_0x5a20259d3820;
    %load/vec4 v0x5a20259d3b30_0;
    %cmpi/e 0, 0, 5;
    %flag_mov 8, 4;
    %jmp/0 T_1.0, 8;
    %pushi/vec4 0, 0, 32;
    %jmp/1 T_1.1, 8;
T_1.0 ; End of true expr.
    %load/vec4 v0x5a20259d3990_0;
    %flag_set/vec4 10;
    %flag_get/vec4 10;
    %jmp/0 T_1.4, 10;
    %load/vec4 v0x5a20259d4380_0;
    %load/vec4 v0x5a20259d3b30_0;
    %cmp/e;
    %flag_get/vec4 4;
    %and;
T_1.4;
    %flag_set/vec4 9;
    %jmp/0 T_1.2, 9;
    %load/vec4 v0x5a20259d44d0_0;
    %jmp/1 T_1.3, 9;
T_1.2 ; End of true expr.
    %load/vec4 v0x5a20259d3b30_0;
    %pad/u 7;
    %ix/vec4 4;
    %load/vec4a v0x5a20259d3e20, 4;
    %jmp/0 T_1.3, 9;
 ; End of false expr.
    %blend;
T_1.3;
    %jmp/0 T_1.1, 8;
 ; End of false expr.
    %blend;
T_1.1;
    %store/vec4 v0x5a20259d3c70_0, 0, 32;
    %jmp T_1;
    .thread T_1, $push;
    .scope S_0x5a20259d3380;
T_2 ;
    %wait E_0x5a20259d3690;
    %load/vec4 v0x5a20259d3bd0_0;
    %cmpi/e 0, 0, 5;
    %flag_mov 8, 4;
    %jmp/0 T_2.0, 8;
    %pushi/vec4 0, 0, 32;
    %jmp/1 T_2.1, 8;
T_2.0 ; End of true expr.
    %load/vec4 v0x5a20259d3990_0;
    %flag_set/vec4 10;
    %flag_get/vec4 10;
    %jmp/0 T_2.4, 10;
    %load/vec4 v0x5a20259d4380_0;
    %load/vec4 v0x5a20259d3bd0_0;
    %cmp/e;
    %flag_get/vec4 4;
    %and;
T_2.4;
    %flag_set/vec4 9;
    %jmp/0 T_2.2, 9;
    %load/vec4 v0x5a20259d44d0_0;
    %jmp/1 T_2.3, 9;
T_2.2 ; End of true expr.
    %load/vec4 v0x5a20259d3bd0_0;
    %pad/u 7;
    %ix/vec4 4;
    %load/vec4a v0x5a20259d3e20, 4;
    %jmp/0 T_2.3, 9;
 ; End of false expr.
    %blend;
T_2.3;
    %jmp/0 T_2.1, 8;
 ; End of false expr.
    %blend;
T_2.1;
    %store/vec4 v0x5a20259d3d60_0, 0, 32;
    %jmp T_2;
    .thread T_2, $push;
    .scope S_0x5a20259d3380;
T_3 ;
    %wait E_0x5a202581cd50;
    %load/vec4 v0x5a20259d42e0_0;
    %flag_set/vec4 8;
    %jmp/0xz  T_3.0, 8;
    %vpi_call 8 36 "$readmemh", "initial_reg.mem", v0x5a20259d3e20 {0 0 0};
    %jmp T_3.1;
T_3.0 ;
    %load/vec4 v0x5a20259d3990_0;
    %flag_set/vec4 9;
    %flag_get/vec4 9;
    %jmp/0 T_3.4, 9;
    %load/vec4 v0x5a20259d4380_0;
    %pushi/vec4 0, 0, 5;
    %cmp/ne;
    %flag_get/vec4 4;
    %and;
T_3.4;
    %flag_set/vec4 8;
    %jmp/0xz  T_3.2, 8;
    %load/vec4 v0x5a20259d44d0_0;
    %load/vec4 v0x5a20259d4380_0;
    %pad/u 7;
    %ix/vec4 3;
    %ix/load 4, 0, 0; Constant delay
    %assign/vec4/a/d v0x5a20259d3e20, 0, 4;
T_3.2 ;
T_3.1 ;
    %jmp T_3;
    .thread T_3;
    .scope S_0x5a2025821ad0;
T_4 ;
    %vpi_call 7 19 "$readmemh", "initial_mem.mem", v0x5a202581c200 {0 0 0};
    %end;
    .thread T_4;
    .scope S_0x5a2025821ad0;
T_5 ;
    %wait E_0x5a20257c6530;
    %load/vec4 v0x5a2025816c50_0;
    %ix/load 5, 2, 0;
    %flag_set/imm 4, 0;
    %shiftr 5;
    %ix/vec4 4;
    %load/vec4a v0x5a202581c200, 4;
    %store/vec4 v0x5a2025816b90_0, 0, 32;
    %load/vec4 v0x5a2025816d30_0;
    %ix/load 5, 2, 0;
    %flag_set/imm 4, 0;
    %shiftr 5;
    %ix/vec4 4;
    %load/vec4a v0x5a202581c200, 4;
    %store/vec4 v0x5a202581c040_0, 0, 32;
    %jmp T_5;
    .thread T_5, $push;
    .scope S_0x5a2025821ad0;
T_6 ;
    %wait E_0x5a202581cd50;
    %load/vec4 v0x5a20259d31c0_0;
    %nor/r;
    %flag_set/vec4 8;
    %jmp/0xz  T_6.0, 8;
    %load/vec4 v0x5a2025821d00_0;
    %flag_set/vec4 8;
    %jmp/0xz  T_6.2, 8;
    %load/vec4 v0x5a202581c120_0;
    %load/vec4 v0x5a2025816d30_0;
    %ix/load 4, 2, 0;
    %flag_set/imm 4, 0;
    %shiftr 4;
    %ix/vec4 3;
    %ix/load 4, 0, 0; Constant delay
    %assign/vec4/a/d v0x5a202581c200, 0, 4;
T_6.2 ;
T_6.0 ;
    %jmp T_6;
    .thread T_6;
    .scope S_0x5a20258332c0;
T_7 ;
    %wait E_0x5a202581d640;
    %pushi/vec4 0, 0, 32;
    %store/vec4 v0x5a202595b400_0, 0, 32;
    %load/vec4 v0x5a202595c1e0_0;
    %dup/vec4;
    %pushi/vec4 0, 0, 4;
    %cmp/u;
    %jmp/1 T_7.0, 6;
    %dup/vec4;
    %pushi/vec4 1, 0, 4;
    %cmp/u;
    %jmp/1 T_7.1, 6;
    %dup/vec4;
    %pushi/vec4 2, 0, 4;
    %cmp/u;
    %jmp/1 T_7.2, 6;
    %dup/vec4;
    %pushi/vec4 3, 0, 4;
    %cmp/u;
    %jmp/1 T_7.3, 6;
    %dup/vec4;
    %pushi/vec4 4, 0, 4;
    %cmp/u;
    %jmp/1 T_7.4, 6;
    %dup/vec4;
    %pushi/vec4 5, 0, 4;
    %cmp/u;
    %jmp/1 T_7.5, 6;
    %dup/vec4;
    %pushi/vec4 6, 0, 4;
    %cmp/u;
    %jmp/1 T_7.6, 6;
    %dup/vec4;
    %pushi/vec4 7, 0, 4;
    %cmp/u;
    %jmp/1 T_7.7, 6;
    %dup/vec4;
    %pushi/vec4 8, 0, 4;
    %cmp/u;
    %jmp/1 T_7.8, 6;
    %dup/vec4;
    %pushi/vec4 9, 0, 4;
    %cmp/u;
    %jmp/1 T_7.9, 6;
    %dup/vec4;
    %pushi/vec4 10, 0, 4;
    %cmp/u;
    %jmp/1 T_7.10, 6;
    %dup/vec4;
    %pushi/vec4 11, 0, 4;
    %cmp/u;
    %jmp/1 T_7.11, 6;
    %dup/vec4;
    %pushi/vec4 12, 0, 4;
    %cmp/u;
    %jmp/1 T_7.12, 6;
    %dup/vec4;
    %pushi/vec4 13, 0, 4;
    %cmp/u;
    %jmp/1 T_7.13, 6;
    %jmp T_7.14;
T_7.0 ;
    %load/vec4 v0x5a202595ef50_0;
    %load/vec4 v0x5a20259606d0_0;
    %add;
    %store/vec4 v0x5a202595b400_0, 0, 32;
    %jmp T_7.14;
T_7.1 ;
    %load/vec4 v0x5a202595ef50_0;
    %load/vec4 v0x5a20259606d0_0;
    %and;
    %store/vec4 v0x5a202595b400_0, 0, 32;
    %jmp T_7.14;
T_7.2 ;
    %load/vec4 v0x5a202595ef50_0;
    %load/vec4 v0x5a20259606d0_0;
    %or;
    %inv;
    %store/vec4 v0x5a202595b400_0, 0, 32;
    %jmp T_7.14;
T_7.3 ;
    %load/vec4 v0x5a202595ef50_0;
    %load/vec4 v0x5a20259606d0_0;
    %or;
    %store/vec4 v0x5a202595b400_0, 0, 32;
    %jmp T_7.14;
T_7.4 ;
    %load/vec4 v0x5a20259606d0_0;
    %ix/getv 4, v0x5a2025961a30_0;
    %shiftl 4;
    %store/vec4 v0x5a202595b400_0, 0, 32;
    %jmp T_7.14;
T_7.5 ;
    %load/vec4 v0x5a20259606d0_0;
    %ix/getv 4, v0x5a2025961a30_0;
    %shiftr/s 4;
    %store/vec4 v0x5a202595b400_0, 0, 32;
    %jmp T_7.14;
T_7.6 ;
    %load/vec4 v0x5a20259606d0_0;
    %ix/getv 4, v0x5a2025961a30_0;
    %shiftr 4;
    %store/vec4 v0x5a202595b400_0, 0, 32;
    %jmp T_7.14;
T_7.7 ;
    %load/vec4 v0x5a202595ef50_0;
    %load/vec4 v0x5a20259606d0_0;
    %sub;
    %store/vec4 v0x5a202595b400_0, 0, 32;
    %jmp T_7.14;
T_7.8 ;
    %load/vec4 v0x5a202595ef50_0;
    %load/vec4 v0x5a20259606d0_0;
    %xor;
    %store/vec4 v0x5a202595b400_0, 0, 32;
    %jmp T_7.14;
T_7.9 ;
    %load/vec4 v0x5a202595ef50_0;
    %load/vec4 v0x5a20259606d0_0;
    %cmp/s;
    %flag_get/vec4 5;
    %pad/u 32;
    %store/vec4 v0x5a202595b400_0, 0, 32;
    %jmp T_7.14;
T_7.10 ;
    %load/vec4 v0x5a202595ef50_0;
    %load/vec4 v0x5a20259606d0_0;
    %cmp/u;
    %flag_get/vec4 5;
    %pad/u 32;
    %store/vec4 v0x5a202595b400_0, 0, 32;
    %jmp T_7.14;
T_7.11 ;
    %load/vec4 v0x5a202595ef50_0;
    %load/vec4 v0x5a20259606d0_0;
    %cmp/e;
    %flag_get/vec4 4;
    %pad/u 32;
    %store/vec4 v0x5a202595b400_0, 0, 32;
    %jmp T_7.14;
T_7.12 ;
    %load/vec4 v0x5a202595ef50_0;
    %load/vec4 v0x5a20259606d0_0;
    %cmp/ne;
    %flag_get/vec4 4;
    %pad/u 32;
    %store/vec4 v0x5a202595b400_0, 0, 32;
    %jmp T_7.14;
T_7.13 ;
    %load/vec4 v0x5a20259606d0_0;
    %parti/s 16, 0, 2;
    %concati/vec4 0, 0, 16;
    %store/vec4 v0x5a202595b400_0, 0, 32;
    %jmp T_7.14;
T_7.14 ;
    %pop/vec4 1;
    %jmp T_7;
    .thread T_7, $push;
    .scope S_0x5a202582a220;
T_8 ;
    %wait E_0x5a202581cd50;
    %load/vec4 v0x5a20259da200_0;
    %flag_set/vec4 8;
    %jmp/0xz  T_8.0, 8;
    %pushi/vec4 0, 0, 32;
    %assign/vec4 v0x5a20259d46d0_0, 0;
    %jmp T_8.1;
T_8.0 ;
    %load/vec4 v0x5a20259d6770_0;
    %flag_set/vec4 8;
    %jmp/0xz  T_8.2, 8;
    %load/vec4 v0x5a20259d6830_0;
    %assign/vec4 v0x5a20259d46d0_0, 0;
    %jmp T_8.3;
T_8.2 ;
    %load/vec4 v0x5a20259da2f0_0;
    %nor/r;
    %flag_set/vec4 8;
    %jmp/0xz  T_8.4, 8;
    %load/vec4 v0x5a20259d7780_0;
    %flag_set/vec4 8;
    %jmp/0xz  T_8.6, 8;
    %load/vec4 v0x5a20259d90a0_0;
    %assign/vec4 v0x5a20259d46d0_0, 0;
    %jmp T_8.7;
T_8.6 ;
    %load/vec4 v0x5a20259d76b0_0;
    %flag_set/vec4 8;
    %jmp/0xz  T_8.8, 8;
    %load/vec4 v0x5a20259d8f00_0;
    %assign/vec4 v0x5a20259d46d0_0, 0;
    %jmp T_8.9;
T_8.8 ;
    %load/vec4 v0x5a20259d46d0_0;
    %addi 4, 0, 32;
    %assign/vec4 v0x5a20259d46d0_0, 0;
T_8.9 ;
T_8.7 ;
T_8.4 ;
T_8.3 ;
T_8.1 ;
    %jmp T_8;
    .thread T_8;
    .scope S_0x5a202582a220;
T_9 ;
    %wait E_0x5a202581cd50;
    %load/vec4 v0x5a20259da200_0;
    %flag_set/vec4 8;
    %jmp/1 T_9.2, 8;
    %load/vec4 v0x5a20259d97a0_0;
    %flag_set/vec4 9;
    %flag_or 8, 9;
T_9.2;
    %jmp/0xz  T_9.0, 8;
    %pushi/vec4 0, 0, 32;
    %assign/vec4 v0x5a20259d9a00_0, 0;
    %pushi/vec4 0, 0, 32;
    %assign/vec4 v0x5a20259d9860_0, 0;
    %pushi/vec4 0, 0, 1;
    %assign/vec4 v0x5a20259d9940_0, 0;
    %jmp T_9.1;
T_9.0 ;
    %load/vec4 v0x5a20259da2f0_0;
    %nor/r;
    %flag_set/vec4 8;
    %jmp/0xz  T_9.3, 8;
    %load/vec4 v0x5a20259d46d0_0;
    %addi 4, 0, 32;
    %assign/vec4 v0x5a20259d9a00_0, 0;
    %load/vec4 v0x5a20259d9ae0_0;
    %assign/vec4 v0x5a20259d9860_0, 0;
    %load/vec4 v0x5a20259d9ae0_0;
    %pushi/vec4 0, 0, 32;
    %cmp/e;
    %flag_get/vec4 4;
    %assign/vec4 v0x5a20259d9940_0, 0;
T_9.3 ;
T_9.1 ;
    %jmp T_9;
    .thread T_9;
    .scope S_0x5a202582a220;
T_10 ;
    %wait E_0x5a202581cd50;
    %load/vec4 v0x5a20259da200_0;
    %flag_set/vec4 8;
    %jmp/1 T_10.3, 8;
    %load/vec4 v0x5a20259d8bc0_0;
    %flag_set/vec4 9;
    %flag_or 8, 9;
T_10.3;
    %jmp/1 T_10.2, 8;
    %load/vec4 v0x5a20259da2f0_0;
    %flag_set/vec4 9;
    %flag_or 8, 9;
T_10.2;
    %jmp/0xz  T_10.0, 8;
    %pushi/vec4 0, 0, 32;
    %assign/vec4 v0x5a20259d84e0_0, 0;
    %pushi/vec4 0, 0, 32;
    %assign/vec4 v0x5a20259d86a0_0, 0;
    %pushi/vec4 0, 0, 32;
    %assign/vec4 v0x5a20259d8780_0, 0;
    %pushi/vec4 0, 0, 32;
    %assign/vec4 v0x5a20259d8340_0, 0;
    %pushi/vec4 0, 0, 5;
    %assign/vec4 v0x5a20259d8860_0, 0;
    %pushi/vec4 0, 0, 5;
    %assign/vec4 v0x5a20259d8940_0, 0;
    %pushi/vec4 0, 0, 5;
    %assign/vec4 v0x5a20259d85c0_0, 0;
    %pushi/vec4 0, 0, 5;
    %assign/vec4 v0x5a20259d8a20_0, 0;
    %pushi/vec4 0, 0, 1;
    %assign/vec4 v0x5a20259d7ca0_0, 0;
    %pushi/vec4 0, 0, 2;
    %assign/vec4 v0x5a20259d7d40_0, 0;
    %pushi/vec4 0, 0, 4;
    %assign/vec4 v0x5a20259d7bd0_0, 0;
    %pushi/vec4 0, 0, 2;
    %assign/vec4 v0x5a20259d81c0_0, 0;
    %pushi/vec4 0, 0, 1;
    %assign/vec4 v0x5a20259d7f60_0, 0;
    %pushi/vec4 0, 0, 1;
    %assign/vec4 v0x5a20259d8020_0, 0;
    %pushi/vec4 0, 0, 1;
    %assign/vec4 v0x5a20259d7de0_0, 0;
    %pushi/vec4 0, 0, 1;
    %assign/vec4 v0x5a20259d7ea0_0, 0;
    %pushi/vec4 0, 0, 2;
    %assign/vec4 v0x5a20259d80e0_0, 0;
    %pushi/vec4 0, 0, 1;
    %assign/vec4 v0x5a20259d82a0_0, 0;
    %pushi/vec4 0, 0, 1;
    %assign/vec4 v0x5a20259d8420_0, 0;
    %jmp T_10.1;
T_10.0 ;
    %load/vec4 v0x5a20259d9a00_0;
    %assign/vec4 v0x5a20259d84e0_0, 0;
    %load/vec4 v0x5a20259d9300_0;
    %assign/vec4 v0x5a20259d86a0_0, 0;
    %load/vec4 v0x5a20259d93f0_0;
    %assign/vec4 v0x5a20259d8780_0, 0;
    %load/vec4 v0x5a20259d8ae0_0;
    %assign/vec4 v0x5a20259d8340_0, 0;
    %load/vec4 v0x5a20259d94c0_0;
    %assign/vec4 v0x5a20259d8860_0, 0;
    %load/vec4 v0x5a20259d95b0_0;
    %assign/vec4 v0x5a20259d8940_0, 0;
    %load/vec4 v0x5a20259d9240_0;
    %assign/vec4 v0x5a20259d85c0_0, 0;
    %load/vec4 v0x5a20259d96c0_0;
    %assign/vec4 v0x5a20259d8a20_0, 0;
    %load/vec4 v0x5a20259d7340_0;
    %assign/vec4 v0x5a20259d7ca0_0, 0;
    %load/vec4 v0x5a20259d73e0_0;
    %assign/vec4 v0x5a20259d7d40_0, 0;
    %load/vec4 v0x5a20259d7250_0;
    %assign/vec4 v0x5a20259d7bd0_0, 0;
    %load/vec4 v0x5a20259d7a60_0;
    %assign/vec4 v0x5a20259d81c0_0, 0;
    %load/vec4 v0x5a20259d7850_0;
    %assign/vec4 v0x5a20259d7f60_0, 0;
    %load/vec4 v0x5a20259d78f0_0;
    %assign/vec4 v0x5a20259d8020_0, 0;
    %load/vec4 v0x5a20259d74a0_0;
    %assign/vec4 v0x5a20259d7de0_0, 0;
    %load/vec4 v0x5a20259d7540_0;
    %assign/vec4 v0x5a20259d7ea0_0, 0;
    %load/vec4 v0x5a20259d79c0_0;
    %assign/vec4 v0x5a20259d80e0_0, 0;
    %load/vec4 v0x5a20259d7b30_0;
    %assign/vec4 v0x5a20259d82a0_0, 0;
    %load/vec4 v0x5a20259d9940_0;
    %assign/vec4 v0x5a20259d8420_0, 0;
T_10.1 ;
    %jmp T_10;
    .thread T_10;
    .scope S_0x5a202582a220;
T_11 ;
    %wait E_0x5a202581cd50;
    %load/vec4 v0x5a20259da200_0;
    %flag_set/vec4 8;
    %jmp/0xz  T_11.0, 8;
    %pushi/vec4 0, 0, 32;
    %assign/vec4 v0x5a20259d6bf0_0, 0;
    %pushi/vec4 0, 0, 32;
    %assign/vec4 v0x5a20259d6e30_0, 0;
    %pushi/vec4 0, 0, 5;
    %assign/vec4 v0x5a20259d6ef0_0, 0;
    %pushi/vec4 0, 0, 1;
    %assign/vec4 v0x5a20259d6910_0, 0;
    %pushi/vec4 0, 0, 1;
    %assign/vec4 v0x5a20259d69d0_0, 0;
    %pushi/vec4 0, 0, 2;
    %assign/vec4 v0x5a20259d6a70_0, 0;
    %pushi/vec4 0, 0, 1;
    %assign/vec4 v0x5a20259d6b50_0, 0;
    %pushi/vec4 0, 0, 32;
    %assign/vec4 v0x5a20259d6d50_0, 0;
    %pushi/vec4 0, 0, 1;
    %assign/vec4 v0x5a20259d6c90_0, 0;
    %jmp T_11.1;
T_11.0 ;
    %load/vec4 v0x5a20259d66b0_0;
    %assign/vec4 v0x5a20259d6bf0_0, 0;
    %load/vec4 v0x5a20259d8780_0;
    %assign/vec4 v0x5a20259d6e30_0, 0;
    %load/vec4 v0x5a20259d70f0_0;
    %assign/vec4 v0x5a20259d6ef0_0, 0;
    %load/vec4 v0x5a20259d7f60_0;
    %assign/vec4 v0x5a20259d6910_0, 0;
    %load/vec4 v0x5a20259d8020_0;
    %assign/vec4 v0x5a20259d69d0_0, 0;
    %load/vec4 v0x5a20259d80e0_0;
    %assign/vec4 v0x5a20259d6a70_0, 0;
    %load/vec4 v0x5a20259d82a0_0;
    %assign/vec4 v0x5a20259d6b50_0, 0;
    %load/vec4 v0x5a20259d84e0_0;
    %assign/vec4 v0x5a20259d6d50_0, 0;
    %load/vec4 v0x5a20259d8420_0;
    %assign/vec4 v0x5a20259d6c90_0, 0;
T_11.1 ;
    %jmp T_11;
    .thread T_11;
    .scope S_0x5a202582a220;
T_12 ;
    %wait E_0x5a202581cd50;
    %load/vec4 v0x5a20259da200_0;
    %flag_set/vec4 8;
    %jmp/0xz  T_12.0, 8;
    %pushi/vec4 0, 0, 32;
    %assign/vec4 v0x5a20259d9dd0_0, 0;
    %pushi/vec4 0, 0, 32;
    %assign/vec4 v0x5a20259d9f50_0, 0;
    %pushi/vec4 0, 0, 5;
    %assign/vec4 v0x5a20259da110_0, 0;
    %pushi/vec4 0, 0, 2;
    %assign/vec4 v0x5a20259d9c40_0, 0;
    %pushi/vec4 0, 0, 1;
    %assign/vec4 v0x5a20259d9d00_0, 0;
    %pushi/vec4 0, 0, 32;
    %assign/vec4 v0x5a20259da030_0, 0;
    %pushi/vec4 0, 0, 1;
    %assign/vec4 v0x5a20259d9e90_0, 0;
    %jmp T_12.1;
T_12.0 ;
    %load/vec4 v0x5a20259d6bf0_0;
    %assign/vec4 v0x5a20259d9dd0_0, 0;
    %load/vec4 v0x5a20259d9ba0_0;
    %assign/vec4 v0x5a20259d9f50_0, 0;
    %load/vec4 v0x5a20259d6ef0_0;
    %assign/vec4 v0x5a20259da110_0, 0;
    %load/vec4 v0x5a20259d6a70_0;
    %assign/vec4 v0x5a20259d9c40_0, 0;
    %load/vec4 v0x5a20259d6b50_0;
    %assign/vec4 v0x5a20259d9d00_0, 0;
    %load/vec4 v0x5a20259d6d50_0;
    %assign/vec4 v0x5a20259da030_0, 0;
    %load/vec4 v0x5a20259d6c90_0;
    %assign/vec4 v0x5a20259d9e90_0, 0;
T_12.1 ;
    %jmp T_12;
    .thread T_12;
    .scope S_0x5a202582f9b0;
T_13 ;
    %fork t_1, S_0x5a2025837080;
    %jmp t_0;
    .scope S_0x5a2025837080;
t_1 ;
    %vpi_call 2 20 "$readmemh", "reference_mem.mem", v0x5a20259da7e0 {0 0 0};
    %vpi_call 2 21 "$readmemh", "reference_reg.mem", v0x5a20259da8d0 {0 0 0};
    %end;
    .scope S_0x5a202582f9b0;
t_0 %join;
    %end;
    .thread T_13;
    .scope S_0x5a202582f9b0;
T_14 ;
    %fork t_3, S_0x5a2025835320;
    %jmp t_2;
    .scope S_0x5a2025835320;
t_3 ;
    %pushi/vec4 0, 0, 1;
    %store/vec4 v0x5a20259da580_0, 0, 1;
T_14.0 ;
    %delay 5000, 0;
    %load/vec4 v0x5a20259da580_0;
    %inv;
    %store/vec4 v0x5a20259da580_0, 0, 1;
    %jmp T_14.0;
    %end;
    .scope S_0x5a202582f9b0;
t_2 %join;
    %end;
    .thread T_14;
    .scope S_0x5a202582f9b0;
T_15 ;
    %fork t_5, S_0x5a2025837800;
    %jmp t_4;
    .scope S_0x5a2025837800;
t_5 ;
    %pushi/vec4 0, 0, 32;
    %store/vec4 v0x5a20259da4a0_0, 0, 32;
    %pushi/vec4 1, 0, 1;
    %store/vec4 v0x5a20259da990_0, 0, 1;
    %delay 15000, 0;
    %pushi/vec4 0, 0, 1;
    %store/vec4 v0x5a20259da990_0, 0, 1;
    %wait E_0x5a202581dab0;
    %vpi_call 2 36 "$display", "Program Terminate\012" {0 0 0};
    %pushi/vec4 0, 0, 32;
    %store/vec4 v0x5a20259da740_0, 0, 32;
T_15.0 ;
    %load/vec4 v0x5a20259da740_0;
    %cmpi/s 32, 0, 32;
    %jmp/0xz T_15.1, 5;
    %ix/getv/s 4, v0x5a20259da740_0;
    %load/vec4a v0x5a20259d3e20, 4;
    %ix/getv/s 4, v0x5a20259da740_0;
    %load/vec4a v0x5a20259da8d0, 4;
    %cmp/ne;
    %jmp/0xz  T_15.2, 4;
    %pushi/vec4 1, 0, 32;
    %store/vec4 v0x5a20259da4a0_0, 0, 32;
T_15.2 ;
    %load/vec4 v0x5a20259da740_0;
    %addi 1, 0, 32;
    %store/vec4 v0x5a20259da740_0, 0, 32;
    %jmp T_15.0;
T_15.1 ;
    %pushi/vec4 0, 0, 32;
    %store/vec4 v0x5a20259da740_0, 0, 32;
T_15.4 ;
    %load/vec4 v0x5a20259da740_0;
    %cmpi/s 8192, 0, 32;
    %jmp/0xz T_15.5, 5;
    %ix/getv/s 4, v0x5a20259da740_0;
    %load/vec4a v0x5a202581c200, 4;
    %ix/getv/s 4, v0x5a20259da740_0;
    %load/vec4a v0x5a20259da7e0, 4;
    %cmp/ne;
    %jmp/0xz  T_15.6, 4;
    %pushi/vec4 1, 0, 32;
    %store/vec4 v0x5a20259da4a0_0, 0, 32;
T_15.6 ;
    %load/vec4 v0x5a20259da740_0;
    %addi 1, 0, 32;
    %store/vec4 v0x5a20259da740_0, 0, 32;
    %jmp T_15.4;
T_15.5 ;
    %load/vec4 v0x5a20259da4a0_0;
    %cmpi/ne 0, 0, 32;
    %jmp/0xz  T_15.8, 4;
    %vpi_call 2 50 "$display", "Simulation failed." {0 0 0};
    %pushi/vec4 0, 0, 32;
    %store/vec4 v0x5a20259da740_0, 0, 32;
T_15.10 ;
    %load/vec4 v0x5a20259da740_0;
    %cmpi/s 32, 0, 32;
    %jmp/0xz T_15.11, 5;
    %vpi_call 2 52 "$display", "index: %d, dat: %h, %h", v0x5a20259da740_0, &A<v0x5a20259d3e20, v0x5a20259da740_0 >, &A<v0x5a20259da8d0, v0x5a20259da740_0 > {0 0 0};
    %load/vec4 v0x5a20259da740_0;
    %addi 1, 0, 32;
    %store/vec4 v0x5a20259da740_0, 0, 32;
    %jmp T_15.10;
T_15.11 ;
    %jmp T_15.9;
T_15.8 ;
    %vpi_call 2 56 "$display", "Simulation success!!!" {0 0 0};
T_15.9 ;
    %vpi_call 2 57 "$finish" {0 0 0};
    %end;
    .scope S_0x5a202582f9b0;
t_4 %join;
    %end;
    .thread T_15;
# The file index is used to find the file name in the following table.
:file_names 9;
    "N/A";
    "<interactive>";
    "CPU_tb.v";
    "CPU.v";
    "ALU.v";
    "CTRL.v";
    "HAZARD.v";
    "MEM.v";
    "RF.v";
