#! /usr/bin/vvp
:ivl_version "12.0 (stable)";
:ivl_delay_selection "TYPICAL";
:vpi_time_precision - 12;
:vpi_module "/usr/lib/x86_64-linux-gnu/ivl/system.vpi";
:vpi_module "/usr/lib/x86_64-linux-gnu/ivl/vhdl_sys.vpi";
:vpi_module "/usr/lib/x86_64-linux-gnu/ivl/vhdl_textio.vpi";
:vpi_module "/usr/lib/x86_64-linux-gnu/ivl/v2005_math.vpi";
:vpi_module "/usr/lib/x86_64-linux-gnu/ivl/va_math.vpi";
S_0x63a28dcd1660 .scope module, "CPU_tb" "CPU_tb" 2 4;
 .timescale -9 -12;
v0x63a28de9b5e0_0 .var/i "FAILED", 31 0;
v0x63a28de9b6c0_0 .var "clk", 0 0;
v0x63a28de9b780_0 .net "halt", 0 0, L_0x63a28deabbb0;  1 drivers
v0x63a28de9b880_0 .var/i "i", 31 0;
v0x63a28de9b920 .array "memory", 8191 0, 31 0;
v0x63a28de9ba10 .array "register_file", 31 0, 31 0;
v0x63a28de9bad0_0 .var "rst", 0 0;
S_0x63a28dcd02e0 .scope begin, "CLOCK_GENERATOR" "CLOCK_GENERATOR" 2 25, 2 25 0, S_0x63a28dcd1660;
 .timescale -9 -12;
S_0x63a28dcd0660 .scope begin, "REF_INIT" "REF_INIT" 2 19, 2 19 0, S_0x63a28dcd1660;
 .timescale -9 -12;
S_0x63a28dcd12e0 .scope begin, "Settings" "Settings" 2 30, 2 30 0, S_0x63a28dcd1660;
 .timescale -9 -12;
E_0x63a28dcd4e00 .event posedge, v0x63a28de9a490_0;
S_0x63a28dcccc40 .scope module, "cpu" "CPU" 2 17, 3 4 0, S_0x63a28dcd1660;
 .timescale -9 -12;
    .port_info 0 /INPUT 1 "clk";
    .port_info 1 /INPUT 1 "rst";
    .port_info 2 /OUTPUT 1 "halt";
L_0x63a28deac890 .functor BUFZ 5, L_0x63a28deabe50, C4<00000>, C4<00000>, C4<00000>;
L_0x63a28de259a0 .functor BUFZ 5, L_0x63a28deabf40, C4<00000>, C4<00000>, C4<00000>;
L_0x63a28dd107f0 .functor BUFZ 32, v0x63a28de98770_0, C4<00000000000000000000000000000000>, C4<00000000000000000000000000000000>, C4<00000000000000000000000000000000>;
L_0x63a28deace30 .functor BUFZ 32, v0x63a28de25ac0_0, C4<00000000000000000000000000000000>, C4<00000000000000000000000000000000>, C4<00000000000000000000000000000000>;
L_0x63a28deacf40 .functor BUFZ 32, L_0x63a28dead220, C4<00000000000000000000000000000000>, C4<00000000000000000000000000000000>, C4<00000000000000000000000000000000>;
v0x63a28de991e0_0 .net "ALUOp", 3 0, v0x63a28dcd8ae0_0;  1 drivers
v0x63a28de992c0_0 .net "ALUSrc", 0 0, v0x63a28dcd8bc0_0;  1 drivers
v0x63a28de99380_0 .net "Branch", 0 0, v0x63a28dcd8c80_0;  1 drivers
v0x63a28de99420_0 .net "JR", 0 0, v0x63a28dcd8d20_0;  1 drivers
v0x63a28de994c0_0 .net "Jump", 0 0, v0x63a28dcd8de0_0;  1 drivers
v0x63a28de995b0_0 .net "MemRead", 0 0, v0x63a28dd01120_0;  1 drivers
v0x63a28de99680_0 .net "MemWrite", 0 0, v0x63a28dd011e0_0;  1 drivers
v0x63a28de99770_0 .net "MemtoReg", 0 0, v0x63a28dd012a0_0;  1 drivers
v0x63a28de99810_0 .var "PC", 31 0;
v0x63a28de99970_0 .var "PC_next", 31 0;
v0x63a28de99a10_0 .net "RegDst", 0 0, v0x63a28dd01360_0;  1 drivers
v0x63a28de99ae0_0 .net "RegWrite", 0 0, v0x63a28dd01420_0;  1 drivers
v0x63a28de99b80_0 .net "SavePC", 0 0, v0x63a28dd014e0_0;  1 drivers
v0x63a28de99c20_0 .net "SignExtend", 0 0, v0x63a28dce9060_0;  1 drivers
L_0x7458322b4018 .functor BUFT 1, C4<00000000000000000000000000000000>, C4<0>, C4<0>, C4<0>;
v0x63a28de99cf0_0 .net/2u *"_ivl_0", 31 0, L_0x7458322b4018;  1 drivers
v0x63a28de99d90_0 .net *"_ivl_21", 0 0, L_0x63a28deac460;  1 drivers
v0x63a28de99e30_0 .net *"_ivl_22", 15 0, L_0x63a28deac5b0;  1 drivers
v0x63a28de99ed0_0 .net *"_ivl_24", 31 0, L_0x63a28deac7f0;  1 drivers
L_0x7458322b4060 .functor BUFT 1, C4<0000000000000000>, C4<0>, C4<0>, C4<0>;
v0x63a28de99f70_0 .net/2u *"_ivl_26", 15 0, L_0x7458322b4060;  1 drivers
v0x63a28de9a030_0 .net *"_ivl_28", 31 0, L_0x63a28deac900;  1 drivers
v0x63a28de9a110_0 .net "alu_result", 31 0, v0x63a28de25ac0_0;  1 drivers
v0x63a28de9a200_0 .net "clk", 0 0, v0x63a28de9b6c0_0;  1 drivers
v0x63a28de9a2f0_0 .net "ext_imm", 31 0, L_0x63a28deac9a0;  1 drivers
v0x63a28de9a3d0_0 .net "funct", 5 0, L_0x63a28deac1e0;  1 drivers
v0x63a28de9a490_0 .net "halt", 0 0, L_0x63a28deabbb0;  alias, 1 drivers
v0x63a28de9a530_0 .net "immi", 15 0, L_0x63a28deac2d0;  1 drivers
v0x63a28de9a610_0 .net "immj", 25 0, L_0x63a28deac3c0;  1 drivers
v0x63a28de9a6f0_0 .net "inst", 31 0, v0x63a28dcfca70_0;  1 drivers
v0x63a28de9a7b0_0 .net "mem_addr", 31 0, L_0x63a28deace30;  1 drivers
v0x63a28de9a880_0 .net "mem_read_data", 31 0, v0x63a28dcfcd40_0;  1 drivers
v0x63a28de9a950_0 .net "mem_write_data", 31 0, L_0x63a28deacf40;  1 drivers
v0x63a28de9aa20_0 .net "opcode", 5 0, L_0x63a28deabd60;  1 drivers
v0x63a28de9aae0_0 .net "operand1", 31 0, L_0x63a28dd107f0;  1 drivers
v0x63a28de9abb0_0 .net "operand2", 31 0, L_0x63a28deacc50;  1 drivers
v0x63a28de9ac70_0 .net "rd", 4 0, L_0x63a28deac010;  1 drivers
v0x63a28de9ad30_0 .net "rd_addr1", 4 0, L_0x63a28deac890;  1 drivers
v0x63a28de9ae10_0 .net "rd_addr2", 4 0, L_0x63a28de259a0;  1 drivers
v0x63a28de9aef0_0 .net "rd_data1", 31 0, v0x63a28de98770_0;  1 drivers
v0x63a28de9afe0_0 .net "rd_data2", 31 0, L_0x63a28dead220;  1 drivers
v0x63a28de9b0b0_0 .net "rs", 4 0, L_0x63a28deabe50;  1 drivers
v0x63a28de9b180_0 .net "rst", 0 0, v0x63a28de9bad0_0;  1 drivers
v0x63a28de9b270_0 .net "rt", 4 0, L_0x63a28deabf40;  1 drivers
v0x63a28de9b310_0 .net "shamt", 4 0, L_0x63a28deac0b0;  1 drivers
v0x63a28de9b3e0_0 .var "wr_addr", 4 0;
v0x63a28de9b4b0_0 .var "wr_data", 31 0;
E_0x63a28dcd4990/0 .event anyedge, v0x63a28dd014e0_0, v0x63a28dd01360_0, v0x63a28de9ac70_0, v0x63a28de98690_0;
E_0x63a28dcd4990/1 .event anyedge, v0x63a28dcfcb30_0, v0x63a28dd012a0_0, v0x63a28dcfcd40_0, v0x63a28de25ac0_0;
E_0x63a28dcd4990/2 .event anyedge, v0x63a28de9a490_0, v0x63a28dcd8d20_0, v0x63a28de98770_0, v0x63a28dcd8c80_0;
E_0x63a28dcd4990/3 .event anyedge, v0x63a28de9a2f0_0, v0x63a28dcd8de0_0, v0x63a28de9a610_0;
E_0x63a28dcd4990 .event/or E_0x63a28dcd4990/0, E_0x63a28dcd4990/1, E_0x63a28dcd4990/2, E_0x63a28dcd4990/3;
L_0x63a28deabbb0 .cmp/eq 32, v0x63a28dcfca70_0, L_0x7458322b4018;
L_0x63a28deabd60 .part v0x63a28dcfca70_0, 26, 6;
L_0x63a28deabe50 .part v0x63a28dcfca70_0, 21, 5;
L_0x63a28deabf40 .part v0x63a28dcfca70_0, 16, 5;
L_0x63a28deac010 .part v0x63a28dcfca70_0, 11, 5;
L_0x63a28deac0b0 .part v0x63a28dcfca70_0, 6, 5;
L_0x63a28deac1e0 .part v0x63a28dcfca70_0, 0, 6;
L_0x63a28deac2d0 .part v0x63a28dcfca70_0, 0, 16;
L_0x63a28deac3c0 .part v0x63a28dcfca70_0, 0, 26;
L_0x63a28deac460 .part L_0x63a28deac2d0, 15, 1;
LS_0x63a28deac5b0_0_0 .concat [ 1 1 1 1], L_0x63a28deac460, L_0x63a28deac460, L_0x63a28deac460, L_0x63a28deac460;
LS_0x63a28deac5b0_0_4 .concat [ 1 1 1 1], L_0x63a28deac460, L_0x63a28deac460, L_0x63a28deac460, L_0x63a28deac460;
LS_0x63a28deac5b0_0_8 .concat [ 1 1 1 1], L_0x63a28deac460, L_0x63a28deac460, L_0x63a28deac460, L_0x63a28deac460;
LS_0x63a28deac5b0_0_12 .concat [ 1 1 1 1], L_0x63a28deac460, L_0x63a28deac460, L_0x63a28deac460, L_0x63a28deac460;
L_0x63a28deac5b0 .concat [ 4 4 4 4], LS_0x63a28deac5b0_0_0, LS_0x63a28deac5b0_0_4, LS_0x63a28deac5b0_0_8, LS_0x63a28deac5b0_0_12;
L_0x63a28deac7f0 .concat [ 16 16 0 0], L_0x63a28deac2d0, L_0x63a28deac5b0;
L_0x63a28deac900 .concat [ 16 16 0 0], L_0x63a28deac2d0, L_0x7458322b4060;
L_0x63a28deac9a0 .functor MUXZ 32, L_0x63a28deac900, L_0x63a28deac7f0, v0x63a28dce9060_0, C4<>;
L_0x63a28deacc50 .functor MUXZ 32, L_0x63a28dead220, L_0x63a28deac9a0, v0x63a28dcd8bc0_0, C4<>;
S_0x63a28dccfd80 .scope module, "alu" "ALU" 3 150, 4 5 0, S_0x63a28dcccc40;
 .timescale -9 -12;
    .port_info 0 /INPUT 32 "operand1";
    .port_info 1 /INPUT 32 "operand2";
    .port_info 2 /INPUT 5 "shamt";
    .port_info 3 /INPUT 4 "funct";
    .port_info 4 /OUTPUT 32 "alu_result";
v0x63a28de25ac0_0 .var "alu_result", 31 0;
v0x63a28dd10910_0 .net "funct", 3 0, v0x63a28dcd8ae0_0;  alias, 1 drivers
v0x63a28dcfaff0_0 .net "operand1", 31 0, L_0x63a28dd107f0;  alias, 1 drivers
v0x63a28dcd0da0_0 .net "operand2", 31 0, L_0x63a28deacc50;  alias, 1 drivers
v0x63a28dccd080_0 .net "shamt", 4 0, L_0x63a28deac0b0;  alias, 1 drivers
E_0x63a28dc9bad0 .event anyedge, v0x63a28dd10910_0, v0x63a28dcfaff0_0, v0x63a28dcd0da0_0, v0x63a28dccd080_0;
S_0x63a28dccc800 .scope module, "ctrl" "CTRL" 3 110, 5 4 0, S_0x63a28dcccc40;
 .timescale -9 -12;
    .port_info 0 /INPUT 6 "opcode";
    .port_info 1 /INPUT 6 "funct";
    .port_info 2 /OUTPUT 1 "RegDst";
    .port_info 3 /OUTPUT 1 "Jump";
    .port_info 4 /OUTPUT 1 "Branch";
    .port_info 5 /OUTPUT 1 "JR";
    .port_info 6 /OUTPUT 1 "MemRead";
    .port_info 7 /OUTPUT 1 "MemtoReg";
    .port_info 8 /OUTPUT 1 "MemWrite";
    .port_info 9 /OUTPUT 1 "ALUSrc";
    .port_info 10 /OUTPUT 1 "SignExtend";
    .port_info 11 /OUTPUT 1 "RegWrite";
    .port_info 12 /OUTPUT 4 "ALUOp";
    .port_info 13 /OUTPUT 1 "SavePC";
v0x63a28dcd8ae0_0 .var "ALUOp", 3 0;
v0x63a28dcd8bc0_0 .var "ALUSrc", 0 0;
v0x63a28dcd8c80_0 .var "Branch", 0 0;
v0x63a28dcd8d20_0 .var "JR", 0 0;
v0x63a28dcd8de0_0 .var "Jump", 0 0;
v0x63a28dd01120_0 .var "MemRead", 0 0;
v0x63a28dd011e0_0 .var "MemWrite", 0 0;
v0x63a28dd012a0_0 .var "MemtoReg", 0 0;
v0x63a28dd01360_0 .var "RegDst", 0 0;
v0x63a28dd01420_0 .var "RegWrite", 0 0;
v0x63a28dd014e0_0 .var "SavePC", 0 0;
v0x63a28dce9060_0 .var "SignExtend", 0 0;
v0x63a28dce9120_0 .net "funct", 5 0, L_0x63a28deac1e0;  alias, 1 drivers
v0x63a28dce9200_0 .net "opcode", 5 0, L_0x63a28deabd60;  alias, 1 drivers
E_0x63a28dc9bf80 .event anyedge, v0x63a28dce9200_0, v0x63a28dce9120_0;
S_0x63a28dcf89d0 .scope module, "mem" "MEM" 3 139, 6 3 0, S_0x63a28dcccc40;
 .timescale -9 -12;
    .port_info 0 /INPUT 1 "clk";
    .port_info 1 /INPUT 1 "rst";
    .port_info 2 /INPUT 32 "inst_addr";
    .port_info 3 /OUTPUT 32 "inst";
    .port_info 4 /INPUT 32 "mem_addr";
    .port_info 5 /INPUT 1 "MemWrite";
    .port_info 6 /INPUT 32 "mem_write_data";
    .port_info 7 /OUTPUT 32 "mem_read_data";
v0x63a28dcf8cc0_0 .net "MemWrite", 0 0, v0x63a28dd011e0_0;  alias, 1 drivers
v0x63a28dcf8d80_0 .net "clk", 0 0, v0x63a28de9b6c0_0;  alias, 1 drivers
v0x63a28dcfca70_0 .var "inst", 31 0;
v0x63a28dcfcb30_0 .net "inst_addr", 31 0, v0x63a28de99810_0;  1 drivers
v0x63a28dcfcc10_0 .net "mem_addr", 31 0, L_0x63a28deace30;  alias, 1 drivers
v0x63a28dcfcd40_0 .var "mem_read_data", 31 0;
v0x63a28dcfce20_0 .net "mem_write_data", 31 0, L_0x63a28deacf40;  alias, 1 drivers
v0x63a28dc9b490 .array "memory", 8191 0, 31 0;
v0x63a28de97b40_0 .net "rst", 0 0, v0x63a28de9bad0_0;  alias, 1 drivers
E_0x63a28dcd4510 .event posedge, v0x63a28dcf8d80_0;
v0x63a28dc9b490_0 .array/port v0x63a28dc9b490, 0;
v0x63a28dc9b490_1 .array/port v0x63a28dc9b490, 1;
v0x63a28dc9b490_2 .array/port v0x63a28dc9b490, 2;
E_0x63a28dcbf3d0/0 .event anyedge, v0x63a28dcfcb30_0, v0x63a28dc9b490_0, v0x63a28dc9b490_1, v0x63a28dc9b490_2;
v0x63a28dc9b490_3 .array/port v0x63a28dc9b490, 3;
v0x63a28dc9b490_4 .array/port v0x63a28dc9b490, 4;
v0x63a28dc9b490_5 .array/port v0x63a28dc9b490, 5;
v0x63a28dc9b490_6 .array/port v0x63a28dc9b490, 6;
E_0x63a28dcbf3d0/1 .event anyedge, v0x63a28dc9b490_3, v0x63a28dc9b490_4, v0x63a28dc9b490_5, v0x63a28dc9b490_6;
v0x63a28dc9b490_7 .array/port v0x63a28dc9b490, 7;
v0x63a28dc9b490_8 .array/port v0x63a28dc9b490, 8;
v0x63a28dc9b490_9 .array/port v0x63a28dc9b490, 9;
v0x63a28dc9b490_10 .array/port v0x63a28dc9b490, 10;
E_0x63a28dcbf3d0/2 .event anyedge, v0x63a28dc9b490_7, v0x63a28dc9b490_8, v0x63a28dc9b490_9, v0x63a28dc9b490_10;
v0x63a28dc9b490_11 .array/port v0x63a28dc9b490, 11;
v0x63a28dc9b490_12 .array/port v0x63a28dc9b490, 12;
v0x63a28dc9b490_13 .array/port v0x63a28dc9b490, 13;
v0x63a28dc9b490_14 .array/port v0x63a28dc9b490, 14;
E_0x63a28dcbf3d0/3 .event anyedge, v0x63a28dc9b490_11, v0x63a28dc9b490_12, v0x63a28dc9b490_13, v0x63a28dc9b490_14;
v0x63a28dc9b490_15 .array/port v0x63a28dc9b490, 15;
v0x63a28dc9b490_16 .array/port v0x63a28dc9b490, 16;
v0x63a28dc9b490_17 .array/port v0x63a28dc9b490, 17;
v0x63a28dc9b490_18 .array/port v0x63a28dc9b490, 18;
E_0x63a28dcbf3d0/4 .event anyedge, v0x63a28dc9b490_15, v0x63a28dc9b490_16, v0x63a28dc9b490_17, v0x63a28dc9b490_18;
v0x63a28dc9b490_19 .array/port v0x63a28dc9b490, 19;
v0x63a28dc9b490_20 .array/port v0x63a28dc9b490, 20;
v0x63a28dc9b490_21 .array/port v0x63a28dc9b490, 21;
v0x63a28dc9b490_22 .array/port v0x63a28dc9b490, 22;
E_0x63a28dcbf3d0/5 .event anyedge, v0x63a28dc9b490_19, v0x63a28dc9b490_20, v0x63a28dc9b490_21, v0x63a28dc9b490_22;
v0x63a28dc9b490_23 .array/port v0x63a28dc9b490, 23;
v0x63a28dc9b490_24 .array/port v0x63a28dc9b490, 24;
v0x63a28dc9b490_25 .array/port v0x63a28dc9b490, 25;
v0x63a28dc9b490_26 .array/port v0x63a28dc9b490, 26;
E_0x63a28dcbf3d0/6 .event anyedge, v0x63a28dc9b490_23, v0x63a28dc9b490_24, v0x63a28dc9b490_25, v0x63a28dc9b490_26;
v0x63a28dc9b490_27 .array/port v0x63a28dc9b490, 27;
v0x63a28dc9b490_28 .array/port v0x63a28dc9b490, 28;
v0x63a28dc9b490_29 .array/port v0x63a28dc9b490, 29;
v0x63a28dc9b490_30 .array/port v0x63a28dc9b490, 30;
E_0x63a28dcbf3d0/7 .event anyedge, v0x63a28dc9b490_27, v0x63a28dc9b490_28, v0x63a28dc9b490_29, v0x63a28dc9b490_30;
v0x63a28dc9b490_31 .array/port v0x63a28dc9b490, 31;
v0x63a28dc9b490_32 .array/port v0x63a28dc9b490, 32;
v0x63a28dc9b490_33 .array/port v0x63a28dc9b490, 33;
v0x63a28dc9b490_34 .array/port v0x63a28dc9b490, 34;
E_0x63a28dcbf3d0/8 .event anyedge, v0x63a28dc9b490_31, v0x63a28dc9b490_32, v0x63a28dc9b490_33, v0x63a28dc9b490_34;
v0x63a28dc9b490_35 .array/port v0x63a28dc9b490, 35;
v0x63a28dc9b490_36 .array/port v0x63a28dc9b490, 36;
v0x63a28dc9b490_37 .array/port v0x63a28dc9b490, 37;
v0x63a28dc9b490_38 .array/port v0x63a28dc9b490, 38;
E_0x63a28dcbf3d0/9 .event anyedge, v0x63a28dc9b490_35, v0x63a28dc9b490_36, v0x63a28dc9b490_37, v0x63a28dc9b490_38;
v0x63a28dc9b490_39 .array/port v0x63a28dc9b490, 39;
v0x63a28dc9b490_40 .array/port v0x63a28dc9b490, 40;
v0x63a28dc9b490_41 .array/port v0x63a28dc9b490, 41;
v0x63a28dc9b490_42 .array/port v0x63a28dc9b490, 42;
E_0x63a28dcbf3d0/10 .event anyedge, v0x63a28dc9b490_39, v0x63a28dc9b490_40, v0x63a28dc9b490_41, v0x63a28dc9b490_42;
v0x63a28dc9b490_43 .array/port v0x63a28dc9b490, 43;
v0x63a28dc9b490_44 .array/port v0x63a28dc9b490, 44;
v0x63a28dc9b490_45 .array/port v0x63a28dc9b490, 45;
v0x63a28dc9b490_46 .array/port v0x63a28dc9b490, 46;
E_0x63a28dcbf3d0/11 .event anyedge, v0x63a28dc9b490_43, v0x63a28dc9b490_44, v0x63a28dc9b490_45, v0x63a28dc9b490_46;
v0x63a28dc9b490_47 .array/port v0x63a28dc9b490, 47;
v0x63a28dc9b490_48 .array/port v0x63a28dc9b490, 48;
v0x63a28dc9b490_49 .array/port v0x63a28dc9b490, 49;
v0x63a28dc9b490_50 .array/port v0x63a28dc9b490, 50;
E_0x63a28dcbf3d0/12 .event anyedge, v0x63a28dc9b490_47, v0x63a28dc9b490_48, v0x63a28dc9b490_49, v0x63a28dc9b490_50;
v0x63a28dc9b490_51 .array/port v0x63a28dc9b490, 51;
v0x63a28dc9b490_52 .array/port v0x63a28dc9b490, 52;
v0x63a28dc9b490_53 .array/port v0x63a28dc9b490, 53;
v0x63a28dc9b490_54 .array/port v0x63a28dc9b490, 54;
E_0x63a28dcbf3d0/13 .event anyedge, v0x63a28dc9b490_51, v0x63a28dc9b490_52, v0x63a28dc9b490_53, v0x63a28dc9b490_54;
v0x63a28dc9b490_55 .array/port v0x63a28dc9b490, 55;
v0x63a28dc9b490_56 .array/port v0x63a28dc9b490, 56;
v0x63a28dc9b490_57 .array/port v0x63a28dc9b490, 57;
v0x63a28dc9b490_58 .array/port v0x63a28dc9b490, 58;
E_0x63a28dcbf3d0/14 .event anyedge, v0x63a28dc9b490_55, v0x63a28dc9b490_56, v0x63a28dc9b490_57, v0x63a28dc9b490_58;
v0x63a28dc9b490_59 .array/port v0x63a28dc9b490, 59;
v0x63a28dc9b490_60 .array/port v0x63a28dc9b490, 60;
v0x63a28dc9b490_61 .array/port v0x63a28dc9b490, 61;
v0x63a28dc9b490_62 .array/port v0x63a28dc9b490, 62;
E_0x63a28dcbf3d0/15 .event anyedge, v0x63a28dc9b490_59, v0x63a28dc9b490_60, v0x63a28dc9b490_61, v0x63a28dc9b490_62;
v0x63a28dc9b490_63 .array/port v0x63a28dc9b490, 63;
v0x63a28dc9b490_64 .array/port v0x63a28dc9b490, 64;
v0x63a28dc9b490_65 .array/port v0x63a28dc9b490, 65;
v0x63a28dc9b490_66 .array/port v0x63a28dc9b490, 66;
E_0x63a28dcbf3d0/16 .event anyedge, v0x63a28dc9b490_63, v0x63a28dc9b490_64, v0x63a28dc9b490_65, v0x63a28dc9b490_66;
v0x63a28dc9b490_67 .array/port v0x63a28dc9b490, 67;
v0x63a28dc9b490_68 .array/port v0x63a28dc9b490, 68;
v0x63a28dc9b490_69 .array/port v0x63a28dc9b490, 69;
v0x63a28dc9b490_70 .array/port v0x63a28dc9b490, 70;
E_0x63a28dcbf3d0/17 .event anyedge, v0x63a28dc9b490_67, v0x63a28dc9b490_68, v0x63a28dc9b490_69, v0x63a28dc9b490_70;
v0x63a28dc9b490_71 .array/port v0x63a28dc9b490, 71;
v0x63a28dc9b490_72 .array/port v0x63a28dc9b490, 72;
v0x63a28dc9b490_73 .array/port v0x63a28dc9b490, 73;
v0x63a28dc9b490_74 .array/port v0x63a28dc9b490, 74;
E_0x63a28dcbf3d0/18 .event anyedge, v0x63a28dc9b490_71, v0x63a28dc9b490_72, v0x63a28dc9b490_73, v0x63a28dc9b490_74;
v0x63a28dc9b490_75 .array/port v0x63a28dc9b490, 75;
v0x63a28dc9b490_76 .array/port v0x63a28dc9b490, 76;
v0x63a28dc9b490_77 .array/port v0x63a28dc9b490, 77;
v0x63a28dc9b490_78 .array/port v0x63a28dc9b490, 78;
E_0x63a28dcbf3d0/19 .event anyedge, v0x63a28dc9b490_75, v0x63a28dc9b490_76, v0x63a28dc9b490_77, v0x63a28dc9b490_78;
v0x63a28dc9b490_79 .array/port v0x63a28dc9b490, 79;
v0x63a28dc9b490_80 .array/port v0x63a28dc9b490, 80;
v0x63a28dc9b490_81 .array/port v0x63a28dc9b490, 81;
v0x63a28dc9b490_82 .array/port v0x63a28dc9b490, 82;
E_0x63a28dcbf3d0/20 .event anyedge, v0x63a28dc9b490_79, v0x63a28dc9b490_80, v0x63a28dc9b490_81, v0x63a28dc9b490_82;
v0x63a28dc9b490_83 .array/port v0x63a28dc9b490, 83;
v0x63a28dc9b490_84 .array/port v0x63a28dc9b490, 84;
v0x63a28dc9b490_85 .array/port v0x63a28dc9b490, 85;
v0x63a28dc9b490_86 .array/port v0x63a28dc9b490, 86;
E_0x63a28dcbf3d0/21 .event anyedge, v0x63a28dc9b490_83, v0x63a28dc9b490_84, v0x63a28dc9b490_85, v0x63a28dc9b490_86;
v0x63a28dc9b490_87 .array/port v0x63a28dc9b490, 87;
v0x63a28dc9b490_88 .array/port v0x63a28dc9b490, 88;
v0x63a28dc9b490_89 .array/port v0x63a28dc9b490, 89;
v0x63a28dc9b490_90 .array/port v0x63a28dc9b490, 90;
E_0x63a28dcbf3d0/22 .event anyedge, v0x63a28dc9b490_87, v0x63a28dc9b490_88, v0x63a28dc9b490_89, v0x63a28dc9b490_90;
v0x63a28dc9b490_91 .array/port v0x63a28dc9b490, 91;
v0x63a28dc9b490_92 .array/port v0x63a28dc9b490, 92;
v0x63a28dc9b490_93 .array/port v0x63a28dc9b490, 93;
v0x63a28dc9b490_94 .array/port v0x63a28dc9b490, 94;
E_0x63a28dcbf3d0/23 .event anyedge, v0x63a28dc9b490_91, v0x63a28dc9b490_92, v0x63a28dc9b490_93, v0x63a28dc9b490_94;
v0x63a28dc9b490_95 .array/port v0x63a28dc9b490, 95;
v0x63a28dc9b490_96 .array/port v0x63a28dc9b490, 96;
v0x63a28dc9b490_97 .array/port v0x63a28dc9b490, 97;
v0x63a28dc9b490_98 .array/port v0x63a28dc9b490, 98;
E_0x63a28dcbf3d0/24 .event anyedge, v0x63a28dc9b490_95, v0x63a28dc9b490_96, v0x63a28dc9b490_97, v0x63a28dc9b490_98;
v0x63a28dc9b490_99 .array/port v0x63a28dc9b490, 99;
v0x63a28dc9b490_100 .array/port v0x63a28dc9b490, 100;
v0x63a28dc9b490_101 .array/port v0x63a28dc9b490, 101;
v0x63a28dc9b490_102 .array/port v0x63a28dc9b490, 102;
E_0x63a28dcbf3d0/25 .event anyedge, v0x63a28dc9b490_99, v0x63a28dc9b490_100, v0x63a28dc9b490_101, v0x63a28dc9b490_102;
v0x63a28dc9b490_103 .array/port v0x63a28dc9b490, 103;
v0x63a28dc9b490_104 .array/port v0x63a28dc9b490, 104;
v0x63a28dc9b490_105 .array/port v0x63a28dc9b490, 105;
v0x63a28dc9b490_106 .array/port v0x63a28dc9b490, 106;
E_0x63a28dcbf3d0/26 .event anyedge, v0x63a28dc9b490_103, v0x63a28dc9b490_104, v0x63a28dc9b490_105, v0x63a28dc9b490_106;
v0x63a28dc9b490_107 .array/port v0x63a28dc9b490, 107;
v0x63a28dc9b490_108 .array/port v0x63a28dc9b490, 108;
v0x63a28dc9b490_109 .array/port v0x63a28dc9b490, 109;
v0x63a28dc9b490_110 .array/port v0x63a28dc9b490, 110;
E_0x63a28dcbf3d0/27 .event anyedge, v0x63a28dc9b490_107, v0x63a28dc9b490_108, v0x63a28dc9b490_109, v0x63a28dc9b490_110;
v0x63a28dc9b490_111 .array/port v0x63a28dc9b490, 111;
v0x63a28dc9b490_112 .array/port v0x63a28dc9b490, 112;
v0x63a28dc9b490_113 .array/port v0x63a28dc9b490, 113;
v0x63a28dc9b490_114 .array/port v0x63a28dc9b490, 114;
E_0x63a28dcbf3d0/28 .event anyedge, v0x63a28dc9b490_111, v0x63a28dc9b490_112, v0x63a28dc9b490_113, v0x63a28dc9b490_114;
v0x63a28dc9b490_115 .array/port v0x63a28dc9b490, 115;
v0x63a28dc9b490_116 .array/port v0x63a28dc9b490, 116;
v0x63a28dc9b490_117 .array/port v0x63a28dc9b490, 117;
v0x63a28dc9b490_118 .array/port v0x63a28dc9b490, 118;
E_0x63a28dcbf3d0/29 .event anyedge, v0x63a28dc9b490_115, v0x63a28dc9b490_116, v0x63a28dc9b490_117, v0x63a28dc9b490_118;
v0x63a28dc9b490_119 .array/port v0x63a28dc9b490, 119;
v0x63a28dc9b490_120 .array/port v0x63a28dc9b490, 120;
v0x63a28dc9b490_121 .array/port v0x63a28dc9b490, 121;
v0x63a28dc9b490_122 .array/port v0x63a28dc9b490, 122;
E_0x63a28dcbf3d0/30 .event anyedge, v0x63a28dc9b490_119, v0x63a28dc9b490_120, v0x63a28dc9b490_121, v0x63a28dc9b490_122;
v0x63a28dc9b490_123 .array/port v0x63a28dc9b490, 123;
v0x63a28dc9b490_124 .array/port v0x63a28dc9b490, 124;
v0x63a28dc9b490_125 .array/port v0x63a28dc9b490, 125;
v0x63a28dc9b490_126 .array/port v0x63a28dc9b490, 126;
E_0x63a28dcbf3d0/31 .event anyedge, v0x63a28dc9b490_123, v0x63a28dc9b490_124, v0x63a28dc9b490_125, v0x63a28dc9b490_126;
v0x63a28dc9b490_127 .array/port v0x63a28dc9b490, 127;
v0x63a28dc9b490_128 .array/port v0x63a28dc9b490, 128;
v0x63a28dc9b490_129 .array/port v0x63a28dc9b490, 129;
v0x63a28dc9b490_130 .array/port v0x63a28dc9b490, 130;
E_0x63a28dcbf3d0/32 .event anyedge, v0x63a28dc9b490_127, v0x63a28dc9b490_128, v0x63a28dc9b490_129, v0x63a28dc9b490_130;
v0x63a28dc9b490_131 .array/port v0x63a28dc9b490, 131;
v0x63a28dc9b490_132 .array/port v0x63a28dc9b490, 132;
v0x63a28dc9b490_133 .array/port v0x63a28dc9b490, 133;
v0x63a28dc9b490_134 .array/port v0x63a28dc9b490, 134;
E_0x63a28dcbf3d0/33 .event anyedge, v0x63a28dc9b490_131, v0x63a28dc9b490_132, v0x63a28dc9b490_133, v0x63a28dc9b490_134;
v0x63a28dc9b490_135 .array/port v0x63a28dc9b490, 135;
v0x63a28dc9b490_136 .array/port v0x63a28dc9b490, 136;
v0x63a28dc9b490_137 .array/port v0x63a28dc9b490, 137;
v0x63a28dc9b490_138 .array/port v0x63a28dc9b490, 138;
E_0x63a28dcbf3d0/34 .event anyedge, v0x63a28dc9b490_135, v0x63a28dc9b490_136, v0x63a28dc9b490_137, v0x63a28dc9b490_138;
v0x63a28dc9b490_139 .array/port v0x63a28dc9b490, 139;
v0x63a28dc9b490_140 .array/port v0x63a28dc9b490, 140;
v0x63a28dc9b490_141 .array/port v0x63a28dc9b490, 141;
v0x63a28dc9b490_142 .array/port v0x63a28dc9b490, 142;
E_0x63a28dcbf3d0/35 .event anyedge, v0x63a28dc9b490_139, v0x63a28dc9b490_140, v0x63a28dc9b490_141, v0x63a28dc9b490_142;
v0x63a28dc9b490_143 .array/port v0x63a28dc9b490, 143;
v0x63a28dc9b490_144 .array/port v0x63a28dc9b490, 144;
v0x63a28dc9b490_145 .array/port v0x63a28dc9b490, 145;
v0x63a28dc9b490_146 .array/port v0x63a28dc9b490, 146;
E_0x63a28dcbf3d0/36 .event anyedge, v0x63a28dc9b490_143, v0x63a28dc9b490_144, v0x63a28dc9b490_145, v0x63a28dc9b490_146;
v0x63a28dc9b490_147 .array/port v0x63a28dc9b490, 147;
v0x63a28dc9b490_148 .array/port v0x63a28dc9b490, 148;
v0x63a28dc9b490_149 .array/port v0x63a28dc9b490, 149;
v0x63a28dc9b490_150 .array/port v0x63a28dc9b490, 150;
E_0x63a28dcbf3d0/37 .event anyedge, v0x63a28dc9b490_147, v0x63a28dc9b490_148, v0x63a28dc9b490_149, v0x63a28dc9b490_150;
v0x63a28dc9b490_151 .array/port v0x63a28dc9b490, 151;
v0x63a28dc9b490_152 .array/port v0x63a28dc9b490, 152;
v0x63a28dc9b490_153 .array/port v0x63a28dc9b490, 153;
v0x63a28dc9b490_154 .array/port v0x63a28dc9b490, 154;
E_0x63a28dcbf3d0/38 .event anyedge, v0x63a28dc9b490_151, v0x63a28dc9b490_152, v0x63a28dc9b490_153, v0x63a28dc9b490_154;
v0x63a28dc9b490_155 .array/port v0x63a28dc9b490, 155;
v0x63a28dc9b490_156 .array/port v0x63a28dc9b490, 156;
v0x63a28dc9b490_157 .array/port v0x63a28dc9b490, 157;
v0x63a28dc9b490_158 .array/port v0x63a28dc9b490, 158;
E_0x63a28dcbf3d0/39 .event anyedge, v0x63a28dc9b490_155, v0x63a28dc9b490_156, v0x63a28dc9b490_157, v0x63a28dc9b490_158;
v0x63a28dc9b490_159 .array/port v0x63a28dc9b490, 159;
v0x63a28dc9b490_160 .array/port v0x63a28dc9b490, 160;
v0x63a28dc9b490_161 .array/port v0x63a28dc9b490, 161;
v0x63a28dc9b490_162 .array/port v0x63a28dc9b490, 162;
E_0x63a28dcbf3d0/40 .event anyedge, v0x63a28dc9b490_159, v0x63a28dc9b490_160, v0x63a28dc9b490_161, v0x63a28dc9b490_162;
v0x63a28dc9b490_163 .array/port v0x63a28dc9b490, 163;
v0x63a28dc9b490_164 .array/port v0x63a28dc9b490, 164;
v0x63a28dc9b490_165 .array/port v0x63a28dc9b490, 165;
v0x63a28dc9b490_166 .array/port v0x63a28dc9b490, 166;
E_0x63a28dcbf3d0/41 .event anyedge, v0x63a28dc9b490_163, v0x63a28dc9b490_164, v0x63a28dc9b490_165, v0x63a28dc9b490_166;
v0x63a28dc9b490_167 .array/port v0x63a28dc9b490, 167;
v0x63a28dc9b490_168 .array/port v0x63a28dc9b490, 168;
v0x63a28dc9b490_169 .array/port v0x63a28dc9b490, 169;
v0x63a28dc9b490_170 .array/port v0x63a28dc9b490, 170;
E_0x63a28dcbf3d0/42 .event anyedge, v0x63a28dc9b490_167, v0x63a28dc9b490_168, v0x63a28dc9b490_169, v0x63a28dc9b490_170;
v0x63a28dc9b490_171 .array/port v0x63a28dc9b490, 171;
v0x63a28dc9b490_172 .array/port v0x63a28dc9b490, 172;
v0x63a28dc9b490_173 .array/port v0x63a28dc9b490, 173;
v0x63a28dc9b490_174 .array/port v0x63a28dc9b490, 174;
E_0x63a28dcbf3d0/43 .event anyedge, v0x63a28dc9b490_171, v0x63a28dc9b490_172, v0x63a28dc9b490_173, v0x63a28dc9b490_174;
v0x63a28dc9b490_175 .array/port v0x63a28dc9b490, 175;
v0x63a28dc9b490_176 .array/port v0x63a28dc9b490, 176;
v0x63a28dc9b490_177 .array/port v0x63a28dc9b490, 177;
v0x63a28dc9b490_178 .array/port v0x63a28dc9b490, 178;
E_0x63a28dcbf3d0/44 .event anyedge, v0x63a28dc9b490_175, v0x63a28dc9b490_176, v0x63a28dc9b490_177, v0x63a28dc9b490_178;
v0x63a28dc9b490_179 .array/port v0x63a28dc9b490, 179;
v0x63a28dc9b490_180 .array/port v0x63a28dc9b490, 180;
v0x63a28dc9b490_181 .array/port v0x63a28dc9b490, 181;
v0x63a28dc9b490_182 .array/port v0x63a28dc9b490, 182;
E_0x63a28dcbf3d0/45 .event anyedge, v0x63a28dc9b490_179, v0x63a28dc9b490_180, v0x63a28dc9b490_181, v0x63a28dc9b490_182;
v0x63a28dc9b490_183 .array/port v0x63a28dc9b490, 183;
v0x63a28dc9b490_184 .array/port v0x63a28dc9b490, 184;
v0x63a28dc9b490_185 .array/port v0x63a28dc9b490, 185;
v0x63a28dc9b490_186 .array/port v0x63a28dc9b490, 186;
E_0x63a28dcbf3d0/46 .event anyedge, v0x63a28dc9b490_183, v0x63a28dc9b490_184, v0x63a28dc9b490_185, v0x63a28dc9b490_186;
v0x63a28dc9b490_187 .array/port v0x63a28dc9b490, 187;
v0x63a28dc9b490_188 .array/port v0x63a28dc9b490, 188;
v0x63a28dc9b490_189 .array/port v0x63a28dc9b490, 189;
v0x63a28dc9b490_190 .array/port v0x63a28dc9b490, 190;
E_0x63a28dcbf3d0/47 .event anyedge, v0x63a28dc9b490_187, v0x63a28dc9b490_188, v0x63a28dc9b490_189, v0x63a28dc9b490_190;
v0x63a28dc9b490_191 .array/port v0x63a28dc9b490, 191;
v0x63a28dc9b490_192 .array/port v0x63a28dc9b490, 192;
v0x63a28dc9b490_193 .array/port v0x63a28dc9b490, 193;
v0x63a28dc9b490_194 .array/port v0x63a28dc9b490, 194;
E_0x63a28dcbf3d0/48 .event anyedge, v0x63a28dc9b490_191, v0x63a28dc9b490_192, v0x63a28dc9b490_193, v0x63a28dc9b490_194;
v0x63a28dc9b490_195 .array/port v0x63a28dc9b490, 195;
v0x63a28dc9b490_196 .array/port v0x63a28dc9b490, 196;
v0x63a28dc9b490_197 .array/port v0x63a28dc9b490, 197;
v0x63a28dc9b490_198 .array/port v0x63a28dc9b490, 198;
E_0x63a28dcbf3d0/49 .event anyedge, v0x63a28dc9b490_195, v0x63a28dc9b490_196, v0x63a28dc9b490_197, v0x63a28dc9b490_198;
v0x63a28dc9b490_199 .array/port v0x63a28dc9b490, 199;
v0x63a28dc9b490_200 .array/port v0x63a28dc9b490, 200;
v0x63a28dc9b490_201 .array/port v0x63a28dc9b490, 201;
v0x63a28dc9b490_202 .array/port v0x63a28dc9b490, 202;
E_0x63a28dcbf3d0/50 .event anyedge, v0x63a28dc9b490_199, v0x63a28dc9b490_200, v0x63a28dc9b490_201, v0x63a28dc9b490_202;
v0x63a28dc9b490_203 .array/port v0x63a28dc9b490, 203;
v0x63a28dc9b490_204 .array/port v0x63a28dc9b490, 204;
v0x63a28dc9b490_205 .array/port v0x63a28dc9b490, 205;
v0x63a28dc9b490_206 .array/port v0x63a28dc9b490, 206;
E_0x63a28dcbf3d0/51 .event anyedge, v0x63a28dc9b490_203, v0x63a28dc9b490_204, v0x63a28dc9b490_205, v0x63a28dc9b490_206;
v0x63a28dc9b490_207 .array/port v0x63a28dc9b490, 207;
v0x63a28dc9b490_208 .array/port v0x63a28dc9b490, 208;
v0x63a28dc9b490_209 .array/port v0x63a28dc9b490, 209;
v0x63a28dc9b490_210 .array/port v0x63a28dc9b490, 210;
E_0x63a28dcbf3d0/52 .event anyedge, v0x63a28dc9b490_207, v0x63a28dc9b490_208, v0x63a28dc9b490_209, v0x63a28dc9b490_210;
v0x63a28dc9b490_211 .array/port v0x63a28dc9b490, 211;
v0x63a28dc9b490_212 .array/port v0x63a28dc9b490, 212;
v0x63a28dc9b490_213 .array/port v0x63a28dc9b490, 213;
v0x63a28dc9b490_214 .array/port v0x63a28dc9b490, 214;
E_0x63a28dcbf3d0/53 .event anyedge, v0x63a28dc9b490_211, v0x63a28dc9b490_212, v0x63a28dc9b490_213, v0x63a28dc9b490_214;
v0x63a28dc9b490_215 .array/port v0x63a28dc9b490, 215;
v0x63a28dc9b490_216 .array/port v0x63a28dc9b490, 216;
v0x63a28dc9b490_217 .array/port v0x63a28dc9b490, 217;
v0x63a28dc9b490_218 .array/port v0x63a28dc9b490, 218;
E_0x63a28dcbf3d0/54 .event anyedge, v0x63a28dc9b490_215, v0x63a28dc9b490_216, v0x63a28dc9b490_217, v0x63a28dc9b490_218;
v0x63a28dc9b490_219 .array/port v0x63a28dc9b490, 219;
v0x63a28dc9b490_220 .array/port v0x63a28dc9b490, 220;
v0x63a28dc9b490_221 .array/port v0x63a28dc9b490, 221;
v0x63a28dc9b490_222 .array/port v0x63a28dc9b490, 222;
E_0x63a28dcbf3d0/55 .event anyedge, v0x63a28dc9b490_219, v0x63a28dc9b490_220, v0x63a28dc9b490_221, v0x63a28dc9b490_222;
v0x63a28dc9b490_223 .array/port v0x63a28dc9b490, 223;
v0x63a28dc9b490_224 .array/port v0x63a28dc9b490, 224;
v0x63a28dc9b490_225 .array/port v0x63a28dc9b490, 225;
v0x63a28dc9b490_226 .array/port v0x63a28dc9b490, 226;
E_0x63a28dcbf3d0/56 .event anyedge, v0x63a28dc9b490_223, v0x63a28dc9b490_224, v0x63a28dc9b490_225, v0x63a28dc9b490_226;
v0x63a28dc9b490_227 .array/port v0x63a28dc9b490, 227;
v0x63a28dc9b490_228 .array/port v0x63a28dc9b490, 228;
v0x63a28dc9b490_229 .array/port v0x63a28dc9b490, 229;
v0x63a28dc9b490_230 .array/port v0x63a28dc9b490, 230;
E_0x63a28dcbf3d0/57 .event anyedge, v0x63a28dc9b490_227, v0x63a28dc9b490_228, v0x63a28dc9b490_229, v0x63a28dc9b490_230;
v0x63a28dc9b490_231 .array/port v0x63a28dc9b490, 231;
v0x63a28dc9b490_232 .array/port v0x63a28dc9b490, 232;
v0x63a28dc9b490_233 .array/port v0x63a28dc9b490, 233;
v0x63a28dc9b490_234 .array/port v0x63a28dc9b490, 234;
E_0x63a28dcbf3d0/58 .event anyedge, v0x63a28dc9b490_231, v0x63a28dc9b490_232, v0x63a28dc9b490_233, v0x63a28dc9b490_234;
v0x63a28dc9b490_235 .array/port v0x63a28dc9b490, 235;
v0x63a28dc9b490_236 .array/port v0x63a28dc9b490, 236;
v0x63a28dc9b490_237 .array/port v0x63a28dc9b490, 237;
v0x63a28dc9b490_238 .array/port v0x63a28dc9b490, 238;
E_0x63a28dcbf3d0/59 .event anyedge, v0x63a28dc9b490_235, v0x63a28dc9b490_236, v0x63a28dc9b490_237, v0x63a28dc9b490_238;
v0x63a28dc9b490_239 .array/port v0x63a28dc9b490, 239;
v0x63a28dc9b490_240 .array/port v0x63a28dc9b490, 240;
v0x63a28dc9b490_241 .array/port v0x63a28dc9b490, 241;
v0x63a28dc9b490_242 .array/port v0x63a28dc9b490, 242;
E_0x63a28dcbf3d0/60 .event anyedge, v0x63a28dc9b490_239, v0x63a28dc9b490_240, v0x63a28dc9b490_241, v0x63a28dc9b490_242;
v0x63a28dc9b490_243 .array/port v0x63a28dc9b490, 243;
v0x63a28dc9b490_244 .array/port v0x63a28dc9b490, 244;
v0x63a28dc9b490_245 .array/port v0x63a28dc9b490, 245;
v0x63a28dc9b490_246 .array/port v0x63a28dc9b490, 246;
E_0x63a28dcbf3d0/61 .event anyedge, v0x63a28dc9b490_243, v0x63a28dc9b490_244, v0x63a28dc9b490_245, v0x63a28dc9b490_246;
v0x63a28dc9b490_247 .array/port v0x63a28dc9b490, 247;
v0x63a28dc9b490_248 .array/port v0x63a28dc9b490, 248;
v0x63a28dc9b490_249 .array/port v0x63a28dc9b490, 249;
v0x63a28dc9b490_250 .array/port v0x63a28dc9b490, 250;
E_0x63a28dcbf3d0/62 .event anyedge, v0x63a28dc9b490_247, v0x63a28dc9b490_248, v0x63a28dc9b490_249, v0x63a28dc9b490_250;
v0x63a28dc9b490_251 .array/port v0x63a28dc9b490, 251;
v0x63a28dc9b490_252 .array/port v0x63a28dc9b490, 252;
v0x63a28dc9b490_253 .array/port v0x63a28dc9b490, 253;
v0x63a28dc9b490_254 .array/port v0x63a28dc9b490, 254;
E_0x63a28dcbf3d0/63 .event anyedge, v0x63a28dc9b490_251, v0x63a28dc9b490_252, v0x63a28dc9b490_253, v0x63a28dc9b490_254;
v0x63a28dc9b490_255 .array/port v0x63a28dc9b490, 255;
v0x63a28dc9b490_256 .array/port v0x63a28dc9b490, 256;
v0x63a28dc9b490_257 .array/port v0x63a28dc9b490, 257;
v0x63a28dc9b490_258 .array/port v0x63a28dc9b490, 258;
E_0x63a28dcbf3d0/64 .event anyedge, v0x63a28dc9b490_255, v0x63a28dc9b490_256, v0x63a28dc9b490_257, v0x63a28dc9b490_258;
v0x63a28dc9b490_259 .array/port v0x63a28dc9b490, 259;
v0x63a28dc9b490_260 .array/port v0x63a28dc9b490, 260;
v0x63a28dc9b490_261 .array/port v0x63a28dc9b490, 261;
v0x63a28dc9b490_262 .array/port v0x63a28dc9b490, 262;
E_0x63a28dcbf3d0/65 .event anyedge, v0x63a28dc9b490_259, v0x63a28dc9b490_260, v0x63a28dc9b490_261, v0x63a28dc9b490_262;
v0x63a28dc9b490_263 .array/port v0x63a28dc9b490, 263;
v0x63a28dc9b490_264 .array/port v0x63a28dc9b490, 264;
v0x63a28dc9b490_265 .array/port v0x63a28dc9b490, 265;
v0x63a28dc9b490_266 .array/port v0x63a28dc9b490, 266;
E_0x63a28dcbf3d0/66 .event anyedge, v0x63a28dc9b490_263, v0x63a28dc9b490_264, v0x63a28dc9b490_265, v0x63a28dc9b490_266;
v0x63a28dc9b490_267 .array/port v0x63a28dc9b490, 267;
v0x63a28dc9b490_268 .array/port v0x63a28dc9b490, 268;
v0x63a28dc9b490_269 .array/port v0x63a28dc9b490, 269;
v0x63a28dc9b490_270 .array/port v0x63a28dc9b490, 270;
E_0x63a28dcbf3d0/67 .event anyedge, v0x63a28dc9b490_267, v0x63a28dc9b490_268, v0x63a28dc9b490_269, v0x63a28dc9b490_270;
v0x63a28dc9b490_271 .array/port v0x63a28dc9b490, 271;
v0x63a28dc9b490_272 .array/port v0x63a28dc9b490, 272;
v0x63a28dc9b490_273 .array/port v0x63a28dc9b490, 273;
v0x63a28dc9b490_274 .array/port v0x63a28dc9b490, 274;
E_0x63a28dcbf3d0/68 .event anyedge, v0x63a28dc9b490_271, v0x63a28dc9b490_272, v0x63a28dc9b490_273, v0x63a28dc9b490_274;
v0x63a28dc9b490_275 .array/port v0x63a28dc9b490, 275;
v0x63a28dc9b490_276 .array/port v0x63a28dc9b490, 276;
v0x63a28dc9b490_277 .array/port v0x63a28dc9b490, 277;
v0x63a28dc9b490_278 .array/port v0x63a28dc9b490, 278;
E_0x63a28dcbf3d0/69 .event anyedge, v0x63a28dc9b490_275, v0x63a28dc9b490_276, v0x63a28dc9b490_277, v0x63a28dc9b490_278;
v0x63a28dc9b490_279 .array/port v0x63a28dc9b490, 279;
v0x63a28dc9b490_280 .array/port v0x63a28dc9b490, 280;
v0x63a28dc9b490_281 .array/port v0x63a28dc9b490, 281;
v0x63a28dc9b490_282 .array/port v0x63a28dc9b490, 282;
E_0x63a28dcbf3d0/70 .event anyedge, v0x63a28dc9b490_279, v0x63a28dc9b490_280, v0x63a28dc9b490_281, v0x63a28dc9b490_282;
v0x63a28dc9b490_283 .array/port v0x63a28dc9b490, 283;
v0x63a28dc9b490_284 .array/port v0x63a28dc9b490, 284;
v0x63a28dc9b490_285 .array/port v0x63a28dc9b490, 285;
v0x63a28dc9b490_286 .array/port v0x63a28dc9b490, 286;
E_0x63a28dcbf3d0/71 .event anyedge, v0x63a28dc9b490_283, v0x63a28dc9b490_284, v0x63a28dc9b490_285, v0x63a28dc9b490_286;
v0x63a28dc9b490_287 .array/port v0x63a28dc9b490, 287;
v0x63a28dc9b490_288 .array/port v0x63a28dc9b490, 288;
v0x63a28dc9b490_289 .array/port v0x63a28dc9b490, 289;
v0x63a28dc9b490_290 .array/port v0x63a28dc9b490, 290;
E_0x63a28dcbf3d0/72 .event anyedge, v0x63a28dc9b490_287, v0x63a28dc9b490_288, v0x63a28dc9b490_289, v0x63a28dc9b490_290;
v0x63a28dc9b490_291 .array/port v0x63a28dc9b490, 291;
v0x63a28dc9b490_292 .array/port v0x63a28dc9b490, 292;
v0x63a28dc9b490_293 .array/port v0x63a28dc9b490, 293;
v0x63a28dc9b490_294 .array/port v0x63a28dc9b490, 294;
E_0x63a28dcbf3d0/73 .event anyedge, v0x63a28dc9b490_291, v0x63a28dc9b490_292, v0x63a28dc9b490_293, v0x63a28dc9b490_294;
v0x63a28dc9b490_295 .array/port v0x63a28dc9b490, 295;
v0x63a28dc9b490_296 .array/port v0x63a28dc9b490, 296;
v0x63a28dc9b490_297 .array/port v0x63a28dc9b490, 297;
v0x63a28dc9b490_298 .array/port v0x63a28dc9b490, 298;
E_0x63a28dcbf3d0/74 .event anyedge, v0x63a28dc9b490_295, v0x63a28dc9b490_296, v0x63a28dc9b490_297, v0x63a28dc9b490_298;
v0x63a28dc9b490_299 .array/port v0x63a28dc9b490, 299;
v0x63a28dc9b490_300 .array/port v0x63a28dc9b490, 300;
v0x63a28dc9b490_301 .array/port v0x63a28dc9b490, 301;
v0x63a28dc9b490_302 .array/port v0x63a28dc9b490, 302;
E_0x63a28dcbf3d0/75 .event anyedge, v0x63a28dc9b490_299, v0x63a28dc9b490_300, v0x63a28dc9b490_301, v0x63a28dc9b490_302;
v0x63a28dc9b490_303 .array/port v0x63a28dc9b490, 303;
v0x63a28dc9b490_304 .array/port v0x63a28dc9b490, 304;
v0x63a28dc9b490_305 .array/port v0x63a28dc9b490, 305;
v0x63a28dc9b490_306 .array/port v0x63a28dc9b490, 306;
E_0x63a28dcbf3d0/76 .event anyedge, v0x63a28dc9b490_303, v0x63a28dc9b490_304, v0x63a28dc9b490_305, v0x63a28dc9b490_306;
v0x63a28dc9b490_307 .array/port v0x63a28dc9b490, 307;
v0x63a28dc9b490_308 .array/port v0x63a28dc9b490, 308;
v0x63a28dc9b490_309 .array/port v0x63a28dc9b490, 309;
v0x63a28dc9b490_310 .array/port v0x63a28dc9b490, 310;
E_0x63a28dcbf3d0/77 .event anyedge, v0x63a28dc9b490_307, v0x63a28dc9b490_308, v0x63a28dc9b490_309, v0x63a28dc9b490_310;
v0x63a28dc9b490_311 .array/port v0x63a28dc9b490, 311;
v0x63a28dc9b490_312 .array/port v0x63a28dc9b490, 312;
v0x63a28dc9b490_313 .array/port v0x63a28dc9b490, 313;
v0x63a28dc9b490_314 .array/port v0x63a28dc9b490, 314;
E_0x63a28dcbf3d0/78 .event anyedge, v0x63a28dc9b490_311, v0x63a28dc9b490_312, v0x63a28dc9b490_313, v0x63a28dc9b490_314;
v0x63a28dc9b490_315 .array/port v0x63a28dc9b490, 315;
v0x63a28dc9b490_316 .array/port v0x63a28dc9b490, 316;
v0x63a28dc9b490_317 .array/port v0x63a28dc9b490, 317;
v0x63a28dc9b490_318 .array/port v0x63a28dc9b490, 318;
E_0x63a28dcbf3d0/79 .event anyedge, v0x63a28dc9b490_315, v0x63a28dc9b490_316, v0x63a28dc9b490_317, v0x63a28dc9b490_318;
v0x63a28dc9b490_319 .array/port v0x63a28dc9b490, 319;
v0x63a28dc9b490_320 .array/port v0x63a28dc9b490, 320;
v0x63a28dc9b490_321 .array/port v0x63a28dc9b490, 321;
v0x63a28dc9b490_322 .array/port v0x63a28dc9b490, 322;
E_0x63a28dcbf3d0/80 .event anyedge, v0x63a28dc9b490_319, v0x63a28dc9b490_320, v0x63a28dc9b490_321, v0x63a28dc9b490_322;
v0x63a28dc9b490_323 .array/port v0x63a28dc9b490, 323;
v0x63a28dc9b490_324 .array/port v0x63a28dc9b490, 324;
v0x63a28dc9b490_325 .array/port v0x63a28dc9b490, 325;
v0x63a28dc9b490_326 .array/port v0x63a28dc9b490, 326;
E_0x63a28dcbf3d0/81 .event anyedge, v0x63a28dc9b490_323, v0x63a28dc9b490_324, v0x63a28dc9b490_325, v0x63a28dc9b490_326;
v0x63a28dc9b490_327 .array/port v0x63a28dc9b490, 327;
v0x63a28dc9b490_328 .array/port v0x63a28dc9b490, 328;
v0x63a28dc9b490_329 .array/port v0x63a28dc9b490, 329;
v0x63a28dc9b490_330 .array/port v0x63a28dc9b490, 330;
E_0x63a28dcbf3d0/82 .event anyedge, v0x63a28dc9b490_327, v0x63a28dc9b490_328, v0x63a28dc9b490_329, v0x63a28dc9b490_330;
v0x63a28dc9b490_331 .array/port v0x63a28dc9b490, 331;
v0x63a28dc9b490_332 .array/port v0x63a28dc9b490, 332;
v0x63a28dc9b490_333 .array/port v0x63a28dc9b490, 333;
v0x63a28dc9b490_334 .array/port v0x63a28dc9b490, 334;
E_0x63a28dcbf3d0/83 .event anyedge, v0x63a28dc9b490_331, v0x63a28dc9b490_332, v0x63a28dc9b490_333, v0x63a28dc9b490_334;
v0x63a28dc9b490_335 .array/port v0x63a28dc9b490, 335;
v0x63a28dc9b490_336 .array/port v0x63a28dc9b490, 336;
v0x63a28dc9b490_337 .array/port v0x63a28dc9b490, 337;
v0x63a28dc9b490_338 .array/port v0x63a28dc9b490, 338;
E_0x63a28dcbf3d0/84 .event anyedge, v0x63a28dc9b490_335, v0x63a28dc9b490_336, v0x63a28dc9b490_337, v0x63a28dc9b490_338;
v0x63a28dc9b490_339 .array/port v0x63a28dc9b490, 339;
v0x63a28dc9b490_340 .array/port v0x63a28dc9b490, 340;
v0x63a28dc9b490_341 .array/port v0x63a28dc9b490, 341;
v0x63a28dc9b490_342 .array/port v0x63a28dc9b490, 342;
E_0x63a28dcbf3d0/85 .event anyedge, v0x63a28dc9b490_339, v0x63a28dc9b490_340, v0x63a28dc9b490_341, v0x63a28dc9b490_342;
v0x63a28dc9b490_343 .array/port v0x63a28dc9b490, 343;
v0x63a28dc9b490_344 .array/port v0x63a28dc9b490, 344;
v0x63a28dc9b490_345 .array/port v0x63a28dc9b490, 345;
v0x63a28dc9b490_346 .array/port v0x63a28dc9b490, 346;
E_0x63a28dcbf3d0/86 .event anyedge, v0x63a28dc9b490_343, v0x63a28dc9b490_344, v0x63a28dc9b490_345, v0x63a28dc9b490_346;
v0x63a28dc9b490_347 .array/port v0x63a28dc9b490, 347;
v0x63a28dc9b490_348 .array/port v0x63a28dc9b490, 348;
v0x63a28dc9b490_349 .array/port v0x63a28dc9b490, 349;
v0x63a28dc9b490_350 .array/port v0x63a28dc9b490, 350;
E_0x63a28dcbf3d0/87 .event anyedge, v0x63a28dc9b490_347, v0x63a28dc9b490_348, v0x63a28dc9b490_349, v0x63a28dc9b490_350;
v0x63a28dc9b490_351 .array/port v0x63a28dc9b490, 351;
v0x63a28dc9b490_352 .array/port v0x63a28dc9b490, 352;
v0x63a28dc9b490_353 .array/port v0x63a28dc9b490, 353;
v0x63a28dc9b490_354 .array/port v0x63a28dc9b490, 354;
E_0x63a28dcbf3d0/88 .event anyedge, v0x63a28dc9b490_351, v0x63a28dc9b490_352, v0x63a28dc9b490_353, v0x63a28dc9b490_354;
v0x63a28dc9b490_355 .array/port v0x63a28dc9b490, 355;
v0x63a28dc9b490_356 .array/port v0x63a28dc9b490, 356;
v0x63a28dc9b490_357 .array/port v0x63a28dc9b490, 357;
v0x63a28dc9b490_358 .array/port v0x63a28dc9b490, 358;
E_0x63a28dcbf3d0/89 .event anyedge, v0x63a28dc9b490_355, v0x63a28dc9b490_356, v0x63a28dc9b490_357, v0x63a28dc9b490_358;
v0x63a28dc9b490_359 .array/port v0x63a28dc9b490, 359;
v0x63a28dc9b490_360 .array/port v0x63a28dc9b490, 360;
v0x63a28dc9b490_361 .array/port v0x63a28dc9b490, 361;
v0x63a28dc9b490_362 .array/port v0x63a28dc9b490, 362;
E_0x63a28dcbf3d0/90 .event anyedge, v0x63a28dc9b490_359, v0x63a28dc9b490_360, v0x63a28dc9b490_361, v0x63a28dc9b490_362;
v0x63a28dc9b490_363 .array/port v0x63a28dc9b490, 363;
v0x63a28dc9b490_364 .array/port v0x63a28dc9b490, 364;
v0x63a28dc9b490_365 .array/port v0x63a28dc9b490, 365;
v0x63a28dc9b490_366 .array/port v0x63a28dc9b490, 366;
E_0x63a28dcbf3d0/91 .event anyedge, v0x63a28dc9b490_363, v0x63a28dc9b490_364, v0x63a28dc9b490_365, v0x63a28dc9b490_366;
v0x63a28dc9b490_367 .array/port v0x63a28dc9b490, 367;
v0x63a28dc9b490_368 .array/port v0x63a28dc9b490, 368;
v0x63a28dc9b490_369 .array/port v0x63a28dc9b490, 369;
v0x63a28dc9b490_370 .array/port v0x63a28dc9b490, 370;
E_0x63a28dcbf3d0/92 .event anyedge, v0x63a28dc9b490_367, v0x63a28dc9b490_368, v0x63a28dc9b490_369, v0x63a28dc9b490_370;
v0x63a28dc9b490_371 .array/port v0x63a28dc9b490, 371;
v0x63a28dc9b490_372 .array/port v0x63a28dc9b490, 372;
v0x63a28dc9b490_373 .array/port v0x63a28dc9b490, 373;
v0x63a28dc9b490_374 .array/port v0x63a28dc9b490, 374;
E_0x63a28dcbf3d0/93 .event anyedge, v0x63a28dc9b490_371, v0x63a28dc9b490_372, v0x63a28dc9b490_373, v0x63a28dc9b490_374;
v0x63a28dc9b490_375 .array/port v0x63a28dc9b490, 375;
v0x63a28dc9b490_376 .array/port v0x63a28dc9b490, 376;
v0x63a28dc9b490_377 .array/port v0x63a28dc9b490, 377;
v0x63a28dc9b490_378 .array/port v0x63a28dc9b490, 378;
E_0x63a28dcbf3d0/94 .event anyedge, v0x63a28dc9b490_375, v0x63a28dc9b490_376, v0x63a28dc9b490_377, v0x63a28dc9b490_378;
v0x63a28dc9b490_379 .array/port v0x63a28dc9b490, 379;
v0x63a28dc9b490_380 .array/port v0x63a28dc9b490, 380;
v0x63a28dc9b490_381 .array/port v0x63a28dc9b490, 381;
v0x63a28dc9b490_382 .array/port v0x63a28dc9b490, 382;
E_0x63a28dcbf3d0/95 .event anyedge, v0x63a28dc9b490_379, v0x63a28dc9b490_380, v0x63a28dc9b490_381, v0x63a28dc9b490_382;
v0x63a28dc9b490_383 .array/port v0x63a28dc9b490, 383;
v0x63a28dc9b490_384 .array/port v0x63a28dc9b490, 384;
v0x63a28dc9b490_385 .array/port v0x63a28dc9b490, 385;
v0x63a28dc9b490_386 .array/port v0x63a28dc9b490, 386;
E_0x63a28dcbf3d0/96 .event anyedge, v0x63a28dc9b490_383, v0x63a28dc9b490_384, v0x63a28dc9b490_385, v0x63a28dc9b490_386;
v0x63a28dc9b490_387 .array/port v0x63a28dc9b490, 387;
v0x63a28dc9b490_388 .array/port v0x63a28dc9b490, 388;
v0x63a28dc9b490_389 .array/port v0x63a28dc9b490, 389;
v0x63a28dc9b490_390 .array/port v0x63a28dc9b490, 390;
E_0x63a28dcbf3d0/97 .event anyedge, v0x63a28dc9b490_387, v0x63a28dc9b490_388, v0x63a28dc9b490_389, v0x63a28dc9b490_390;
v0x63a28dc9b490_391 .array/port v0x63a28dc9b490, 391;
v0x63a28dc9b490_392 .array/port v0x63a28dc9b490, 392;
v0x63a28dc9b490_393 .array/port v0x63a28dc9b490, 393;
v0x63a28dc9b490_394 .array/port v0x63a28dc9b490, 394;
E_0x63a28dcbf3d0/98 .event anyedge, v0x63a28dc9b490_391, v0x63a28dc9b490_392, v0x63a28dc9b490_393, v0x63a28dc9b490_394;
v0x63a28dc9b490_395 .array/port v0x63a28dc9b490, 395;
v0x63a28dc9b490_396 .array/port v0x63a28dc9b490, 396;
v0x63a28dc9b490_397 .array/port v0x63a28dc9b490, 397;
v0x63a28dc9b490_398 .array/port v0x63a28dc9b490, 398;
E_0x63a28dcbf3d0/99 .event anyedge, v0x63a28dc9b490_395, v0x63a28dc9b490_396, v0x63a28dc9b490_397, v0x63a28dc9b490_398;
v0x63a28dc9b490_399 .array/port v0x63a28dc9b490, 399;
v0x63a28dc9b490_400 .array/port v0x63a28dc9b490, 400;
v0x63a28dc9b490_401 .array/port v0x63a28dc9b490, 401;
v0x63a28dc9b490_402 .array/port v0x63a28dc9b490, 402;
E_0x63a28dcbf3d0/100 .event anyedge, v0x63a28dc9b490_399, v0x63a28dc9b490_400, v0x63a28dc9b490_401, v0x63a28dc9b490_402;
v0x63a28dc9b490_403 .array/port v0x63a28dc9b490, 403;
v0x63a28dc9b490_404 .array/port v0x63a28dc9b490, 404;
v0x63a28dc9b490_405 .array/port v0x63a28dc9b490, 405;
v0x63a28dc9b490_406 .array/port v0x63a28dc9b490, 406;
E_0x63a28dcbf3d0/101 .event anyedge, v0x63a28dc9b490_403, v0x63a28dc9b490_404, v0x63a28dc9b490_405, v0x63a28dc9b490_406;
v0x63a28dc9b490_407 .array/port v0x63a28dc9b490, 407;
v0x63a28dc9b490_408 .array/port v0x63a28dc9b490, 408;
v0x63a28dc9b490_409 .array/port v0x63a28dc9b490, 409;
v0x63a28dc9b490_410 .array/port v0x63a28dc9b490, 410;
E_0x63a28dcbf3d0/102 .event anyedge, v0x63a28dc9b490_407, v0x63a28dc9b490_408, v0x63a28dc9b490_409, v0x63a28dc9b490_410;
v0x63a28dc9b490_411 .array/port v0x63a28dc9b490, 411;
v0x63a28dc9b490_412 .array/port v0x63a28dc9b490, 412;
v0x63a28dc9b490_413 .array/port v0x63a28dc9b490, 413;
v0x63a28dc9b490_414 .array/port v0x63a28dc9b490, 414;
E_0x63a28dcbf3d0/103 .event anyedge, v0x63a28dc9b490_411, v0x63a28dc9b490_412, v0x63a28dc9b490_413, v0x63a28dc9b490_414;
v0x63a28dc9b490_415 .array/port v0x63a28dc9b490, 415;
v0x63a28dc9b490_416 .array/port v0x63a28dc9b490, 416;
v0x63a28dc9b490_417 .array/port v0x63a28dc9b490, 417;
v0x63a28dc9b490_418 .array/port v0x63a28dc9b490, 418;
E_0x63a28dcbf3d0/104 .event anyedge, v0x63a28dc9b490_415, v0x63a28dc9b490_416, v0x63a28dc9b490_417, v0x63a28dc9b490_418;
v0x63a28dc9b490_419 .array/port v0x63a28dc9b490, 419;
v0x63a28dc9b490_420 .array/port v0x63a28dc9b490, 420;
v0x63a28dc9b490_421 .array/port v0x63a28dc9b490, 421;
v0x63a28dc9b490_422 .array/port v0x63a28dc9b490, 422;
E_0x63a28dcbf3d0/105 .event anyedge, v0x63a28dc9b490_419, v0x63a28dc9b490_420, v0x63a28dc9b490_421, v0x63a28dc9b490_422;
v0x63a28dc9b490_423 .array/port v0x63a28dc9b490, 423;
v0x63a28dc9b490_424 .array/port v0x63a28dc9b490, 424;
v0x63a28dc9b490_425 .array/port v0x63a28dc9b490, 425;
v0x63a28dc9b490_426 .array/port v0x63a28dc9b490, 426;
E_0x63a28dcbf3d0/106 .event anyedge, v0x63a28dc9b490_423, v0x63a28dc9b490_424, v0x63a28dc9b490_425, v0x63a28dc9b490_426;
v0x63a28dc9b490_427 .array/port v0x63a28dc9b490, 427;
v0x63a28dc9b490_428 .array/port v0x63a28dc9b490, 428;
v0x63a28dc9b490_429 .array/port v0x63a28dc9b490, 429;
v0x63a28dc9b490_430 .array/port v0x63a28dc9b490, 430;
E_0x63a28dcbf3d0/107 .event anyedge, v0x63a28dc9b490_427, v0x63a28dc9b490_428, v0x63a28dc9b490_429, v0x63a28dc9b490_430;
v0x63a28dc9b490_431 .array/port v0x63a28dc9b490, 431;
v0x63a28dc9b490_432 .array/port v0x63a28dc9b490, 432;
v0x63a28dc9b490_433 .array/port v0x63a28dc9b490, 433;
v0x63a28dc9b490_434 .array/port v0x63a28dc9b490, 434;
E_0x63a28dcbf3d0/108 .event anyedge, v0x63a28dc9b490_431, v0x63a28dc9b490_432, v0x63a28dc9b490_433, v0x63a28dc9b490_434;
v0x63a28dc9b490_435 .array/port v0x63a28dc9b490, 435;
v0x63a28dc9b490_436 .array/port v0x63a28dc9b490, 436;
v0x63a28dc9b490_437 .array/port v0x63a28dc9b490, 437;
v0x63a28dc9b490_438 .array/port v0x63a28dc9b490, 438;
E_0x63a28dcbf3d0/109 .event anyedge, v0x63a28dc9b490_435, v0x63a28dc9b490_436, v0x63a28dc9b490_437, v0x63a28dc9b490_438;
v0x63a28dc9b490_439 .array/port v0x63a28dc9b490, 439;
v0x63a28dc9b490_440 .array/port v0x63a28dc9b490, 440;
v0x63a28dc9b490_441 .array/port v0x63a28dc9b490, 441;
v0x63a28dc9b490_442 .array/port v0x63a28dc9b490, 442;
E_0x63a28dcbf3d0/110 .event anyedge, v0x63a28dc9b490_439, v0x63a28dc9b490_440, v0x63a28dc9b490_441, v0x63a28dc9b490_442;
v0x63a28dc9b490_443 .array/port v0x63a28dc9b490, 443;
v0x63a28dc9b490_444 .array/port v0x63a28dc9b490, 444;
v0x63a28dc9b490_445 .array/port v0x63a28dc9b490, 445;
v0x63a28dc9b490_446 .array/port v0x63a28dc9b490, 446;
E_0x63a28dcbf3d0/111 .event anyedge, v0x63a28dc9b490_443, v0x63a28dc9b490_444, v0x63a28dc9b490_445, v0x63a28dc9b490_446;
v0x63a28dc9b490_447 .array/port v0x63a28dc9b490, 447;
v0x63a28dc9b490_448 .array/port v0x63a28dc9b490, 448;
v0x63a28dc9b490_449 .array/port v0x63a28dc9b490, 449;
v0x63a28dc9b490_450 .array/port v0x63a28dc9b490, 450;
E_0x63a28dcbf3d0/112 .event anyedge, v0x63a28dc9b490_447, v0x63a28dc9b490_448, v0x63a28dc9b490_449, v0x63a28dc9b490_450;
v0x63a28dc9b490_451 .array/port v0x63a28dc9b490, 451;
v0x63a28dc9b490_452 .array/port v0x63a28dc9b490, 452;
v0x63a28dc9b490_453 .array/port v0x63a28dc9b490, 453;
v0x63a28dc9b490_454 .array/port v0x63a28dc9b490, 454;
E_0x63a28dcbf3d0/113 .event anyedge, v0x63a28dc9b490_451, v0x63a28dc9b490_452, v0x63a28dc9b490_453, v0x63a28dc9b490_454;
v0x63a28dc9b490_455 .array/port v0x63a28dc9b490, 455;
v0x63a28dc9b490_456 .array/port v0x63a28dc9b490, 456;
v0x63a28dc9b490_457 .array/port v0x63a28dc9b490, 457;
v0x63a28dc9b490_458 .array/port v0x63a28dc9b490, 458;
E_0x63a28dcbf3d0/114 .event anyedge, v0x63a28dc9b490_455, v0x63a28dc9b490_456, v0x63a28dc9b490_457, v0x63a28dc9b490_458;
v0x63a28dc9b490_459 .array/port v0x63a28dc9b490, 459;
v0x63a28dc9b490_460 .array/port v0x63a28dc9b490, 460;
v0x63a28dc9b490_461 .array/port v0x63a28dc9b490, 461;
v0x63a28dc9b490_462 .array/port v0x63a28dc9b490, 462;
E_0x63a28dcbf3d0/115 .event anyedge, v0x63a28dc9b490_459, v0x63a28dc9b490_460, v0x63a28dc9b490_461, v0x63a28dc9b490_462;
v0x63a28dc9b490_463 .array/port v0x63a28dc9b490, 463;
v0x63a28dc9b490_464 .array/port v0x63a28dc9b490, 464;
v0x63a28dc9b490_465 .array/port v0x63a28dc9b490, 465;
v0x63a28dc9b490_466 .array/port v0x63a28dc9b490, 466;
E_0x63a28dcbf3d0/116 .event anyedge, v0x63a28dc9b490_463, v0x63a28dc9b490_464, v0x63a28dc9b490_465, v0x63a28dc9b490_466;
v0x63a28dc9b490_467 .array/port v0x63a28dc9b490, 467;
v0x63a28dc9b490_468 .array/port v0x63a28dc9b490, 468;
v0x63a28dc9b490_469 .array/port v0x63a28dc9b490, 469;
v0x63a28dc9b490_470 .array/port v0x63a28dc9b490, 470;
E_0x63a28dcbf3d0/117 .event anyedge, v0x63a28dc9b490_467, v0x63a28dc9b490_468, v0x63a28dc9b490_469, v0x63a28dc9b490_470;
v0x63a28dc9b490_471 .array/port v0x63a28dc9b490, 471;
v0x63a28dc9b490_472 .array/port v0x63a28dc9b490, 472;
v0x63a28dc9b490_473 .array/port v0x63a28dc9b490, 473;
v0x63a28dc9b490_474 .array/port v0x63a28dc9b490, 474;
E_0x63a28dcbf3d0/118 .event anyedge, v0x63a28dc9b490_471, v0x63a28dc9b490_472, v0x63a28dc9b490_473, v0x63a28dc9b490_474;
v0x63a28dc9b490_475 .array/port v0x63a28dc9b490, 475;
v0x63a28dc9b490_476 .array/port v0x63a28dc9b490, 476;
v0x63a28dc9b490_477 .array/port v0x63a28dc9b490, 477;
v0x63a28dc9b490_478 .array/port v0x63a28dc9b490, 478;
E_0x63a28dcbf3d0/119 .event anyedge, v0x63a28dc9b490_475, v0x63a28dc9b490_476, v0x63a28dc9b490_477, v0x63a28dc9b490_478;
v0x63a28dc9b490_479 .array/port v0x63a28dc9b490, 479;
v0x63a28dc9b490_480 .array/port v0x63a28dc9b490, 480;
v0x63a28dc9b490_481 .array/port v0x63a28dc9b490, 481;
v0x63a28dc9b490_482 .array/port v0x63a28dc9b490, 482;
E_0x63a28dcbf3d0/120 .event anyedge, v0x63a28dc9b490_479, v0x63a28dc9b490_480, v0x63a28dc9b490_481, v0x63a28dc9b490_482;
v0x63a28dc9b490_483 .array/port v0x63a28dc9b490, 483;
v0x63a28dc9b490_484 .array/port v0x63a28dc9b490, 484;
v0x63a28dc9b490_485 .array/port v0x63a28dc9b490, 485;
v0x63a28dc9b490_486 .array/port v0x63a28dc9b490, 486;
E_0x63a28dcbf3d0/121 .event anyedge, v0x63a28dc9b490_483, v0x63a28dc9b490_484, v0x63a28dc9b490_485, v0x63a28dc9b490_486;
v0x63a28dc9b490_487 .array/port v0x63a28dc9b490, 487;
v0x63a28dc9b490_488 .array/port v0x63a28dc9b490, 488;
v0x63a28dc9b490_489 .array/port v0x63a28dc9b490, 489;
v0x63a28dc9b490_490 .array/port v0x63a28dc9b490, 490;
E_0x63a28dcbf3d0/122 .event anyedge, v0x63a28dc9b490_487, v0x63a28dc9b490_488, v0x63a28dc9b490_489, v0x63a28dc9b490_490;
v0x63a28dc9b490_491 .array/port v0x63a28dc9b490, 491;
v0x63a28dc9b490_492 .array/port v0x63a28dc9b490, 492;
v0x63a28dc9b490_493 .array/port v0x63a28dc9b490, 493;
v0x63a28dc9b490_494 .array/port v0x63a28dc9b490, 494;
E_0x63a28dcbf3d0/123 .event anyedge, v0x63a28dc9b490_491, v0x63a28dc9b490_492, v0x63a28dc9b490_493, v0x63a28dc9b490_494;
v0x63a28dc9b490_495 .array/port v0x63a28dc9b490, 495;
v0x63a28dc9b490_496 .array/port v0x63a28dc9b490, 496;
v0x63a28dc9b490_497 .array/port v0x63a28dc9b490, 497;
v0x63a28dc9b490_498 .array/port v0x63a28dc9b490, 498;
E_0x63a28dcbf3d0/124 .event anyedge, v0x63a28dc9b490_495, v0x63a28dc9b490_496, v0x63a28dc9b490_497, v0x63a28dc9b490_498;
v0x63a28dc9b490_499 .array/port v0x63a28dc9b490, 499;
v0x63a28dc9b490_500 .array/port v0x63a28dc9b490, 500;
v0x63a28dc9b490_501 .array/port v0x63a28dc9b490, 501;
v0x63a28dc9b490_502 .array/port v0x63a28dc9b490, 502;
E_0x63a28dcbf3d0/125 .event anyedge, v0x63a28dc9b490_499, v0x63a28dc9b490_500, v0x63a28dc9b490_501, v0x63a28dc9b490_502;
v0x63a28dc9b490_503 .array/port v0x63a28dc9b490, 503;
v0x63a28dc9b490_504 .array/port v0x63a28dc9b490, 504;
v0x63a28dc9b490_505 .array/port v0x63a28dc9b490, 505;
v0x63a28dc9b490_506 .array/port v0x63a28dc9b490, 506;
E_0x63a28dcbf3d0/126 .event anyedge, v0x63a28dc9b490_503, v0x63a28dc9b490_504, v0x63a28dc9b490_505, v0x63a28dc9b490_506;
v0x63a28dc9b490_507 .array/port v0x63a28dc9b490, 507;
v0x63a28dc9b490_508 .array/port v0x63a28dc9b490, 508;
v0x63a28dc9b490_509 .array/port v0x63a28dc9b490, 509;
v0x63a28dc9b490_510 .array/port v0x63a28dc9b490, 510;
E_0x63a28dcbf3d0/127 .event anyedge, v0x63a28dc9b490_507, v0x63a28dc9b490_508, v0x63a28dc9b490_509, v0x63a28dc9b490_510;
v0x63a28dc9b490_511 .array/port v0x63a28dc9b490, 511;
v0x63a28dc9b490_512 .array/port v0x63a28dc9b490, 512;
v0x63a28dc9b490_513 .array/port v0x63a28dc9b490, 513;
v0x63a28dc9b490_514 .array/port v0x63a28dc9b490, 514;
E_0x63a28dcbf3d0/128 .event anyedge, v0x63a28dc9b490_511, v0x63a28dc9b490_512, v0x63a28dc9b490_513, v0x63a28dc9b490_514;
v0x63a28dc9b490_515 .array/port v0x63a28dc9b490, 515;
v0x63a28dc9b490_516 .array/port v0x63a28dc9b490, 516;
v0x63a28dc9b490_517 .array/port v0x63a28dc9b490, 517;
v0x63a28dc9b490_518 .array/port v0x63a28dc9b490, 518;
E_0x63a28dcbf3d0/129 .event anyedge, v0x63a28dc9b490_515, v0x63a28dc9b490_516, v0x63a28dc9b490_517, v0x63a28dc9b490_518;
v0x63a28dc9b490_519 .array/port v0x63a28dc9b490, 519;
v0x63a28dc9b490_520 .array/port v0x63a28dc9b490, 520;
v0x63a28dc9b490_521 .array/port v0x63a28dc9b490, 521;
v0x63a28dc9b490_522 .array/port v0x63a28dc9b490, 522;
E_0x63a28dcbf3d0/130 .event anyedge, v0x63a28dc9b490_519, v0x63a28dc9b490_520, v0x63a28dc9b490_521, v0x63a28dc9b490_522;
v0x63a28dc9b490_523 .array/port v0x63a28dc9b490, 523;
v0x63a28dc9b490_524 .array/port v0x63a28dc9b490, 524;
v0x63a28dc9b490_525 .array/port v0x63a28dc9b490, 525;
v0x63a28dc9b490_526 .array/port v0x63a28dc9b490, 526;
E_0x63a28dcbf3d0/131 .event anyedge, v0x63a28dc9b490_523, v0x63a28dc9b490_524, v0x63a28dc9b490_525, v0x63a28dc9b490_526;
v0x63a28dc9b490_527 .array/port v0x63a28dc9b490, 527;
v0x63a28dc9b490_528 .array/port v0x63a28dc9b490, 528;
v0x63a28dc9b490_529 .array/port v0x63a28dc9b490, 529;
v0x63a28dc9b490_530 .array/port v0x63a28dc9b490, 530;
E_0x63a28dcbf3d0/132 .event anyedge, v0x63a28dc9b490_527, v0x63a28dc9b490_528, v0x63a28dc9b490_529, v0x63a28dc9b490_530;
v0x63a28dc9b490_531 .array/port v0x63a28dc9b490, 531;
v0x63a28dc9b490_532 .array/port v0x63a28dc9b490, 532;
v0x63a28dc9b490_533 .array/port v0x63a28dc9b490, 533;
v0x63a28dc9b490_534 .array/port v0x63a28dc9b490, 534;
E_0x63a28dcbf3d0/133 .event anyedge, v0x63a28dc9b490_531, v0x63a28dc9b490_532, v0x63a28dc9b490_533, v0x63a28dc9b490_534;
v0x63a28dc9b490_535 .array/port v0x63a28dc9b490, 535;
v0x63a28dc9b490_536 .array/port v0x63a28dc9b490, 536;
v0x63a28dc9b490_537 .array/port v0x63a28dc9b490, 537;
v0x63a28dc9b490_538 .array/port v0x63a28dc9b490, 538;
E_0x63a28dcbf3d0/134 .event anyedge, v0x63a28dc9b490_535, v0x63a28dc9b490_536, v0x63a28dc9b490_537, v0x63a28dc9b490_538;
v0x63a28dc9b490_539 .array/port v0x63a28dc9b490, 539;
v0x63a28dc9b490_540 .array/port v0x63a28dc9b490, 540;
v0x63a28dc9b490_541 .array/port v0x63a28dc9b490, 541;
v0x63a28dc9b490_542 .array/port v0x63a28dc9b490, 542;
E_0x63a28dcbf3d0/135 .event anyedge, v0x63a28dc9b490_539, v0x63a28dc9b490_540, v0x63a28dc9b490_541, v0x63a28dc9b490_542;
v0x63a28dc9b490_543 .array/port v0x63a28dc9b490, 543;
v0x63a28dc9b490_544 .array/port v0x63a28dc9b490, 544;
v0x63a28dc9b490_545 .array/port v0x63a28dc9b490, 545;
v0x63a28dc9b490_546 .array/port v0x63a28dc9b490, 546;
E_0x63a28dcbf3d0/136 .event anyedge, v0x63a28dc9b490_543, v0x63a28dc9b490_544, v0x63a28dc9b490_545, v0x63a28dc9b490_546;
v0x63a28dc9b490_547 .array/port v0x63a28dc9b490, 547;
v0x63a28dc9b490_548 .array/port v0x63a28dc9b490, 548;
v0x63a28dc9b490_549 .array/port v0x63a28dc9b490, 549;
v0x63a28dc9b490_550 .array/port v0x63a28dc9b490, 550;
E_0x63a28dcbf3d0/137 .event anyedge, v0x63a28dc9b490_547, v0x63a28dc9b490_548, v0x63a28dc9b490_549, v0x63a28dc9b490_550;
v0x63a28dc9b490_551 .array/port v0x63a28dc9b490, 551;
v0x63a28dc9b490_552 .array/port v0x63a28dc9b490, 552;
v0x63a28dc9b490_553 .array/port v0x63a28dc9b490, 553;
v0x63a28dc9b490_554 .array/port v0x63a28dc9b490, 554;
E_0x63a28dcbf3d0/138 .event anyedge, v0x63a28dc9b490_551, v0x63a28dc9b490_552, v0x63a28dc9b490_553, v0x63a28dc9b490_554;
v0x63a28dc9b490_555 .array/port v0x63a28dc9b490, 555;
v0x63a28dc9b490_556 .array/port v0x63a28dc9b490, 556;
v0x63a28dc9b490_557 .array/port v0x63a28dc9b490, 557;
v0x63a28dc9b490_558 .array/port v0x63a28dc9b490, 558;
E_0x63a28dcbf3d0/139 .event anyedge, v0x63a28dc9b490_555, v0x63a28dc9b490_556, v0x63a28dc9b490_557, v0x63a28dc9b490_558;
v0x63a28dc9b490_559 .array/port v0x63a28dc9b490, 559;
v0x63a28dc9b490_560 .array/port v0x63a28dc9b490, 560;
v0x63a28dc9b490_561 .array/port v0x63a28dc9b490, 561;
v0x63a28dc9b490_562 .array/port v0x63a28dc9b490, 562;
E_0x63a28dcbf3d0/140 .event anyedge, v0x63a28dc9b490_559, v0x63a28dc9b490_560, v0x63a28dc9b490_561, v0x63a28dc9b490_562;
v0x63a28dc9b490_563 .array/port v0x63a28dc9b490, 563;
v0x63a28dc9b490_564 .array/port v0x63a28dc9b490, 564;
v0x63a28dc9b490_565 .array/port v0x63a28dc9b490, 565;
v0x63a28dc9b490_566 .array/port v0x63a28dc9b490, 566;
E_0x63a28dcbf3d0/141 .event anyedge, v0x63a28dc9b490_563, v0x63a28dc9b490_564, v0x63a28dc9b490_565, v0x63a28dc9b490_566;
v0x63a28dc9b490_567 .array/port v0x63a28dc9b490, 567;
v0x63a28dc9b490_568 .array/port v0x63a28dc9b490, 568;
v0x63a28dc9b490_569 .array/port v0x63a28dc9b490, 569;
v0x63a28dc9b490_570 .array/port v0x63a28dc9b490, 570;
E_0x63a28dcbf3d0/142 .event anyedge, v0x63a28dc9b490_567, v0x63a28dc9b490_568, v0x63a28dc9b490_569, v0x63a28dc9b490_570;
v0x63a28dc9b490_571 .array/port v0x63a28dc9b490, 571;
v0x63a28dc9b490_572 .array/port v0x63a28dc9b490, 572;
v0x63a28dc9b490_573 .array/port v0x63a28dc9b490, 573;
v0x63a28dc9b490_574 .array/port v0x63a28dc9b490, 574;
E_0x63a28dcbf3d0/143 .event anyedge, v0x63a28dc9b490_571, v0x63a28dc9b490_572, v0x63a28dc9b490_573, v0x63a28dc9b490_574;
v0x63a28dc9b490_575 .array/port v0x63a28dc9b490, 575;
v0x63a28dc9b490_576 .array/port v0x63a28dc9b490, 576;
v0x63a28dc9b490_577 .array/port v0x63a28dc9b490, 577;
v0x63a28dc9b490_578 .array/port v0x63a28dc9b490, 578;
E_0x63a28dcbf3d0/144 .event anyedge, v0x63a28dc9b490_575, v0x63a28dc9b490_576, v0x63a28dc9b490_577, v0x63a28dc9b490_578;
v0x63a28dc9b490_579 .array/port v0x63a28dc9b490, 579;
v0x63a28dc9b490_580 .array/port v0x63a28dc9b490, 580;
v0x63a28dc9b490_581 .array/port v0x63a28dc9b490, 581;
v0x63a28dc9b490_582 .array/port v0x63a28dc9b490, 582;
E_0x63a28dcbf3d0/145 .event anyedge, v0x63a28dc9b490_579, v0x63a28dc9b490_580, v0x63a28dc9b490_581, v0x63a28dc9b490_582;
v0x63a28dc9b490_583 .array/port v0x63a28dc9b490, 583;
v0x63a28dc9b490_584 .array/port v0x63a28dc9b490, 584;
v0x63a28dc9b490_585 .array/port v0x63a28dc9b490, 585;
v0x63a28dc9b490_586 .array/port v0x63a28dc9b490, 586;
E_0x63a28dcbf3d0/146 .event anyedge, v0x63a28dc9b490_583, v0x63a28dc9b490_584, v0x63a28dc9b490_585, v0x63a28dc9b490_586;
v0x63a28dc9b490_587 .array/port v0x63a28dc9b490, 587;
v0x63a28dc9b490_588 .array/port v0x63a28dc9b490, 588;
v0x63a28dc9b490_589 .array/port v0x63a28dc9b490, 589;
v0x63a28dc9b490_590 .array/port v0x63a28dc9b490, 590;
E_0x63a28dcbf3d0/147 .event anyedge, v0x63a28dc9b490_587, v0x63a28dc9b490_588, v0x63a28dc9b490_589, v0x63a28dc9b490_590;
v0x63a28dc9b490_591 .array/port v0x63a28dc9b490, 591;
v0x63a28dc9b490_592 .array/port v0x63a28dc9b490, 592;
v0x63a28dc9b490_593 .array/port v0x63a28dc9b490, 593;
v0x63a28dc9b490_594 .array/port v0x63a28dc9b490, 594;
E_0x63a28dcbf3d0/148 .event anyedge, v0x63a28dc9b490_591, v0x63a28dc9b490_592, v0x63a28dc9b490_593, v0x63a28dc9b490_594;
v0x63a28dc9b490_595 .array/port v0x63a28dc9b490, 595;
v0x63a28dc9b490_596 .array/port v0x63a28dc9b490, 596;
v0x63a28dc9b490_597 .array/port v0x63a28dc9b490, 597;
v0x63a28dc9b490_598 .array/port v0x63a28dc9b490, 598;
E_0x63a28dcbf3d0/149 .event anyedge, v0x63a28dc9b490_595, v0x63a28dc9b490_596, v0x63a28dc9b490_597, v0x63a28dc9b490_598;
v0x63a28dc9b490_599 .array/port v0x63a28dc9b490, 599;
v0x63a28dc9b490_600 .array/port v0x63a28dc9b490, 600;
v0x63a28dc9b490_601 .array/port v0x63a28dc9b490, 601;
v0x63a28dc9b490_602 .array/port v0x63a28dc9b490, 602;
E_0x63a28dcbf3d0/150 .event anyedge, v0x63a28dc9b490_599, v0x63a28dc9b490_600, v0x63a28dc9b490_601, v0x63a28dc9b490_602;
v0x63a28dc9b490_603 .array/port v0x63a28dc9b490, 603;
v0x63a28dc9b490_604 .array/port v0x63a28dc9b490, 604;
v0x63a28dc9b490_605 .array/port v0x63a28dc9b490, 605;
v0x63a28dc9b490_606 .array/port v0x63a28dc9b490, 606;
E_0x63a28dcbf3d0/151 .event anyedge, v0x63a28dc9b490_603, v0x63a28dc9b490_604, v0x63a28dc9b490_605, v0x63a28dc9b490_606;
v0x63a28dc9b490_607 .array/port v0x63a28dc9b490, 607;
v0x63a28dc9b490_608 .array/port v0x63a28dc9b490, 608;
v0x63a28dc9b490_609 .array/port v0x63a28dc9b490, 609;
v0x63a28dc9b490_610 .array/port v0x63a28dc9b490, 610;
E_0x63a28dcbf3d0/152 .event anyedge, v0x63a28dc9b490_607, v0x63a28dc9b490_608, v0x63a28dc9b490_609, v0x63a28dc9b490_610;
v0x63a28dc9b490_611 .array/port v0x63a28dc9b490, 611;
v0x63a28dc9b490_612 .array/port v0x63a28dc9b490, 612;
v0x63a28dc9b490_613 .array/port v0x63a28dc9b490, 613;
v0x63a28dc9b490_614 .array/port v0x63a28dc9b490, 614;
E_0x63a28dcbf3d0/153 .event anyedge, v0x63a28dc9b490_611, v0x63a28dc9b490_612, v0x63a28dc9b490_613, v0x63a28dc9b490_614;
v0x63a28dc9b490_615 .array/port v0x63a28dc9b490, 615;
v0x63a28dc9b490_616 .array/port v0x63a28dc9b490, 616;
v0x63a28dc9b490_617 .array/port v0x63a28dc9b490, 617;
v0x63a28dc9b490_618 .array/port v0x63a28dc9b490, 618;
E_0x63a28dcbf3d0/154 .event anyedge, v0x63a28dc9b490_615, v0x63a28dc9b490_616, v0x63a28dc9b490_617, v0x63a28dc9b490_618;
v0x63a28dc9b490_619 .array/port v0x63a28dc9b490, 619;
v0x63a28dc9b490_620 .array/port v0x63a28dc9b490, 620;
v0x63a28dc9b490_621 .array/port v0x63a28dc9b490, 621;
v0x63a28dc9b490_622 .array/port v0x63a28dc9b490, 622;
E_0x63a28dcbf3d0/155 .event anyedge, v0x63a28dc9b490_619, v0x63a28dc9b490_620, v0x63a28dc9b490_621, v0x63a28dc9b490_622;
v0x63a28dc9b490_623 .array/port v0x63a28dc9b490, 623;
v0x63a28dc9b490_624 .array/port v0x63a28dc9b490, 624;
v0x63a28dc9b490_625 .array/port v0x63a28dc9b490, 625;
v0x63a28dc9b490_626 .array/port v0x63a28dc9b490, 626;
E_0x63a28dcbf3d0/156 .event anyedge, v0x63a28dc9b490_623, v0x63a28dc9b490_624, v0x63a28dc9b490_625, v0x63a28dc9b490_626;
v0x63a28dc9b490_627 .array/port v0x63a28dc9b490, 627;
v0x63a28dc9b490_628 .array/port v0x63a28dc9b490, 628;
v0x63a28dc9b490_629 .array/port v0x63a28dc9b490, 629;
v0x63a28dc9b490_630 .array/port v0x63a28dc9b490, 630;
E_0x63a28dcbf3d0/157 .event anyedge, v0x63a28dc9b490_627, v0x63a28dc9b490_628, v0x63a28dc9b490_629, v0x63a28dc9b490_630;
v0x63a28dc9b490_631 .array/port v0x63a28dc9b490, 631;
v0x63a28dc9b490_632 .array/port v0x63a28dc9b490, 632;
v0x63a28dc9b490_633 .array/port v0x63a28dc9b490, 633;
v0x63a28dc9b490_634 .array/port v0x63a28dc9b490, 634;
E_0x63a28dcbf3d0/158 .event anyedge, v0x63a28dc9b490_631, v0x63a28dc9b490_632, v0x63a28dc9b490_633, v0x63a28dc9b490_634;
v0x63a28dc9b490_635 .array/port v0x63a28dc9b490, 635;
v0x63a28dc9b490_636 .array/port v0x63a28dc9b490, 636;
v0x63a28dc9b490_637 .array/port v0x63a28dc9b490, 637;
v0x63a28dc9b490_638 .array/port v0x63a28dc9b490, 638;
E_0x63a28dcbf3d0/159 .event anyedge, v0x63a28dc9b490_635, v0x63a28dc9b490_636, v0x63a28dc9b490_637, v0x63a28dc9b490_638;
v0x63a28dc9b490_639 .array/port v0x63a28dc9b490, 639;
v0x63a28dc9b490_640 .array/port v0x63a28dc9b490, 640;
v0x63a28dc9b490_641 .array/port v0x63a28dc9b490, 641;
v0x63a28dc9b490_642 .array/port v0x63a28dc9b490, 642;
E_0x63a28dcbf3d0/160 .event anyedge, v0x63a28dc9b490_639, v0x63a28dc9b490_640, v0x63a28dc9b490_641, v0x63a28dc9b490_642;
v0x63a28dc9b490_643 .array/port v0x63a28dc9b490, 643;
v0x63a28dc9b490_644 .array/port v0x63a28dc9b490, 644;
v0x63a28dc9b490_645 .array/port v0x63a28dc9b490, 645;
v0x63a28dc9b490_646 .array/port v0x63a28dc9b490, 646;
E_0x63a28dcbf3d0/161 .event anyedge, v0x63a28dc9b490_643, v0x63a28dc9b490_644, v0x63a28dc9b490_645, v0x63a28dc9b490_646;
v0x63a28dc9b490_647 .array/port v0x63a28dc9b490, 647;
v0x63a28dc9b490_648 .array/port v0x63a28dc9b490, 648;
v0x63a28dc9b490_649 .array/port v0x63a28dc9b490, 649;
v0x63a28dc9b490_650 .array/port v0x63a28dc9b490, 650;
E_0x63a28dcbf3d0/162 .event anyedge, v0x63a28dc9b490_647, v0x63a28dc9b490_648, v0x63a28dc9b490_649, v0x63a28dc9b490_650;
v0x63a28dc9b490_651 .array/port v0x63a28dc9b490, 651;
v0x63a28dc9b490_652 .array/port v0x63a28dc9b490, 652;
v0x63a28dc9b490_653 .array/port v0x63a28dc9b490, 653;
v0x63a28dc9b490_654 .array/port v0x63a28dc9b490, 654;
E_0x63a28dcbf3d0/163 .event anyedge, v0x63a28dc9b490_651, v0x63a28dc9b490_652, v0x63a28dc9b490_653, v0x63a28dc9b490_654;
v0x63a28dc9b490_655 .array/port v0x63a28dc9b490, 655;
v0x63a28dc9b490_656 .array/port v0x63a28dc9b490, 656;
v0x63a28dc9b490_657 .array/port v0x63a28dc9b490, 657;
v0x63a28dc9b490_658 .array/port v0x63a28dc9b490, 658;
E_0x63a28dcbf3d0/164 .event anyedge, v0x63a28dc9b490_655, v0x63a28dc9b490_656, v0x63a28dc9b490_657, v0x63a28dc9b490_658;
v0x63a28dc9b490_659 .array/port v0x63a28dc9b490, 659;
v0x63a28dc9b490_660 .array/port v0x63a28dc9b490, 660;
v0x63a28dc9b490_661 .array/port v0x63a28dc9b490, 661;
v0x63a28dc9b490_662 .array/port v0x63a28dc9b490, 662;
E_0x63a28dcbf3d0/165 .event anyedge, v0x63a28dc9b490_659, v0x63a28dc9b490_660, v0x63a28dc9b490_661, v0x63a28dc9b490_662;
v0x63a28dc9b490_663 .array/port v0x63a28dc9b490, 663;
v0x63a28dc9b490_664 .array/port v0x63a28dc9b490, 664;
v0x63a28dc9b490_665 .array/port v0x63a28dc9b490, 665;
v0x63a28dc9b490_666 .array/port v0x63a28dc9b490, 666;
E_0x63a28dcbf3d0/166 .event anyedge, v0x63a28dc9b490_663, v0x63a28dc9b490_664, v0x63a28dc9b490_665, v0x63a28dc9b490_666;
v0x63a28dc9b490_667 .array/port v0x63a28dc9b490, 667;
v0x63a28dc9b490_668 .array/port v0x63a28dc9b490, 668;
v0x63a28dc9b490_669 .array/port v0x63a28dc9b490, 669;
v0x63a28dc9b490_670 .array/port v0x63a28dc9b490, 670;
E_0x63a28dcbf3d0/167 .event anyedge, v0x63a28dc9b490_667, v0x63a28dc9b490_668, v0x63a28dc9b490_669, v0x63a28dc9b490_670;
v0x63a28dc9b490_671 .array/port v0x63a28dc9b490, 671;
v0x63a28dc9b490_672 .array/port v0x63a28dc9b490, 672;
v0x63a28dc9b490_673 .array/port v0x63a28dc9b490, 673;
v0x63a28dc9b490_674 .array/port v0x63a28dc9b490, 674;
E_0x63a28dcbf3d0/168 .event anyedge, v0x63a28dc9b490_671, v0x63a28dc9b490_672, v0x63a28dc9b490_673, v0x63a28dc9b490_674;
v0x63a28dc9b490_675 .array/port v0x63a28dc9b490, 675;
v0x63a28dc9b490_676 .array/port v0x63a28dc9b490, 676;
v0x63a28dc9b490_677 .array/port v0x63a28dc9b490, 677;
v0x63a28dc9b490_678 .array/port v0x63a28dc9b490, 678;
E_0x63a28dcbf3d0/169 .event anyedge, v0x63a28dc9b490_675, v0x63a28dc9b490_676, v0x63a28dc9b490_677, v0x63a28dc9b490_678;
v0x63a28dc9b490_679 .array/port v0x63a28dc9b490, 679;
v0x63a28dc9b490_680 .array/port v0x63a28dc9b490, 680;
v0x63a28dc9b490_681 .array/port v0x63a28dc9b490, 681;
v0x63a28dc9b490_682 .array/port v0x63a28dc9b490, 682;
E_0x63a28dcbf3d0/170 .event anyedge, v0x63a28dc9b490_679, v0x63a28dc9b490_680, v0x63a28dc9b490_681, v0x63a28dc9b490_682;
v0x63a28dc9b490_683 .array/port v0x63a28dc9b490, 683;
v0x63a28dc9b490_684 .array/port v0x63a28dc9b490, 684;
v0x63a28dc9b490_685 .array/port v0x63a28dc9b490, 685;
v0x63a28dc9b490_686 .array/port v0x63a28dc9b490, 686;
E_0x63a28dcbf3d0/171 .event anyedge, v0x63a28dc9b490_683, v0x63a28dc9b490_684, v0x63a28dc9b490_685, v0x63a28dc9b490_686;
v0x63a28dc9b490_687 .array/port v0x63a28dc9b490, 687;
v0x63a28dc9b490_688 .array/port v0x63a28dc9b490, 688;
v0x63a28dc9b490_689 .array/port v0x63a28dc9b490, 689;
v0x63a28dc9b490_690 .array/port v0x63a28dc9b490, 690;
E_0x63a28dcbf3d0/172 .event anyedge, v0x63a28dc9b490_687, v0x63a28dc9b490_688, v0x63a28dc9b490_689, v0x63a28dc9b490_690;
v0x63a28dc9b490_691 .array/port v0x63a28dc9b490, 691;
v0x63a28dc9b490_692 .array/port v0x63a28dc9b490, 692;
v0x63a28dc9b490_693 .array/port v0x63a28dc9b490, 693;
v0x63a28dc9b490_694 .array/port v0x63a28dc9b490, 694;
E_0x63a28dcbf3d0/173 .event anyedge, v0x63a28dc9b490_691, v0x63a28dc9b490_692, v0x63a28dc9b490_693, v0x63a28dc9b490_694;
v0x63a28dc9b490_695 .array/port v0x63a28dc9b490, 695;
v0x63a28dc9b490_696 .array/port v0x63a28dc9b490, 696;
v0x63a28dc9b490_697 .array/port v0x63a28dc9b490, 697;
v0x63a28dc9b490_698 .array/port v0x63a28dc9b490, 698;
E_0x63a28dcbf3d0/174 .event anyedge, v0x63a28dc9b490_695, v0x63a28dc9b490_696, v0x63a28dc9b490_697, v0x63a28dc9b490_698;
v0x63a28dc9b490_699 .array/port v0x63a28dc9b490, 699;
v0x63a28dc9b490_700 .array/port v0x63a28dc9b490, 700;
v0x63a28dc9b490_701 .array/port v0x63a28dc9b490, 701;
v0x63a28dc9b490_702 .array/port v0x63a28dc9b490, 702;
E_0x63a28dcbf3d0/175 .event anyedge, v0x63a28dc9b490_699, v0x63a28dc9b490_700, v0x63a28dc9b490_701, v0x63a28dc9b490_702;
v0x63a28dc9b490_703 .array/port v0x63a28dc9b490, 703;
v0x63a28dc9b490_704 .array/port v0x63a28dc9b490, 704;
v0x63a28dc9b490_705 .array/port v0x63a28dc9b490, 705;
v0x63a28dc9b490_706 .array/port v0x63a28dc9b490, 706;
E_0x63a28dcbf3d0/176 .event anyedge, v0x63a28dc9b490_703, v0x63a28dc9b490_704, v0x63a28dc9b490_705, v0x63a28dc9b490_706;
v0x63a28dc9b490_707 .array/port v0x63a28dc9b490, 707;
v0x63a28dc9b490_708 .array/port v0x63a28dc9b490, 708;
v0x63a28dc9b490_709 .array/port v0x63a28dc9b490, 709;
v0x63a28dc9b490_710 .array/port v0x63a28dc9b490, 710;
E_0x63a28dcbf3d0/177 .event anyedge, v0x63a28dc9b490_707, v0x63a28dc9b490_708, v0x63a28dc9b490_709, v0x63a28dc9b490_710;
v0x63a28dc9b490_711 .array/port v0x63a28dc9b490, 711;
v0x63a28dc9b490_712 .array/port v0x63a28dc9b490, 712;
v0x63a28dc9b490_713 .array/port v0x63a28dc9b490, 713;
v0x63a28dc9b490_714 .array/port v0x63a28dc9b490, 714;
E_0x63a28dcbf3d0/178 .event anyedge, v0x63a28dc9b490_711, v0x63a28dc9b490_712, v0x63a28dc9b490_713, v0x63a28dc9b490_714;
v0x63a28dc9b490_715 .array/port v0x63a28dc9b490, 715;
v0x63a28dc9b490_716 .array/port v0x63a28dc9b490, 716;
v0x63a28dc9b490_717 .array/port v0x63a28dc9b490, 717;
v0x63a28dc9b490_718 .array/port v0x63a28dc9b490, 718;
E_0x63a28dcbf3d0/179 .event anyedge, v0x63a28dc9b490_715, v0x63a28dc9b490_716, v0x63a28dc9b490_717, v0x63a28dc9b490_718;
v0x63a28dc9b490_719 .array/port v0x63a28dc9b490, 719;
v0x63a28dc9b490_720 .array/port v0x63a28dc9b490, 720;
v0x63a28dc9b490_721 .array/port v0x63a28dc9b490, 721;
v0x63a28dc9b490_722 .array/port v0x63a28dc9b490, 722;
E_0x63a28dcbf3d0/180 .event anyedge, v0x63a28dc9b490_719, v0x63a28dc9b490_720, v0x63a28dc9b490_721, v0x63a28dc9b490_722;
v0x63a28dc9b490_723 .array/port v0x63a28dc9b490, 723;
v0x63a28dc9b490_724 .array/port v0x63a28dc9b490, 724;
v0x63a28dc9b490_725 .array/port v0x63a28dc9b490, 725;
v0x63a28dc9b490_726 .array/port v0x63a28dc9b490, 726;
E_0x63a28dcbf3d0/181 .event anyedge, v0x63a28dc9b490_723, v0x63a28dc9b490_724, v0x63a28dc9b490_725, v0x63a28dc9b490_726;
v0x63a28dc9b490_727 .array/port v0x63a28dc9b490, 727;
v0x63a28dc9b490_728 .array/port v0x63a28dc9b490, 728;
v0x63a28dc9b490_729 .array/port v0x63a28dc9b490, 729;
v0x63a28dc9b490_730 .array/port v0x63a28dc9b490, 730;
E_0x63a28dcbf3d0/182 .event anyedge, v0x63a28dc9b490_727, v0x63a28dc9b490_728, v0x63a28dc9b490_729, v0x63a28dc9b490_730;
v0x63a28dc9b490_731 .array/port v0x63a28dc9b490, 731;
v0x63a28dc9b490_732 .array/port v0x63a28dc9b490, 732;
v0x63a28dc9b490_733 .array/port v0x63a28dc9b490, 733;
v0x63a28dc9b490_734 .array/port v0x63a28dc9b490, 734;
E_0x63a28dcbf3d0/183 .event anyedge, v0x63a28dc9b490_731, v0x63a28dc9b490_732, v0x63a28dc9b490_733, v0x63a28dc9b490_734;
v0x63a28dc9b490_735 .array/port v0x63a28dc9b490, 735;
v0x63a28dc9b490_736 .array/port v0x63a28dc9b490, 736;
v0x63a28dc9b490_737 .array/port v0x63a28dc9b490, 737;
v0x63a28dc9b490_738 .array/port v0x63a28dc9b490, 738;
E_0x63a28dcbf3d0/184 .event anyedge, v0x63a28dc9b490_735, v0x63a28dc9b490_736, v0x63a28dc9b490_737, v0x63a28dc9b490_738;
v0x63a28dc9b490_739 .array/port v0x63a28dc9b490, 739;
v0x63a28dc9b490_740 .array/port v0x63a28dc9b490, 740;
v0x63a28dc9b490_741 .array/port v0x63a28dc9b490, 741;
v0x63a28dc9b490_742 .array/port v0x63a28dc9b490, 742;
E_0x63a28dcbf3d0/185 .event anyedge, v0x63a28dc9b490_739, v0x63a28dc9b490_740, v0x63a28dc9b490_741, v0x63a28dc9b490_742;
v0x63a28dc9b490_743 .array/port v0x63a28dc9b490, 743;
v0x63a28dc9b490_744 .array/port v0x63a28dc9b490, 744;
v0x63a28dc9b490_745 .array/port v0x63a28dc9b490, 745;
v0x63a28dc9b490_746 .array/port v0x63a28dc9b490, 746;
E_0x63a28dcbf3d0/186 .event anyedge, v0x63a28dc9b490_743, v0x63a28dc9b490_744, v0x63a28dc9b490_745, v0x63a28dc9b490_746;
v0x63a28dc9b490_747 .array/port v0x63a28dc9b490, 747;
v0x63a28dc9b490_748 .array/port v0x63a28dc9b490, 748;
v0x63a28dc9b490_749 .array/port v0x63a28dc9b490, 749;
v0x63a28dc9b490_750 .array/port v0x63a28dc9b490, 750;
E_0x63a28dcbf3d0/187 .event anyedge, v0x63a28dc9b490_747, v0x63a28dc9b490_748, v0x63a28dc9b490_749, v0x63a28dc9b490_750;
v0x63a28dc9b490_751 .array/port v0x63a28dc9b490, 751;
v0x63a28dc9b490_752 .array/port v0x63a28dc9b490, 752;
v0x63a28dc9b490_753 .array/port v0x63a28dc9b490, 753;
v0x63a28dc9b490_754 .array/port v0x63a28dc9b490, 754;
E_0x63a28dcbf3d0/188 .event anyedge, v0x63a28dc9b490_751, v0x63a28dc9b490_752, v0x63a28dc9b490_753, v0x63a28dc9b490_754;
v0x63a28dc9b490_755 .array/port v0x63a28dc9b490, 755;
v0x63a28dc9b490_756 .array/port v0x63a28dc9b490, 756;
v0x63a28dc9b490_757 .array/port v0x63a28dc9b490, 757;
v0x63a28dc9b490_758 .array/port v0x63a28dc9b490, 758;
E_0x63a28dcbf3d0/189 .event anyedge, v0x63a28dc9b490_755, v0x63a28dc9b490_756, v0x63a28dc9b490_757, v0x63a28dc9b490_758;
v0x63a28dc9b490_759 .array/port v0x63a28dc9b490, 759;
v0x63a28dc9b490_760 .array/port v0x63a28dc9b490, 760;
v0x63a28dc9b490_761 .array/port v0x63a28dc9b490, 761;
v0x63a28dc9b490_762 .array/port v0x63a28dc9b490, 762;
E_0x63a28dcbf3d0/190 .event anyedge, v0x63a28dc9b490_759, v0x63a28dc9b490_760, v0x63a28dc9b490_761, v0x63a28dc9b490_762;
v0x63a28dc9b490_763 .array/port v0x63a28dc9b490, 763;
v0x63a28dc9b490_764 .array/port v0x63a28dc9b490, 764;
v0x63a28dc9b490_765 .array/port v0x63a28dc9b490, 765;
v0x63a28dc9b490_766 .array/port v0x63a28dc9b490, 766;
E_0x63a28dcbf3d0/191 .event anyedge, v0x63a28dc9b490_763, v0x63a28dc9b490_764, v0x63a28dc9b490_765, v0x63a28dc9b490_766;
v0x63a28dc9b490_767 .array/port v0x63a28dc9b490, 767;
v0x63a28dc9b490_768 .array/port v0x63a28dc9b490, 768;
v0x63a28dc9b490_769 .array/port v0x63a28dc9b490, 769;
v0x63a28dc9b490_770 .array/port v0x63a28dc9b490, 770;
E_0x63a28dcbf3d0/192 .event anyedge, v0x63a28dc9b490_767, v0x63a28dc9b490_768, v0x63a28dc9b490_769, v0x63a28dc9b490_770;
v0x63a28dc9b490_771 .array/port v0x63a28dc9b490, 771;
v0x63a28dc9b490_772 .array/port v0x63a28dc9b490, 772;
v0x63a28dc9b490_773 .array/port v0x63a28dc9b490, 773;
v0x63a28dc9b490_774 .array/port v0x63a28dc9b490, 774;
E_0x63a28dcbf3d0/193 .event anyedge, v0x63a28dc9b490_771, v0x63a28dc9b490_772, v0x63a28dc9b490_773, v0x63a28dc9b490_774;
v0x63a28dc9b490_775 .array/port v0x63a28dc9b490, 775;
v0x63a28dc9b490_776 .array/port v0x63a28dc9b490, 776;
v0x63a28dc9b490_777 .array/port v0x63a28dc9b490, 777;
v0x63a28dc9b490_778 .array/port v0x63a28dc9b490, 778;
E_0x63a28dcbf3d0/194 .event anyedge, v0x63a28dc9b490_775, v0x63a28dc9b490_776, v0x63a28dc9b490_777, v0x63a28dc9b490_778;
v0x63a28dc9b490_779 .array/port v0x63a28dc9b490, 779;
v0x63a28dc9b490_780 .array/port v0x63a28dc9b490, 780;
v0x63a28dc9b490_781 .array/port v0x63a28dc9b490, 781;
v0x63a28dc9b490_782 .array/port v0x63a28dc9b490, 782;
E_0x63a28dcbf3d0/195 .event anyedge, v0x63a28dc9b490_779, v0x63a28dc9b490_780, v0x63a28dc9b490_781, v0x63a28dc9b490_782;
v0x63a28dc9b490_783 .array/port v0x63a28dc9b490, 783;
v0x63a28dc9b490_784 .array/port v0x63a28dc9b490, 784;
v0x63a28dc9b490_785 .array/port v0x63a28dc9b490, 785;
v0x63a28dc9b490_786 .array/port v0x63a28dc9b490, 786;
E_0x63a28dcbf3d0/196 .event anyedge, v0x63a28dc9b490_783, v0x63a28dc9b490_784, v0x63a28dc9b490_785, v0x63a28dc9b490_786;
v0x63a28dc9b490_787 .array/port v0x63a28dc9b490, 787;
v0x63a28dc9b490_788 .array/port v0x63a28dc9b490, 788;
v0x63a28dc9b490_789 .array/port v0x63a28dc9b490, 789;
v0x63a28dc9b490_790 .array/port v0x63a28dc9b490, 790;
E_0x63a28dcbf3d0/197 .event anyedge, v0x63a28dc9b490_787, v0x63a28dc9b490_788, v0x63a28dc9b490_789, v0x63a28dc9b490_790;
v0x63a28dc9b490_791 .array/port v0x63a28dc9b490, 791;
v0x63a28dc9b490_792 .array/port v0x63a28dc9b490, 792;
v0x63a28dc9b490_793 .array/port v0x63a28dc9b490, 793;
v0x63a28dc9b490_794 .array/port v0x63a28dc9b490, 794;
E_0x63a28dcbf3d0/198 .event anyedge, v0x63a28dc9b490_791, v0x63a28dc9b490_792, v0x63a28dc9b490_793, v0x63a28dc9b490_794;
v0x63a28dc9b490_795 .array/port v0x63a28dc9b490, 795;
v0x63a28dc9b490_796 .array/port v0x63a28dc9b490, 796;
v0x63a28dc9b490_797 .array/port v0x63a28dc9b490, 797;
v0x63a28dc9b490_798 .array/port v0x63a28dc9b490, 798;
E_0x63a28dcbf3d0/199 .event anyedge, v0x63a28dc9b490_795, v0x63a28dc9b490_796, v0x63a28dc9b490_797, v0x63a28dc9b490_798;
v0x63a28dc9b490_799 .array/port v0x63a28dc9b490, 799;
v0x63a28dc9b490_800 .array/port v0x63a28dc9b490, 800;
v0x63a28dc9b490_801 .array/port v0x63a28dc9b490, 801;
v0x63a28dc9b490_802 .array/port v0x63a28dc9b490, 802;
E_0x63a28dcbf3d0/200 .event anyedge, v0x63a28dc9b490_799, v0x63a28dc9b490_800, v0x63a28dc9b490_801, v0x63a28dc9b490_802;
v0x63a28dc9b490_803 .array/port v0x63a28dc9b490, 803;
v0x63a28dc9b490_804 .array/port v0x63a28dc9b490, 804;
v0x63a28dc9b490_805 .array/port v0x63a28dc9b490, 805;
v0x63a28dc9b490_806 .array/port v0x63a28dc9b490, 806;
E_0x63a28dcbf3d0/201 .event anyedge, v0x63a28dc9b490_803, v0x63a28dc9b490_804, v0x63a28dc9b490_805, v0x63a28dc9b490_806;
v0x63a28dc9b490_807 .array/port v0x63a28dc9b490, 807;
v0x63a28dc9b490_808 .array/port v0x63a28dc9b490, 808;
v0x63a28dc9b490_809 .array/port v0x63a28dc9b490, 809;
v0x63a28dc9b490_810 .array/port v0x63a28dc9b490, 810;
E_0x63a28dcbf3d0/202 .event anyedge, v0x63a28dc9b490_807, v0x63a28dc9b490_808, v0x63a28dc9b490_809, v0x63a28dc9b490_810;
v0x63a28dc9b490_811 .array/port v0x63a28dc9b490, 811;
v0x63a28dc9b490_812 .array/port v0x63a28dc9b490, 812;
v0x63a28dc9b490_813 .array/port v0x63a28dc9b490, 813;
v0x63a28dc9b490_814 .array/port v0x63a28dc9b490, 814;
E_0x63a28dcbf3d0/203 .event anyedge, v0x63a28dc9b490_811, v0x63a28dc9b490_812, v0x63a28dc9b490_813, v0x63a28dc9b490_814;
v0x63a28dc9b490_815 .array/port v0x63a28dc9b490, 815;
v0x63a28dc9b490_816 .array/port v0x63a28dc9b490, 816;
v0x63a28dc9b490_817 .array/port v0x63a28dc9b490, 817;
v0x63a28dc9b490_818 .array/port v0x63a28dc9b490, 818;
E_0x63a28dcbf3d0/204 .event anyedge, v0x63a28dc9b490_815, v0x63a28dc9b490_816, v0x63a28dc9b490_817, v0x63a28dc9b490_818;
v0x63a28dc9b490_819 .array/port v0x63a28dc9b490, 819;
v0x63a28dc9b490_820 .array/port v0x63a28dc9b490, 820;
v0x63a28dc9b490_821 .array/port v0x63a28dc9b490, 821;
v0x63a28dc9b490_822 .array/port v0x63a28dc9b490, 822;
E_0x63a28dcbf3d0/205 .event anyedge, v0x63a28dc9b490_819, v0x63a28dc9b490_820, v0x63a28dc9b490_821, v0x63a28dc9b490_822;
v0x63a28dc9b490_823 .array/port v0x63a28dc9b490, 823;
v0x63a28dc9b490_824 .array/port v0x63a28dc9b490, 824;
v0x63a28dc9b490_825 .array/port v0x63a28dc9b490, 825;
v0x63a28dc9b490_826 .array/port v0x63a28dc9b490, 826;
E_0x63a28dcbf3d0/206 .event anyedge, v0x63a28dc9b490_823, v0x63a28dc9b490_824, v0x63a28dc9b490_825, v0x63a28dc9b490_826;
v0x63a28dc9b490_827 .array/port v0x63a28dc9b490, 827;
v0x63a28dc9b490_828 .array/port v0x63a28dc9b490, 828;
v0x63a28dc9b490_829 .array/port v0x63a28dc9b490, 829;
v0x63a28dc9b490_830 .array/port v0x63a28dc9b490, 830;
E_0x63a28dcbf3d0/207 .event anyedge, v0x63a28dc9b490_827, v0x63a28dc9b490_828, v0x63a28dc9b490_829, v0x63a28dc9b490_830;
v0x63a28dc9b490_831 .array/port v0x63a28dc9b490, 831;
v0x63a28dc9b490_832 .array/port v0x63a28dc9b490, 832;
v0x63a28dc9b490_833 .array/port v0x63a28dc9b490, 833;
v0x63a28dc9b490_834 .array/port v0x63a28dc9b490, 834;
E_0x63a28dcbf3d0/208 .event anyedge, v0x63a28dc9b490_831, v0x63a28dc9b490_832, v0x63a28dc9b490_833, v0x63a28dc9b490_834;
v0x63a28dc9b490_835 .array/port v0x63a28dc9b490, 835;
v0x63a28dc9b490_836 .array/port v0x63a28dc9b490, 836;
v0x63a28dc9b490_837 .array/port v0x63a28dc9b490, 837;
v0x63a28dc9b490_838 .array/port v0x63a28dc9b490, 838;
E_0x63a28dcbf3d0/209 .event anyedge, v0x63a28dc9b490_835, v0x63a28dc9b490_836, v0x63a28dc9b490_837, v0x63a28dc9b490_838;
v0x63a28dc9b490_839 .array/port v0x63a28dc9b490, 839;
v0x63a28dc9b490_840 .array/port v0x63a28dc9b490, 840;
v0x63a28dc9b490_841 .array/port v0x63a28dc9b490, 841;
v0x63a28dc9b490_842 .array/port v0x63a28dc9b490, 842;
E_0x63a28dcbf3d0/210 .event anyedge, v0x63a28dc9b490_839, v0x63a28dc9b490_840, v0x63a28dc9b490_841, v0x63a28dc9b490_842;
v0x63a28dc9b490_843 .array/port v0x63a28dc9b490, 843;
v0x63a28dc9b490_844 .array/port v0x63a28dc9b490, 844;
v0x63a28dc9b490_845 .array/port v0x63a28dc9b490, 845;
v0x63a28dc9b490_846 .array/port v0x63a28dc9b490, 846;
E_0x63a28dcbf3d0/211 .event anyedge, v0x63a28dc9b490_843, v0x63a28dc9b490_844, v0x63a28dc9b490_845, v0x63a28dc9b490_846;
v0x63a28dc9b490_847 .array/port v0x63a28dc9b490, 847;
v0x63a28dc9b490_848 .array/port v0x63a28dc9b490, 848;
v0x63a28dc9b490_849 .array/port v0x63a28dc9b490, 849;
v0x63a28dc9b490_850 .array/port v0x63a28dc9b490, 850;
E_0x63a28dcbf3d0/212 .event anyedge, v0x63a28dc9b490_847, v0x63a28dc9b490_848, v0x63a28dc9b490_849, v0x63a28dc9b490_850;
v0x63a28dc9b490_851 .array/port v0x63a28dc9b490, 851;
v0x63a28dc9b490_852 .array/port v0x63a28dc9b490, 852;
v0x63a28dc9b490_853 .array/port v0x63a28dc9b490, 853;
v0x63a28dc9b490_854 .array/port v0x63a28dc9b490, 854;
E_0x63a28dcbf3d0/213 .event anyedge, v0x63a28dc9b490_851, v0x63a28dc9b490_852, v0x63a28dc9b490_853, v0x63a28dc9b490_854;
v0x63a28dc9b490_855 .array/port v0x63a28dc9b490, 855;
v0x63a28dc9b490_856 .array/port v0x63a28dc9b490, 856;
v0x63a28dc9b490_857 .array/port v0x63a28dc9b490, 857;
v0x63a28dc9b490_858 .array/port v0x63a28dc9b490, 858;
E_0x63a28dcbf3d0/214 .event anyedge, v0x63a28dc9b490_855, v0x63a28dc9b490_856, v0x63a28dc9b490_857, v0x63a28dc9b490_858;
v0x63a28dc9b490_859 .array/port v0x63a28dc9b490, 859;
v0x63a28dc9b490_860 .array/port v0x63a28dc9b490, 860;
v0x63a28dc9b490_861 .array/port v0x63a28dc9b490, 861;
v0x63a28dc9b490_862 .array/port v0x63a28dc9b490, 862;
E_0x63a28dcbf3d0/215 .event anyedge, v0x63a28dc9b490_859, v0x63a28dc9b490_860, v0x63a28dc9b490_861, v0x63a28dc9b490_862;
v0x63a28dc9b490_863 .array/port v0x63a28dc9b490, 863;
v0x63a28dc9b490_864 .array/port v0x63a28dc9b490, 864;
v0x63a28dc9b490_865 .array/port v0x63a28dc9b490, 865;
v0x63a28dc9b490_866 .array/port v0x63a28dc9b490, 866;
E_0x63a28dcbf3d0/216 .event anyedge, v0x63a28dc9b490_863, v0x63a28dc9b490_864, v0x63a28dc9b490_865, v0x63a28dc9b490_866;
v0x63a28dc9b490_867 .array/port v0x63a28dc9b490, 867;
v0x63a28dc9b490_868 .array/port v0x63a28dc9b490, 868;
v0x63a28dc9b490_869 .array/port v0x63a28dc9b490, 869;
v0x63a28dc9b490_870 .array/port v0x63a28dc9b490, 870;
E_0x63a28dcbf3d0/217 .event anyedge, v0x63a28dc9b490_867, v0x63a28dc9b490_868, v0x63a28dc9b490_869, v0x63a28dc9b490_870;
v0x63a28dc9b490_871 .array/port v0x63a28dc9b490, 871;
v0x63a28dc9b490_872 .array/port v0x63a28dc9b490, 872;
v0x63a28dc9b490_873 .array/port v0x63a28dc9b490, 873;
v0x63a28dc9b490_874 .array/port v0x63a28dc9b490, 874;
E_0x63a28dcbf3d0/218 .event anyedge, v0x63a28dc9b490_871, v0x63a28dc9b490_872, v0x63a28dc9b490_873, v0x63a28dc9b490_874;
v0x63a28dc9b490_875 .array/port v0x63a28dc9b490, 875;
v0x63a28dc9b490_876 .array/port v0x63a28dc9b490, 876;
v0x63a28dc9b490_877 .array/port v0x63a28dc9b490, 877;
v0x63a28dc9b490_878 .array/port v0x63a28dc9b490, 878;
E_0x63a28dcbf3d0/219 .event anyedge, v0x63a28dc9b490_875, v0x63a28dc9b490_876, v0x63a28dc9b490_877, v0x63a28dc9b490_878;
v0x63a28dc9b490_879 .array/port v0x63a28dc9b490, 879;
v0x63a28dc9b490_880 .array/port v0x63a28dc9b490, 880;
v0x63a28dc9b490_881 .array/port v0x63a28dc9b490, 881;
v0x63a28dc9b490_882 .array/port v0x63a28dc9b490, 882;
E_0x63a28dcbf3d0/220 .event anyedge, v0x63a28dc9b490_879, v0x63a28dc9b490_880, v0x63a28dc9b490_881, v0x63a28dc9b490_882;
v0x63a28dc9b490_883 .array/port v0x63a28dc9b490, 883;
v0x63a28dc9b490_884 .array/port v0x63a28dc9b490, 884;
v0x63a28dc9b490_885 .array/port v0x63a28dc9b490, 885;
v0x63a28dc9b490_886 .array/port v0x63a28dc9b490, 886;
E_0x63a28dcbf3d0/221 .event anyedge, v0x63a28dc9b490_883, v0x63a28dc9b490_884, v0x63a28dc9b490_885, v0x63a28dc9b490_886;
v0x63a28dc9b490_887 .array/port v0x63a28dc9b490, 887;
v0x63a28dc9b490_888 .array/port v0x63a28dc9b490, 888;
v0x63a28dc9b490_889 .array/port v0x63a28dc9b490, 889;
v0x63a28dc9b490_890 .array/port v0x63a28dc9b490, 890;
E_0x63a28dcbf3d0/222 .event anyedge, v0x63a28dc9b490_887, v0x63a28dc9b490_888, v0x63a28dc9b490_889, v0x63a28dc9b490_890;
v0x63a28dc9b490_891 .array/port v0x63a28dc9b490, 891;
v0x63a28dc9b490_892 .array/port v0x63a28dc9b490, 892;
v0x63a28dc9b490_893 .array/port v0x63a28dc9b490, 893;
v0x63a28dc9b490_894 .array/port v0x63a28dc9b490, 894;
E_0x63a28dcbf3d0/223 .event anyedge, v0x63a28dc9b490_891, v0x63a28dc9b490_892, v0x63a28dc9b490_893, v0x63a28dc9b490_894;
v0x63a28dc9b490_895 .array/port v0x63a28dc9b490, 895;
v0x63a28dc9b490_896 .array/port v0x63a28dc9b490, 896;
v0x63a28dc9b490_897 .array/port v0x63a28dc9b490, 897;
v0x63a28dc9b490_898 .array/port v0x63a28dc9b490, 898;
E_0x63a28dcbf3d0/224 .event anyedge, v0x63a28dc9b490_895, v0x63a28dc9b490_896, v0x63a28dc9b490_897, v0x63a28dc9b490_898;
v0x63a28dc9b490_899 .array/port v0x63a28dc9b490, 899;
v0x63a28dc9b490_900 .array/port v0x63a28dc9b490, 900;
v0x63a28dc9b490_901 .array/port v0x63a28dc9b490, 901;
v0x63a28dc9b490_902 .array/port v0x63a28dc9b490, 902;
E_0x63a28dcbf3d0/225 .event anyedge, v0x63a28dc9b490_899, v0x63a28dc9b490_900, v0x63a28dc9b490_901, v0x63a28dc9b490_902;
v0x63a28dc9b490_903 .array/port v0x63a28dc9b490, 903;
v0x63a28dc9b490_904 .array/port v0x63a28dc9b490, 904;
v0x63a28dc9b490_905 .array/port v0x63a28dc9b490, 905;
v0x63a28dc9b490_906 .array/port v0x63a28dc9b490, 906;
E_0x63a28dcbf3d0/226 .event anyedge, v0x63a28dc9b490_903, v0x63a28dc9b490_904, v0x63a28dc9b490_905, v0x63a28dc9b490_906;
v0x63a28dc9b490_907 .array/port v0x63a28dc9b490, 907;
v0x63a28dc9b490_908 .array/port v0x63a28dc9b490, 908;
v0x63a28dc9b490_909 .array/port v0x63a28dc9b490, 909;
v0x63a28dc9b490_910 .array/port v0x63a28dc9b490, 910;
E_0x63a28dcbf3d0/227 .event anyedge, v0x63a28dc9b490_907, v0x63a28dc9b490_908, v0x63a28dc9b490_909, v0x63a28dc9b490_910;
v0x63a28dc9b490_911 .array/port v0x63a28dc9b490, 911;
v0x63a28dc9b490_912 .array/port v0x63a28dc9b490, 912;
v0x63a28dc9b490_913 .array/port v0x63a28dc9b490, 913;
v0x63a28dc9b490_914 .array/port v0x63a28dc9b490, 914;
E_0x63a28dcbf3d0/228 .event anyedge, v0x63a28dc9b490_911, v0x63a28dc9b490_912, v0x63a28dc9b490_913, v0x63a28dc9b490_914;
v0x63a28dc9b490_915 .array/port v0x63a28dc9b490, 915;
v0x63a28dc9b490_916 .array/port v0x63a28dc9b490, 916;
v0x63a28dc9b490_917 .array/port v0x63a28dc9b490, 917;
v0x63a28dc9b490_918 .array/port v0x63a28dc9b490, 918;
E_0x63a28dcbf3d0/229 .event anyedge, v0x63a28dc9b490_915, v0x63a28dc9b490_916, v0x63a28dc9b490_917, v0x63a28dc9b490_918;
v0x63a28dc9b490_919 .array/port v0x63a28dc9b490, 919;
v0x63a28dc9b490_920 .array/port v0x63a28dc9b490, 920;
v0x63a28dc9b490_921 .array/port v0x63a28dc9b490, 921;
v0x63a28dc9b490_922 .array/port v0x63a28dc9b490, 922;
E_0x63a28dcbf3d0/230 .event anyedge, v0x63a28dc9b490_919, v0x63a28dc9b490_920, v0x63a28dc9b490_921, v0x63a28dc9b490_922;
v0x63a28dc9b490_923 .array/port v0x63a28dc9b490, 923;
v0x63a28dc9b490_924 .array/port v0x63a28dc9b490, 924;
v0x63a28dc9b490_925 .array/port v0x63a28dc9b490, 925;
v0x63a28dc9b490_926 .array/port v0x63a28dc9b490, 926;
E_0x63a28dcbf3d0/231 .event anyedge, v0x63a28dc9b490_923, v0x63a28dc9b490_924, v0x63a28dc9b490_925, v0x63a28dc9b490_926;
v0x63a28dc9b490_927 .array/port v0x63a28dc9b490, 927;
v0x63a28dc9b490_928 .array/port v0x63a28dc9b490, 928;
v0x63a28dc9b490_929 .array/port v0x63a28dc9b490, 929;
v0x63a28dc9b490_930 .array/port v0x63a28dc9b490, 930;
E_0x63a28dcbf3d0/232 .event anyedge, v0x63a28dc9b490_927, v0x63a28dc9b490_928, v0x63a28dc9b490_929, v0x63a28dc9b490_930;
v0x63a28dc9b490_931 .array/port v0x63a28dc9b490, 931;
v0x63a28dc9b490_932 .array/port v0x63a28dc9b490, 932;
v0x63a28dc9b490_933 .array/port v0x63a28dc9b490, 933;
v0x63a28dc9b490_934 .array/port v0x63a28dc9b490, 934;
E_0x63a28dcbf3d0/233 .event anyedge, v0x63a28dc9b490_931, v0x63a28dc9b490_932, v0x63a28dc9b490_933, v0x63a28dc9b490_934;
v0x63a28dc9b490_935 .array/port v0x63a28dc9b490, 935;
v0x63a28dc9b490_936 .array/port v0x63a28dc9b490, 936;
v0x63a28dc9b490_937 .array/port v0x63a28dc9b490, 937;
v0x63a28dc9b490_938 .array/port v0x63a28dc9b490, 938;
E_0x63a28dcbf3d0/234 .event anyedge, v0x63a28dc9b490_935, v0x63a28dc9b490_936, v0x63a28dc9b490_937, v0x63a28dc9b490_938;
v0x63a28dc9b490_939 .array/port v0x63a28dc9b490, 939;
v0x63a28dc9b490_940 .array/port v0x63a28dc9b490, 940;
v0x63a28dc9b490_941 .array/port v0x63a28dc9b490, 941;
v0x63a28dc9b490_942 .array/port v0x63a28dc9b490, 942;
E_0x63a28dcbf3d0/235 .event anyedge, v0x63a28dc9b490_939, v0x63a28dc9b490_940, v0x63a28dc9b490_941, v0x63a28dc9b490_942;
v0x63a28dc9b490_943 .array/port v0x63a28dc9b490, 943;
v0x63a28dc9b490_944 .array/port v0x63a28dc9b490, 944;
v0x63a28dc9b490_945 .array/port v0x63a28dc9b490, 945;
v0x63a28dc9b490_946 .array/port v0x63a28dc9b490, 946;
E_0x63a28dcbf3d0/236 .event anyedge, v0x63a28dc9b490_943, v0x63a28dc9b490_944, v0x63a28dc9b490_945, v0x63a28dc9b490_946;
v0x63a28dc9b490_947 .array/port v0x63a28dc9b490, 947;
v0x63a28dc9b490_948 .array/port v0x63a28dc9b490, 948;
v0x63a28dc9b490_949 .array/port v0x63a28dc9b490, 949;
v0x63a28dc9b490_950 .array/port v0x63a28dc9b490, 950;
E_0x63a28dcbf3d0/237 .event anyedge, v0x63a28dc9b490_947, v0x63a28dc9b490_948, v0x63a28dc9b490_949, v0x63a28dc9b490_950;
v0x63a28dc9b490_951 .array/port v0x63a28dc9b490, 951;
v0x63a28dc9b490_952 .array/port v0x63a28dc9b490, 952;
v0x63a28dc9b490_953 .array/port v0x63a28dc9b490, 953;
v0x63a28dc9b490_954 .array/port v0x63a28dc9b490, 954;
E_0x63a28dcbf3d0/238 .event anyedge, v0x63a28dc9b490_951, v0x63a28dc9b490_952, v0x63a28dc9b490_953, v0x63a28dc9b490_954;
v0x63a28dc9b490_955 .array/port v0x63a28dc9b490, 955;
v0x63a28dc9b490_956 .array/port v0x63a28dc9b490, 956;
v0x63a28dc9b490_957 .array/port v0x63a28dc9b490, 957;
v0x63a28dc9b490_958 .array/port v0x63a28dc9b490, 958;
E_0x63a28dcbf3d0/239 .event anyedge, v0x63a28dc9b490_955, v0x63a28dc9b490_956, v0x63a28dc9b490_957, v0x63a28dc9b490_958;
v0x63a28dc9b490_959 .array/port v0x63a28dc9b490, 959;
v0x63a28dc9b490_960 .array/port v0x63a28dc9b490, 960;
v0x63a28dc9b490_961 .array/port v0x63a28dc9b490, 961;
v0x63a28dc9b490_962 .array/port v0x63a28dc9b490, 962;
E_0x63a28dcbf3d0/240 .event anyedge, v0x63a28dc9b490_959, v0x63a28dc9b490_960, v0x63a28dc9b490_961, v0x63a28dc9b490_962;
v0x63a28dc9b490_963 .array/port v0x63a28dc9b490, 963;
v0x63a28dc9b490_964 .array/port v0x63a28dc9b490, 964;
v0x63a28dc9b490_965 .array/port v0x63a28dc9b490, 965;
v0x63a28dc9b490_966 .array/port v0x63a28dc9b490, 966;
E_0x63a28dcbf3d0/241 .event anyedge, v0x63a28dc9b490_963, v0x63a28dc9b490_964, v0x63a28dc9b490_965, v0x63a28dc9b490_966;
v0x63a28dc9b490_967 .array/port v0x63a28dc9b490, 967;
v0x63a28dc9b490_968 .array/port v0x63a28dc9b490, 968;
v0x63a28dc9b490_969 .array/port v0x63a28dc9b490, 969;
v0x63a28dc9b490_970 .array/port v0x63a28dc9b490, 970;
E_0x63a28dcbf3d0/242 .event anyedge, v0x63a28dc9b490_967, v0x63a28dc9b490_968, v0x63a28dc9b490_969, v0x63a28dc9b490_970;
v0x63a28dc9b490_971 .array/port v0x63a28dc9b490, 971;
v0x63a28dc9b490_972 .array/port v0x63a28dc9b490, 972;
v0x63a28dc9b490_973 .array/port v0x63a28dc9b490, 973;
v0x63a28dc9b490_974 .array/port v0x63a28dc9b490, 974;
E_0x63a28dcbf3d0/243 .event anyedge, v0x63a28dc9b490_971, v0x63a28dc9b490_972, v0x63a28dc9b490_973, v0x63a28dc9b490_974;
v0x63a28dc9b490_975 .array/port v0x63a28dc9b490, 975;
v0x63a28dc9b490_976 .array/port v0x63a28dc9b490, 976;
v0x63a28dc9b490_977 .array/port v0x63a28dc9b490, 977;
v0x63a28dc9b490_978 .array/port v0x63a28dc9b490, 978;
E_0x63a28dcbf3d0/244 .event anyedge, v0x63a28dc9b490_975, v0x63a28dc9b490_976, v0x63a28dc9b490_977, v0x63a28dc9b490_978;
v0x63a28dc9b490_979 .array/port v0x63a28dc9b490, 979;
v0x63a28dc9b490_980 .array/port v0x63a28dc9b490, 980;
v0x63a28dc9b490_981 .array/port v0x63a28dc9b490, 981;
v0x63a28dc9b490_982 .array/port v0x63a28dc9b490, 982;
E_0x63a28dcbf3d0/245 .event anyedge, v0x63a28dc9b490_979, v0x63a28dc9b490_980, v0x63a28dc9b490_981, v0x63a28dc9b490_982;
v0x63a28dc9b490_983 .array/port v0x63a28dc9b490, 983;
v0x63a28dc9b490_984 .array/port v0x63a28dc9b490, 984;
v0x63a28dc9b490_985 .array/port v0x63a28dc9b490, 985;
v0x63a28dc9b490_986 .array/port v0x63a28dc9b490, 986;
E_0x63a28dcbf3d0/246 .event anyedge, v0x63a28dc9b490_983, v0x63a28dc9b490_984, v0x63a28dc9b490_985, v0x63a28dc9b490_986;
v0x63a28dc9b490_987 .array/port v0x63a28dc9b490, 987;
v0x63a28dc9b490_988 .array/port v0x63a28dc9b490, 988;
v0x63a28dc9b490_989 .array/port v0x63a28dc9b490, 989;
v0x63a28dc9b490_990 .array/port v0x63a28dc9b490, 990;
E_0x63a28dcbf3d0/247 .event anyedge, v0x63a28dc9b490_987, v0x63a28dc9b490_988, v0x63a28dc9b490_989, v0x63a28dc9b490_990;
v0x63a28dc9b490_991 .array/port v0x63a28dc9b490, 991;
v0x63a28dc9b490_992 .array/port v0x63a28dc9b490, 992;
v0x63a28dc9b490_993 .array/port v0x63a28dc9b490, 993;
v0x63a28dc9b490_994 .array/port v0x63a28dc9b490, 994;
E_0x63a28dcbf3d0/248 .event anyedge, v0x63a28dc9b490_991, v0x63a28dc9b490_992, v0x63a28dc9b490_993, v0x63a28dc9b490_994;
v0x63a28dc9b490_995 .array/port v0x63a28dc9b490, 995;
v0x63a28dc9b490_996 .array/port v0x63a28dc9b490, 996;
v0x63a28dc9b490_997 .array/port v0x63a28dc9b490, 997;
v0x63a28dc9b490_998 .array/port v0x63a28dc9b490, 998;
E_0x63a28dcbf3d0/249 .event anyedge, v0x63a28dc9b490_995, v0x63a28dc9b490_996, v0x63a28dc9b490_997, v0x63a28dc9b490_998;
v0x63a28dc9b490_999 .array/port v0x63a28dc9b490, 999;
v0x63a28dc9b490_1000 .array/port v0x63a28dc9b490, 1000;
v0x63a28dc9b490_1001 .array/port v0x63a28dc9b490, 1001;
v0x63a28dc9b490_1002 .array/port v0x63a28dc9b490, 1002;
E_0x63a28dcbf3d0/250 .event anyedge, v0x63a28dc9b490_999, v0x63a28dc9b490_1000, v0x63a28dc9b490_1001, v0x63a28dc9b490_1002;
v0x63a28dc9b490_1003 .array/port v0x63a28dc9b490, 1003;
v0x63a28dc9b490_1004 .array/port v0x63a28dc9b490, 1004;
v0x63a28dc9b490_1005 .array/port v0x63a28dc9b490, 1005;
v0x63a28dc9b490_1006 .array/port v0x63a28dc9b490, 1006;
E_0x63a28dcbf3d0/251 .event anyedge, v0x63a28dc9b490_1003, v0x63a28dc9b490_1004, v0x63a28dc9b490_1005, v0x63a28dc9b490_1006;
v0x63a28dc9b490_1007 .array/port v0x63a28dc9b490, 1007;
v0x63a28dc9b490_1008 .array/port v0x63a28dc9b490, 1008;
v0x63a28dc9b490_1009 .array/port v0x63a28dc9b490, 1009;
v0x63a28dc9b490_1010 .array/port v0x63a28dc9b490, 1010;
E_0x63a28dcbf3d0/252 .event anyedge, v0x63a28dc9b490_1007, v0x63a28dc9b490_1008, v0x63a28dc9b490_1009, v0x63a28dc9b490_1010;
v0x63a28dc9b490_1011 .array/port v0x63a28dc9b490, 1011;
v0x63a28dc9b490_1012 .array/port v0x63a28dc9b490, 1012;
v0x63a28dc9b490_1013 .array/port v0x63a28dc9b490, 1013;
v0x63a28dc9b490_1014 .array/port v0x63a28dc9b490, 1014;
E_0x63a28dcbf3d0/253 .event anyedge, v0x63a28dc9b490_1011, v0x63a28dc9b490_1012, v0x63a28dc9b490_1013, v0x63a28dc9b490_1014;
v0x63a28dc9b490_1015 .array/port v0x63a28dc9b490, 1015;
v0x63a28dc9b490_1016 .array/port v0x63a28dc9b490, 1016;
v0x63a28dc9b490_1017 .array/port v0x63a28dc9b490, 1017;
v0x63a28dc9b490_1018 .array/port v0x63a28dc9b490, 1018;
E_0x63a28dcbf3d0/254 .event anyedge, v0x63a28dc9b490_1015, v0x63a28dc9b490_1016, v0x63a28dc9b490_1017, v0x63a28dc9b490_1018;
v0x63a28dc9b490_1019 .array/port v0x63a28dc9b490, 1019;
v0x63a28dc9b490_1020 .array/port v0x63a28dc9b490, 1020;
v0x63a28dc9b490_1021 .array/port v0x63a28dc9b490, 1021;
v0x63a28dc9b490_1022 .array/port v0x63a28dc9b490, 1022;
E_0x63a28dcbf3d0/255 .event anyedge, v0x63a28dc9b490_1019, v0x63a28dc9b490_1020, v0x63a28dc9b490_1021, v0x63a28dc9b490_1022;
v0x63a28dc9b490_1023 .array/port v0x63a28dc9b490, 1023;
v0x63a28dc9b490_1024 .array/port v0x63a28dc9b490, 1024;
v0x63a28dc9b490_1025 .array/port v0x63a28dc9b490, 1025;
v0x63a28dc9b490_1026 .array/port v0x63a28dc9b490, 1026;
E_0x63a28dcbf3d0/256 .event anyedge, v0x63a28dc9b490_1023, v0x63a28dc9b490_1024, v0x63a28dc9b490_1025, v0x63a28dc9b490_1026;
v0x63a28dc9b490_1027 .array/port v0x63a28dc9b490, 1027;
v0x63a28dc9b490_1028 .array/port v0x63a28dc9b490, 1028;
v0x63a28dc9b490_1029 .array/port v0x63a28dc9b490, 1029;
v0x63a28dc9b490_1030 .array/port v0x63a28dc9b490, 1030;
E_0x63a28dcbf3d0/257 .event anyedge, v0x63a28dc9b490_1027, v0x63a28dc9b490_1028, v0x63a28dc9b490_1029, v0x63a28dc9b490_1030;
v0x63a28dc9b490_1031 .array/port v0x63a28dc9b490, 1031;
v0x63a28dc9b490_1032 .array/port v0x63a28dc9b490, 1032;
v0x63a28dc9b490_1033 .array/port v0x63a28dc9b490, 1033;
v0x63a28dc9b490_1034 .array/port v0x63a28dc9b490, 1034;
E_0x63a28dcbf3d0/258 .event anyedge, v0x63a28dc9b490_1031, v0x63a28dc9b490_1032, v0x63a28dc9b490_1033, v0x63a28dc9b490_1034;
v0x63a28dc9b490_1035 .array/port v0x63a28dc9b490, 1035;
v0x63a28dc9b490_1036 .array/port v0x63a28dc9b490, 1036;
v0x63a28dc9b490_1037 .array/port v0x63a28dc9b490, 1037;
v0x63a28dc9b490_1038 .array/port v0x63a28dc9b490, 1038;
E_0x63a28dcbf3d0/259 .event anyedge, v0x63a28dc9b490_1035, v0x63a28dc9b490_1036, v0x63a28dc9b490_1037, v0x63a28dc9b490_1038;
v0x63a28dc9b490_1039 .array/port v0x63a28dc9b490, 1039;
v0x63a28dc9b490_1040 .array/port v0x63a28dc9b490, 1040;
v0x63a28dc9b490_1041 .array/port v0x63a28dc9b490, 1041;
v0x63a28dc9b490_1042 .array/port v0x63a28dc9b490, 1042;
E_0x63a28dcbf3d0/260 .event anyedge, v0x63a28dc9b490_1039, v0x63a28dc9b490_1040, v0x63a28dc9b490_1041, v0x63a28dc9b490_1042;
v0x63a28dc9b490_1043 .array/port v0x63a28dc9b490, 1043;
v0x63a28dc9b490_1044 .array/port v0x63a28dc9b490, 1044;
v0x63a28dc9b490_1045 .array/port v0x63a28dc9b490, 1045;
v0x63a28dc9b490_1046 .array/port v0x63a28dc9b490, 1046;
E_0x63a28dcbf3d0/261 .event anyedge, v0x63a28dc9b490_1043, v0x63a28dc9b490_1044, v0x63a28dc9b490_1045, v0x63a28dc9b490_1046;
v0x63a28dc9b490_1047 .array/port v0x63a28dc9b490, 1047;
v0x63a28dc9b490_1048 .array/port v0x63a28dc9b490, 1048;
v0x63a28dc9b490_1049 .array/port v0x63a28dc9b490, 1049;
v0x63a28dc9b490_1050 .array/port v0x63a28dc9b490, 1050;
E_0x63a28dcbf3d0/262 .event anyedge, v0x63a28dc9b490_1047, v0x63a28dc9b490_1048, v0x63a28dc9b490_1049, v0x63a28dc9b490_1050;
v0x63a28dc9b490_1051 .array/port v0x63a28dc9b490, 1051;
v0x63a28dc9b490_1052 .array/port v0x63a28dc9b490, 1052;
v0x63a28dc9b490_1053 .array/port v0x63a28dc9b490, 1053;
v0x63a28dc9b490_1054 .array/port v0x63a28dc9b490, 1054;
E_0x63a28dcbf3d0/263 .event anyedge, v0x63a28dc9b490_1051, v0x63a28dc9b490_1052, v0x63a28dc9b490_1053, v0x63a28dc9b490_1054;
v0x63a28dc9b490_1055 .array/port v0x63a28dc9b490, 1055;
v0x63a28dc9b490_1056 .array/port v0x63a28dc9b490, 1056;
v0x63a28dc9b490_1057 .array/port v0x63a28dc9b490, 1057;
v0x63a28dc9b490_1058 .array/port v0x63a28dc9b490, 1058;
E_0x63a28dcbf3d0/264 .event anyedge, v0x63a28dc9b490_1055, v0x63a28dc9b490_1056, v0x63a28dc9b490_1057, v0x63a28dc9b490_1058;
v0x63a28dc9b490_1059 .array/port v0x63a28dc9b490, 1059;
v0x63a28dc9b490_1060 .array/port v0x63a28dc9b490, 1060;
v0x63a28dc9b490_1061 .array/port v0x63a28dc9b490, 1061;
v0x63a28dc9b490_1062 .array/port v0x63a28dc9b490, 1062;
E_0x63a28dcbf3d0/265 .event anyedge, v0x63a28dc9b490_1059, v0x63a28dc9b490_1060, v0x63a28dc9b490_1061, v0x63a28dc9b490_1062;
v0x63a28dc9b490_1063 .array/port v0x63a28dc9b490, 1063;
v0x63a28dc9b490_1064 .array/port v0x63a28dc9b490, 1064;
v0x63a28dc9b490_1065 .array/port v0x63a28dc9b490, 1065;
v0x63a28dc9b490_1066 .array/port v0x63a28dc9b490, 1066;
E_0x63a28dcbf3d0/266 .event anyedge, v0x63a28dc9b490_1063, v0x63a28dc9b490_1064, v0x63a28dc9b490_1065, v0x63a28dc9b490_1066;
v0x63a28dc9b490_1067 .array/port v0x63a28dc9b490, 1067;
v0x63a28dc9b490_1068 .array/port v0x63a28dc9b490, 1068;
v0x63a28dc9b490_1069 .array/port v0x63a28dc9b490, 1069;
v0x63a28dc9b490_1070 .array/port v0x63a28dc9b490, 1070;
E_0x63a28dcbf3d0/267 .event anyedge, v0x63a28dc9b490_1067, v0x63a28dc9b490_1068, v0x63a28dc9b490_1069, v0x63a28dc9b490_1070;
v0x63a28dc9b490_1071 .array/port v0x63a28dc9b490, 1071;
v0x63a28dc9b490_1072 .array/port v0x63a28dc9b490, 1072;
v0x63a28dc9b490_1073 .array/port v0x63a28dc9b490, 1073;
v0x63a28dc9b490_1074 .array/port v0x63a28dc9b490, 1074;
E_0x63a28dcbf3d0/268 .event anyedge, v0x63a28dc9b490_1071, v0x63a28dc9b490_1072, v0x63a28dc9b490_1073, v0x63a28dc9b490_1074;
v0x63a28dc9b490_1075 .array/port v0x63a28dc9b490, 1075;
v0x63a28dc9b490_1076 .array/port v0x63a28dc9b490, 1076;
v0x63a28dc9b490_1077 .array/port v0x63a28dc9b490, 1077;
v0x63a28dc9b490_1078 .array/port v0x63a28dc9b490, 1078;
E_0x63a28dcbf3d0/269 .event anyedge, v0x63a28dc9b490_1075, v0x63a28dc9b490_1076, v0x63a28dc9b490_1077, v0x63a28dc9b490_1078;
v0x63a28dc9b490_1079 .array/port v0x63a28dc9b490, 1079;
v0x63a28dc9b490_1080 .array/port v0x63a28dc9b490, 1080;
v0x63a28dc9b490_1081 .array/port v0x63a28dc9b490, 1081;
v0x63a28dc9b490_1082 .array/port v0x63a28dc9b490, 1082;
E_0x63a28dcbf3d0/270 .event anyedge, v0x63a28dc9b490_1079, v0x63a28dc9b490_1080, v0x63a28dc9b490_1081, v0x63a28dc9b490_1082;
v0x63a28dc9b490_1083 .array/port v0x63a28dc9b490, 1083;
v0x63a28dc9b490_1084 .array/port v0x63a28dc9b490, 1084;
v0x63a28dc9b490_1085 .array/port v0x63a28dc9b490, 1085;
v0x63a28dc9b490_1086 .array/port v0x63a28dc9b490, 1086;
E_0x63a28dcbf3d0/271 .event anyedge, v0x63a28dc9b490_1083, v0x63a28dc9b490_1084, v0x63a28dc9b490_1085, v0x63a28dc9b490_1086;
v0x63a28dc9b490_1087 .array/port v0x63a28dc9b490, 1087;
v0x63a28dc9b490_1088 .array/port v0x63a28dc9b490, 1088;
v0x63a28dc9b490_1089 .array/port v0x63a28dc9b490, 1089;
v0x63a28dc9b490_1090 .array/port v0x63a28dc9b490, 1090;
E_0x63a28dcbf3d0/272 .event anyedge, v0x63a28dc9b490_1087, v0x63a28dc9b490_1088, v0x63a28dc9b490_1089, v0x63a28dc9b490_1090;
v0x63a28dc9b490_1091 .array/port v0x63a28dc9b490, 1091;
v0x63a28dc9b490_1092 .array/port v0x63a28dc9b490, 1092;
v0x63a28dc9b490_1093 .array/port v0x63a28dc9b490, 1093;
v0x63a28dc9b490_1094 .array/port v0x63a28dc9b490, 1094;
E_0x63a28dcbf3d0/273 .event anyedge, v0x63a28dc9b490_1091, v0x63a28dc9b490_1092, v0x63a28dc9b490_1093, v0x63a28dc9b490_1094;
v0x63a28dc9b490_1095 .array/port v0x63a28dc9b490, 1095;
v0x63a28dc9b490_1096 .array/port v0x63a28dc9b490, 1096;
v0x63a28dc9b490_1097 .array/port v0x63a28dc9b490, 1097;
v0x63a28dc9b490_1098 .array/port v0x63a28dc9b490, 1098;
E_0x63a28dcbf3d0/274 .event anyedge, v0x63a28dc9b490_1095, v0x63a28dc9b490_1096, v0x63a28dc9b490_1097, v0x63a28dc9b490_1098;
v0x63a28dc9b490_1099 .array/port v0x63a28dc9b490, 1099;
v0x63a28dc9b490_1100 .array/port v0x63a28dc9b490, 1100;
v0x63a28dc9b490_1101 .array/port v0x63a28dc9b490, 1101;
v0x63a28dc9b490_1102 .array/port v0x63a28dc9b490, 1102;
E_0x63a28dcbf3d0/275 .event anyedge, v0x63a28dc9b490_1099, v0x63a28dc9b490_1100, v0x63a28dc9b490_1101, v0x63a28dc9b490_1102;
v0x63a28dc9b490_1103 .array/port v0x63a28dc9b490, 1103;
v0x63a28dc9b490_1104 .array/port v0x63a28dc9b490, 1104;
v0x63a28dc9b490_1105 .array/port v0x63a28dc9b490, 1105;
v0x63a28dc9b490_1106 .array/port v0x63a28dc9b490, 1106;
E_0x63a28dcbf3d0/276 .event anyedge, v0x63a28dc9b490_1103, v0x63a28dc9b490_1104, v0x63a28dc9b490_1105, v0x63a28dc9b490_1106;
v0x63a28dc9b490_1107 .array/port v0x63a28dc9b490, 1107;
v0x63a28dc9b490_1108 .array/port v0x63a28dc9b490, 1108;
v0x63a28dc9b490_1109 .array/port v0x63a28dc9b490, 1109;
v0x63a28dc9b490_1110 .array/port v0x63a28dc9b490, 1110;
E_0x63a28dcbf3d0/277 .event anyedge, v0x63a28dc9b490_1107, v0x63a28dc9b490_1108, v0x63a28dc9b490_1109, v0x63a28dc9b490_1110;
v0x63a28dc9b490_1111 .array/port v0x63a28dc9b490, 1111;
v0x63a28dc9b490_1112 .array/port v0x63a28dc9b490, 1112;
v0x63a28dc9b490_1113 .array/port v0x63a28dc9b490, 1113;
v0x63a28dc9b490_1114 .array/port v0x63a28dc9b490, 1114;
E_0x63a28dcbf3d0/278 .event anyedge, v0x63a28dc9b490_1111, v0x63a28dc9b490_1112, v0x63a28dc9b490_1113, v0x63a28dc9b490_1114;
v0x63a28dc9b490_1115 .array/port v0x63a28dc9b490, 1115;
v0x63a28dc9b490_1116 .array/port v0x63a28dc9b490, 1116;
v0x63a28dc9b490_1117 .array/port v0x63a28dc9b490, 1117;
v0x63a28dc9b490_1118 .array/port v0x63a28dc9b490, 1118;
E_0x63a28dcbf3d0/279 .event anyedge, v0x63a28dc9b490_1115, v0x63a28dc9b490_1116, v0x63a28dc9b490_1117, v0x63a28dc9b490_1118;
v0x63a28dc9b490_1119 .array/port v0x63a28dc9b490, 1119;
v0x63a28dc9b490_1120 .array/port v0x63a28dc9b490, 1120;
v0x63a28dc9b490_1121 .array/port v0x63a28dc9b490, 1121;
v0x63a28dc9b490_1122 .array/port v0x63a28dc9b490, 1122;
E_0x63a28dcbf3d0/280 .event anyedge, v0x63a28dc9b490_1119, v0x63a28dc9b490_1120, v0x63a28dc9b490_1121, v0x63a28dc9b490_1122;
v0x63a28dc9b490_1123 .array/port v0x63a28dc9b490, 1123;
v0x63a28dc9b490_1124 .array/port v0x63a28dc9b490, 1124;
v0x63a28dc9b490_1125 .array/port v0x63a28dc9b490, 1125;
v0x63a28dc9b490_1126 .array/port v0x63a28dc9b490, 1126;
E_0x63a28dcbf3d0/281 .event anyedge, v0x63a28dc9b490_1123, v0x63a28dc9b490_1124, v0x63a28dc9b490_1125, v0x63a28dc9b490_1126;
v0x63a28dc9b490_1127 .array/port v0x63a28dc9b490, 1127;
v0x63a28dc9b490_1128 .array/port v0x63a28dc9b490, 1128;
v0x63a28dc9b490_1129 .array/port v0x63a28dc9b490, 1129;
v0x63a28dc9b490_1130 .array/port v0x63a28dc9b490, 1130;
E_0x63a28dcbf3d0/282 .event anyedge, v0x63a28dc9b490_1127, v0x63a28dc9b490_1128, v0x63a28dc9b490_1129, v0x63a28dc9b490_1130;
v0x63a28dc9b490_1131 .array/port v0x63a28dc9b490, 1131;
v0x63a28dc9b490_1132 .array/port v0x63a28dc9b490, 1132;
v0x63a28dc9b490_1133 .array/port v0x63a28dc9b490, 1133;
v0x63a28dc9b490_1134 .array/port v0x63a28dc9b490, 1134;
E_0x63a28dcbf3d0/283 .event anyedge, v0x63a28dc9b490_1131, v0x63a28dc9b490_1132, v0x63a28dc9b490_1133, v0x63a28dc9b490_1134;
v0x63a28dc9b490_1135 .array/port v0x63a28dc9b490, 1135;
v0x63a28dc9b490_1136 .array/port v0x63a28dc9b490, 1136;
v0x63a28dc9b490_1137 .array/port v0x63a28dc9b490, 1137;
v0x63a28dc9b490_1138 .array/port v0x63a28dc9b490, 1138;
E_0x63a28dcbf3d0/284 .event anyedge, v0x63a28dc9b490_1135, v0x63a28dc9b490_1136, v0x63a28dc9b490_1137, v0x63a28dc9b490_1138;
v0x63a28dc9b490_1139 .array/port v0x63a28dc9b490, 1139;
v0x63a28dc9b490_1140 .array/port v0x63a28dc9b490, 1140;
v0x63a28dc9b490_1141 .array/port v0x63a28dc9b490, 1141;
v0x63a28dc9b490_1142 .array/port v0x63a28dc9b490, 1142;
E_0x63a28dcbf3d0/285 .event anyedge, v0x63a28dc9b490_1139, v0x63a28dc9b490_1140, v0x63a28dc9b490_1141, v0x63a28dc9b490_1142;
v0x63a28dc9b490_1143 .array/port v0x63a28dc9b490, 1143;
v0x63a28dc9b490_1144 .array/port v0x63a28dc9b490, 1144;
v0x63a28dc9b490_1145 .array/port v0x63a28dc9b490, 1145;
v0x63a28dc9b490_1146 .array/port v0x63a28dc9b490, 1146;
E_0x63a28dcbf3d0/286 .event anyedge, v0x63a28dc9b490_1143, v0x63a28dc9b490_1144, v0x63a28dc9b490_1145, v0x63a28dc9b490_1146;
v0x63a28dc9b490_1147 .array/port v0x63a28dc9b490, 1147;
v0x63a28dc9b490_1148 .array/port v0x63a28dc9b490, 1148;
v0x63a28dc9b490_1149 .array/port v0x63a28dc9b490, 1149;
v0x63a28dc9b490_1150 .array/port v0x63a28dc9b490, 1150;
E_0x63a28dcbf3d0/287 .event anyedge, v0x63a28dc9b490_1147, v0x63a28dc9b490_1148, v0x63a28dc9b490_1149, v0x63a28dc9b490_1150;
v0x63a28dc9b490_1151 .array/port v0x63a28dc9b490, 1151;
v0x63a28dc9b490_1152 .array/port v0x63a28dc9b490, 1152;
v0x63a28dc9b490_1153 .array/port v0x63a28dc9b490, 1153;
v0x63a28dc9b490_1154 .array/port v0x63a28dc9b490, 1154;
E_0x63a28dcbf3d0/288 .event anyedge, v0x63a28dc9b490_1151, v0x63a28dc9b490_1152, v0x63a28dc9b490_1153, v0x63a28dc9b490_1154;
v0x63a28dc9b490_1155 .array/port v0x63a28dc9b490, 1155;
v0x63a28dc9b490_1156 .array/port v0x63a28dc9b490, 1156;
v0x63a28dc9b490_1157 .array/port v0x63a28dc9b490, 1157;
v0x63a28dc9b490_1158 .array/port v0x63a28dc9b490, 1158;
E_0x63a28dcbf3d0/289 .event anyedge, v0x63a28dc9b490_1155, v0x63a28dc9b490_1156, v0x63a28dc9b490_1157, v0x63a28dc9b490_1158;
v0x63a28dc9b490_1159 .array/port v0x63a28dc9b490, 1159;
v0x63a28dc9b490_1160 .array/port v0x63a28dc9b490, 1160;
v0x63a28dc9b490_1161 .array/port v0x63a28dc9b490, 1161;
v0x63a28dc9b490_1162 .array/port v0x63a28dc9b490, 1162;
E_0x63a28dcbf3d0/290 .event anyedge, v0x63a28dc9b490_1159, v0x63a28dc9b490_1160, v0x63a28dc9b490_1161, v0x63a28dc9b490_1162;
v0x63a28dc9b490_1163 .array/port v0x63a28dc9b490, 1163;
v0x63a28dc9b490_1164 .array/port v0x63a28dc9b490, 1164;
v0x63a28dc9b490_1165 .array/port v0x63a28dc9b490, 1165;
v0x63a28dc9b490_1166 .array/port v0x63a28dc9b490, 1166;
E_0x63a28dcbf3d0/291 .event anyedge, v0x63a28dc9b490_1163, v0x63a28dc9b490_1164, v0x63a28dc9b490_1165, v0x63a28dc9b490_1166;
v0x63a28dc9b490_1167 .array/port v0x63a28dc9b490, 1167;
v0x63a28dc9b490_1168 .array/port v0x63a28dc9b490, 1168;
v0x63a28dc9b490_1169 .array/port v0x63a28dc9b490, 1169;
v0x63a28dc9b490_1170 .array/port v0x63a28dc9b490, 1170;
E_0x63a28dcbf3d0/292 .event anyedge, v0x63a28dc9b490_1167, v0x63a28dc9b490_1168, v0x63a28dc9b490_1169, v0x63a28dc9b490_1170;
v0x63a28dc9b490_1171 .array/port v0x63a28dc9b490, 1171;
v0x63a28dc9b490_1172 .array/port v0x63a28dc9b490, 1172;
v0x63a28dc9b490_1173 .array/port v0x63a28dc9b490, 1173;
v0x63a28dc9b490_1174 .array/port v0x63a28dc9b490, 1174;
E_0x63a28dcbf3d0/293 .event anyedge, v0x63a28dc9b490_1171, v0x63a28dc9b490_1172, v0x63a28dc9b490_1173, v0x63a28dc9b490_1174;
v0x63a28dc9b490_1175 .array/port v0x63a28dc9b490, 1175;
v0x63a28dc9b490_1176 .array/port v0x63a28dc9b490, 1176;
v0x63a28dc9b490_1177 .array/port v0x63a28dc9b490, 1177;
v0x63a28dc9b490_1178 .array/port v0x63a28dc9b490, 1178;
E_0x63a28dcbf3d0/294 .event anyedge, v0x63a28dc9b490_1175, v0x63a28dc9b490_1176, v0x63a28dc9b490_1177, v0x63a28dc9b490_1178;
v0x63a28dc9b490_1179 .array/port v0x63a28dc9b490, 1179;
v0x63a28dc9b490_1180 .array/port v0x63a28dc9b490, 1180;
v0x63a28dc9b490_1181 .array/port v0x63a28dc9b490, 1181;
v0x63a28dc9b490_1182 .array/port v0x63a28dc9b490, 1182;
E_0x63a28dcbf3d0/295 .event anyedge, v0x63a28dc9b490_1179, v0x63a28dc9b490_1180, v0x63a28dc9b490_1181, v0x63a28dc9b490_1182;
v0x63a28dc9b490_1183 .array/port v0x63a28dc9b490, 1183;
v0x63a28dc9b490_1184 .array/port v0x63a28dc9b490, 1184;
v0x63a28dc9b490_1185 .array/port v0x63a28dc9b490, 1185;
v0x63a28dc9b490_1186 .array/port v0x63a28dc9b490, 1186;
E_0x63a28dcbf3d0/296 .event anyedge, v0x63a28dc9b490_1183, v0x63a28dc9b490_1184, v0x63a28dc9b490_1185, v0x63a28dc9b490_1186;
v0x63a28dc9b490_1187 .array/port v0x63a28dc9b490, 1187;
v0x63a28dc9b490_1188 .array/port v0x63a28dc9b490, 1188;
v0x63a28dc9b490_1189 .array/port v0x63a28dc9b490, 1189;
v0x63a28dc9b490_1190 .array/port v0x63a28dc9b490, 1190;
E_0x63a28dcbf3d0/297 .event anyedge, v0x63a28dc9b490_1187, v0x63a28dc9b490_1188, v0x63a28dc9b490_1189, v0x63a28dc9b490_1190;
v0x63a28dc9b490_1191 .array/port v0x63a28dc9b490, 1191;
v0x63a28dc9b490_1192 .array/port v0x63a28dc9b490, 1192;
v0x63a28dc9b490_1193 .array/port v0x63a28dc9b490, 1193;
v0x63a28dc9b490_1194 .array/port v0x63a28dc9b490, 1194;
E_0x63a28dcbf3d0/298 .event anyedge, v0x63a28dc9b490_1191, v0x63a28dc9b490_1192, v0x63a28dc9b490_1193, v0x63a28dc9b490_1194;
v0x63a28dc9b490_1195 .array/port v0x63a28dc9b490, 1195;
v0x63a28dc9b490_1196 .array/port v0x63a28dc9b490, 1196;
v0x63a28dc9b490_1197 .array/port v0x63a28dc9b490, 1197;
v0x63a28dc9b490_1198 .array/port v0x63a28dc9b490, 1198;
E_0x63a28dcbf3d0/299 .event anyedge, v0x63a28dc9b490_1195, v0x63a28dc9b490_1196, v0x63a28dc9b490_1197, v0x63a28dc9b490_1198;
v0x63a28dc9b490_1199 .array/port v0x63a28dc9b490, 1199;
v0x63a28dc9b490_1200 .array/port v0x63a28dc9b490, 1200;
v0x63a28dc9b490_1201 .array/port v0x63a28dc9b490, 1201;
v0x63a28dc9b490_1202 .array/port v0x63a28dc9b490, 1202;
E_0x63a28dcbf3d0/300 .event anyedge, v0x63a28dc9b490_1199, v0x63a28dc9b490_1200, v0x63a28dc9b490_1201, v0x63a28dc9b490_1202;
v0x63a28dc9b490_1203 .array/port v0x63a28dc9b490, 1203;
v0x63a28dc9b490_1204 .array/port v0x63a28dc9b490, 1204;
v0x63a28dc9b490_1205 .array/port v0x63a28dc9b490, 1205;
v0x63a28dc9b490_1206 .array/port v0x63a28dc9b490, 1206;
E_0x63a28dcbf3d0/301 .event anyedge, v0x63a28dc9b490_1203, v0x63a28dc9b490_1204, v0x63a28dc9b490_1205, v0x63a28dc9b490_1206;
v0x63a28dc9b490_1207 .array/port v0x63a28dc9b490, 1207;
v0x63a28dc9b490_1208 .array/port v0x63a28dc9b490, 1208;
v0x63a28dc9b490_1209 .array/port v0x63a28dc9b490, 1209;
v0x63a28dc9b490_1210 .array/port v0x63a28dc9b490, 1210;
E_0x63a28dcbf3d0/302 .event anyedge, v0x63a28dc9b490_1207, v0x63a28dc9b490_1208, v0x63a28dc9b490_1209, v0x63a28dc9b490_1210;
v0x63a28dc9b490_1211 .array/port v0x63a28dc9b490, 1211;
v0x63a28dc9b490_1212 .array/port v0x63a28dc9b490, 1212;
v0x63a28dc9b490_1213 .array/port v0x63a28dc9b490, 1213;
v0x63a28dc9b490_1214 .array/port v0x63a28dc9b490, 1214;
E_0x63a28dcbf3d0/303 .event anyedge, v0x63a28dc9b490_1211, v0x63a28dc9b490_1212, v0x63a28dc9b490_1213, v0x63a28dc9b490_1214;
v0x63a28dc9b490_1215 .array/port v0x63a28dc9b490, 1215;
v0x63a28dc9b490_1216 .array/port v0x63a28dc9b490, 1216;
v0x63a28dc9b490_1217 .array/port v0x63a28dc9b490, 1217;
v0x63a28dc9b490_1218 .array/port v0x63a28dc9b490, 1218;
E_0x63a28dcbf3d0/304 .event anyedge, v0x63a28dc9b490_1215, v0x63a28dc9b490_1216, v0x63a28dc9b490_1217, v0x63a28dc9b490_1218;
v0x63a28dc9b490_1219 .array/port v0x63a28dc9b490, 1219;
v0x63a28dc9b490_1220 .array/port v0x63a28dc9b490, 1220;
v0x63a28dc9b490_1221 .array/port v0x63a28dc9b490, 1221;
v0x63a28dc9b490_1222 .array/port v0x63a28dc9b490, 1222;
E_0x63a28dcbf3d0/305 .event anyedge, v0x63a28dc9b490_1219, v0x63a28dc9b490_1220, v0x63a28dc9b490_1221, v0x63a28dc9b490_1222;
v0x63a28dc9b490_1223 .array/port v0x63a28dc9b490, 1223;
v0x63a28dc9b490_1224 .array/port v0x63a28dc9b490, 1224;
v0x63a28dc9b490_1225 .array/port v0x63a28dc9b490, 1225;
v0x63a28dc9b490_1226 .array/port v0x63a28dc9b490, 1226;
E_0x63a28dcbf3d0/306 .event anyedge, v0x63a28dc9b490_1223, v0x63a28dc9b490_1224, v0x63a28dc9b490_1225, v0x63a28dc9b490_1226;
v0x63a28dc9b490_1227 .array/port v0x63a28dc9b490, 1227;
v0x63a28dc9b490_1228 .array/port v0x63a28dc9b490, 1228;
v0x63a28dc9b490_1229 .array/port v0x63a28dc9b490, 1229;
v0x63a28dc9b490_1230 .array/port v0x63a28dc9b490, 1230;
E_0x63a28dcbf3d0/307 .event anyedge, v0x63a28dc9b490_1227, v0x63a28dc9b490_1228, v0x63a28dc9b490_1229, v0x63a28dc9b490_1230;
v0x63a28dc9b490_1231 .array/port v0x63a28dc9b490, 1231;
v0x63a28dc9b490_1232 .array/port v0x63a28dc9b490, 1232;
v0x63a28dc9b490_1233 .array/port v0x63a28dc9b490, 1233;
v0x63a28dc9b490_1234 .array/port v0x63a28dc9b490, 1234;
E_0x63a28dcbf3d0/308 .event anyedge, v0x63a28dc9b490_1231, v0x63a28dc9b490_1232, v0x63a28dc9b490_1233, v0x63a28dc9b490_1234;
v0x63a28dc9b490_1235 .array/port v0x63a28dc9b490, 1235;
v0x63a28dc9b490_1236 .array/port v0x63a28dc9b490, 1236;
v0x63a28dc9b490_1237 .array/port v0x63a28dc9b490, 1237;
v0x63a28dc9b490_1238 .array/port v0x63a28dc9b490, 1238;
E_0x63a28dcbf3d0/309 .event anyedge, v0x63a28dc9b490_1235, v0x63a28dc9b490_1236, v0x63a28dc9b490_1237, v0x63a28dc9b490_1238;
v0x63a28dc9b490_1239 .array/port v0x63a28dc9b490, 1239;
v0x63a28dc9b490_1240 .array/port v0x63a28dc9b490, 1240;
v0x63a28dc9b490_1241 .array/port v0x63a28dc9b490, 1241;
v0x63a28dc9b490_1242 .array/port v0x63a28dc9b490, 1242;
E_0x63a28dcbf3d0/310 .event anyedge, v0x63a28dc9b490_1239, v0x63a28dc9b490_1240, v0x63a28dc9b490_1241, v0x63a28dc9b490_1242;
v0x63a28dc9b490_1243 .array/port v0x63a28dc9b490, 1243;
v0x63a28dc9b490_1244 .array/port v0x63a28dc9b490, 1244;
v0x63a28dc9b490_1245 .array/port v0x63a28dc9b490, 1245;
v0x63a28dc9b490_1246 .array/port v0x63a28dc9b490, 1246;
E_0x63a28dcbf3d0/311 .event anyedge, v0x63a28dc9b490_1243, v0x63a28dc9b490_1244, v0x63a28dc9b490_1245, v0x63a28dc9b490_1246;
v0x63a28dc9b490_1247 .array/port v0x63a28dc9b490, 1247;
v0x63a28dc9b490_1248 .array/port v0x63a28dc9b490, 1248;
v0x63a28dc9b490_1249 .array/port v0x63a28dc9b490, 1249;
v0x63a28dc9b490_1250 .array/port v0x63a28dc9b490, 1250;
E_0x63a28dcbf3d0/312 .event anyedge, v0x63a28dc9b490_1247, v0x63a28dc9b490_1248, v0x63a28dc9b490_1249, v0x63a28dc9b490_1250;
v0x63a28dc9b490_1251 .array/port v0x63a28dc9b490, 1251;
v0x63a28dc9b490_1252 .array/port v0x63a28dc9b490, 1252;
v0x63a28dc9b490_1253 .array/port v0x63a28dc9b490, 1253;
v0x63a28dc9b490_1254 .array/port v0x63a28dc9b490, 1254;
E_0x63a28dcbf3d0/313 .event anyedge, v0x63a28dc9b490_1251, v0x63a28dc9b490_1252, v0x63a28dc9b490_1253, v0x63a28dc9b490_1254;
v0x63a28dc9b490_1255 .array/port v0x63a28dc9b490, 1255;
v0x63a28dc9b490_1256 .array/port v0x63a28dc9b490, 1256;
v0x63a28dc9b490_1257 .array/port v0x63a28dc9b490, 1257;
v0x63a28dc9b490_1258 .array/port v0x63a28dc9b490, 1258;
E_0x63a28dcbf3d0/314 .event anyedge, v0x63a28dc9b490_1255, v0x63a28dc9b490_1256, v0x63a28dc9b490_1257, v0x63a28dc9b490_1258;
v0x63a28dc9b490_1259 .array/port v0x63a28dc9b490, 1259;
v0x63a28dc9b490_1260 .array/port v0x63a28dc9b490, 1260;
v0x63a28dc9b490_1261 .array/port v0x63a28dc9b490, 1261;
v0x63a28dc9b490_1262 .array/port v0x63a28dc9b490, 1262;
E_0x63a28dcbf3d0/315 .event anyedge, v0x63a28dc9b490_1259, v0x63a28dc9b490_1260, v0x63a28dc9b490_1261, v0x63a28dc9b490_1262;
v0x63a28dc9b490_1263 .array/port v0x63a28dc9b490, 1263;
v0x63a28dc9b490_1264 .array/port v0x63a28dc9b490, 1264;
v0x63a28dc9b490_1265 .array/port v0x63a28dc9b490, 1265;
v0x63a28dc9b490_1266 .array/port v0x63a28dc9b490, 1266;
E_0x63a28dcbf3d0/316 .event anyedge, v0x63a28dc9b490_1263, v0x63a28dc9b490_1264, v0x63a28dc9b490_1265, v0x63a28dc9b490_1266;
v0x63a28dc9b490_1267 .array/port v0x63a28dc9b490, 1267;
v0x63a28dc9b490_1268 .array/port v0x63a28dc9b490, 1268;
v0x63a28dc9b490_1269 .array/port v0x63a28dc9b490, 1269;
v0x63a28dc9b490_1270 .array/port v0x63a28dc9b490, 1270;
E_0x63a28dcbf3d0/317 .event anyedge, v0x63a28dc9b490_1267, v0x63a28dc9b490_1268, v0x63a28dc9b490_1269, v0x63a28dc9b490_1270;
v0x63a28dc9b490_1271 .array/port v0x63a28dc9b490, 1271;
v0x63a28dc9b490_1272 .array/port v0x63a28dc9b490, 1272;
v0x63a28dc9b490_1273 .array/port v0x63a28dc9b490, 1273;
v0x63a28dc9b490_1274 .array/port v0x63a28dc9b490, 1274;
E_0x63a28dcbf3d0/318 .event anyedge, v0x63a28dc9b490_1271, v0x63a28dc9b490_1272, v0x63a28dc9b490_1273, v0x63a28dc9b490_1274;
v0x63a28dc9b490_1275 .array/port v0x63a28dc9b490, 1275;
v0x63a28dc9b490_1276 .array/port v0x63a28dc9b490, 1276;
v0x63a28dc9b490_1277 .array/port v0x63a28dc9b490, 1277;
v0x63a28dc9b490_1278 .array/port v0x63a28dc9b490, 1278;
E_0x63a28dcbf3d0/319 .event anyedge, v0x63a28dc9b490_1275, v0x63a28dc9b490_1276, v0x63a28dc9b490_1277, v0x63a28dc9b490_1278;
v0x63a28dc9b490_1279 .array/port v0x63a28dc9b490, 1279;
v0x63a28dc9b490_1280 .array/port v0x63a28dc9b490, 1280;
v0x63a28dc9b490_1281 .array/port v0x63a28dc9b490, 1281;
v0x63a28dc9b490_1282 .array/port v0x63a28dc9b490, 1282;
E_0x63a28dcbf3d0/320 .event anyedge, v0x63a28dc9b490_1279, v0x63a28dc9b490_1280, v0x63a28dc9b490_1281, v0x63a28dc9b490_1282;
v0x63a28dc9b490_1283 .array/port v0x63a28dc9b490, 1283;
v0x63a28dc9b490_1284 .array/port v0x63a28dc9b490, 1284;
v0x63a28dc9b490_1285 .array/port v0x63a28dc9b490, 1285;
v0x63a28dc9b490_1286 .array/port v0x63a28dc9b490, 1286;
E_0x63a28dcbf3d0/321 .event anyedge, v0x63a28dc9b490_1283, v0x63a28dc9b490_1284, v0x63a28dc9b490_1285, v0x63a28dc9b490_1286;
v0x63a28dc9b490_1287 .array/port v0x63a28dc9b490, 1287;
v0x63a28dc9b490_1288 .array/port v0x63a28dc9b490, 1288;
v0x63a28dc9b490_1289 .array/port v0x63a28dc9b490, 1289;
v0x63a28dc9b490_1290 .array/port v0x63a28dc9b490, 1290;
E_0x63a28dcbf3d0/322 .event anyedge, v0x63a28dc9b490_1287, v0x63a28dc9b490_1288, v0x63a28dc9b490_1289, v0x63a28dc9b490_1290;
v0x63a28dc9b490_1291 .array/port v0x63a28dc9b490, 1291;
v0x63a28dc9b490_1292 .array/port v0x63a28dc9b490, 1292;
v0x63a28dc9b490_1293 .array/port v0x63a28dc9b490, 1293;
v0x63a28dc9b490_1294 .array/port v0x63a28dc9b490, 1294;
E_0x63a28dcbf3d0/323 .event anyedge, v0x63a28dc9b490_1291, v0x63a28dc9b490_1292, v0x63a28dc9b490_1293, v0x63a28dc9b490_1294;
v0x63a28dc9b490_1295 .array/port v0x63a28dc9b490, 1295;
v0x63a28dc9b490_1296 .array/port v0x63a28dc9b490, 1296;
v0x63a28dc9b490_1297 .array/port v0x63a28dc9b490, 1297;
v0x63a28dc9b490_1298 .array/port v0x63a28dc9b490, 1298;
E_0x63a28dcbf3d0/324 .event anyedge, v0x63a28dc9b490_1295, v0x63a28dc9b490_1296, v0x63a28dc9b490_1297, v0x63a28dc9b490_1298;
v0x63a28dc9b490_1299 .array/port v0x63a28dc9b490, 1299;
v0x63a28dc9b490_1300 .array/port v0x63a28dc9b490, 1300;
v0x63a28dc9b490_1301 .array/port v0x63a28dc9b490, 1301;
v0x63a28dc9b490_1302 .array/port v0x63a28dc9b490, 1302;
E_0x63a28dcbf3d0/325 .event anyedge, v0x63a28dc9b490_1299, v0x63a28dc9b490_1300, v0x63a28dc9b490_1301, v0x63a28dc9b490_1302;
v0x63a28dc9b490_1303 .array/port v0x63a28dc9b490, 1303;
v0x63a28dc9b490_1304 .array/port v0x63a28dc9b490, 1304;
v0x63a28dc9b490_1305 .array/port v0x63a28dc9b490, 1305;
v0x63a28dc9b490_1306 .array/port v0x63a28dc9b490, 1306;
E_0x63a28dcbf3d0/326 .event anyedge, v0x63a28dc9b490_1303, v0x63a28dc9b490_1304, v0x63a28dc9b490_1305, v0x63a28dc9b490_1306;
v0x63a28dc9b490_1307 .array/port v0x63a28dc9b490, 1307;
v0x63a28dc9b490_1308 .array/port v0x63a28dc9b490, 1308;
v0x63a28dc9b490_1309 .array/port v0x63a28dc9b490, 1309;
v0x63a28dc9b490_1310 .array/port v0x63a28dc9b490, 1310;
E_0x63a28dcbf3d0/327 .event anyedge, v0x63a28dc9b490_1307, v0x63a28dc9b490_1308, v0x63a28dc9b490_1309, v0x63a28dc9b490_1310;
v0x63a28dc9b490_1311 .array/port v0x63a28dc9b490, 1311;
v0x63a28dc9b490_1312 .array/port v0x63a28dc9b490, 1312;
v0x63a28dc9b490_1313 .array/port v0x63a28dc9b490, 1313;
v0x63a28dc9b490_1314 .array/port v0x63a28dc9b490, 1314;
E_0x63a28dcbf3d0/328 .event anyedge, v0x63a28dc9b490_1311, v0x63a28dc9b490_1312, v0x63a28dc9b490_1313, v0x63a28dc9b490_1314;
v0x63a28dc9b490_1315 .array/port v0x63a28dc9b490, 1315;
v0x63a28dc9b490_1316 .array/port v0x63a28dc9b490, 1316;
v0x63a28dc9b490_1317 .array/port v0x63a28dc9b490, 1317;
v0x63a28dc9b490_1318 .array/port v0x63a28dc9b490, 1318;
E_0x63a28dcbf3d0/329 .event anyedge, v0x63a28dc9b490_1315, v0x63a28dc9b490_1316, v0x63a28dc9b490_1317, v0x63a28dc9b490_1318;
v0x63a28dc9b490_1319 .array/port v0x63a28dc9b490, 1319;
v0x63a28dc9b490_1320 .array/port v0x63a28dc9b490, 1320;
v0x63a28dc9b490_1321 .array/port v0x63a28dc9b490, 1321;
v0x63a28dc9b490_1322 .array/port v0x63a28dc9b490, 1322;
E_0x63a28dcbf3d0/330 .event anyedge, v0x63a28dc9b490_1319, v0x63a28dc9b490_1320, v0x63a28dc9b490_1321, v0x63a28dc9b490_1322;
v0x63a28dc9b490_1323 .array/port v0x63a28dc9b490, 1323;
v0x63a28dc9b490_1324 .array/port v0x63a28dc9b490, 1324;
v0x63a28dc9b490_1325 .array/port v0x63a28dc9b490, 1325;
v0x63a28dc9b490_1326 .array/port v0x63a28dc9b490, 1326;
E_0x63a28dcbf3d0/331 .event anyedge, v0x63a28dc9b490_1323, v0x63a28dc9b490_1324, v0x63a28dc9b490_1325, v0x63a28dc9b490_1326;
v0x63a28dc9b490_1327 .array/port v0x63a28dc9b490, 1327;
v0x63a28dc9b490_1328 .array/port v0x63a28dc9b490, 1328;
v0x63a28dc9b490_1329 .array/port v0x63a28dc9b490, 1329;
v0x63a28dc9b490_1330 .array/port v0x63a28dc9b490, 1330;
E_0x63a28dcbf3d0/332 .event anyedge, v0x63a28dc9b490_1327, v0x63a28dc9b490_1328, v0x63a28dc9b490_1329, v0x63a28dc9b490_1330;
v0x63a28dc9b490_1331 .array/port v0x63a28dc9b490, 1331;
v0x63a28dc9b490_1332 .array/port v0x63a28dc9b490, 1332;
v0x63a28dc9b490_1333 .array/port v0x63a28dc9b490, 1333;
v0x63a28dc9b490_1334 .array/port v0x63a28dc9b490, 1334;
E_0x63a28dcbf3d0/333 .event anyedge, v0x63a28dc9b490_1331, v0x63a28dc9b490_1332, v0x63a28dc9b490_1333, v0x63a28dc9b490_1334;
v0x63a28dc9b490_1335 .array/port v0x63a28dc9b490, 1335;
v0x63a28dc9b490_1336 .array/port v0x63a28dc9b490, 1336;
v0x63a28dc9b490_1337 .array/port v0x63a28dc9b490, 1337;
v0x63a28dc9b490_1338 .array/port v0x63a28dc9b490, 1338;
E_0x63a28dcbf3d0/334 .event anyedge, v0x63a28dc9b490_1335, v0x63a28dc9b490_1336, v0x63a28dc9b490_1337, v0x63a28dc9b490_1338;
v0x63a28dc9b490_1339 .array/port v0x63a28dc9b490, 1339;
v0x63a28dc9b490_1340 .array/port v0x63a28dc9b490, 1340;
v0x63a28dc9b490_1341 .array/port v0x63a28dc9b490, 1341;
v0x63a28dc9b490_1342 .array/port v0x63a28dc9b490, 1342;
E_0x63a28dcbf3d0/335 .event anyedge, v0x63a28dc9b490_1339, v0x63a28dc9b490_1340, v0x63a28dc9b490_1341, v0x63a28dc9b490_1342;
v0x63a28dc9b490_1343 .array/port v0x63a28dc9b490, 1343;
v0x63a28dc9b490_1344 .array/port v0x63a28dc9b490, 1344;
v0x63a28dc9b490_1345 .array/port v0x63a28dc9b490, 1345;
v0x63a28dc9b490_1346 .array/port v0x63a28dc9b490, 1346;
E_0x63a28dcbf3d0/336 .event anyedge, v0x63a28dc9b490_1343, v0x63a28dc9b490_1344, v0x63a28dc9b490_1345, v0x63a28dc9b490_1346;
v0x63a28dc9b490_1347 .array/port v0x63a28dc9b490, 1347;
v0x63a28dc9b490_1348 .array/port v0x63a28dc9b490, 1348;
v0x63a28dc9b490_1349 .array/port v0x63a28dc9b490, 1349;
v0x63a28dc9b490_1350 .array/port v0x63a28dc9b490, 1350;
E_0x63a28dcbf3d0/337 .event anyedge, v0x63a28dc9b490_1347, v0x63a28dc9b490_1348, v0x63a28dc9b490_1349, v0x63a28dc9b490_1350;
v0x63a28dc9b490_1351 .array/port v0x63a28dc9b490, 1351;
v0x63a28dc9b490_1352 .array/port v0x63a28dc9b490, 1352;
v0x63a28dc9b490_1353 .array/port v0x63a28dc9b490, 1353;
v0x63a28dc9b490_1354 .array/port v0x63a28dc9b490, 1354;
E_0x63a28dcbf3d0/338 .event anyedge, v0x63a28dc9b490_1351, v0x63a28dc9b490_1352, v0x63a28dc9b490_1353, v0x63a28dc9b490_1354;
v0x63a28dc9b490_1355 .array/port v0x63a28dc9b490, 1355;
v0x63a28dc9b490_1356 .array/port v0x63a28dc9b490, 1356;
v0x63a28dc9b490_1357 .array/port v0x63a28dc9b490, 1357;
v0x63a28dc9b490_1358 .array/port v0x63a28dc9b490, 1358;
E_0x63a28dcbf3d0/339 .event anyedge, v0x63a28dc9b490_1355, v0x63a28dc9b490_1356, v0x63a28dc9b490_1357, v0x63a28dc9b490_1358;
v0x63a28dc9b490_1359 .array/port v0x63a28dc9b490, 1359;
v0x63a28dc9b490_1360 .array/port v0x63a28dc9b490, 1360;
v0x63a28dc9b490_1361 .array/port v0x63a28dc9b490, 1361;
v0x63a28dc9b490_1362 .array/port v0x63a28dc9b490, 1362;
E_0x63a28dcbf3d0/340 .event anyedge, v0x63a28dc9b490_1359, v0x63a28dc9b490_1360, v0x63a28dc9b490_1361, v0x63a28dc9b490_1362;
v0x63a28dc9b490_1363 .array/port v0x63a28dc9b490, 1363;
v0x63a28dc9b490_1364 .array/port v0x63a28dc9b490, 1364;
v0x63a28dc9b490_1365 .array/port v0x63a28dc9b490, 1365;
v0x63a28dc9b490_1366 .array/port v0x63a28dc9b490, 1366;
E_0x63a28dcbf3d0/341 .event anyedge, v0x63a28dc9b490_1363, v0x63a28dc9b490_1364, v0x63a28dc9b490_1365, v0x63a28dc9b490_1366;
v0x63a28dc9b490_1367 .array/port v0x63a28dc9b490, 1367;
v0x63a28dc9b490_1368 .array/port v0x63a28dc9b490, 1368;
v0x63a28dc9b490_1369 .array/port v0x63a28dc9b490, 1369;
v0x63a28dc9b490_1370 .array/port v0x63a28dc9b490, 1370;
E_0x63a28dcbf3d0/342 .event anyedge, v0x63a28dc9b490_1367, v0x63a28dc9b490_1368, v0x63a28dc9b490_1369, v0x63a28dc9b490_1370;
v0x63a28dc9b490_1371 .array/port v0x63a28dc9b490, 1371;
v0x63a28dc9b490_1372 .array/port v0x63a28dc9b490, 1372;
v0x63a28dc9b490_1373 .array/port v0x63a28dc9b490, 1373;
v0x63a28dc9b490_1374 .array/port v0x63a28dc9b490, 1374;
E_0x63a28dcbf3d0/343 .event anyedge, v0x63a28dc9b490_1371, v0x63a28dc9b490_1372, v0x63a28dc9b490_1373, v0x63a28dc9b490_1374;
v0x63a28dc9b490_1375 .array/port v0x63a28dc9b490, 1375;
v0x63a28dc9b490_1376 .array/port v0x63a28dc9b490, 1376;
v0x63a28dc9b490_1377 .array/port v0x63a28dc9b490, 1377;
v0x63a28dc9b490_1378 .array/port v0x63a28dc9b490, 1378;
E_0x63a28dcbf3d0/344 .event anyedge, v0x63a28dc9b490_1375, v0x63a28dc9b490_1376, v0x63a28dc9b490_1377, v0x63a28dc9b490_1378;
v0x63a28dc9b490_1379 .array/port v0x63a28dc9b490, 1379;
v0x63a28dc9b490_1380 .array/port v0x63a28dc9b490, 1380;
v0x63a28dc9b490_1381 .array/port v0x63a28dc9b490, 1381;
v0x63a28dc9b490_1382 .array/port v0x63a28dc9b490, 1382;
E_0x63a28dcbf3d0/345 .event anyedge, v0x63a28dc9b490_1379, v0x63a28dc9b490_1380, v0x63a28dc9b490_1381, v0x63a28dc9b490_1382;
v0x63a28dc9b490_1383 .array/port v0x63a28dc9b490, 1383;
v0x63a28dc9b490_1384 .array/port v0x63a28dc9b490, 1384;
v0x63a28dc9b490_1385 .array/port v0x63a28dc9b490, 1385;
v0x63a28dc9b490_1386 .array/port v0x63a28dc9b490, 1386;
E_0x63a28dcbf3d0/346 .event anyedge, v0x63a28dc9b490_1383, v0x63a28dc9b490_1384, v0x63a28dc9b490_1385, v0x63a28dc9b490_1386;
v0x63a28dc9b490_1387 .array/port v0x63a28dc9b490, 1387;
v0x63a28dc9b490_1388 .array/port v0x63a28dc9b490, 1388;
v0x63a28dc9b490_1389 .array/port v0x63a28dc9b490, 1389;
v0x63a28dc9b490_1390 .array/port v0x63a28dc9b490, 1390;
E_0x63a28dcbf3d0/347 .event anyedge, v0x63a28dc9b490_1387, v0x63a28dc9b490_1388, v0x63a28dc9b490_1389, v0x63a28dc9b490_1390;
v0x63a28dc9b490_1391 .array/port v0x63a28dc9b490, 1391;
v0x63a28dc9b490_1392 .array/port v0x63a28dc9b490, 1392;
v0x63a28dc9b490_1393 .array/port v0x63a28dc9b490, 1393;
v0x63a28dc9b490_1394 .array/port v0x63a28dc9b490, 1394;
E_0x63a28dcbf3d0/348 .event anyedge, v0x63a28dc9b490_1391, v0x63a28dc9b490_1392, v0x63a28dc9b490_1393, v0x63a28dc9b490_1394;
v0x63a28dc9b490_1395 .array/port v0x63a28dc9b490, 1395;
v0x63a28dc9b490_1396 .array/port v0x63a28dc9b490, 1396;
v0x63a28dc9b490_1397 .array/port v0x63a28dc9b490, 1397;
v0x63a28dc9b490_1398 .array/port v0x63a28dc9b490, 1398;
E_0x63a28dcbf3d0/349 .event anyedge, v0x63a28dc9b490_1395, v0x63a28dc9b490_1396, v0x63a28dc9b490_1397, v0x63a28dc9b490_1398;
v0x63a28dc9b490_1399 .array/port v0x63a28dc9b490, 1399;
v0x63a28dc9b490_1400 .array/port v0x63a28dc9b490, 1400;
v0x63a28dc9b490_1401 .array/port v0x63a28dc9b490, 1401;
v0x63a28dc9b490_1402 .array/port v0x63a28dc9b490, 1402;
E_0x63a28dcbf3d0/350 .event anyedge, v0x63a28dc9b490_1399, v0x63a28dc9b490_1400, v0x63a28dc9b490_1401, v0x63a28dc9b490_1402;
v0x63a28dc9b490_1403 .array/port v0x63a28dc9b490, 1403;
v0x63a28dc9b490_1404 .array/port v0x63a28dc9b490, 1404;
v0x63a28dc9b490_1405 .array/port v0x63a28dc9b490, 1405;
v0x63a28dc9b490_1406 .array/port v0x63a28dc9b490, 1406;
E_0x63a28dcbf3d0/351 .event anyedge, v0x63a28dc9b490_1403, v0x63a28dc9b490_1404, v0x63a28dc9b490_1405, v0x63a28dc9b490_1406;
v0x63a28dc9b490_1407 .array/port v0x63a28dc9b490, 1407;
v0x63a28dc9b490_1408 .array/port v0x63a28dc9b490, 1408;
v0x63a28dc9b490_1409 .array/port v0x63a28dc9b490, 1409;
v0x63a28dc9b490_1410 .array/port v0x63a28dc9b490, 1410;
E_0x63a28dcbf3d0/352 .event anyedge, v0x63a28dc9b490_1407, v0x63a28dc9b490_1408, v0x63a28dc9b490_1409, v0x63a28dc9b490_1410;
v0x63a28dc9b490_1411 .array/port v0x63a28dc9b490, 1411;
v0x63a28dc9b490_1412 .array/port v0x63a28dc9b490, 1412;
v0x63a28dc9b490_1413 .array/port v0x63a28dc9b490, 1413;
v0x63a28dc9b490_1414 .array/port v0x63a28dc9b490, 1414;
E_0x63a28dcbf3d0/353 .event anyedge, v0x63a28dc9b490_1411, v0x63a28dc9b490_1412, v0x63a28dc9b490_1413, v0x63a28dc9b490_1414;
v0x63a28dc9b490_1415 .array/port v0x63a28dc9b490, 1415;
v0x63a28dc9b490_1416 .array/port v0x63a28dc9b490, 1416;
v0x63a28dc9b490_1417 .array/port v0x63a28dc9b490, 1417;
v0x63a28dc9b490_1418 .array/port v0x63a28dc9b490, 1418;
E_0x63a28dcbf3d0/354 .event anyedge, v0x63a28dc9b490_1415, v0x63a28dc9b490_1416, v0x63a28dc9b490_1417, v0x63a28dc9b490_1418;
v0x63a28dc9b490_1419 .array/port v0x63a28dc9b490, 1419;
v0x63a28dc9b490_1420 .array/port v0x63a28dc9b490, 1420;
v0x63a28dc9b490_1421 .array/port v0x63a28dc9b490, 1421;
v0x63a28dc9b490_1422 .array/port v0x63a28dc9b490, 1422;
E_0x63a28dcbf3d0/355 .event anyedge, v0x63a28dc9b490_1419, v0x63a28dc9b490_1420, v0x63a28dc9b490_1421, v0x63a28dc9b490_1422;
v0x63a28dc9b490_1423 .array/port v0x63a28dc9b490, 1423;
v0x63a28dc9b490_1424 .array/port v0x63a28dc9b490, 1424;
v0x63a28dc9b490_1425 .array/port v0x63a28dc9b490, 1425;
v0x63a28dc9b490_1426 .array/port v0x63a28dc9b490, 1426;
E_0x63a28dcbf3d0/356 .event anyedge, v0x63a28dc9b490_1423, v0x63a28dc9b490_1424, v0x63a28dc9b490_1425, v0x63a28dc9b490_1426;
v0x63a28dc9b490_1427 .array/port v0x63a28dc9b490, 1427;
v0x63a28dc9b490_1428 .array/port v0x63a28dc9b490, 1428;
v0x63a28dc9b490_1429 .array/port v0x63a28dc9b490, 1429;
v0x63a28dc9b490_1430 .array/port v0x63a28dc9b490, 1430;
E_0x63a28dcbf3d0/357 .event anyedge, v0x63a28dc9b490_1427, v0x63a28dc9b490_1428, v0x63a28dc9b490_1429, v0x63a28dc9b490_1430;
v0x63a28dc9b490_1431 .array/port v0x63a28dc9b490, 1431;
v0x63a28dc9b490_1432 .array/port v0x63a28dc9b490, 1432;
v0x63a28dc9b490_1433 .array/port v0x63a28dc9b490, 1433;
v0x63a28dc9b490_1434 .array/port v0x63a28dc9b490, 1434;
E_0x63a28dcbf3d0/358 .event anyedge, v0x63a28dc9b490_1431, v0x63a28dc9b490_1432, v0x63a28dc9b490_1433, v0x63a28dc9b490_1434;
v0x63a28dc9b490_1435 .array/port v0x63a28dc9b490, 1435;
v0x63a28dc9b490_1436 .array/port v0x63a28dc9b490, 1436;
v0x63a28dc9b490_1437 .array/port v0x63a28dc9b490, 1437;
v0x63a28dc9b490_1438 .array/port v0x63a28dc9b490, 1438;
E_0x63a28dcbf3d0/359 .event anyedge, v0x63a28dc9b490_1435, v0x63a28dc9b490_1436, v0x63a28dc9b490_1437, v0x63a28dc9b490_1438;
v0x63a28dc9b490_1439 .array/port v0x63a28dc9b490, 1439;
v0x63a28dc9b490_1440 .array/port v0x63a28dc9b490, 1440;
v0x63a28dc9b490_1441 .array/port v0x63a28dc9b490, 1441;
v0x63a28dc9b490_1442 .array/port v0x63a28dc9b490, 1442;
E_0x63a28dcbf3d0/360 .event anyedge, v0x63a28dc9b490_1439, v0x63a28dc9b490_1440, v0x63a28dc9b490_1441, v0x63a28dc9b490_1442;
v0x63a28dc9b490_1443 .array/port v0x63a28dc9b490, 1443;
v0x63a28dc9b490_1444 .array/port v0x63a28dc9b490, 1444;
v0x63a28dc9b490_1445 .array/port v0x63a28dc9b490, 1445;
v0x63a28dc9b490_1446 .array/port v0x63a28dc9b490, 1446;
E_0x63a28dcbf3d0/361 .event anyedge, v0x63a28dc9b490_1443, v0x63a28dc9b490_1444, v0x63a28dc9b490_1445, v0x63a28dc9b490_1446;
v0x63a28dc9b490_1447 .array/port v0x63a28dc9b490, 1447;
v0x63a28dc9b490_1448 .array/port v0x63a28dc9b490, 1448;
v0x63a28dc9b490_1449 .array/port v0x63a28dc9b490, 1449;
v0x63a28dc9b490_1450 .array/port v0x63a28dc9b490, 1450;
E_0x63a28dcbf3d0/362 .event anyedge, v0x63a28dc9b490_1447, v0x63a28dc9b490_1448, v0x63a28dc9b490_1449, v0x63a28dc9b490_1450;
v0x63a28dc9b490_1451 .array/port v0x63a28dc9b490, 1451;
v0x63a28dc9b490_1452 .array/port v0x63a28dc9b490, 1452;
v0x63a28dc9b490_1453 .array/port v0x63a28dc9b490, 1453;
v0x63a28dc9b490_1454 .array/port v0x63a28dc9b490, 1454;
E_0x63a28dcbf3d0/363 .event anyedge, v0x63a28dc9b490_1451, v0x63a28dc9b490_1452, v0x63a28dc9b490_1453, v0x63a28dc9b490_1454;
v0x63a28dc9b490_1455 .array/port v0x63a28dc9b490, 1455;
v0x63a28dc9b490_1456 .array/port v0x63a28dc9b490, 1456;
v0x63a28dc9b490_1457 .array/port v0x63a28dc9b490, 1457;
v0x63a28dc9b490_1458 .array/port v0x63a28dc9b490, 1458;
E_0x63a28dcbf3d0/364 .event anyedge, v0x63a28dc9b490_1455, v0x63a28dc9b490_1456, v0x63a28dc9b490_1457, v0x63a28dc9b490_1458;
v0x63a28dc9b490_1459 .array/port v0x63a28dc9b490, 1459;
v0x63a28dc9b490_1460 .array/port v0x63a28dc9b490, 1460;
v0x63a28dc9b490_1461 .array/port v0x63a28dc9b490, 1461;
v0x63a28dc9b490_1462 .array/port v0x63a28dc9b490, 1462;
E_0x63a28dcbf3d0/365 .event anyedge, v0x63a28dc9b490_1459, v0x63a28dc9b490_1460, v0x63a28dc9b490_1461, v0x63a28dc9b490_1462;
v0x63a28dc9b490_1463 .array/port v0x63a28dc9b490, 1463;
v0x63a28dc9b490_1464 .array/port v0x63a28dc9b490, 1464;
v0x63a28dc9b490_1465 .array/port v0x63a28dc9b490, 1465;
v0x63a28dc9b490_1466 .array/port v0x63a28dc9b490, 1466;
E_0x63a28dcbf3d0/366 .event anyedge, v0x63a28dc9b490_1463, v0x63a28dc9b490_1464, v0x63a28dc9b490_1465, v0x63a28dc9b490_1466;
v0x63a28dc9b490_1467 .array/port v0x63a28dc9b490, 1467;
v0x63a28dc9b490_1468 .array/port v0x63a28dc9b490, 1468;
v0x63a28dc9b490_1469 .array/port v0x63a28dc9b490, 1469;
v0x63a28dc9b490_1470 .array/port v0x63a28dc9b490, 1470;
E_0x63a28dcbf3d0/367 .event anyedge, v0x63a28dc9b490_1467, v0x63a28dc9b490_1468, v0x63a28dc9b490_1469, v0x63a28dc9b490_1470;
v0x63a28dc9b490_1471 .array/port v0x63a28dc9b490, 1471;
v0x63a28dc9b490_1472 .array/port v0x63a28dc9b490, 1472;
v0x63a28dc9b490_1473 .array/port v0x63a28dc9b490, 1473;
v0x63a28dc9b490_1474 .array/port v0x63a28dc9b490, 1474;
E_0x63a28dcbf3d0/368 .event anyedge, v0x63a28dc9b490_1471, v0x63a28dc9b490_1472, v0x63a28dc9b490_1473, v0x63a28dc9b490_1474;
v0x63a28dc9b490_1475 .array/port v0x63a28dc9b490, 1475;
v0x63a28dc9b490_1476 .array/port v0x63a28dc9b490, 1476;
v0x63a28dc9b490_1477 .array/port v0x63a28dc9b490, 1477;
v0x63a28dc9b490_1478 .array/port v0x63a28dc9b490, 1478;
E_0x63a28dcbf3d0/369 .event anyedge, v0x63a28dc9b490_1475, v0x63a28dc9b490_1476, v0x63a28dc9b490_1477, v0x63a28dc9b490_1478;
v0x63a28dc9b490_1479 .array/port v0x63a28dc9b490, 1479;
v0x63a28dc9b490_1480 .array/port v0x63a28dc9b490, 1480;
v0x63a28dc9b490_1481 .array/port v0x63a28dc9b490, 1481;
v0x63a28dc9b490_1482 .array/port v0x63a28dc9b490, 1482;
E_0x63a28dcbf3d0/370 .event anyedge, v0x63a28dc9b490_1479, v0x63a28dc9b490_1480, v0x63a28dc9b490_1481, v0x63a28dc9b490_1482;
v0x63a28dc9b490_1483 .array/port v0x63a28dc9b490, 1483;
v0x63a28dc9b490_1484 .array/port v0x63a28dc9b490, 1484;
v0x63a28dc9b490_1485 .array/port v0x63a28dc9b490, 1485;
v0x63a28dc9b490_1486 .array/port v0x63a28dc9b490, 1486;
E_0x63a28dcbf3d0/371 .event anyedge, v0x63a28dc9b490_1483, v0x63a28dc9b490_1484, v0x63a28dc9b490_1485, v0x63a28dc9b490_1486;
v0x63a28dc9b490_1487 .array/port v0x63a28dc9b490, 1487;
v0x63a28dc9b490_1488 .array/port v0x63a28dc9b490, 1488;
v0x63a28dc9b490_1489 .array/port v0x63a28dc9b490, 1489;
v0x63a28dc9b490_1490 .array/port v0x63a28dc9b490, 1490;
E_0x63a28dcbf3d0/372 .event anyedge, v0x63a28dc9b490_1487, v0x63a28dc9b490_1488, v0x63a28dc9b490_1489, v0x63a28dc9b490_1490;
v0x63a28dc9b490_1491 .array/port v0x63a28dc9b490, 1491;
v0x63a28dc9b490_1492 .array/port v0x63a28dc9b490, 1492;
v0x63a28dc9b490_1493 .array/port v0x63a28dc9b490, 1493;
v0x63a28dc9b490_1494 .array/port v0x63a28dc9b490, 1494;
E_0x63a28dcbf3d0/373 .event anyedge, v0x63a28dc9b490_1491, v0x63a28dc9b490_1492, v0x63a28dc9b490_1493, v0x63a28dc9b490_1494;
v0x63a28dc9b490_1495 .array/port v0x63a28dc9b490, 1495;
v0x63a28dc9b490_1496 .array/port v0x63a28dc9b490, 1496;
v0x63a28dc9b490_1497 .array/port v0x63a28dc9b490, 1497;
v0x63a28dc9b490_1498 .array/port v0x63a28dc9b490, 1498;
E_0x63a28dcbf3d0/374 .event anyedge, v0x63a28dc9b490_1495, v0x63a28dc9b490_1496, v0x63a28dc9b490_1497, v0x63a28dc9b490_1498;
v0x63a28dc9b490_1499 .array/port v0x63a28dc9b490, 1499;
v0x63a28dc9b490_1500 .array/port v0x63a28dc9b490, 1500;
v0x63a28dc9b490_1501 .array/port v0x63a28dc9b490, 1501;
v0x63a28dc9b490_1502 .array/port v0x63a28dc9b490, 1502;
E_0x63a28dcbf3d0/375 .event anyedge, v0x63a28dc9b490_1499, v0x63a28dc9b490_1500, v0x63a28dc9b490_1501, v0x63a28dc9b490_1502;
v0x63a28dc9b490_1503 .array/port v0x63a28dc9b490, 1503;
v0x63a28dc9b490_1504 .array/port v0x63a28dc9b490, 1504;
v0x63a28dc9b490_1505 .array/port v0x63a28dc9b490, 1505;
v0x63a28dc9b490_1506 .array/port v0x63a28dc9b490, 1506;
E_0x63a28dcbf3d0/376 .event anyedge, v0x63a28dc9b490_1503, v0x63a28dc9b490_1504, v0x63a28dc9b490_1505, v0x63a28dc9b490_1506;
v0x63a28dc9b490_1507 .array/port v0x63a28dc9b490, 1507;
v0x63a28dc9b490_1508 .array/port v0x63a28dc9b490, 1508;
v0x63a28dc9b490_1509 .array/port v0x63a28dc9b490, 1509;
v0x63a28dc9b490_1510 .array/port v0x63a28dc9b490, 1510;
E_0x63a28dcbf3d0/377 .event anyedge, v0x63a28dc9b490_1507, v0x63a28dc9b490_1508, v0x63a28dc9b490_1509, v0x63a28dc9b490_1510;
v0x63a28dc9b490_1511 .array/port v0x63a28dc9b490, 1511;
v0x63a28dc9b490_1512 .array/port v0x63a28dc9b490, 1512;
v0x63a28dc9b490_1513 .array/port v0x63a28dc9b490, 1513;
v0x63a28dc9b490_1514 .array/port v0x63a28dc9b490, 1514;
E_0x63a28dcbf3d0/378 .event anyedge, v0x63a28dc9b490_1511, v0x63a28dc9b490_1512, v0x63a28dc9b490_1513, v0x63a28dc9b490_1514;
v0x63a28dc9b490_1515 .array/port v0x63a28dc9b490, 1515;
v0x63a28dc9b490_1516 .array/port v0x63a28dc9b490, 1516;
v0x63a28dc9b490_1517 .array/port v0x63a28dc9b490, 1517;
v0x63a28dc9b490_1518 .array/port v0x63a28dc9b490, 1518;
E_0x63a28dcbf3d0/379 .event anyedge, v0x63a28dc9b490_1515, v0x63a28dc9b490_1516, v0x63a28dc9b490_1517, v0x63a28dc9b490_1518;
v0x63a28dc9b490_1519 .array/port v0x63a28dc9b490, 1519;
v0x63a28dc9b490_1520 .array/port v0x63a28dc9b490, 1520;
v0x63a28dc9b490_1521 .array/port v0x63a28dc9b490, 1521;
v0x63a28dc9b490_1522 .array/port v0x63a28dc9b490, 1522;
E_0x63a28dcbf3d0/380 .event anyedge, v0x63a28dc9b490_1519, v0x63a28dc9b490_1520, v0x63a28dc9b490_1521, v0x63a28dc9b490_1522;
v0x63a28dc9b490_1523 .array/port v0x63a28dc9b490, 1523;
v0x63a28dc9b490_1524 .array/port v0x63a28dc9b490, 1524;
v0x63a28dc9b490_1525 .array/port v0x63a28dc9b490, 1525;
v0x63a28dc9b490_1526 .array/port v0x63a28dc9b490, 1526;
E_0x63a28dcbf3d0/381 .event anyedge, v0x63a28dc9b490_1523, v0x63a28dc9b490_1524, v0x63a28dc9b490_1525, v0x63a28dc9b490_1526;
v0x63a28dc9b490_1527 .array/port v0x63a28dc9b490, 1527;
v0x63a28dc9b490_1528 .array/port v0x63a28dc9b490, 1528;
v0x63a28dc9b490_1529 .array/port v0x63a28dc9b490, 1529;
v0x63a28dc9b490_1530 .array/port v0x63a28dc9b490, 1530;
E_0x63a28dcbf3d0/382 .event anyedge, v0x63a28dc9b490_1527, v0x63a28dc9b490_1528, v0x63a28dc9b490_1529, v0x63a28dc9b490_1530;
v0x63a28dc9b490_1531 .array/port v0x63a28dc9b490, 1531;
v0x63a28dc9b490_1532 .array/port v0x63a28dc9b490, 1532;
v0x63a28dc9b490_1533 .array/port v0x63a28dc9b490, 1533;
v0x63a28dc9b490_1534 .array/port v0x63a28dc9b490, 1534;
E_0x63a28dcbf3d0/383 .event anyedge, v0x63a28dc9b490_1531, v0x63a28dc9b490_1532, v0x63a28dc9b490_1533, v0x63a28dc9b490_1534;
v0x63a28dc9b490_1535 .array/port v0x63a28dc9b490, 1535;
v0x63a28dc9b490_1536 .array/port v0x63a28dc9b490, 1536;
v0x63a28dc9b490_1537 .array/port v0x63a28dc9b490, 1537;
v0x63a28dc9b490_1538 .array/port v0x63a28dc9b490, 1538;
E_0x63a28dcbf3d0/384 .event anyedge, v0x63a28dc9b490_1535, v0x63a28dc9b490_1536, v0x63a28dc9b490_1537, v0x63a28dc9b490_1538;
v0x63a28dc9b490_1539 .array/port v0x63a28dc9b490, 1539;
v0x63a28dc9b490_1540 .array/port v0x63a28dc9b490, 1540;
v0x63a28dc9b490_1541 .array/port v0x63a28dc9b490, 1541;
v0x63a28dc9b490_1542 .array/port v0x63a28dc9b490, 1542;
E_0x63a28dcbf3d0/385 .event anyedge, v0x63a28dc9b490_1539, v0x63a28dc9b490_1540, v0x63a28dc9b490_1541, v0x63a28dc9b490_1542;
v0x63a28dc9b490_1543 .array/port v0x63a28dc9b490, 1543;
v0x63a28dc9b490_1544 .array/port v0x63a28dc9b490, 1544;
v0x63a28dc9b490_1545 .array/port v0x63a28dc9b490, 1545;
v0x63a28dc9b490_1546 .array/port v0x63a28dc9b490, 1546;
E_0x63a28dcbf3d0/386 .event anyedge, v0x63a28dc9b490_1543, v0x63a28dc9b490_1544, v0x63a28dc9b490_1545, v0x63a28dc9b490_1546;
v0x63a28dc9b490_1547 .array/port v0x63a28dc9b490, 1547;
v0x63a28dc9b490_1548 .array/port v0x63a28dc9b490, 1548;
v0x63a28dc9b490_1549 .array/port v0x63a28dc9b490, 1549;
v0x63a28dc9b490_1550 .array/port v0x63a28dc9b490, 1550;
E_0x63a28dcbf3d0/387 .event anyedge, v0x63a28dc9b490_1547, v0x63a28dc9b490_1548, v0x63a28dc9b490_1549, v0x63a28dc9b490_1550;
v0x63a28dc9b490_1551 .array/port v0x63a28dc9b490, 1551;
v0x63a28dc9b490_1552 .array/port v0x63a28dc9b490, 1552;
v0x63a28dc9b490_1553 .array/port v0x63a28dc9b490, 1553;
v0x63a28dc9b490_1554 .array/port v0x63a28dc9b490, 1554;
E_0x63a28dcbf3d0/388 .event anyedge, v0x63a28dc9b490_1551, v0x63a28dc9b490_1552, v0x63a28dc9b490_1553, v0x63a28dc9b490_1554;
v0x63a28dc9b490_1555 .array/port v0x63a28dc9b490, 1555;
v0x63a28dc9b490_1556 .array/port v0x63a28dc9b490, 1556;
v0x63a28dc9b490_1557 .array/port v0x63a28dc9b490, 1557;
v0x63a28dc9b490_1558 .array/port v0x63a28dc9b490, 1558;
E_0x63a28dcbf3d0/389 .event anyedge, v0x63a28dc9b490_1555, v0x63a28dc9b490_1556, v0x63a28dc9b490_1557, v0x63a28dc9b490_1558;
v0x63a28dc9b490_1559 .array/port v0x63a28dc9b490, 1559;
v0x63a28dc9b490_1560 .array/port v0x63a28dc9b490, 1560;
v0x63a28dc9b490_1561 .array/port v0x63a28dc9b490, 1561;
v0x63a28dc9b490_1562 .array/port v0x63a28dc9b490, 1562;
E_0x63a28dcbf3d0/390 .event anyedge, v0x63a28dc9b490_1559, v0x63a28dc9b490_1560, v0x63a28dc9b490_1561, v0x63a28dc9b490_1562;
v0x63a28dc9b490_1563 .array/port v0x63a28dc9b490, 1563;
v0x63a28dc9b490_1564 .array/port v0x63a28dc9b490, 1564;
v0x63a28dc9b490_1565 .array/port v0x63a28dc9b490, 1565;
v0x63a28dc9b490_1566 .array/port v0x63a28dc9b490, 1566;
E_0x63a28dcbf3d0/391 .event anyedge, v0x63a28dc9b490_1563, v0x63a28dc9b490_1564, v0x63a28dc9b490_1565, v0x63a28dc9b490_1566;
v0x63a28dc9b490_1567 .array/port v0x63a28dc9b490, 1567;
v0x63a28dc9b490_1568 .array/port v0x63a28dc9b490, 1568;
v0x63a28dc9b490_1569 .array/port v0x63a28dc9b490, 1569;
v0x63a28dc9b490_1570 .array/port v0x63a28dc9b490, 1570;
E_0x63a28dcbf3d0/392 .event anyedge, v0x63a28dc9b490_1567, v0x63a28dc9b490_1568, v0x63a28dc9b490_1569, v0x63a28dc9b490_1570;
v0x63a28dc9b490_1571 .array/port v0x63a28dc9b490, 1571;
v0x63a28dc9b490_1572 .array/port v0x63a28dc9b490, 1572;
v0x63a28dc9b490_1573 .array/port v0x63a28dc9b490, 1573;
v0x63a28dc9b490_1574 .array/port v0x63a28dc9b490, 1574;
E_0x63a28dcbf3d0/393 .event anyedge, v0x63a28dc9b490_1571, v0x63a28dc9b490_1572, v0x63a28dc9b490_1573, v0x63a28dc9b490_1574;
v0x63a28dc9b490_1575 .array/port v0x63a28dc9b490, 1575;
v0x63a28dc9b490_1576 .array/port v0x63a28dc9b490, 1576;
v0x63a28dc9b490_1577 .array/port v0x63a28dc9b490, 1577;
v0x63a28dc9b490_1578 .array/port v0x63a28dc9b490, 1578;
E_0x63a28dcbf3d0/394 .event anyedge, v0x63a28dc9b490_1575, v0x63a28dc9b490_1576, v0x63a28dc9b490_1577, v0x63a28dc9b490_1578;
v0x63a28dc9b490_1579 .array/port v0x63a28dc9b490, 1579;
v0x63a28dc9b490_1580 .array/port v0x63a28dc9b490, 1580;
v0x63a28dc9b490_1581 .array/port v0x63a28dc9b490, 1581;
v0x63a28dc9b490_1582 .array/port v0x63a28dc9b490, 1582;
E_0x63a28dcbf3d0/395 .event anyedge, v0x63a28dc9b490_1579, v0x63a28dc9b490_1580, v0x63a28dc9b490_1581, v0x63a28dc9b490_1582;
v0x63a28dc9b490_1583 .array/port v0x63a28dc9b490, 1583;
v0x63a28dc9b490_1584 .array/port v0x63a28dc9b490, 1584;
v0x63a28dc9b490_1585 .array/port v0x63a28dc9b490, 1585;
v0x63a28dc9b490_1586 .array/port v0x63a28dc9b490, 1586;
E_0x63a28dcbf3d0/396 .event anyedge, v0x63a28dc9b490_1583, v0x63a28dc9b490_1584, v0x63a28dc9b490_1585, v0x63a28dc9b490_1586;
v0x63a28dc9b490_1587 .array/port v0x63a28dc9b490, 1587;
v0x63a28dc9b490_1588 .array/port v0x63a28dc9b490, 1588;
v0x63a28dc9b490_1589 .array/port v0x63a28dc9b490, 1589;
v0x63a28dc9b490_1590 .array/port v0x63a28dc9b490, 1590;
E_0x63a28dcbf3d0/397 .event anyedge, v0x63a28dc9b490_1587, v0x63a28dc9b490_1588, v0x63a28dc9b490_1589, v0x63a28dc9b490_1590;
v0x63a28dc9b490_1591 .array/port v0x63a28dc9b490, 1591;
v0x63a28dc9b490_1592 .array/port v0x63a28dc9b490, 1592;
v0x63a28dc9b490_1593 .array/port v0x63a28dc9b490, 1593;
v0x63a28dc9b490_1594 .array/port v0x63a28dc9b490, 1594;
E_0x63a28dcbf3d0/398 .event anyedge, v0x63a28dc9b490_1591, v0x63a28dc9b490_1592, v0x63a28dc9b490_1593, v0x63a28dc9b490_1594;
v0x63a28dc9b490_1595 .array/port v0x63a28dc9b490, 1595;
v0x63a28dc9b490_1596 .array/port v0x63a28dc9b490, 1596;
v0x63a28dc9b490_1597 .array/port v0x63a28dc9b490, 1597;
v0x63a28dc9b490_1598 .array/port v0x63a28dc9b490, 1598;
E_0x63a28dcbf3d0/399 .event anyedge, v0x63a28dc9b490_1595, v0x63a28dc9b490_1596, v0x63a28dc9b490_1597, v0x63a28dc9b490_1598;
v0x63a28dc9b490_1599 .array/port v0x63a28dc9b490, 1599;
v0x63a28dc9b490_1600 .array/port v0x63a28dc9b490, 1600;
v0x63a28dc9b490_1601 .array/port v0x63a28dc9b490, 1601;
v0x63a28dc9b490_1602 .array/port v0x63a28dc9b490, 1602;
E_0x63a28dcbf3d0/400 .event anyedge, v0x63a28dc9b490_1599, v0x63a28dc9b490_1600, v0x63a28dc9b490_1601, v0x63a28dc9b490_1602;
v0x63a28dc9b490_1603 .array/port v0x63a28dc9b490, 1603;
v0x63a28dc9b490_1604 .array/port v0x63a28dc9b490, 1604;
v0x63a28dc9b490_1605 .array/port v0x63a28dc9b490, 1605;
v0x63a28dc9b490_1606 .array/port v0x63a28dc9b490, 1606;
E_0x63a28dcbf3d0/401 .event anyedge, v0x63a28dc9b490_1603, v0x63a28dc9b490_1604, v0x63a28dc9b490_1605, v0x63a28dc9b490_1606;
v0x63a28dc9b490_1607 .array/port v0x63a28dc9b490, 1607;
v0x63a28dc9b490_1608 .array/port v0x63a28dc9b490, 1608;
v0x63a28dc9b490_1609 .array/port v0x63a28dc9b490, 1609;
v0x63a28dc9b490_1610 .array/port v0x63a28dc9b490, 1610;
E_0x63a28dcbf3d0/402 .event anyedge, v0x63a28dc9b490_1607, v0x63a28dc9b490_1608, v0x63a28dc9b490_1609, v0x63a28dc9b490_1610;
v0x63a28dc9b490_1611 .array/port v0x63a28dc9b490, 1611;
v0x63a28dc9b490_1612 .array/port v0x63a28dc9b490, 1612;
v0x63a28dc9b490_1613 .array/port v0x63a28dc9b490, 1613;
v0x63a28dc9b490_1614 .array/port v0x63a28dc9b490, 1614;
E_0x63a28dcbf3d0/403 .event anyedge, v0x63a28dc9b490_1611, v0x63a28dc9b490_1612, v0x63a28dc9b490_1613, v0x63a28dc9b490_1614;
v0x63a28dc9b490_1615 .array/port v0x63a28dc9b490, 1615;
v0x63a28dc9b490_1616 .array/port v0x63a28dc9b490, 1616;
v0x63a28dc9b490_1617 .array/port v0x63a28dc9b490, 1617;
v0x63a28dc9b490_1618 .array/port v0x63a28dc9b490, 1618;
E_0x63a28dcbf3d0/404 .event anyedge, v0x63a28dc9b490_1615, v0x63a28dc9b490_1616, v0x63a28dc9b490_1617, v0x63a28dc9b490_1618;
v0x63a28dc9b490_1619 .array/port v0x63a28dc9b490, 1619;
v0x63a28dc9b490_1620 .array/port v0x63a28dc9b490, 1620;
v0x63a28dc9b490_1621 .array/port v0x63a28dc9b490, 1621;
v0x63a28dc9b490_1622 .array/port v0x63a28dc9b490, 1622;
E_0x63a28dcbf3d0/405 .event anyedge, v0x63a28dc9b490_1619, v0x63a28dc9b490_1620, v0x63a28dc9b490_1621, v0x63a28dc9b490_1622;
v0x63a28dc9b490_1623 .array/port v0x63a28dc9b490, 1623;
v0x63a28dc9b490_1624 .array/port v0x63a28dc9b490, 1624;
v0x63a28dc9b490_1625 .array/port v0x63a28dc9b490, 1625;
v0x63a28dc9b490_1626 .array/port v0x63a28dc9b490, 1626;
E_0x63a28dcbf3d0/406 .event anyedge, v0x63a28dc9b490_1623, v0x63a28dc9b490_1624, v0x63a28dc9b490_1625, v0x63a28dc9b490_1626;
v0x63a28dc9b490_1627 .array/port v0x63a28dc9b490, 1627;
v0x63a28dc9b490_1628 .array/port v0x63a28dc9b490, 1628;
v0x63a28dc9b490_1629 .array/port v0x63a28dc9b490, 1629;
v0x63a28dc9b490_1630 .array/port v0x63a28dc9b490, 1630;
E_0x63a28dcbf3d0/407 .event anyedge, v0x63a28dc9b490_1627, v0x63a28dc9b490_1628, v0x63a28dc9b490_1629, v0x63a28dc9b490_1630;
v0x63a28dc9b490_1631 .array/port v0x63a28dc9b490, 1631;
v0x63a28dc9b490_1632 .array/port v0x63a28dc9b490, 1632;
v0x63a28dc9b490_1633 .array/port v0x63a28dc9b490, 1633;
v0x63a28dc9b490_1634 .array/port v0x63a28dc9b490, 1634;
E_0x63a28dcbf3d0/408 .event anyedge, v0x63a28dc9b490_1631, v0x63a28dc9b490_1632, v0x63a28dc9b490_1633, v0x63a28dc9b490_1634;
v0x63a28dc9b490_1635 .array/port v0x63a28dc9b490, 1635;
v0x63a28dc9b490_1636 .array/port v0x63a28dc9b490, 1636;
v0x63a28dc9b490_1637 .array/port v0x63a28dc9b490, 1637;
v0x63a28dc9b490_1638 .array/port v0x63a28dc9b490, 1638;
E_0x63a28dcbf3d0/409 .event anyedge, v0x63a28dc9b490_1635, v0x63a28dc9b490_1636, v0x63a28dc9b490_1637, v0x63a28dc9b490_1638;
v0x63a28dc9b490_1639 .array/port v0x63a28dc9b490, 1639;
v0x63a28dc9b490_1640 .array/port v0x63a28dc9b490, 1640;
v0x63a28dc9b490_1641 .array/port v0x63a28dc9b490, 1641;
v0x63a28dc9b490_1642 .array/port v0x63a28dc9b490, 1642;
E_0x63a28dcbf3d0/410 .event anyedge, v0x63a28dc9b490_1639, v0x63a28dc9b490_1640, v0x63a28dc9b490_1641, v0x63a28dc9b490_1642;
v0x63a28dc9b490_1643 .array/port v0x63a28dc9b490, 1643;
v0x63a28dc9b490_1644 .array/port v0x63a28dc9b490, 1644;
v0x63a28dc9b490_1645 .array/port v0x63a28dc9b490, 1645;
v0x63a28dc9b490_1646 .array/port v0x63a28dc9b490, 1646;
E_0x63a28dcbf3d0/411 .event anyedge, v0x63a28dc9b490_1643, v0x63a28dc9b490_1644, v0x63a28dc9b490_1645, v0x63a28dc9b490_1646;
v0x63a28dc9b490_1647 .array/port v0x63a28dc9b490, 1647;
v0x63a28dc9b490_1648 .array/port v0x63a28dc9b490, 1648;
v0x63a28dc9b490_1649 .array/port v0x63a28dc9b490, 1649;
v0x63a28dc9b490_1650 .array/port v0x63a28dc9b490, 1650;
E_0x63a28dcbf3d0/412 .event anyedge, v0x63a28dc9b490_1647, v0x63a28dc9b490_1648, v0x63a28dc9b490_1649, v0x63a28dc9b490_1650;
v0x63a28dc9b490_1651 .array/port v0x63a28dc9b490, 1651;
v0x63a28dc9b490_1652 .array/port v0x63a28dc9b490, 1652;
v0x63a28dc9b490_1653 .array/port v0x63a28dc9b490, 1653;
v0x63a28dc9b490_1654 .array/port v0x63a28dc9b490, 1654;
E_0x63a28dcbf3d0/413 .event anyedge, v0x63a28dc9b490_1651, v0x63a28dc9b490_1652, v0x63a28dc9b490_1653, v0x63a28dc9b490_1654;
v0x63a28dc9b490_1655 .array/port v0x63a28dc9b490, 1655;
v0x63a28dc9b490_1656 .array/port v0x63a28dc9b490, 1656;
v0x63a28dc9b490_1657 .array/port v0x63a28dc9b490, 1657;
v0x63a28dc9b490_1658 .array/port v0x63a28dc9b490, 1658;
E_0x63a28dcbf3d0/414 .event anyedge, v0x63a28dc9b490_1655, v0x63a28dc9b490_1656, v0x63a28dc9b490_1657, v0x63a28dc9b490_1658;
v0x63a28dc9b490_1659 .array/port v0x63a28dc9b490, 1659;
v0x63a28dc9b490_1660 .array/port v0x63a28dc9b490, 1660;
v0x63a28dc9b490_1661 .array/port v0x63a28dc9b490, 1661;
v0x63a28dc9b490_1662 .array/port v0x63a28dc9b490, 1662;
E_0x63a28dcbf3d0/415 .event anyedge, v0x63a28dc9b490_1659, v0x63a28dc9b490_1660, v0x63a28dc9b490_1661, v0x63a28dc9b490_1662;
v0x63a28dc9b490_1663 .array/port v0x63a28dc9b490, 1663;
v0x63a28dc9b490_1664 .array/port v0x63a28dc9b490, 1664;
v0x63a28dc9b490_1665 .array/port v0x63a28dc9b490, 1665;
v0x63a28dc9b490_1666 .array/port v0x63a28dc9b490, 1666;
E_0x63a28dcbf3d0/416 .event anyedge, v0x63a28dc9b490_1663, v0x63a28dc9b490_1664, v0x63a28dc9b490_1665, v0x63a28dc9b490_1666;
v0x63a28dc9b490_1667 .array/port v0x63a28dc9b490, 1667;
v0x63a28dc9b490_1668 .array/port v0x63a28dc9b490, 1668;
v0x63a28dc9b490_1669 .array/port v0x63a28dc9b490, 1669;
v0x63a28dc9b490_1670 .array/port v0x63a28dc9b490, 1670;
E_0x63a28dcbf3d0/417 .event anyedge, v0x63a28dc9b490_1667, v0x63a28dc9b490_1668, v0x63a28dc9b490_1669, v0x63a28dc9b490_1670;
v0x63a28dc9b490_1671 .array/port v0x63a28dc9b490, 1671;
v0x63a28dc9b490_1672 .array/port v0x63a28dc9b490, 1672;
v0x63a28dc9b490_1673 .array/port v0x63a28dc9b490, 1673;
v0x63a28dc9b490_1674 .array/port v0x63a28dc9b490, 1674;
E_0x63a28dcbf3d0/418 .event anyedge, v0x63a28dc9b490_1671, v0x63a28dc9b490_1672, v0x63a28dc9b490_1673, v0x63a28dc9b490_1674;
v0x63a28dc9b490_1675 .array/port v0x63a28dc9b490, 1675;
v0x63a28dc9b490_1676 .array/port v0x63a28dc9b490, 1676;
v0x63a28dc9b490_1677 .array/port v0x63a28dc9b490, 1677;
v0x63a28dc9b490_1678 .array/port v0x63a28dc9b490, 1678;
E_0x63a28dcbf3d0/419 .event anyedge, v0x63a28dc9b490_1675, v0x63a28dc9b490_1676, v0x63a28dc9b490_1677, v0x63a28dc9b490_1678;
v0x63a28dc9b490_1679 .array/port v0x63a28dc9b490, 1679;
v0x63a28dc9b490_1680 .array/port v0x63a28dc9b490, 1680;
v0x63a28dc9b490_1681 .array/port v0x63a28dc9b490, 1681;
v0x63a28dc9b490_1682 .array/port v0x63a28dc9b490, 1682;
E_0x63a28dcbf3d0/420 .event anyedge, v0x63a28dc9b490_1679, v0x63a28dc9b490_1680, v0x63a28dc9b490_1681, v0x63a28dc9b490_1682;
v0x63a28dc9b490_1683 .array/port v0x63a28dc9b490, 1683;
v0x63a28dc9b490_1684 .array/port v0x63a28dc9b490, 1684;
v0x63a28dc9b490_1685 .array/port v0x63a28dc9b490, 1685;
v0x63a28dc9b490_1686 .array/port v0x63a28dc9b490, 1686;
E_0x63a28dcbf3d0/421 .event anyedge, v0x63a28dc9b490_1683, v0x63a28dc9b490_1684, v0x63a28dc9b490_1685, v0x63a28dc9b490_1686;
v0x63a28dc9b490_1687 .array/port v0x63a28dc9b490, 1687;
v0x63a28dc9b490_1688 .array/port v0x63a28dc9b490, 1688;
v0x63a28dc9b490_1689 .array/port v0x63a28dc9b490, 1689;
v0x63a28dc9b490_1690 .array/port v0x63a28dc9b490, 1690;
E_0x63a28dcbf3d0/422 .event anyedge, v0x63a28dc9b490_1687, v0x63a28dc9b490_1688, v0x63a28dc9b490_1689, v0x63a28dc9b490_1690;
v0x63a28dc9b490_1691 .array/port v0x63a28dc9b490, 1691;
v0x63a28dc9b490_1692 .array/port v0x63a28dc9b490, 1692;
v0x63a28dc9b490_1693 .array/port v0x63a28dc9b490, 1693;
v0x63a28dc9b490_1694 .array/port v0x63a28dc9b490, 1694;
E_0x63a28dcbf3d0/423 .event anyedge, v0x63a28dc9b490_1691, v0x63a28dc9b490_1692, v0x63a28dc9b490_1693, v0x63a28dc9b490_1694;
v0x63a28dc9b490_1695 .array/port v0x63a28dc9b490, 1695;
v0x63a28dc9b490_1696 .array/port v0x63a28dc9b490, 1696;
v0x63a28dc9b490_1697 .array/port v0x63a28dc9b490, 1697;
v0x63a28dc9b490_1698 .array/port v0x63a28dc9b490, 1698;
E_0x63a28dcbf3d0/424 .event anyedge, v0x63a28dc9b490_1695, v0x63a28dc9b490_1696, v0x63a28dc9b490_1697, v0x63a28dc9b490_1698;
v0x63a28dc9b490_1699 .array/port v0x63a28dc9b490, 1699;
v0x63a28dc9b490_1700 .array/port v0x63a28dc9b490, 1700;
v0x63a28dc9b490_1701 .array/port v0x63a28dc9b490, 1701;
v0x63a28dc9b490_1702 .array/port v0x63a28dc9b490, 1702;
E_0x63a28dcbf3d0/425 .event anyedge, v0x63a28dc9b490_1699, v0x63a28dc9b490_1700, v0x63a28dc9b490_1701, v0x63a28dc9b490_1702;
v0x63a28dc9b490_1703 .array/port v0x63a28dc9b490, 1703;
v0x63a28dc9b490_1704 .array/port v0x63a28dc9b490, 1704;
v0x63a28dc9b490_1705 .array/port v0x63a28dc9b490, 1705;
v0x63a28dc9b490_1706 .array/port v0x63a28dc9b490, 1706;
E_0x63a28dcbf3d0/426 .event anyedge, v0x63a28dc9b490_1703, v0x63a28dc9b490_1704, v0x63a28dc9b490_1705, v0x63a28dc9b490_1706;
v0x63a28dc9b490_1707 .array/port v0x63a28dc9b490, 1707;
v0x63a28dc9b490_1708 .array/port v0x63a28dc9b490, 1708;
v0x63a28dc9b490_1709 .array/port v0x63a28dc9b490, 1709;
v0x63a28dc9b490_1710 .array/port v0x63a28dc9b490, 1710;
E_0x63a28dcbf3d0/427 .event anyedge, v0x63a28dc9b490_1707, v0x63a28dc9b490_1708, v0x63a28dc9b490_1709, v0x63a28dc9b490_1710;
v0x63a28dc9b490_1711 .array/port v0x63a28dc9b490, 1711;
v0x63a28dc9b490_1712 .array/port v0x63a28dc9b490, 1712;
v0x63a28dc9b490_1713 .array/port v0x63a28dc9b490, 1713;
v0x63a28dc9b490_1714 .array/port v0x63a28dc9b490, 1714;
E_0x63a28dcbf3d0/428 .event anyedge, v0x63a28dc9b490_1711, v0x63a28dc9b490_1712, v0x63a28dc9b490_1713, v0x63a28dc9b490_1714;
v0x63a28dc9b490_1715 .array/port v0x63a28dc9b490, 1715;
v0x63a28dc9b490_1716 .array/port v0x63a28dc9b490, 1716;
v0x63a28dc9b490_1717 .array/port v0x63a28dc9b490, 1717;
v0x63a28dc9b490_1718 .array/port v0x63a28dc9b490, 1718;
E_0x63a28dcbf3d0/429 .event anyedge, v0x63a28dc9b490_1715, v0x63a28dc9b490_1716, v0x63a28dc9b490_1717, v0x63a28dc9b490_1718;
v0x63a28dc9b490_1719 .array/port v0x63a28dc9b490, 1719;
v0x63a28dc9b490_1720 .array/port v0x63a28dc9b490, 1720;
v0x63a28dc9b490_1721 .array/port v0x63a28dc9b490, 1721;
v0x63a28dc9b490_1722 .array/port v0x63a28dc9b490, 1722;
E_0x63a28dcbf3d0/430 .event anyedge, v0x63a28dc9b490_1719, v0x63a28dc9b490_1720, v0x63a28dc9b490_1721, v0x63a28dc9b490_1722;
v0x63a28dc9b490_1723 .array/port v0x63a28dc9b490, 1723;
v0x63a28dc9b490_1724 .array/port v0x63a28dc9b490, 1724;
v0x63a28dc9b490_1725 .array/port v0x63a28dc9b490, 1725;
v0x63a28dc9b490_1726 .array/port v0x63a28dc9b490, 1726;
E_0x63a28dcbf3d0/431 .event anyedge, v0x63a28dc9b490_1723, v0x63a28dc9b490_1724, v0x63a28dc9b490_1725, v0x63a28dc9b490_1726;
v0x63a28dc9b490_1727 .array/port v0x63a28dc9b490, 1727;
v0x63a28dc9b490_1728 .array/port v0x63a28dc9b490, 1728;
v0x63a28dc9b490_1729 .array/port v0x63a28dc9b490, 1729;
v0x63a28dc9b490_1730 .array/port v0x63a28dc9b490, 1730;
E_0x63a28dcbf3d0/432 .event anyedge, v0x63a28dc9b490_1727, v0x63a28dc9b490_1728, v0x63a28dc9b490_1729, v0x63a28dc9b490_1730;
v0x63a28dc9b490_1731 .array/port v0x63a28dc9b490, 1731;
v0x63a28dc9b490_1732 .array/port v0x63a28dc9b490, 1732;
v0x63a28dc9b490_1733 .array/port v0x63a28dc9b490, 1733;
v0x63a28dc9b490_1734 .array/port v0x63a28dc9b490, 1734;
E_0x63a28dcbf3d0/433 .event anyedge, v0x63a28dc9b490_1731, v0x63a28dc9b490_1732, v0x63a28dc9b490_1733, v0x63a28dc9b490_1734;
v0x63a28dc9b490_1735 .array/port v0x63a28dc9b490, 1735;
v0x63a28dc9b490_1736 .array/port v0x63a28dc9b490, 1736;
v0x63a28dc9b490_1737 .array/port v0x63a28dc9b490, 1737;
v0x63a28dc9b490_1738 .array/port v0x63a28dc9b490, 1738;
E_0x63a28dcbf3d0/434 .event anyedge, v0x63a28dc9b490_1735, v0x63a28dc9b490_1736, v0x63a28dc9b490_1737, v0x63a28dc9b490_1738;
v0x63a28dc9b490_1739 .array/port v0x63a28dc9b490, 1739;
v0x63a28dc9b490_1740 .array/port v0x63a28dc9b490, 1740;
v0x63a28dc9b490_1741 .array/port v0x63a28dc9b490, 1741;
v0x63a28dc9b490_1742 .array/port v0x63a28dc9b490, 1742;
E_0x63a28dcbf3d0/435 .event anyedge, v0x63a28dc9b490_1739, v0x63a28dc9b490_1740, v0x63a28dc9b490_1741, v0x63a28dc9b490_1742;
v0x63a28dc9b490_1743 .array/port v0x63a28dc9b490, 1743;
v0x63a28dc9b490_1744 .array/port v0x63a28dc9b490, 1744;
v0x63a28dc9b490_1745 .array/port v0x63a28dc9b490, 1745;
v0x63a28dc9b490_1746 .array/port v0x63a28dc9b490, 1746;
E_0x63a28dcbf3d0/436 .event anyedge, v0x63a28dc9b490_1743, v0x63a28dc9b490_1744, v0x63a28dc9b490_1745, v0x63a28dc9b490_1746;
v0x63a28dc9b490_1747 .array/port v0x63a28dc9b490, 1747;
v0x63a28dc9b490_1748 .array/port v0x63a28dc9b490, 1748;
v0x63a28dc9b490_1749 .array/port v0x63a28dc9b490, 1749;
v0x63a28dc9b490_1750 .array/port v0x63a28dc9b490, 1750;
E_0x63a28dcbf3d0/437 .event anyedge, v0x63a28dc9b490_1747, v0x63a28dc9b490_1748, v0x63a28dc9b490_1749, v0x63a28dc9b490_1750;
v0x63a28dc9b490_1751 .array/port v0x63a28dc9b490, 1751;
v0x63a28dc9b490_1752 .array/port v0x63a28dc9b490, 1752;
v0x63a28dc9b490_1753 .array/port v0x63a28dc9b490, 1753;
v0x63a28dc9b490_1754 .array/port v0x63a28dc9b490, 1754;
E_0x63a28dcbf3d0/438 .event anyedge, v0x63a28dc9b490_1751, v0x63a28dc9b490_1752, v0x63a28dc9b490_1753, v0x63a28dc9b490_1754;
v0x63a28dc9b490_1755 .array/port v0x63a28dc9b490, 1755;
v0x63a28dc9b490_1756 .array/port v0x63a28dc9b490, 1756;
v0x63a28dc9b490_1757 .array/port v0x63a28dc9b490, 1757;
v0x63a28dc9b490_1758 .array/port v0x63a28dc9b490, 1758;
E_0x63a28dcbf3d0/439 .event anyedge, v0x63a28dc9b490_1755, v0x63a28dc9b490_1756, v0x63a28dc9b490_1757, v0x63a28dc9b490_1758;
v0x63a28dc9b490_1759 .array/port v0x63a28dc9b490, 1759;
v0x63a28dc9b490_1760 .array/port v0x63a28dc9b490, 1760;
v0x63a28dc9b490_1761 .array/port v0x63a28dc9b490, 1761;
v0x63a28dc9b490_1762 .array/port v0x63a28dc9b490, 1762;
E_0x63a28dcbf3d0/440 .event anyedge, v0x63a28dc9b490_1759, v0x63a28dc9b490_1760, v0x63a28dc9b490_1761, v0x63a28dc9b490_1762;
v0x63a28dc9b490_1763 .array/port v0x63a28dc9b490, 1763;
v0x63a28dc9b490_1764 .array/port v0x63a28dc9b490, 1764;
v0x63a28dc9b490_1765 .array/port v0x63a28dc9b490, 1765;
v0x63a28dc9b490_1766 .array/port v0x63a28dc9b490, 1766;
E_0x63a28dcbf3d0/441 .event anyedge, v0x63a28dc9b490_1763, v0x63a28dc9b490_1764, v0x63a28dc9b490_1765, v0x63a28dc9b490_1766;
v0x63a28dc9b490_1767 .array/port v0x63a28dc9b490, 1767;
v0x63a28dc9b490_1768 .array/port v0x63a28dc9b490, 1768;
v0x63a28dc9b490_1769 .array/port v0x63a28dc9b490, 1769;
v0x63a28dc9b490_1770 .array/port v0x63a28dc9b490, 1770;
E_0x63a28dcbf3d0/442 .event anyedge, v0x63a28dc9b490_1767, v0x63a28dc9b490_1768, v0x63a28dc9b490_1769, v0x63a28dc9b490_1770;
v0x63a28dc9b490_1771 .array/port v0x63a28dc9b490, 1771;
v0x63a28dc9b490_1772 .array/port v0x63a28dc9b490, 1772;
v0x63a28dc9b490_1773 .array/port v0x63a28dc9b490, 1773;
v0x63a28dc9b490_1774 .array/port v0x63a28dc9b490, 1774;
E_0x63a28dcbf3d0/443 .event anyedge, v0x63a28dc9b490_1771, v0x63a28dc9b490_1772, v0x63a28dc9b490_1773, v0x63a28dc9b490_1774;
v0x63a28dc9b490_1775 .array/port v0x63a28dc9b490, 1775;
v0x63a28dc9b490_1776 .array/port v0x63a28dc9b490, 1776;
v0x63a28dc9b490_1777 .array/port v0x63a28dc9b490, 1777;
v0x63a28dc9b490_1778 .array/port v0x63a28dc9b490, 1778;
E_0x63a28dcbf3d0/444 .event anyedge, v0x63a28dc9b490_1775, v0x63a28dc9b490_1776, v0x63a28dc9b490_1777, v0x63a28dc9b490_1778;
v0x63a28dc9b490_1779 .array/port v0x63a28dc9b490, 1779;
v0x63a28dc9b490_1780 .array/port v0x63a28dc9b490, 1780;
v0x63a28dc9b490_1781 .array/port v0x63a28dc9b490, 1781;
v0x63a28dc9b490_1782 .array/port v0x63a28dc9b490, 1782;
E_0x63a28dcbf3d0/445 .event anyedge, v0x63a28dc9b490_1779, v0x63a28dc9b490_1780, v0x63a28dc9b490_1781, v0x63a28dc9b490_1782;
v0x63a28dc9b490_1783 .array/port v0x63a28dc9b490, 1783;
v0x63a28dc9b490_1784 .array/port v0x63a28dc9b490, 1784;
v0x63a28dc9b490_1785 .array/port v0x63a28dc9b490, 1785;
v0x63a28dc9b490_1786 .array/port v0x63a28dc9b490, 1786;
E_0x63a28dcbf3d0/446 .event anyedge, v0x63a28dc9b490_1783, v0x63a28dc9b490_1784, v0x63a28dc9b490_1785, v0x63a28dc9b490_1786;
v0x63a28dc9b490_1787 .array/port v0x63a28dc9b490, 1787;
v0x63a28dc9b490_1788 .array/port v0x63a28dc9b490, 1788;
v0x63a28dc9b490_1789 .array/port v0x63a28dc9b490, 1789;
v0x63a28dc9b490_1790 .array/port v0x63a28dc9b490, 1790;
E_0x63a28dcbf3d0/447 .event anyedge, v0x63a28dc9b490_1787, v0x63a28dc9b490_1788, v0x63a28dc9b490_1789, v0x63a28dc9b490_1790;
v0x63a28dc9b490_1791 .array/port v0x63a28dc9b490, 1791;
v0x63a28dc9b490_1792 .array/port v0x63a28dc9b490, 1792;
v0x63a28dc9b490_1793 .array/port v0x63a28dc9b490, 1793;
v0x63a28dc9b490_1794 .array/port v0x63a28dc9b490, 1794;
E_0x63a28dcbf3d0/448 .event anyedge, v0x63a28dc9b490_1791, v0x63a28dc9b490_1792, v0x63a28dc9b490_1793, v0x63a28dc9b490_1794;
v0x63a28dc9b490_1795 .array/port v0x63a28dc9b490, 1795;
v0x63a28dc9b490_1796 .array/port v0x63a28dc9b490, 1796;
v0x63a28dc9b490_1797 .array/port v0x63a28dc9b490, 1797;
v0x63a28dc9b490_1798 .array/port v0x63a28dc9b490, 1798;
E_0x63a28dcbf3d0/449 .event anyedge, v0x63a28dc9b490_1795, v0x63a28dc9b490_1796, v0x63a28dc9b490_1797, v0x63a28dc9b490_1798;
v0x63a28dc9b490_1799 .array/port v0x63a28dc9b490, 1799;
v0x63a28dc9b490_1800 .array/port v0x63a28dc9b490, 1800;
v0x63a28dc9b490_1801 .array/port v0x63a28dc9b490, 1801;
v0x63a28dc9b490_1802 .array/port v0x63a28dc9b490, 1802;
E_0x63a28dcbf3d0/450 .event anyedge, v0x63a28dc9b490_1799, v0x63a28dc9b490_1800, v0x63a28dc9b490_1801, v0x63a28dc9b490_1802;
v0x63a28dc9b490_1803 .array/port v0x63a28dc9b490, 1803;
v0x63a28dc9b490_1804 .array/port v0x63a28dc9b490, 1804;
v0x63a28dc9b490_1805 .array/port v0x63a28dc9b490, 1805;
v0x63a28dc9b490_1806 .array/port v0x63a28dc9b490, 1806;
E_0x63a28dcbf3d0/451 .event anyedge, v0x63a28dc9b490_1803, v0x63a28dc9b490_1804, v0x63a28dc9b490_1805, v0x63a28dc9b490_1806;
v0x63a28dc9b490_1807 .array/port v0x63a28dc9b490, 1807;
v0x63a28dc9b490_1808 .array/port v0x63a28dc9b490, 1808;
v0x63a28dc9b490_1809 .array/port v0x63a28dc9b490, 1809;
v0x63a28dc9b490_1810 .array/port v0x63a28dc9b490, 1810;
E_0x63a28dcbf3d0/452 .event anyedge, v0x63a28dc9b490_1807, v0x63a28dc9b490_1808, v0x63a28dc9b490_1809, v0x63a28dc9b490_1810;
v0x63a28dc9b490_1811 .array/port v0x63a28dc9b490, 1811;
v0x63a28dc9b490_1812 .array/port v0x63a28dc9b490, 1812;
v0x63a28dc9b490_1813 .array/port v0x63a28dc9b490, 1813;
v0x63a28dc9b490_1814 .array/port v0x63a28dc9b490, 1814;
E_0x63a28dcbf3d0/453 .event anyedge, v0x63a28dc9b490_1811, v0x63a28dc9b490_1812, v0x63a28dc9b490_1813, v0x63a28dc9b490_1814;
v0x63a28dc9b490_1815 .array/port v0x63a28dc9b490, 1815;
v0x63a28dc9b490_1816 .array/port v0x63a28dc9b490, 1816;
v0x63a28dc9b490_1817 .array/port v0x63a28dc9b490, 1817;
v0x63a28dc9b490_1818 .array/port v0x63a28dc9b490, 1818;
E_0x63a28dcbf3d0/454 .event anyedge, v0x63a28dc9b490_1815, v0x63a28dc9b490_1816, v0x63a28dc9b490_1817, v0x63a28dc9b490_1818;
v0x63a28dc9b490_1819 .array/port v0x63a28dc9b490, 1819;
v0x63a28dc9b490_1820 .array/port v0x63a28dc9b490, 1820;
v0x63a28dc9b490_1821 .array/port v0x63a28dc9b490, 1821;
v0x63a28dc9b490_1822 .array/port v0x63a28dc9b490, 1822;
E_0x63a28dcbf3d0/455 .event anyedge, v0x63a28dc9b490_1819, v0x63a28dc9b490_1820, v0x63a28dc9b490_1821, v0x63a28dc9b490_1822;
v0x63a28dc9b490_1823 .array/port v0x63a28dc9b490, 1823;
v0x63a28dc9b490_1824 .array/port v0x63a28dc9b490, 1824;
v0x63a28dc9b490_1825 .array/port v0x63a28dc9b490, 1825;
v0x63a28dc9b490_1826 .array/port v0x63a28dc9b490, 1826;
E_0x63a28dcbf3d0/456 .event anyedge, v0x63a28dc9b490_1823, v0x63a28dc9b490_1824, v0x63a28dc9b490_1825, v0x63a28dc9b490_1826;
v0x63a28dc9b490_1827 .array/port v0x63a28dc9b490, 1827;
v0x63a28dc9b490_1828 .array/port v0x63a28dc9b490, 1828;
v0x63a28dc9b490_1829 .array/port v0x63a28dc9b490, 1829;
v0x63a28dc9b490_1830 .array/port v0x63a28dc9b490, 1830;
E_0x63a28dcbf3d0/457 .event anyedge, v0x63a28dc9b490_1827, v0x63a28dc9b490_1828, v0x63a28dc9b490_1829, v0x63a28dc9b490_1830;
v0x63a28dc9b490_1831 .array/port v0x63a28dc9b490, 1831;
v0x63a28dc9b490_1832 .array/port v0x63a28dc9b490, 1832;
v0x63a28dc9b490_1833 .array/port v0x63a28dc9b490, 1833;
v0x63a28dc9b490_1834 .array/port v0x63a28dc9b490, 1834;
E_0x63a28dcbf3d0/458 .event anyedge, v0x63a28dc9b490_1831, v0x63a28dc9b490_1832, v0x63a28dc9b490_1833, v0x63a28dc9b490_1834;
v0x63a28dc9b490_1835 .array/port v0x63a28dc9b490, 1835;
v0x63a28dc9b490_1836 .array/port v0x63a28dc9b490, 1836;
v0x63a28dc9b490_1837 .array/port v0x63a28dc9b490, 1837;
v0x63a28dc9b490_1838 .array/port v0x63a28dc9b490, 1838;
E_0x63a28dcbf3d0/459 .event anyedge, v0x63a28dc9b490_1835, v0x63a28dc9b490_1836, v0x63a28dc9b490_1837, v0x63a28dc9b490_1838;
v0x63a28dc9b490_1839 .array/port v0x63a28dc9b490, 1839;
v0x63a28dc9b490_1840 .array/port v0x63a28dc9b490, 1840;
v0x63a28dc9b490_1841 .array/port v0x63a28dc9b490, 1841;
v0x63a28dc9b490_1842 .array/port v0x63a28dc9b490, 1842;
E_0x63a28dcbf3d0/460 .event anyedge, v0x63a28dc9b490_1839, v0x63a28dc9b490_1840, v0x63a28dc9b490_1841, v0x63a28dc9b490_1842;
v0x63a28dc9b490_1843 .array/port v0x63a28dc9b490, 1843;
v0x63a28dc9b490_1844 .array/port v0x63a28dc9b490, 1844;
v0x63a28dc9b490_1845 .array/port v0x63a28dc9b490, 1845;
v0x63a28dc9b490_1846 .array/port v0x63a28dc9b490, 1846;
E_0x63a28dcbf3d0/461 .event anyedge, v0x63a28dc9b490_1843, v0x63a28dc9b490_1844, v0x63a28dc9b490_1845, v0x63a28dc9b490_1846;
v0x63a28dc9b490_1847 .array/port v0x63a28dc9b490, 1847;
v0x63a28dc9b490_1848 .array/port v0x63a28dc9b490, 1848;
v0x63a28dc9b490_1849 .array/port v0x63a28dc9b490, 1849;
v0x63a28dc9b490_1850 .array/port v0x63a28dc9b490, 1850;
E_0x63a28dcbf3d0/462 .event anyedge, v0x63a28dc9b490_1847, v0x63a28dc9b490_1848, v0x63a28dc9b490_1849, v0x63a28dc9b490_1850;
v0x63a28dc9b490_1851 .array/port v0x63a28dc9b490, 1851;
v0x63a28dc9b490_1852 .array/port v0x63a28dc9b490, 1852;
v0x63a28dc9b490_1853 .array/port v0x63a28dc9b490, 1853;
v0x63a28dc9b490_1854 .array/port v0x63a28dc9b490, 1854;
E_0x63a28dcbf3d0/463 .event anyedge, v0x63a28dc9b490_1851, v0x63a28dc9b490_1852, v0x63a28dc9b490_1853, v0x63a28dc9b490_1854;
v0x63a28dc9b490_1855 .array/port v0x63a28dc9b490, 1855;
v0x63a28dc9b490_1856 .array/port v0x63a28dc9b490, 1856;
v0x63a28dc9b490_1857 .array/port v0x63a28dc9b490, 1857;
v0x63a28dc9b490_1858 .array/port v0x63a28dc9b490, 1858;
E_0x63a28dcbf3d0/464 .event anyedge, v0x63a28dc9b490_1855, v0x63a28dc9b490_1856, v0x63a28dc9b490_1857, v0x63a28dc9b490_1858;
v0x63a28dc9b490_1859 .array/port v0x63a28dc9b490, 1859;
v0x63a28dc9b490_1860 .array/port v0x63a28dc9b490, 1860;
v0x63a28dc9b490_1861 .array/port v0x63a28dc9b490, 1861;
v0x63a28dc9b490_1862 .array/port v0x63a28dc9b490, 1862;
E_0x63a28dcbf3d0/465 .event anyedge, v0x63a28dc9b490_1859, v0x63a28dc9b490_1860, v0x63a28dc9b490_1861, v0x63a28dc9b490_1862;
v0x63a28dc9b490_1863 .array/port v0x63a28dc9b490, 1863;
v0x63a28dc9b490_1864 .array/port v0x63a28dc9b490, 1864;
v0x63a28dc9b490_1865 .array/port v0x63a28dc9b490, 1865;
v0x63a28dc9b490_1866 .array/port v0x63a28dc9b490, 1866;
E_0x63a28dcbf3d0/466 .event anyedge, v0x63a28dc9b490_1863, v0x63a28dc9b490_1864, v0x63a28dc9b490_1865, v0x63a28dc9b490_1866;
v0x63a28dc9b490_1867 .array/port v0x63a28dc9b490, 1867;
v0x63a28dc9b490_1868 .array/port v0x63a28dc9b490, 1868;
v0x63a28dc9b490_1869 .array/port v0x63a28dc9b490, 1869;
v0x63a28dc9b490_1870 .array/port v0x63a28dc9b490, 1870;
E_0x63a28dcbf3d0/467 .event anyedge, v0x63a28dc9b490_1867, v0x63a28dc9b490_1868, v0x63a28dc9b490_1869, v0x63a28dc9b490_1870;
v0x63a28dc9b490_1871 .array/port v0x63a28dc9b490, 1871;
v0x63a28dc9b490_1872 .array/port v0x63a28dc9b490, 1872;
v0x63a28dc9b490_1873 .array/port v0x63a28dc9b490, 1873;
v0x63a28dc9b490_1874 .array/port v0x63a28dc9b490, 1874;
E_0x63a28dcbf3d0/468 .event anyedge, v0x63a28dc9b490_1871, v0x63a28dc9b490_1872, v0x63a28dc9b490_1873, v0x63a28dc9b490_1874;
v0x63a28dc9b490_1875 .array/port v0x63a28dc9b490, 1875;
v0x63a28dc9b490_1876 .array/port v0x63a28dc9b490, 1876;
v0x63a28dc9b490_1877 .array/port v0x63a28dc9b490, 1877;
v0x63a28dc9b490_1878 .array/port v0x63a28dc9b490, 1878;
E_0x63a28dcbf3d0/469 .event anyedge, v0x63a28dc9b490_1875, v0x63a28dc9b490_1876, v0x63a28dc9b490_1877, v0x63a28dc9b490_1878;
v0x63a28dc9b490_1879 .array/port v0x63a28dc9b490, 1879;
v0x63a28dc9b490_1880 .array/port v0x63a28dc9b490, 1880;
v0x63a28dc9b490_1881 .array/port v0x63a28dc9b490, 1881;
v0x63a28dc9b490_1882 .array/port v0x63a28dc9b490, 1882;
E_0x63a28dcbf3d0/470 .event anyedge, v0x63a28dc9b490_1879, v0x63a28dc9b490_1880, v0x63a28dc9b490_1881, v0x63a28dc9b490_1882;
v0x63a28dc9b490_1883 .array/port v0x63a28dc9b490, 1883;
v0x63a28dc9b490_1884 .array/port v0x63a28dc9b490, 1884;
v0x63a28dc9b490_1885 .array/port v0x63a28dc9b490, 1885;
v0x63a28dc9b490_1886 .array/port v0x63a28dc9b490, 1886;
E_0x63a28dcbf3d0/471 .event anyedge, v0x63a28dc9b490_1883, v0x63a28dc9b490_1884, v0x63a28dc9b490_1885, v0x63a28dc9b490_1886;
v0x63a28dc9b490_1887 .array/port v0x63a28dc9b490, 1887;
v0x63a28dc9b490_1888 .array/port v0x63a28dc9b490, 1888;
v0x63a28dc9b490_1889 .array/port v0x63a28dc9b490, 1889;
v0x63a28dc9b490_1890 .array/port v0x63a28dc9b490, 1890;
E_0x63a28dcbf3d0/472 .event anyedge, v0x63a28dc9b490_1887, v0x63a28dc9b490_1888, v0x63a28dc9b490_1889, v0x63a28dc9b490_1890;
v0x63a28dc9b490_1891 .array/port v0x63a28dc9b490, 1891;
v0x63a28dc9b490_1892 .array/port v0x63a28dc9b490, 1892;
v0x63a28dc9b490_1893 .array/port v0x63a28dc9b490, 1893;
v0x63a28dc9b490_1894 .array/port v0x63a28dc9b490, 1894;
E_0x63a28dcbf3d0/473 .event anyedge, v0x63a28dc9b490_1891, v0x63a28dc9b490_1892, v0x63a28dc9b490_1893, v0x63a28dc9b490_1894;
v0x63a28dc9b490_1895 .array/port v0x63a28dc9b490, 1895;
v0x63a28dc9b490_1896 .array/port v0x63a28dc9b490, 1896;
v0x63a28dc9b490_1897 .array/port v0x63a28dc9b490, 1897;
v0x63a28dc9b490_1898 .array/port v0x63a28dc9b490, 1898;
E_0x63a28dcbf3d0/474 .event anyedge, v0x63a28dc9b490_1895, v0x63a28dc9b490_1896, v0x63a28dc9b490_1897, v0x63a28dc9b490_1898;
v0x63a28dc9b490_1899 .array/port v0x63a28dc9b490, 1899;
v0x63a28dc9b490_1900 .array/port v0x63a28dc9b490, 1900;
v0x63a28dc9b490_1901 .array/port v0x63a28dc9b490, 1901;
v0x63a28dc9b490_1902 .array/port v0x63a28dc9b490, 1902;
E_0x63a28dcbf3d0/475 .event anyedge, v0x63a28dc9b490_1899, v0x63a28dc9b490_1900, v0x63a28dc9b490_1901, v0x63a28dc9b490_1902;
v0x63a28dc9b490_1903 .array/port v0x63a28dc9b490, 1903;
v0x63a28dc9b490_1904 .array/port v0x63a28dc9b490, 1904;
v0x63a28dc9b490_1905 .array/port v0x63a28dc9b490, 1905;
v0x63a28dc9b490_1906 .array/port v0x63a28dc9b490, 1906;
E_0x63a28dcbf3d0/476 .event anyedge, v0x63a28dc9b490_1903, v0x63a28dc9b490_1904, v0x63a28dc9b490_1905, v0x63a28dc9b490_1906;
v0x63a28dc9b490_1907 .array/port v0x63a28dc9b490, 1907;
v0x63a28dc9b490_1908 .array/port v0x63a28dc9b490, 1908;
v0x63a28dc9b490_1909 .array/port v0x63a28dc9b490, 1909;
v0x63a28dc9b490_1910 .array/port v0x63a28dc9b490, 1910;
E_0x63a28dcbf3d0/477 .event anyedge, v0x63a28dc9b490_1907, v0x63a28dc9b490_1908, v0x63a28dc9b490_1909, v0x63a28dc9b490_1910;
v0x63a28dc9b490_1911 .array/port v0x63a28dc9b490, 1911;
v0x63a28dc9b490_1912 .array/port v0x63a28dc9b490, 1912;
v0x63a28dc9b490_1913 .array/port v0x63a28dc9b490, 1913;
v0x63a28dc9b490_1914 .array/port v0x63a28dc9b490, 1914;
E_0x63a28dcbf3d0/478 .event anyedge, v0x63a28dc9b490_1911, v0x63a28dc9b490_1912, v0x63a28dc9b490_1913, v0x63a28dc9b490_1914;
v0x63a28dc9b490_1915 .array/port v0x63a28dc9b490, 1915;
v0x63a28dc9b490_1916 .array/port v0x63a28dc9b490, 1916;
v0x63a28dc9b490_1917 .array/port v0x63a28dc9b490, 1917;
v0x63a28dc9b490_1918 .array/port v0x63a28dc9b490, 1918;
E_0x63a28dcbf3d0/479 .event anyedge, v0x63a28dc9b490_1915, v0x63a28dc9b490_1916, v0x63a28dc9b490_1917, v0x63a28dc9b490_1918;
v0x63a28dc9b490_1919 .array/port v0x63a28dc9b490, 1919;
v0x63a28dc9b490_1920 .array/port v0x63a28dc9b490, 1920;
v0x63a28dc9b490_1921 .array/port v0x63a28dc9b490, 1921;
v0x63a28dc9b490_1922 .array/port v0x63a28dc9b490, 1922;
E_0x63a28dcbf3d0/480 .event anyedge, v0x63a28dc9b490_1919, v0x63a28dc9b490_1920, v0x63a28dc9b490_1921, v0x63a28dc9b490_1922;
v0x63a28dc9b490_1923 .array/port v0x63a28dc9b490, 1923;
v0x63a28dc9b490_1924 .array/port v0x63a28dc9b490, 1924;
v0x63a28dc9b490_1925 .array/port v0x63a28dc9b490, 1925;
v0x63a28dc9b490_1926 .array/port v0x63a28dc9b490, 1926;
E_0x63a28dcbf3d0/481 .event anyedge, v0x63a28dc9b490_1923, v0x63a28dc9b490_1924, v0x63a28dc9b490_1925, v0x63a28dc9b490_1926;
v0x63a28dc9b490_1927 .array/port v0x63a28dc9b490, 1927;
v0x63a28dc9b490_1928 .array/port v0x63a28dc9b490, 1928;
v0x63a28dc9b490_1929 .array/port v0x63a28dc9b490, 1929;
v0x63a28dc9b490_1930 .array/port v0x63a28dc9b490, 1930;
E_0x63a28dcbf3d0/482 .event anyedge, v0x63a28dc9b490_1927, v0x63a28dc9b490_1928, v0x63a28dc9b490_1929, v0x63a28dc9b490_1930;
v0x63a28dc9b490_1931 .array/port v0x63a28dc9b490, 1931;
v0x63a28dc9b490_1932 .array/port v0x63a28dc9b490, 1932;
v0x63a28dc9b490_1933 .array/port v0x63a28dc9b490, 1933;
v0x63a28dc9b490_1934 .array/port v0x63a28dc9b490, 1934;
E_0x63a28dcbf3d0/483 .event anyedge, v0x63a28dc9b490_1931, v0x63a28dc9b490_1932, v0x63a28dc9b490_1933, v0x63a28dc9b490_1934;
v0x63a28dc9b490_1935 .array/port v0x63a28dc9b490, 1935;
v0x63a28dc9b490_1936 .array/port v0x63a28dc9b490, 1936;
v0x63a28dc9b490_1937 .array/port v0x63a28dc9b490, 1937;
v0x63a28dc9b490_1938 .array/port v0x63a28dc9b490, 1938;
E_0x63a28dcbf3d0/484 .event anyedge, v0x63a28dc9b490_1935, v0x63a28dc9b490_1936, v0x63a28dc9b490_1937, v0x63a28dc9b490_1938;
v0x63a28dc9b490_1939 .array/port v0x63a28dc9b490, 1939;
v0x63a28dc9b490_1940 .array/port v0x63a28dc9b490, 1940;
v0x63a28dc9b490_1941 .array/port v0x63a28dc9b490, 1941;
v0x63a28dc9b490_1942 .array/port v0x63a28dc9b490, 1942;
E_0x63a28dcbf3d0/485 .event anyedge, v0x63a28dc9b490_1939, v0x63a28dc9b490_1940, v0x63a28dc9b490_1941, v0x63a28dc9b490_1942;
v0x63a28dc9b490_1943 .array/port v0x63a28dc9b490, 1943;
v0x63a28dc9b490_1944 .array/port v0x63a28dc9b490, 1944;
v0x63a28dc9b490_1945 .array/port v0x63a28dc9b490, 1945;
v0x63a28dc9b490_1946 .array/port v0x63a28dc9b490, 1946;
E_0x63a28dcbf3d0/486 .event anyedge, v0x63a28dc9b490_1943, v0x63a28dc9b490_1944, v0x63a28dc9b490_1945, v0x63a28dc9b490_1946;
v0x63a28dc9b490_1947 .array/port v0x63a28dc9b490, 1947;
v0x63a28dc9b490_1948 .array/port v0x63a28dc9b490, 1948;
v0x63a28dc9b490_1949 .array/port v0x63a28dc9b490, 1949;
v0x63a28dc9b490_1950 .array/port v0x63a28dc9b490, 1950;
E_0x63a28dcbf3d0/487 .event anyedge, v0x63a28dc9b490_1947, v0x63a28dc9b490_1948, v0x63a28dc9b490_1949, v0x63a28dc9b490_1950;
v0x63a28dc9b490_1951 .array/port v0x63a28dc9b490, 1951;
v0x63a28dc9b490_1952 .array/port v0x63a28dc9b490, 1952;
v0x63a28dc9b490_1953 .array/port v0x63a28dc9b490, 1953;
v0x63a28dc9b490_1954 .array/port v0x63a28dc9b490, 1954;
E_0x63a28dcbf3d0/488 .event anyedge, v0x63a28dc9b490_1951, v0x63a28dc9b490_1952, v0x63a28dc9b490_1953, v0x63a28dc9b490_1954;
v0x63a28dc9b490_1955 .array/port v0x63a28dc9b490, 1955;
v0x63a28dc9b490_1956 .array/port v0x63a28dc9b490, 1956;
v0x63a28dc9b490_1957 .array/port v0x63a28dc9b490, 1957;
v0x63a28dc9b490_1958 .array/port v0x63a28dc9b490, 1958;
E_0x63a28dcbf3d0/489 .event anyedge, v0x63a28dc9b490_1955, v0x63a28dc9b490_1956, v0x63a28dc9b490_1957, v0x63a28dc9b490_1958;
v0x63a28dc9b490_1959 .array/port v0x63a28dc9b490, 1959;
v0x63a28dc9b490_1960 .array/port v0x63a28dc9b490, 1960;
v0x63a28dc9b490_1961 .array/port v0x63a28dc9b490, 1961;
v0x63a28dc9b490_1962 .array/port v0x63a28dc9b490, 1962;
E_0x63a28dcbf3d0/490 .event anyedge, v0x63a28dc9b490_1959, v0x63a28dc9b490_1960, v0x63a28dc9b490_1961, v0x63a28dc9b490_1962;
v0x63a28dc9b490_1963 .array/port v0x63a28dc9b490, 1963;
v0x63a28dc9b490_1964 .array/port v0x63a28dc9b490, 1964;
v0x63a28dc9b490_1965 .array/port v0x63a28dc9b490, 1965;
v0x63a28dc9b490_1966 .array/port v0x63a28dc9b490, 1966;
E_0x63a28dcbf3d0/491 .event anyedge, v0x63a28dc9b490_1963, v0x63a28dc9b490_1964, v0x63a28dc9b490_1965, v0x63a28dc9b490_1966;
v0x63a28dc9b490_1967 .array/port v0x63a28dc9b490, 1967;
v0x63a28dc9b490_1968 .array/port v0x63a28dc9b490, 1968;
v0x63a28dc9b490_1969 .array/port v0x63a28dc9b490, 1969;
v0x63a28dc9b490_1970 .array/port v0x63a28dc9b490, 1970;
E_0x63a28dcbf3d0/492 .event anyedge, v0x63a28dc9b490_1967, v0x63a28dc9b490_1968, v0x63a28dc9b490_1969, v0x63a28dc9b490_1970;
v0x63a28dc9b490_1971 .array/port v0x63a28dc9b490, 1971;
v0x63a28dc9b490_1972 .array/port v0x63a28dc9b490, 1972;
v0x63a28dc9b490_1973 .array/port v0x63a28dc9b490, 1973;
v0x63a28dc9b490_1974 .array/port v0x63a28dc9b490, 1974;
E_0x63a28dcbf3d0/493 .event anyedge, v0x63a28dc9b490_1971, v0x63a28dc9b490_1972, v0x63a28dc9b490_1973, v0x63a28dc9b490_1974;
v0x63a28dc9b490_1975 .array/port v0x63a28dc9b490, 1975;
v0x63a28dc9b490_1976 .array/port v0x63a28dc9b490, 1976;
v0x63a28dc9b490_1977 .array/port v0x63a28dc9b490, 1977;
v0x63a28dc9b490_1978 .array/port v0x63a28dc9b490, 1978;
E_0x63a28dcbf3d0/494 .event anyedge, v0x63a28dc9b490_1975, v0x63a28dc9b490_1976, v0x63a28dc9b490_1977, v0x63a28dc9b490_1978;
v0x63a28dc9b490_1979 .array/port v0x63a28dc9b490, 1979;
v0x63a28dc9b490_1980 .array/port v0x63a28dc9b490, 1980;
v0x63a28dc9b490_1981 .array/port v0x63a28dc9b490, 1981;
v0x63a28dc9b490_1982 .array/port v0x63a28dc9b490, 1982;
E_0x63a28dcbf3d0/495 .event anyedge, v0x63a28dc9b490_1979, v0x63a28dc9b490_1980, v0x63a28dc9b490_1981, v0x63a28dc9b490_1982;
v0x63a28dc9b490_1983 .array/port v0x63a28dc9b490, 1983;
v0x63a28dc9b490_1984 .array/port v0x63a28dc9b490, 1984;
v0x63a28dc9b490_1985 .array/port v0x63a28dc9b490, 1985;
v0x63a28dc9b490_1986 .array/port v0x63a28dc9b490, 1986;
E_0x63a28dcbf3d0/496 .event anyedge, v0x63a28dc9b490_1983, v0x63a28dc9b490_1984, v0x63a28dc9b490_1985, v0x63a28dc9b490_1986;
v0x63a28dc9b490_1987 .array/port v0x63a28dc9b490, 1987;
v0x63a28dc9b490_1988 .array/port v0x63a28dc9b490, 1988;
v0x63a28dc9b490_1989 .array/port v0x63a28dc9b490, 1989;
v0x63a28dc9b490_1990 .array/port v0x63a28dc9b490, 1990;
E_0x63a28dcbf3d0/497 .event anyedge, v0x63a28dc9b490_1987, v0x63a28dc9b490_1988, v0x63a28dc9b490_1989, v0x63a28dc9b490_1990;
v0x63a28dc9b490_1991 .array/port v0x63a28dc9b490, 1991;
v0x63a28dc9b490_1992 .array/port v0x63a28dc9b490, 1992;
v0x63a28dc9b490_1993 .array/port v0x63a28dc9b490, 1993;
v0x63a28dc9b490_1994 .array/port v0x63a28dc9b490, 1994;
E_0x63a28dcbf3d0/498 .event anyedge, v0x63a28dc9b490_1991, v0x63a28dc9b490_1992, v0x63a28dc9b490_1993, v0x63a28dc9b490_1994;
v0x63a28dc9b490_1995 .array/port v0x63a28dc9b490, 1995;
v0x63a28dc9b490_1996 .array/port v0x63a28dc9b490, 1996;
v0x63a28dc9b490_1997 .array/port v0x63a28dc9b490, 1997;
v0x63a28dc9b490_1998 .array/port v0x63a28dc9b490, 1998;
E_0x63a28dcbf3d0/499 .event anyedge, v0x63a28dc9b490_1995, v0x63a28dc9b490_1996, v0x63a28dc9b490_1997, v0x63a28dc9b490_1998;
v0x63a28dc9b490_1999 .array/port v0x63a28dc9b490, 1999;
v0x63a28dc9b490_2000 .array/port v0x63a28dc9b490, 2000;
v0x63a28dc9b490_2001 .array/port v0x63a28dc9b490, 2001;
v0x63a28dc9b490_2002 .array/port v0x63a28dc9b490, 2002;
E_0x63a28dcbf3d0/500 .event anyedge, v0x63a28dc9b490_1999, v0x63a28dc9b490_2000, v0x63a28dc9b490_2001, v0x63a28dc9b490_2002;
v0x63a28dc9b490_2003 .array/port v0x63a28dc9b490, 2003;
v0x63a28dc9b490_2004 .array/port v0x63a28dc9b490, 2004;
v0x63a28dc9b490_2005 .array/port v0x63a28dc9b490, 2005;
v0x63a28dc9b490_2006 .array/port v0x63a28dc9b490, 2006;
E_0x63a28dcbf3d0/501 .event anyedge, v0x63a28dc9b490_2003, v0x63a28dc9b490_2004, v0x63a28dc9b490_2005, v0x63a28dc9b490_2006;
v0x63a28dc9b490_2007 .array/port v0x63a28dc9b490, 2007;
v0x63a28dc9b490_2008 .array/port v0x63a28dc9b490, 2008;
v0x63a28dc9b490_2009 .array/port v0x63a28dc9b490, 2009;
v0x63a28dc9b490_2010 .array/port v0x63a28dc9b490, 2010;
E_0x63a28dcbf3d0/502 .event anyedge, v0x63a28dc9b490_2007, v0x63a28dc9b490_2008, v0x63a28dc9b490_2009, v0x63a28dc9b490_2010;
v0x63a28dc9b490_2011 .array/port v0x63a28dc9b490, 2011;
v0x63a28dc9b490_2012 .array/port v0x63a28dc9b490, 2012;
v0x63a28dc9b490_2013 .array/port v0x63a28dc9b490, 2013;
v0x63a28dc9b490_2014 .array/port v0x63a28dc9b490, 2014;
E_0x63a28dcbf3d0/503 .event anyedge, v0x63a28dc9b490_2011, v0x63a28dc9b490_2012, v0x63a28dc9b490_2013, v0x63a28dc9b490_2014;
v0x63a28dc9b490_2015 .array/port v0x63a28dc9b490, 2015;
v0x63a28dc9b490_2016 .array/port v0x63a28dc9b490, 2016;
v0x63a28dc9b490_2017 .array/port v0x63a28dc9b490, 2017;
v0x63a28dc9b490_2018 .array/port v0x63a28dc9b490, 2018;
E_0x63a28dcbf3d0/504 .event anyedge, v0x63a28dc9b490_2015, v0x63a28dc9b490_2016, v0x63a28dc9b490_2017, v0x63a28dc9b490_2018;
v0x63a28dc9b490_2019 .array/port v0x63a28dc9b490, 2019;
v0x63a28dc9b490_2020 .array/port v0x63a28dc9b490, 2020;
v0x63a28dc9b490_2021 .array/port v0x63a28dc9b490, 2021;
v0x63a28dc9b490_2022 .array/port v0x63a28dc9b490, 2022;
E_0x63a28dcbf3d0/505 .event anyedge, v0x63a28dc9b490_2019, v0x63a28dc9b490_2020, v0x63a28dc9b490_2021, v0x63a28dc9b490_2022;
v0x63a28dc9b490_2023 .array/port v0x63a28dc9b490, 2023;
v0x63a28dc9b490_2024 .array/port v0x63a28dc9b490, 2024;
v0x63a28dc9b490_2025 .array/port v0x63a28dc9b490, 2025;
v0x63a28dc9b490_2026 .array/port v0x63a28dc9b490, 2026;
E_0x63a28dcbf3d0/506 .event anyedge, v0x63a28dc9b490_2023, v0x63a28dc9b490_2024, v0x63a28dc9b490_2025, v0x63a28dc9b490_2026;
v0x63a28dc9b490_2027 .array/port v0x63a28dc9b490, 2027;
v0x63a28dc9b490_2028 .array/port v0x63a28dc9b490, 2028;
v0x63a28dc9b490_2029 .array/port v0x63a28dc9b490, 2029;
v0x63a28dc9b490_2030 .array/port v0x63a28dc9b490, 2030;
E_0x63a28dcbf3d0/507 .event anyedge, v0x63a28dc9b490_2027, v0x63a28dc9b490_2028, v0x63a28dc9b490_2029, v0x63a28dc9b490_2030;
v0x63a28dc9b490_2031 .array/port v0x63a28dc9b490, 2031;
v0x63a28dc9b490_2032 .array/port v0x63a28dc9b490, 2032;
v0x63a28dc9b490_2033 .array/port v0x63a28dc9b490, 2033;
v0x63a28dc9b490_2034 .array/port v0x63a28dc9b490, 2034;
E_0x63a28dcbf3d0/508 .event anyedge, v0x63a28dc9b490_2031, v0x63a28dc9b490_2032, v0x63a28dc9b490_2033, v0x63a28dc9b490_2034;
v0x63a28dc9b490_2035 .array/port v0x63a28dc9b490, 2035;
v0x63a28dc9b490_2036 .array/port v0x63a28dc9b490, 2036;
v0x63a28dc9b490_2037 .array/port v0x63a28dc9b490, 2037;
v0x63a28dc9b490_2038 .array/port v0x63a28dc9b490, 2038;
E_0x63a28dcbf3d0/509 .event anyedge, v0x63a28dc9b490_2035, v0x63a28dc9b490_2036, v0x63a28dc9b490_2037, v0x63a28dc9b490_2038;
v0x63a28dc9b490_2039 .array/port v0x63a28dc9b490, 2039;
v0x63a28dc9b490_2040 .array/port v0x63a28dc9b490, 2040;
v0x63a28dc9b490_2041 .array/port v0x63a28dc9b490, 2041;
v0x63a28dc9b490_2042 .array/port v0x63a28dc9b490, 2042;
E_0x63a28dcbf3d0/510 .event anyedge, v0x63a28dc9b490_2039, v0x63a28dc9b490_2040, v0x63a28dc9b490_2041, v0x63a28dc9b490_2042;
v0x63a28dc9b490_2043 .array/port v0x63a28dc9b490, 2043;
v0x63a28dc9b490_2044 .array/port v0x63a28dc9b490, 2044;
v0x63a28dc9b490_2045 .array/port v0x63a28dc9b490, 2045;
v0x63a28dc9b490_2046 .array/port v0x63a28dc9b490, 2046;
E_0x63a28dcbf3d0/511 .event anyedge, v0x63a28dc9b490_2043, v0x63a28dc9b490_2044, v0x63a28dc9b490_2045, v0x63a28dc9b490_2046;
v0x63a28dc9b490_2047 .array/port v0x63a28dc9b490, 2047;
v0x63a28dc9b490_2048 .array/port v0x63a28dc9b490, 2048;
v0x63a28dc9b490_2049 .array/port v0x63a28dc9b490, 2049;
v0x63a28dc9b490_2050 .array/port v0x63a28dc9b490, 2050;
E_0x63a28dcbf3d0/512 .event anyedge, v0x63a28dc9b490_2047, v0x63a28dc9b490_2048, v0x63a28dc9b490_2049, v0x63a28dc9b490_2050;
v0x63a28dc9b490_2051 .array/port v0x63a28dc9b490, 2051;
v0x63a28dc9b490_2052 .array/port v0x63a28dc9b490, 2052;
v0x63a28dc9b490_2053 .array/port v0x63a28dc9b490, 2053;
v0x63a28dc9b490_2054 .array/port v0x63a28dc9b490, 2054;
E_0x63a28dcbf3d0/513 .event anyedge, v0x63a28dc9b490_2051, v0x63a28dc9b490_2052, v0x63a28dc9b490_2053, v0x63a28dc9b490_2054;
v0x63a28dc9b490_2055 .array/port v0x63a28dc9b490, 2055;
v0x63a28dc9b490_2056 .array/port v0x63a28dc9b490, 2056;
v0x63a28dc9b490_2057 .array/port v0x63a28dc9b490, 2057;
v0x63a28dc9b490_2058 .array/port v0x63a28dc9b490, 2058;
E_0x63a28dcbf3d0/514 .event anyedge, v0x63a28dc9b490_2055, v0x63a28dc9b490_2056, v0x63a28dc9b490_2057, v0x63a28dc9b490_2058;
v0x63a28dc9b490_2059 .array/port v0x63a28dc9b490, 2059;
v0x63a28dc9b490_2060 .array/port v0x63a28dc9b490, 2060;
v0x63a28dc9b490_2061 .array/port v0x63a28dc9b490, 2061;
v0x63a28dc9b490_2062 .array/port v0x63a28dc9b490, 2062;
E_0x63a28dcbf3d0/515 .event anyedge, v0x63a28dc9b490_2059, v0x63a28dc9b490_2060, v0x63a28dc9b490_2061, v0x63a28dc9b490_2062;
v0x63a28dc9b490_2063 .array/port v0x63a28dc9b490, 2063;
v0x63a28dc9b490_2064 .array/port v0x63a28dc9b490, 2064;
v0x63a28dc9b490_2065 .array/port v0x63a28dc9b490, 2065;
v0x63a28dc9b490_2066 .array/port v0x63a28dc9b490, 2066;
E_0x63a28dcbf3d0/516 .event anyedge, v0x63a28dc9b490_2063, v0x63a28dc9b490_2064, v0x63a28dc9b490_2065, v0x63a28dc9b490_2066;
v0x63a28dc9b490_2067 .array/port v0x63a28dc9b490, 2067;
v0x63a28dc9b490_2068 .array/port v0x63a28dc9b490, 2068;
v0x63a28dc9b490_2069 .array/port v0x63a28dc9b490, 2069;
v0x63a28dc9b490_2070 .array/port v0x63a28dc9b490, 2070;
E_0x63a28dcbf3d0/517 .event anyedge, v0x63a28dc9b490_2067, v0x63a28dc9b490_2068, v0x63a28dc9b490_2069, v0x63a28dc9b490_2070;
v0x63a28dc9b490_2071 .array/port v0x63a28dc9b490, 2071;
v0x63a28dc9b490_2072 .array/port v0x63a28dc9b490, 2072;
v0x63a28dc9b490_2073 .array/port v0x63a28dc9b490, 2073;
v0x63a28dc9b490_2074 .array/port v0x63a28dc9b490, 2074;
E_0x63a28dcbf3d0/518 .event anyedge, v0x63a28dc9b490_2071, v0x63a28dc9b490_2072, v0x63a28dc9b490_2073, v0x63a28dc9b490_2074;
v0x63a28dc9b490_2075 .array/port v0x63a28dc9b490, 2075;
v0x63a28dc9b490_2076 .array/port v0x63a28dc9b490, 2076;
v0x63a28dc9b490_2077 .array/port v0x63a28dc9b490, 2077;
v0x63a28dc9b490_2078 .array/port v0x63a28dc9b490, 2078;
E_0x63a28dcbf3d0/519 .event anyedge, v0x63a28dc9b490_2075, v0x63a28dc9b490_2076, v0x63a28dc9b490_2077, v0x63a28dc9b490_2078;
v0x63a28dc9b490_2079 .array/port v0x63a28dc9b490, 2079;
v0x63a28dc9b490_2080 .array/port v0x63a28dc9b490, 2080;
v0x63a28dc9b490_2081 .array/port v0x63a28dc9b490, 2081;
v0x63a28dc9b490_2082 .array/port v0x63a28dc9b490, 2082;
E_0x63a28dcbf3d0/520 .event anyedge, v0x63a28dc9b490_2079, v0x63a28dc9b490_2080, v0x63a28dc9b490_2081, v0x63a28dc9b490_2082;
v0x63a28dc9b490_2083 .array/port v0x63a28dc9b490, 2083;
v0x63a28dc9b490_2084 .array/port v0x63a28dc9b490, 2084;
v0x63a28dc9b490_2085 .array/port v0x63a28dc9b490, 2085;
v0x63a28dc9b490_2086 .array/port v0x63a28dc9b490, 2086;
E_0x63a28dcbf3d0/521 .event anyedge, v0x63a28dc9b490_2083, v0x63a28dc9b490_2084, v0x63a28dc9b490_2085, v0x63a28dc9b490_2086;
v0x63a28dc9b490_2087 .array/port v0x63a28dc9b490, 2087;
v0x63a28dc9b490_2088 .array/port v0x63a28dc9b490, 2088;
v0x63a28dc9b490_2089 .array/port v0x63a28dc9b490, 2089;
v0x63a28dc9b490_2090 .array/port v0x63a28dc9b490, 2090;
E_0x63a28dcbf3d0/522 .event anyedge, v0x63a28dc9b490_2087, v0x63a28dc9b490_2088, v0x63a28dc9b490_2089, v0x63a28dc9b490_2090;
v0x63a28dc9b490_2091 .array/port v0x63a28dc9b490, 2091;
v0x63a28dc9b490_2092 .array/port v0x63a28dc9b490, 2092;
v0x63a28dc9b490_2093 .array/port v0x63a28dc9b490, 2093;
v0x63a28dc9b490_2094 .array/port v0x63a28dc9b490, 2094;
E_0x63a28dcbf3d0/523 .event anyedge, v0x63a28dc9b490_2091, v0x63a28dc9b490_2092, v0x63a28dc9b490_2093, v0x63a28dc9b490_2094;
v0x63a28dc9b490_2095 .array/port v0x63a28dc9b490, 2095;
v0x63a28dc9b490_2096 .array/port v0x63a28dc9b490, 2096;
v0x63a28dc9b490_2097 .array/port v0x63a28dc9b490, 2097;
v0x63a28dc9b490_2098 .array/port v0x63a28dc9b490, 2098;
E_0x63a28dcbf3d0/524 .event anyedge, v0x63a28dc9b490_2095, v0x63a28dc9b490_2096, v0x63a28dc9b490_2097, v0x63a28dc9b490_2098;
v0x63a28dc9b490_2099 .array/port v0x63a28dc9b490, 2099;
v0x63a28dc9b490_2100 .array/port v0x63a28dc9b490, 2100;
v0x63a28dc9b490_2101 .array/port v0x63a28dc9b490, 2101;
v0x63a28dc9b490_2102 .array/port v0x63a28dc9b490, 2102;
E_0x63a28dcbf3d0/525 .event anyedge, v0x63a28dc9b490_2099, v0x63a28dc9b490_2100, v0x63a28dc9b490_2101, v0x63a28dc9b490_2102;
v0x63a28dc9b490_2103 .array/port v0x63a28dc9b490, 2103;
v0x63a28dc9b490_2104 .array/port v0x63a28dc9b490, 2104;
v0x63a28dc9b490_2105 .array/port v0x63a28dc9b490, 2105;
v0x63a28dc9b490_2106 .array/port v0x63a28dc9b490, 2106;
E_0x63a28dcbf3d0/526 .event anyedge, v0x63a28dc9b490_2103, v0x63a28dc9b490_2104, v0x63a28dc9b490_2105, v0x63a28dc9b490_2106;
v0x63a28dc9b490_2107 .array/port v0x63a28dc9b490, 2107;
v0x63a28dc9b490_2108 .array/port v0x63a28dc9b490, 2108;
v0x63a28dc9b490_2109 .array/port v0x63a28dc9b490, 2109;
v0x63a28dc9b490_2110 .array/port v0x63a28dc9b490, 2110;
E_0x63a28dcbf3d0/527 .event anyedge, v0x63a28dc9b490_2107, v0x63a28dc9b490_2108, v0x63a28dc9b490_2109, v0x63a28dc9b490_2110;
v0x63a28dc9b490_2111 .array/port v0x63a28dc9b490, 2111;
v0x63a28dc9b490_2112 .array/port v0x63a28dc9b490, 2112;
v0x63a28dc9b490_2113 .array/port v0x63a28dc9b490, 2113;
v0x63a28dc9b490_2114 .array/port v0x63a28dc9b490, 2114;
E_0x63a28dcbf3d0/528 .event anyedge, v0x63a28dc9b490_2111, v0x63a28dc9b490_2112, v0x63a28dc9b490_2113, v0x63a28dc9b490_2114;
v0x63a28dc9b490_2115 .array/port v0x63a28dc9b490, 2115;
v0x63a28dc9b490_2116 .array/port v0x63a28dc9b490, 2116;
v0x63a28dc9b490_2117 .array/port v0x63a28dc9b490, 2117;
v0x63a28dc9b490_2118 .array/port v0x63a28dc9b490, 2118;
E_0x63a28dcbf3d0/529 .event anyedge, v0x63a28dc9b490_2115, v0x63a28dc9b490_2116, v0x63a28dc9b490_2117, v0x63a28dc9b490_2118;
v0x63a28dc9b490_2119 .array/port v0x63a28dc9b490, 2119;
v0x63a28dc9b490_2120 .array/port v0x63a28dc9b490, 2120;
v0x63a28dc9b490_2121 .array/port v0x63a28dc9b490, 2121;
v0x63a28dc9b490_2122 .array/port v0x63a28dc9b490, 2122;
E_0x63a28dcbf3d0/530 .event anyedge, v0x63a28dc9b490_2119, v0x63a28dc9b490_2120, v0x63a28dc9b490_2121, v0x63a28dc9b490_2122;
v0x63a28dc9b490_2123 .array/port v0x63a28dc9b490, 2123;
v0x63a28dc9b490_2124 .array/port v0x63a28dc9b490, 2124;
v0x63a28dc9b490_2125 .array/port v0x63a28dc9b490, 2125;
v0x63a28dc9b490_2126 .array/port v0x63a28dc9b490, 2126;
E_0x63a28dcbf3d0/531 .event anyedge, v0x63a28dc9b490_2123, v0x63a28dc9b490_2124, v0x63a28dc9b490_2125, v0x63a28dc9b490_2126;
v0x63a28dc9b490_2127 .array/port v0x63a28dc9b490, 2127;
v0x63a28dc9b490_2128 .array/port v0x63a28dc9b490, 2128;
v0x63a28dc9b490_2129 .array/port v0x63a28dc9b490, 2129;
v0x63a28dc9b490_2130 .array/port v0x63a28dc9b490, 2130;
E_0x63a28dcbf3d0/532 .event anyedge, v0x63a28dc9b490_2127, v0x63a28dc9b490_2128, v0x63a28dc9b490_2129, v0x63a28dc9b490_2130;
v0x63a28dc9b490_2131 .array/port v0x63a28dc9b490, 2131;
v0x63a28dc9b490_2132 .array/port v0x63a28dc9b490, 2132;
v0x63a28dc9b490_2133 .array/port v0x63a28dc9b490, 2133;
v0x63a28dc9b490_2134 .array/port v0x63a28dc9b490, 2134;
E_0x63a28dcbf3d0/533 .event anyedge, v0x63a28dc9b490_2131, v0x63a28dc9b490_2132, v0x63a28dc9b490_2133, v0x63a28dc9b490_2134;
v0x63a28dc9b490_2135 .array/port v0x63a28dc9b490, 2135;
v0x63a28dc9b490_2136 .array/port v0x63a28dc9b490, 2136;
v0x63a28dc9b490_2137 .array/port v0x63a28dc9b490, 2137;
v0x63a28dc9b490_2138 .array/port v0x63a28dc9b490, 2138;
E_0x63a28dcbf3d0/534 .event anyedge, v0x63a28dc9b490_2135, v0x63a28dc9b490_2136, v0x63a28dc9b490_2137, v0x63a28dc9b490_2138;
v0x63a28dc9b490_2139 .array/port v0x63a28dc9b490, 2139;
v0x63a28dc9b490_2140 .array/port v0x63a28dc9b490, 2140;
v0x63a28dc9b490_2141 .array/port v0x63a28dc9b490, 2141;
v0x63a28dc9b490_2142 .array/port v0x63a28dc9b490, 2142;
E_0x63a28dcbf3d0/535 .event anyedge, v0x63a28dc9b490_2139, v0x63a28dc9b490_2140, v0x63a28dc9b490_2141, v0x63a28dc9b490_2142;
v0x63a28dc9b490_2143 .array/port v0x63a28dc9b490, 2143;
v0x63a28dc9b490_2144 .array/port v0x63a28dc9b490, 2144;
v0x63a28dc9b490_2145 .array/port v0x63a28dc9b490, 2145;
v0x63a28dc9b490_2146 .array/port v0x63a28dc9b490, 2146;
E_0x63a28dcbf3d0/536 .event anyedge, v0x63a28dc9b490_2143, v0x63a28dc9b490_2144, v0x63a28dc9b490_2145, v0x63a28dc9b490_2146;
v0x63a28dc9b490_2147 .array/port v0x63a28dc9b490, 2147;
v0x63a28dc9b490_2148 .array/port v0x63a28dc9b490, 2148;
v0x63a28dc9b490_2149 .array/port v0x63a28dc9b490, 2149;
v0x63a28dc9b490_2150 .array/port v0x63a28dc9b490, 2150;
E_0x63a28dcbf3d0/537 .event anyedge, v0x63a28dc9b490_2147, v0x63a28dc9b490_2148, v0x63a28dc9b490_2149, v0x63a28dc9b490_2150;
v0x63a28dc9b490_2151 .array/port v0x63a28dc9b490, 2151;
v0x63a28dc9b490_2152 .array/port v0x63a28dc9b490, 2152;
v0x63a28dc9b490_2153 .array/port v0x63a28dc9b490, 2153;
v0x63a28dc9b490_2154 .array/port v0x63a28dc9b490, 2154;
E_0x63a28dcbf3d0/538 .event anyedge, v0x63a28dc9b490_2151, v0x63a28dc9b490_2152, v0x63a28dc9b490_2153, v0x63a28dc9b490_2154;
v0x63a28dc9b490_2155 .array/port v0x63a28dc9b490, 2155;
v0x63a28dc9b490_2156 .array/port v0x63a28dc9b490, 2156;
v0x63a28dc9b490_2157 .array/port v0x63a28dc9b490, 2157;
v0x63a28dc9b490_2158 .array/port v0x63a28dc9b490, 2158;
E_0x63a28dcbf3d0/539 .event anyedge, v0x63a28dc9b490_2155, v0x63a28dc9b490_2156, v0x63a28dc9b490_2157, v0x63a28dc9b490_2158;
v0x63a28dc9b490_2159 .array/port v0x63a28dc9b490, 2159;
v0x63a28dc9b490_2160 .array/port v0x63a28dc9b490, 2160;
v0x63a28dc9b490_2161 .array/port v0x63a28dc9b490, 2161;
v0x63a28dc9b490_2162 .array/port v0x63a28dc9b490, 2162;
E_0x63a28dcbf3d0/540 .event anyedge, v0x63a28dc9b490_2159, v0x63a28dc9b490_2160, v0x63a28dc9b490_2161, v0x63a28dc9b490_2162;
v0x63a28dc9b490_2163 .array/port v0x63a28dc9b490, 2163;
v0x63a28dc9b490_2164 .array/port v0x63a28dc9b490, 2164;
v0x63a28dc9b490_2165 .array/port v0x63a28dc9b490, 2165;
v0x63a28dc9b490_2166 .array/port v0x63a28dc9b490, 2166;
E_0x63a28dcbf3d0/541 .event anyedge, v0x63a28dc9b490_2163, v0x63a28dc9b490_2164, v0x63a28dc9b490_2165, v0x63a28dc9b490_2166;
v0x63a28dc9b490_2167 .array/port v0x63a28dc9b490, 2167;
v0x63a28dc9b490_2168 .array/port v0x63a28dc9b490, 2168;
v0x63a28dc9b490_2169 .array/port v0x63a28dc9b490, 2169;
v0x63a28dc9b490_2170 .array/port v0x63a28dc9b490, 2170;
E_0x63a28dcbf3d0/542 .event anyedge, v0x63a28dc9b490_2167, v0x63a28dc9b490_2168, v0x63a28dc9b490_2169, v0x63a28dc9b490_2170;
v0x63a28dc9b490_2171 .array/port v0x63a28dc9b490, 2171;
v0x63a28dc9b490_2172 .array/port v0x63a28dc9b490, 2172;
v0x63a28dc9b490_2173 .array/port v0x63a28dc9b490, 2173;
v0x63a28dc9b490_2174 .array/port v0x63a28dc9b490, 2174;
E_0x63a28dcbf3d0/543 .event anyedge, v0x63a28dc9b490_2171, v0x63a28dc9b490_2172, v0x63a28dc9b490_2173, v0x63a28dc9b490_2174;
v0x63a28dc9b490_2175 .array/port v0x63a28dc9b490, 2175;
v0x63a28dc9b490_2176 .array/port v0x63a28dc9b490, 2176;
v0x63a28dc9b490_2177 .array/port v0x63a28dc9b490, 2177;
v0x63a28dc9b490_2178 .array/port v0x63a28dc9b490, 2178;
E_0x63a28dcbf3d0/544 .event anyedge, v0x63a28dc9b490_2175, v0x63a28dc9b490_2176, v0x63a28dc9b490_2177, v0x63a28dc9b490_2178;
v0x63a28dc9b490_2179 .array/port v0x63a28dc9b490, 2179;
v0x63a28dc9b490_2180 .array/port v0x63a28dc9b490, 2180;
v0x63a28dc9b490_2181 .array/port v0x63a28dc9b490, 2181;
v0x63a28dc9b490_2182 .array/port v0x63a28dc9b490, 2182;
E_0x63a28dcbf3d0/545 .event anyedge, v0x63a28dc9b490_2179, v0x63a28dc9b490_2180, v0x63a28dc9b490_2181, v0x63a28dc9b490_2182;
v0x63a28dc9b490_2183 .array/port v0x63a28dc9b490, 2183;
v0x63a28dc9b490_2184 .array/port v0x63a28dc9b490, 2184;
v0x63a28dc9b490_2185 .array/port v0x63a28dc9b490, 2185;
v0x63a28dc9b490_2186 .array/port v0x63a28dc9b490, 2186;
E_0x63a28dcbf3d0/546 .event anyedge, v0x63a28dc9b490_2183, v0x63a28dc9b490_2184, v0x63a28dc9b490_2185, v0x63a28dc9b490_2186;
v0x63a28dc9b490_2187 .array/port v0x63a28dc9b490, 2187;
v0x63a28dc9b490_2188 .array/port v0x63a28dc9b490, 2188;
v0x63a28dc9b490_2189 .array/port v0x63a28dc9b490, 2189;
v0x63a28dc9b490_2190 .array/port v0x63a28dc9b490, 2190;
E_0x63a28dcbf3d0/547 .event anyedge, v0x63a28dc9b490_2187, v0x63a28dc9b490_2188, v0x63a28dc9b490_2189, v0x63a28dc9b490_2190;
v0x63a28dc9b490_2191 .array/port v0x63a28dc9b490, 2191;
v0x63a28dc9b490_2192 .array/port v0x63a28dc9b490, 2192;
v0x63a28dc9b490_2193 .array/port v0x63a28dc9b490, 2193;
v0x63a28dc9b490_2194 .array/port v0x63a28dc9b490, 2194;
E_0x63a28dcbf3d0/548 .event anyedge, v0x63a28dc9b490_2191, v0x63a28dc9b490_2192, v0x63a28dc9b490_2193, v0x63a28dc9b490_2194;
v0x63a28dc9b490_2195 .array/port v0x63a28dc9b490, 2195;
v0x63a28dc9b490_2196 .array/port v0x63a28dc9b490, 2196;
v0x63a28dc9b490_2197 .array/port v0x63a28dc9b490, 2197;
v0x63a28dc9b490_2198 .array/port v0x63a28dc9b490, 2198;
E_0x63a28dcbf3d0/549 .event anyedge, v0x63a28dc9b490_2195, v0x63a28dc9b490_2196, v0x63a28dc9b490_2197, v0x63a28dc9b490_2198;
v0x63a28dc9b490_2199 .array/port v0x63a28dc9b490, 2199;
v0x63a28dc9b490_2200 .array/port v0x63a28dc9b490, 2200;
v0x63a28dc9b490_2201 .array/port v0x63a28dc9b490, 2201;
v0x63a28dc9b490_2202 .array/port v0x63a28dc9b490, 2202;
E_0x63a28dcbf3d0/550 .event anyedge, v0x63a28dc9b490_2199, v0x63a28dc9b490_2200, v0x63a28dc9b490_2201, v0x63a28dc9b490_2202;
v0x63a28dc9b490_2203 .array/port v0x63a28dc9b490, 2203;
v0x63a28dc9b490_2204 .array/port v0x63a28dc9b490, 2204;
v0x63a28dc9b490_2205 .array/port v0x63a28dc9b490, 2205;
v0x63a28dc9b490_2206 .array/port v0x63a28dc9b490, 2206;
E_0x63a28dcbf3d0/551 .event anyedge, v0x63a28dc9b490_2203, v0x63a28dc9b490_2204, v0x63a28dc9b490_2205, v0x63a28dc9b490_2206;
v0x63a28dc9b490_2207 .array/port v0x63a28dc9b490, 2207;
v0x63a28dc9b490_2208 .array/port v0x63a28dc9b490, 2208;
v0x63a28dc9b490_2209 .array/port v0x63a28dc9b490, 2209;
v0x63a28dc9b490_2210 .array/port v0x63a28dc9b490, 2210;
E_0x63a28dcbf3d0/552 .event anyedge, v0x63a28dc9b490_2207, v0x63a28dc9b490_2208, v0x63a28dc9b490_2209, v0x63a28dc9b490_2210;
v0x63a28dc9b490_2211 .array/port v0x63a28dc9b490, 2211;
v0x63a28dc9b490_2212 .array/port v0x63a28dc9b490, 2212;
v0x63a28dc9b490_2213 .array/port v0x63a28dc9b490, 2213;
v0x63a28dc9b490_2214 .array/port v0x63a28dc9b490, 2214;
E_0x63a28dcbf3d0/553 .event anyedge, v0x63a28dc9b490_2211, v0x63a28dc9b490_2212, v0x63a28dc9b490_2213, v0x63a28dc9b490_2214;
v0x63a28dc9b490_2215 .array/port v0x63a28dc9b490, 2215;
v0x63a28dc9b490_2216 .array/port v0x63a28dc9b490, 2216;
v0x63a28dc9b490_2217 .array/port v0x63a28dc9b490, 2217;
v0x63a28dc9b490_2218 .array/port v0x63a28dc9b490, 2218;
E_0x63a28dcbf3d0/554 .event anyedge, v0x63a28dc9b490_2215, v0x63a28dc9b490_2216, v0x63a28dc9b490_2217, v0x63a28dc9b490_2218;
v0x63a28dc9b490_2219 .array/port v0x63a28dc9b490, 2219;
v0x63a28dc9b490_2220 .array/port v0x63a28dc9b490, 2220;
v0x63a28dc9b490_2221 .array/port v0x63a28dc9b490, 2221;
v0x63a28dc9b490_2222 .array/port v0x63a28dc9b490, 2222;
E_0x63a28dcbf3d0/555 .event anyedge, v0x63a28dc9b490_2219, v0x63a28dc9b490_2220, v0x63a28dc9b490_2221, v0x63a28dc9b490_2222;
v0x63a28dc9b490_2223 .array/port v0x63a28dc9b490, 2223;
v0x63a28dc9b490_2224 .array/port v0x63a28dc9b490, 2224;
v0x63a28dc9b490_2225 .array/port v0x63a28dc9b490, 2225;
v0x63a28dc9b490_2226 .array/port v0x63a28dc9b490, 2226;
E_0x63a28dcbf3d0/556 .event anyedge, v0x63a28dc9b490_2223, v0x63a28dc9b490_2224, v0x63a28dc9b490_2225, v0x63a28dc9b490_2226;
v0x63a28dc9b490_2227 .array/port v0x63a28dc9b490, 2227;
v0x63a28dc9b490_2228 .array/port v0x63a28dc9b490, 2228;
v0x63a28dc9b490_2229 .array/port v0x63a28dc9b490, 2229;
v0x63a28dc9b490_2230 .array/port v0x63a28dc9b490, 2230;
E_0x63a28dcbf3d0/557 .event anyedge, v0x63a28dc9b490_2227, v0x63a28dc9b490_2228, v0x63a28dc9b490_2229, v0x63a28dc9b490_2230;
v0x63a28dc9b490_2231 .array/port v0x63a28dc9b490, 2231;
v0x63a28dc9b490_2232 .array/port v0x63a28dc9b490, 2232;
v0x63a28dc9b490_2233 .array/port v0x63a28dc9b490, 2233;
v0x63a28dc9b490_2234 .array/port v0x63a28dc9b490, 2234;
E_0x63a28dcbf3d0/558 .event anyedge, v0x63a28dc9b490_2231, v0x63a28dc9b490_2232, v0x63a28dc9b490_2233, v0x63a28dc9b490_2234;
v0x63a28dc9b490_2235 .array/port v0x63a28dc9b490, 2235;
v0x63a28dc9b490_2236 .array/port v0x63a28dc9b490, 2236;
v0x63a28dc9b490_2237 .array/port v0x63a28dc9b490, 2237;
v0x63a28dc9b490_2238 .array/port v0x63a28dc9b490, 2238;
E_0x63a28dcbf3d0/559 .event anyedge, v0x63a28dc9b490_2235, v0x63a28dc9b490_2236, v0x63a28dc9b490_2237, v0x63a28dc9b490_2238;
v0x63a28dc9b490_2239 .array/port v0x63a28dc9b490, 2239;
v0x63a28dc9b490_2240 .array/port v0x63a28dc9b490, 2240;
v0x63a28dc9b490_2241 .array/port v0x63a28dc9b490, 2241;
v0x63a28dc9b490_2242 .array/port v0x63a28dc9b490, 2242;
E_0x63a28dcbf3d0/560 .event anyedge, v0x63a28dc9b490_2239, v0x63a28dc9b490_2240, v0x63a28dc9b490_2241, v0x63a28dc9b490_2242;
v0x63a28dc9b490_2243 .array/port v0x63a28dc9b490, 2243;
v0x63a28dc9b490_2244 .array/port v0x63a28dc9b490, 2244;
v0x63a28dc9b490_2245 .array/port v0x63a28dc9b490, 2245;
v0x63a28dc9b490_2246 .array/port v0x63a28dc9b490, 2246;
E_0x63a28dcbf3d0/561 .event anyedge, v0x63a28dc9b490_2243, v0x63a28dc9b490_2244, v0x63a28dc9b490_2245, v0x63a28dc9b490_2246;
v0x63a28dc9b490_2247 .array/port v0x63a28dc9b490, 2247;
v0x63a28dc9b490_2248 .array/port v0x63a28dc9b490, 2248;
v0x63a28dc9b490_2249 .array/port v0x63a28dc9b490, 2249;
v0x63a28dc9b490_2250 .array/port v0x63a28dc9b490, 2250;
E_0x63a28dcbf3d0/562 .event anyedge, v0x63a28dc9b490_2247, v0x63a28dc9b490_2248, v0x63a28dc9b490_2249, v0x63a28dc9b490_2250;
v0x63a28dc9b490_2251 .array/port v0x63a28dc9b490, 2251;
v0x63a28dc9b490_2252 .array/port v0x63a28dc9b490, 2252;
v0x63a28dc9b490_2253 .array/port v0x63a28dc9b490, 2253;
v0x63a28dc9b490_2254 .array/port v0x63a28dc9b490, 2254;
E_0x63a28dcbf3d0/563 .event anyedge, v0x63a28dc9b490_2251, v0x63a28dc9b490_2252, v0x63a28dc9b490_2253, v0x63a28dc9b490_2254;
v0x63a28dc9b490_2255 .array/port v0x63a28dc9b490, 2255;
v0x63a28dc9b490_2256 .array/port v0x63a28dc9b490, 2256;
v0x63a28dc9b490_2257 .array/port v0x63a28dc9b490, 2257;
v0x63a28dc9b490_2258 .array/port v0x63a28dc9b490, 2258;
E_0x63a28dcbf3d0/564 .event anyedge, v0x63a28dc9b490_2255, v0x63a28dc9b490_2256, v0x63a28dc9b490_2257, v0x63a28dc9b490_2258;
v0x63a28dc9b490_2259 .array/port v0x63a28dc9b490, 2259;
v0x63a28dc9b490_2260 .array/port v0x63a28dc9b490, 2260;
v0x63a28dc9b490_2261 .array/port v0x63a28dc9b490, 2261;
v0x63a28dc9b490_2262 .array/port v0x63a28dc9b490, 2262;
E_0x63a28dcbf3d0/565 .event anyedge, v0x63a28dc9b490_2259, v0x63a28dc9b490_2260, v0x63a28dc9b490_2261, v0x63a28dc9b490_2262;
v0x63a28dc9b490_2263 .array/port v0x63a28dc9b490, 2263;
v0x63a28dc9b490_2264 .array/port v0x63a28dc9b490, 2264;
v0x63a28dc9b490_2265 .array/port v0x63a28dc9b490, 2265;
v0x63a28dc9b490_2266 .array/port v0x63a28dc9b490, 2266;
E_0x63a28dcbf3d0/566 .event anyedge, v0x63a28dc9b490_2263, v0x63a28dc9b490_2264, v0x63a28dc9b490_2265, v0x63a28dc9b490_2266;
v0x63a28dc9b490_2267 .array/port v0x63a28dc9b490, 2267;
v0x63a28dc9b490_2268 .array/port v0x63a28dc9b490, 2268;
v0x63a28dc9b490_2269 .array/port v0x63a28dc9b490, 2269;
v0x63a28dc9b490_2270 .array/port v0x63a28dc9b490, 2270;
E_0x63a28dcbf3d0/567 .event anyedge, v0x63a28dc9b490_2267, v0x63a28dc9b490_2268, v0x63a28dc9b490_2269, v0x63a28dc9b490_2270;
v0x63a28dc9b490_2271 .array/port v0x63a28dc9b490, 2271;
v0x63a28dc9b490_2272 .array/port v0x63a28dc9b490, 2272;
v0x63a28dc9b490_2273 .array/port v0x63a28dc9b490, 2273;
v0x63a28dc9b490_2274 .array/port v0x63a28dc9b490, 2274;
E_0x63a28dcbf3d0/568 .event anyedge, v0x63a28dc9b490_2271, v0x63a28dc9b490_2272, v0x63a28dc9b490_2273, v0x63a28dc9b490_2274;
v0x63a28dc9b490_2275 .array/port v0x63a28dc9b490, 2275;
v0x63a28dc9b490_2276 .array/port v0x63a28dc9b490, 2276;
v0x63a28dc9b490_2277 .array/port v0x63a28dc9b490, 2277;
v0x63a28dc9b490_2278 .array/port v0x63a28dc9b490, 2278;
E_0x63a28dcbf3d0/569 .event anyedge, v0x63a28dc9b490_2275, v0x63a28dc9b490_2276, v0x63a28dc9b490_2277, v0x63a28dc9b490_2278;
v0x63a28dc9b490_2279 .array/port v0x63a28dc9b490, 2279;
v0x63a28dc9b490_2280 .array/port v0x63a28dc9b490, 2280;
v0x63a28dc9b490_2281 .array/port v0x63a28dc9b490, 2281;
v0x63a28dc9b490_2282 .array/port v0x63a28dc9b490, 2282;
E_0x63a28dcbf3d0/570 .event anyedge, v0x63a28dc9b490_2279, v0x63a28dc9b490_2280, v0x63a28dc9b490_2281, v0x63a28dc9b490_2282;
v0x63a28dc9b490_2283 .array/port v0x63a28dc9b490, 2283;
v0x63a28dc9b490_2284 .array/port v0x63a28dc9b490, 2284;
v0x63a28dc9b490_2285 .array/port v0x63a28dc9b490, 2285;
v0x63a28dc9b490_2286 .array/port v0x63a28dc9b490, 2286;
E_0x63a28dcbf3d0/571 .event anyedge, v0x63a28dc9b490_2283, v0x63a28dc9b490_2284, v0x63a28dc9b490_2285, v0x63a28dc9b490_2286;
v0x63a28dc9b490_2287 .array/port v0x63a28dc9b490, 2287;
v0x63a28dc9b490_2288 .array/port v0x63a28dc9b490, 2288;
v0x63a28dc9b490_2289 .array/port v0x63a28dc9b490, 2289;
v0x63a28dc9b490_2290 .array/port v0x63a28dc9b490, 2290;
E_0x63a28dcbf3d0/572 .event anyedge, v0x63a28dc9b490_2287, v0x63a28dc9b490_2288, v0x63a28dc9b490_2289, v0x63a28dc9b490_2290;
v0x63a28dc9b490_2291 .array/port v0x63a28dc9b490, 2291;
v0x63a28dc9b490_2292 .array/port v0x63a28dc9b490, 2292;
v0x63a28dc9b490_2293 .array/port v0x63a28dc9b490, 2293;
v0x63a28dc9b490_2294 .array/port v0x63a28dc9b490, 2294;
E_0x63a28dcbf3d0/573 .event anyedge, v0x63a28dc9b490_2291, v0x63a28dc9b490_2292, v0x63a28dc9b490_2293, v0x63a28dc9b490_2294;
v0x63a28dc9b490_2295 .array/port v0x63a28dc9b490, 2295;
v0x63a28dc9b490_2296 .array/port v0x63a28dc9b490, 2296;
v0x63a28dc9b490_2297 .array/port v0x63a28dc9b490, 2297;
v0x63a28dc9b490_2298 .array/port v0x63a28dc9b490, 2298;
E_0x63a28dcbf3d0/574 .event anyedge, v0x63a28dc9b490_2295, v0x63a28dc9b490_2296, v0x63a28dc9b490_2297, v0x63a28dc9b490_2298;
v0x63a28dc9b490_2299 .array/port v0x63a28dc9b490, 2299;
v0x63a28dc9b490_2300 .array/port v0x63a28dc9b490, 2300;
v0x63a28dc9b490_2301 .array/port v0x63a28dc9b490, 2301;
v0x63a28dc9b490_2302 .array/port v0x63a28dc9b490, 2302;
E_0x63a28dcbf3d0/575 .event anyedge, v0x63a28dc9b490_2299, v0x63a28dc9b490_2300, v0x63a28dc9b490_2301, v0x63a28dc9b490_2302;
v0x63a28dc9b490_2303 .array/port v0x63a28dc9b490, 2303;
v0x63a28dc9b490_2304 .array/port v0x63a28dc9b490, 2304;
v0x63a28dc9b490_2305 .array/port v0x63a28dc9b490, 2305;
v0x63a28dc9b490_2306 .array/port v0x63a28dc9b490, 2306;
E_0x63a28dcbf3d0/576 .event anyedge, v0x63a28dc9b490_2303, v0x63a28dc9b490_2304, v0x63a28dc9b490_2305, v0x63a28dc9b490_2306;
v0x63a28dc9b490_2307 .array/port v0x63a28dc9b490, 2307;
v0x63a28dc9b490_2308 .array/port v0x63a28dc9b490, 2308;
v0x63a28dc9b490_2309 .array/port v0x63a28dc9b490, 2309;
v0x63a28dc9b490_2310 .array/port v0x63a28dc9b490, 2310;
E_0x63a28dcbf3d0/577 .event anyedge, v0x63a28dc9b490_2307, v0x63a28dc9b490_2308, v0x63a28dc9b490_2309, v0x63a28dc9b490_2310;
v0x63a28dc9b490_2311 .array/port v0x63a28dc9b490, 2311;
v0x63a28dc9b490_2312 .array/port v0x63a28dc9b490, 2312;
v0x63a28dc9b490_2313 .array/port v0x63a28dc9b490, 2313;
v0x63a28dc9b490_2314 .array/port v0x63a28dc9b490, 2314;
E_0x63a28dcbf3d0/578 .event anyedge, v0x63a28dc9b490_2311, v0x63a28dc9b490_2312, v0x63a28dc9b490_2313, v0x63a28dc9b490_2314;
v0x63a28dc9b490_2315 .array/port v0x63a28dc9b490, 2315;
v0x63a28dc9b490_2316 .array/port v0x63a28dc9b490, 2316;
v0x63a28dc9b490_2317 .array/port v0x63a28dc9b490, 2317;
v0x63a28dc9b490_2318 .array/port v0x63a28dc9b490, 2318;
E_0x63a28dcbf3d0/579 .event anyedge, v0x63a28dc9b490_2315, v0x63a28dc9b490_2316, v0x63a28dc9b490_2317, v0x63a28dc9b490_2318;
v0x63a28dc9b490_2319 .array/port v0x63a28dc9b490, 2319;
v0x63a28dc9b490_2320 .array/port v0x63a28dc9b490, 2320;
v0x63a28dc9b490_2321 .array/port v0x63a28dc9b490, 2321;
v0x63a28dc9b490_2322 .array/port v0x63a28dc9b490, 2322;
E_0x63a28dcbf3d0/580 .event anyedge, v0x63a28dc9b490_2319, v0x63a28dc9b490_2320, v0x63a28dc9b490_2321, v0x63a28dc9b490_2322;
v0x63a28dc9b490_2323 .array/port v0x63a28dc9b490, 2323;
v0x63a28dc9b490_2324 .array/port v0x63a28dc9b490, 2324;
v0x63a28dc9b490_2325 .array/port v0x63a28dc9b490, 2325;
v0x63a28dc9b490_2326 .array/port v0x63a28dc9b490, 2326;
E_0x63a28dcbf3d0/581 .event anyedge, v0x63a28dc9b490_2323, v0x63a28dc9b490_2324, v0x63a28dc9b490_2325, v0x63a28dc9b490_2326;
v0x63a28dc9b490_2327 .array/port v0x63a28dc9b490, 2327;
v0x63a28dc9b490_2328 .array/port v0x63a28dc9b490, 2328;
v0x63a28dc9b490_2329 .array/port v0x63a28dc9b490, 2329;
v0x63a28dc9b490_2330 .array/port v0x63a28dc9b490, 2330;
E_0x63a28dcbf3d0/582 .event anyedge, v0x63a28dc9b490_2327, v0x63a28dc9b490_2328, v0x63a28dc9b490_2329, v0x63a28dc9b490_2330;
v0x63a28dc9b490_2331 .array/port v0x63a28dc9b490, 2331;
v0x63a28dc9b490_2332 .array/port v0x63a28dc9b490, 2332;
v0x63a28dc9b490_2333 .array/port v0x63a28dc9b490, 2333;
v0x63a28dc9b490_2334 .array/port v0x63a28dc9b490, 2334;
E_0x63a28dcbf3d0/583 .event anyedge, v0x63a28dc9b490_2331, v0x63a28dc9b490_2332, v0x63a28dc9b490_2333, v0x63a28dc9b490_2334;
v0x63a28dc9b490_2335 .array/port v0x63a28dc9b490, 2335;
v0x63a28dc9b490_2336 .array/port v0x63a28dc9b490, 2336;
v0x63a28dc9b490_2337 .array/port v0x63a28dc9b490, 2337;
v0x63a28dc9b490_2338 .array/port v0x63a28dc9b490, 2338;
E_0x63a28dcbf3d0/584 .event anyedge, v0x63a28dc9b490_2335, v0x63a28dc9b490_2336, v0x63a28dc9b490_2337, v0x63a28dc9b490_2338;
v0x63a28dc9b490_2339 .array/port v0x63a28dc9b490, 2339;
v0x63a28dc9b490_2340 .array/port v0x63a28dc9b490, 2340;
v0x63a28dc9b490_2341 .array/port v0x63a28dc9b490, 2341;
v0x63a28dc9b490_2342 .array/port v0x63a28dc9b490, 2342;
E_0x63a28dcbf3d0/585 .event anyedge, v0x63a28dc9b490_2339, v0x63a28dc9b490_2340, v0x63a28dc9b490_2341, v0x63a28dc9b490_2342;
v0x63a28dc9b490_2343 .array/port v0x63a28dc9b490, 2343;
v0x63a28dc9b490_2344 .array/port v0x63a28dc9b490, 2344;
v0x63a28dc9b490_2345 .array/port v0x63a28dc9b490, 2345;
v0x63a28dc9b490_2346 .array/port v0x63a28dc9b490, 2346;
E_0x63a28dcbf3d0/586 .event anyedge, v0x63a28dc9b490_2343, v0x63a28dc9b490_2344, v0x63a28dc9b490_2345, v0x63a28dc9b490_2346;
v0x63a28dc9b490_2347 .array/port v0x63a28dc9b490, 2347;
v0x63a28dc9b490_2348 .array/port v0x63a28dc9b490, 2348;
v0x63a28dc9b490_2349 .array/port v0x63a28dc9b490, 2349;
v0x63a28dc9b490_2350 .array/port v0x63a28dc9b490, 2350;
E_0x63a28dcbf3d0/587 .event anyedge, v0x63a28dc9b490_2347, v0x63a28dc9b490_2348, v0x63a28dc9b490_2349, v0x63a28dc9b490_2350;
v0x63a28dc9b490_2351 .array/port v0x63a28dc9b490, 2351;
v0x63a28dc9b490_2352 .array/port v0x63a28dc9b490, 2352;
v0x63a28dc9b490_2353 .array/port v0x63a28dc9b490, 2353;
v0x63a28dc9b490_2354 .array/port v0x63a28dc9b490, 2354;
E_0x63a28dcbf3d0/588 .event anyedge, v0x63a28dc9b490_2351, v0x63a28dc9b490_2352, v0x63a28dc9b490_2353, v0x63a28dc9b490_2354;
v0x63a28dc9b490_2355 .array/port v0x63a28dc9b490, 2355;
v0x63a28dc9b490_2356 .array/port v0x63a28dc9b490, 2356;
v0x63a28dc9b490_2357 .array/port v0x63a28dc9b490, 2357;
v0x63a28dc9b490_2358 .array/port v0x63a28dc9b490, 2358;
E_0x63a28dcbf3d0/589 .event anyedge, v0x63a28dc9b490_2355, v0x63a28dc9b490_2356, v0x63a28dc9b490_2357, v0x63a28dc9b490_2358;
v0x63a28dc9b490_2359 .array/port v0x63a28dc9b490, 2359;
v0x63a28dc9b490_2360 .array/port v0x63a28dc9b490, 2360;
v0x63a28dc9b490_2361 .array/port v0x63a28dc9b490, 2361;
v0x63a28dc9b490_2362 .array/port v0x63a28dc9b490, 2362;
E_0x63a28dcbf3d0/590 .event anyedge, v0x63a28dc9b490_2359, v0x63a28dc9b490_2360, v0x63a28dc9b490_2361, v0x63a28dc9b490_2362;
v0x63a28dc9b490_2363 .array/port v0x63a28dc9b490, 2363;
v0x63a28dc9b490_2364 .array/port v0x63a28dc9b490, 2364;
v0x63a28dc9b490_2365 .array/port v0x63a28dc9b490, 2365;
v0x63a28dc9b490_2366 .array/port v0x63a28dc9b490, 2366;
E_0x63a28dcbf3d0/591 .event anyedge, v0x63a28dc9b490_2363, v0x63a28dc9b490_2364, v0x63a28dc9b490_2365, v0x63a28dc9b490_2366;
v0x63a28dc9b490_2367 .array/port v0x63a28dc9b490, 2367;
v0x63a28dc9b490_2368 .array/port v0x63a28dc9b490, 2368;
v0x63a28dc9b490_2369 .array/port v0x63a28dc9b490, 2369;
v0x63a28dc9b490_2370 .array/port v0x63a28dc9b490, 2370;
E_0x63a28dcbf3d0/592 .event anyedge, v0x63a28dc9b490_2367, v0x63a28dc9b490_2368, v0x63a28dc9b490_2369, v0x63a28dc9b490_2370;
v0x63a28dc9b490_2371 .array/port v0x63a28dc9b490, 2371;
v0x63a28dc9b490_2372 .array/port v0x63a28dc9b490, 2372;
v0x63a28dc9b490_2373 .array/port v0x63a28dc9b490, 2373;
v0x63a28dc9b490_2374 .array/port v0x63a28dc9b490, 2374;
E_0x63a28dcbf3d0/593 .event anyedge, v0x63a28dc9b490_2371, v0x63a28dc9b490_2372, v0x63a28dc9b490_2373, v0x63a28dc9b490_2374;
v0x63a28dc9b490_2375 .array/port v0x63a28dc9b490, 2375;
v0x63a28dc9b490_2376 .array/port v0x63a28dc9b490, 2376;
v0x63a28dc9b490_2377 .array/port v0x63a28dc9b490, 2377;
v0x63a28dc9b490_2378 .array/port v0x63a28dc9b490, 2378;
E_0x63a28dcbf3d0/594 .event anyedge, v0x63a28dc9b490_2375, v0x63a28dc9b490_2376, v0x63a28dc9b490_2377, v0x63a28dc9b490_2378;
v0x63a28dc9b490_2379 .array/port v0x63a28dc9b490, 2379;
v0x63a28dc9b490_2380 .array/port v0x63a28dc9b490, 2380;
v0x63a28dc9b490_2381 .array/port v0x63a28dc9b490, 2381;
v0x63a28dc9b490_2382 .array/port v0x63a28dc9b490, 2382;
E_0x63a28dcbf3d0/595 .event anyedge, v0x63a28dc9b490_2379, v0x63a28dc9b490_2380, v0x63a28dc9b490_2381, v0x63a28dc9b490_2382;
v0x63a28dc9b490_2383 .array/port v0x63a28dc9b490, 2383;
v0x63a28dc9b490_2384 .array/port v0x63a28dc9b490, 2384;
v0x63a28dc9b490_2385 .array/port v0x63a28dc9b490, 2385;
v0x63a28dc9b490_2386 .array/port v0x63a28dc9b490, 2386;
E_0x63a28dcbf3d0/596 .event anyedge, v0x63a28dc9b490_2383, v0x63a28dc9b490_2384, v0x63a28dc9b490_2385, v0x63a28dc9b490_2386;
v0x63a28dc9b490_2387 .array/port v0x63a28dc9b490, 2387;
v0x63a28dc9b490_2388 .array/port v0x63a28dc9b490, 2388;
v0x63a28dc9b490_2389 .array/port v0x63a28dc9b490, 2389;
v0x63a28dc9b490_2390 .array/port v0x63a28dc9b490, 2390;
E_0x63a28dcbf3d0/597 .event anyedge, v0x63a28dc9b490_2387, v0x63a28dc9b490_2388, v0x63a28dc9b490_2389, v0x63a28dc9b490_2390;
v0x63a28dc9b490_2391 .array/port v0x63a28dc9b490, 2391;
v0x63a28dc9b490_2392 .array/port v0x63a28dc9b490, 2392;
v0x63a28dc9b490_2393 .array/port v0x63a28dc9b490, 2393;
v0x63a28dc9b490_2394 .array/port v0x63a28dc9b490, 2394;
E_0x63a28dcbf3d0/598 .event anyedge, v0x63a28dc9b490_2391, v0x63a28dc9b490_2392, v0x63a28dc9b490_2393, v0x63a28dc9b490_2394;
v0x63a28dc9b490_2395 .array/port v0x63a28dc9b490, 2395;
v0x63a28dc9b490_2396 .array/port v0x63a28dc9b490, 2396;
v0x63a28dc9b490_2397 .array/port v0x63a28dc9b490, 2397;
v0x63a28dc9b490_2398 .array/port v0x63a28dc9b490, 2398;
E_0x63a28dcbf3d0/599 .event anyedge, v0x63a28dc9b490_2395, v0x63a28dc9b490_2396, v0x63a28dc9b490_2397, v0x63a28dc9b490_2398;
v0x63a28dc9b490_2399 .array/port v0x63a28dc9b490, 2399;
v0x63a28dc9b490_2400 .array/port v0x63a28dc9b490, 2400;
v0x63a28dc9b490_2401 .array/port v0x63a28dc9b490, 2401;
v0x63a28dc9b490_2402 .array/port v0x63a28dc9b490, 2402;
E_0x63a28dcbf3d0/600 .event anyedge, v0x63a28dc9b490_2399, v0x63a28dc9b490_2400, v0x63a28dc9b490_2401, v0x63a28dc9b490_2402;
v0x63a28dc9b490_2403 .array/port v0x63a28dc9b490, 2403;
v0x63a28dc9b490_2404 .array/port v0x63a28dc9b490, 2404;
v0x63a28dc9b490_2405 .array/port v0x63a28dc9b490, 2405;
v0x63a28dc9b490_2406 .array/port v0x63a28dc9b490, 2406;
E_0x63a28dcbf3d0/601 .event anyedge, v0x63a28dc9b490_2403, v0x63a28dc9b490_2404, v0x63a28dc9b490_2405, v0x63a28dc9b490_2406;
v0x63a28dc9b490_2407 .array/port v0x63a28dc9b490, 2407;
v0x63a28dc9b490_2408 .array/port v0x63a28dc9b490, 2408;
v0x63a28dc9b490_2409 .array/port v0x63a28dc9b490, 2409;
v0x63a28dc9b490_2410 .array/port v0x63a28dc9b490, 2410;
E_0x63a28dcbf3d0/602 .event anyedge, v0x63a28dc9b490_2407, v0x63a28dc9b490_2408, v0x63a28dc9b490_2409, v0x63a28dc9b490_2410;
v0x63a28dc9b490_2411 .array/port v0x63a28dc9b490, 2411;
v0x63a28dc9b490_2412 .array/port v0x63a28dc9b490, 2412;
v0x63a28dc9b490_2413 .array/port v0x63a28dc9b490, 2413;
v0x63a28dc9b490_2414 .array/port v0x63a28dc9b490, 2414;
E_0x63a28dcbf3d0/603 .event anyedge, v0x63a28dc9b490_2411, v0x63a28dc9b490_2412, v0x63a28dc9b490_2413, v0x63a28dc9b490_2414;
v0x63a28dc9b490_2415 .array/port v0x63a28dc9b490, 2415;
v0x63a28dc9b490_2416 .array/port v0x63a28dc9b490, 2416;
v0x63a28dc9b490_2417 .array/port v0x63a28dc9b490, 2417;
v0x63a28dc9b490_2418 .array/port v0x63a28dc9b490, 2418;
E_0x63a28dcbf3d0/604 .event anyedge, v0x63a28dc9b490_2415, v0x63a28dc9b490_2416, v0x63a28dc9b490_2417, v0x63a28dc9b490_2418;
v0x63a28dc9b490_2419 .array/port v0x63a28dc9b490, 2419;
v0x63a28dc9b490_2420 .array/port v0x63a28dc9b490, 2420;
v0x63a28dc9b490_2421 .array/port v0x63a28dc9b490, 2421;
v0x63a28dc9b490_2422 .array/port v0x63a28dc9b490, 2422;
E_0x63a28dcbf3d0/605 .event anyedge, v0x63a28dc9b490_2419, v0x63a28dc9b490_2420, v0x63a28dc9b490_2421, v0x63a28dc9b490_2422;
v0x63a28dc9b490_2423 .array/port v0x63a28dc9b490, 2423;
v0x63a28dc9b490_2424 .array/port v0x63a28dc9b490, 2424;
v0x63a28dc9b490_2425 .array/port v0x63a28dc9b490, 2425;
v0x63a28dc9b490_2426 .array/port v0x63a28dc9b490, 2426;
E_0x63a28dcbf3d0/606 .event anyedge, v0x63a28dc9b490_2423, v0x63a28dc9b490_2424, v0x63a28dc9b490_2425, v0x63a28dc9b490_2426;
v0x63a28dc9b490_2427 .array/port v0x63a28dc9b490, 2427;
v0x63a28dc9b490_2428 .array/port v0x63a28dc9b490, 2428;
v0x63a28dc9b490_2429 .array/port v0x63a28dc9b490, 2429;
v0x63a28dc9b490_2430 .array/port v0x63a28dc9b490, 2430;
E_0x63a28dcbf3d0/607 .event anyedge, v0x63a28dc9b490_2427, v0x63a28dc9b490_2428, v0x63a28dc9b490_2429, v0x63a28dc9b490_2430;
v0x63a28dc9b490_2431 .array/port v0x63a28dc9b490, 2431;
v0x63a28dc9b490_2432 .array/port v0x63a28dc9b490, 2432;
v0x63a28dc9b490_2433 .array/port v0x63a28dc9b490, 2433;
v0x63a28dc9b490_2434 .array/port v0x63a28dc9b490, 2434;
E_0x63a28dcbf3d0/608 .event anyedge, v0x63a28dc9b490_2431, v0x63a28dc9b490_2432, v0x63a28dc9b490_2433, v0x63a28dc9b490_2434;
v0x63a28dc9b490_2435 .array/port v0x63a28dc9b490, 2435;
v0x63a28dc9b490_2436 .array/port v0x63a28dc9b490, 2436;
v0x63a28dc9b490_2437 .array/port v0x63a28dc9b490, 2437;
v0x63a28dc9b490_2438 .array/port v0x63a28dc9b490, 2438;
E_0x63a28dcbf3d0/609 .event anyedge, v0x63a28dc9b490_2435, v0x63a28dc9b490_2436, v0x63a28dc9b490_2437, v0x63a28dc9b490_2438;
v0x63a28dc9b490_2439 .array/port v0x63a28dc9b490, 2439;
v0x63a28dc9b490_2440 .array/port v0x63a28dc9b490, 2440;
v0x63a28dc9b490_2441 .array/port v0x63a28dc9b490, 2441;
v0x63a28dc9b490_2442 .array/port v0x63a28dc9b490, 2442;
E_0x63a28dcbf3d0/610 .event anyedge, v0x63a28dc9b490_2439, v0x63a28dc9b490_2440, v0x63a28dc9b490_2441, v0x63a28dc9b490_2442;
v0x63a28dc9b490_2443 .array/port v0x63a28dc9b490, 2443;
v0x63a28dc9b490_2444 .array/port v0x63a28dc9b490, 2444;
v0x63a28dc9b490_2445 .array/port v0x63a28dc9b490, 2445;
v0x63a28dc9b490_2446 .array/port v0x63a28dc9b490, 2446;
E_0x63a28dcbf3d0/611 .event anyedge, v0x63a28dc9b490_2443, v0x63a28dc9b490_2444, v0x63a28dc9b490_2445, v0x63a28dc9b490_2446;
v0x63a28dc9b490_2447 .array/port v0x63a28dc9b490, 2447;
v0x63a28dc9b490_2448 .array/port v0x63a28dc9b490, 2448;
v0x63a28dc9b490_2449 .array/port v0x63a28dc9b490, 2449;
v0x63a28dc9b490_2450 .array/port v0x63a28dc9b490, 2450;
E_0x63a28dcbf3d0/612 .event anyedge, v0x63a28dc9b490_2447, v0x63a28dc9b490_2448, v0x63a28dc9b490_2449, v0x63a28dc9b490_2450;
v0x63a28dc9b490_2451 .array/port v0x63a28dc9b490, 2451;
v0x63a28dc9b490_2452 .array/port v0x63a28dc9b490, 2452;
v0x63a28dc9b490_2453 .array/port v0x63a28dc9b490, 2453;
v0x63a28dc9b490_2454 .array/port v0x63a28dc9b490, 2454;
E_0x63a28dcbf3d0/613 .event anyedge, v0x63a28dc9b490_2451, v0x63a28dc9b490_2452, v0x63a28dc9b490_2453, v0x63a28dc9b490_2454;
v0x63a28dc9b490_2455 .array/port v0x63a28dc9b490, 2455;
v0x63a28dc9b490_2456 .array/port v0x63a28dc9b490, 2456;
v0x63a28dc9b490_2457 .array/port v0x63a28dc9b490, 2457;
v0x63a28dc9b490_2458 .array/port v0x63a28dc9b490, 2458;
E_0x63a28dcbf3d0/614 .event anyedge, v0x63a28dc9b490_2455, v0x63a28dc9b490_2456, v0x63a28dc9b490_2457, v0x63a28dc9b490_2458;
v0x63a28dc9b490_2459 .array/port v0x63a28dc9b490, 2459;
v0x63a28dc9b490_2460 .array/port v0x63a28dc9b490, 2460;
v0x63a28dc9b490_2461 .array/port v0x63a28dc9b490, 2461;
v0x63a28dc9b490_2462 .array/port v0x63a28dc9b490, 2462;
E_0x63a28dcbf3d0/615 .event anyedge, v0x63a28dc9b490_2459, v0x63a28dc9b490_2460, v0x63a28dc9b490_2461, v0x63a28dc9b490_2462;
v0x63a28dc9b490_2463 .array/port v0x63a28dc9b490, 2463;
v0x63a28dc9b490_2464 .array/port v0x63a28dc9b490, 2464;
v0x63a28dc9b490_2465 .array/port v0x63a28dc9b490, 2465;
v0x63a28dc9b490_2466 .array/port v0x63a28dc9b490, 2466;
E_0x63a28dcbf3d0/616 .event anyedge, v0x63a28dc9b490_2463, v0x63a28dc9b490_2464, v0x63a28dc9b490_2465, v0x63a28dc9b490_2466;
v0x63a28dc9b490_2467 .array/port v0x63a28dc9b490, 2467;
v0x63a28dc9b490_2468 .array/port v0x63a28dc9b490, 2468;
v0x63a28dc9b490_2469 .array/port v0x63a28dc9b490, 2469;
v0x63a28dc9b490_2470 .array/port v0x63a28dc9b490, 2470;
E_0x63a28dcbf3d0/617 .event anyedge, v0x63a28dc9b490_2467, v0x63a28dc9b490_2468, v0x63a28dc9b490_2469, v0x63a28dc9b490_2470;
v0x63a28dc9b490_2471 .array/port v0x63a28dc9b490, 2471;
v0x63a28dc9b490_2472 .array/port v0x63a28dc9b490, 2472;
v0x63a28dc9b490_2473 .array/port v0x63a28dc9b490, 2473;
v0x63a28dc9b490_2474 .array/port v0x63a28dc9b490, 2474;
E_0x63a28dcbf3d0/618 .event anyedge, v0x63a28dc9b490_2471, v0x63a28dc9b490_2472, v0x63a28dc9b490_2473, v0x63a28dc9b490_2474;
v0x63a28dc9b490_2475 .array/port v0x63a28dc9b490, 2475;
v0x63a28dc9b490_2476 .array/port v0x63a28dc9b490, 2476;
v0x63a28dc9b490_2477 .array/port v0x63a28dc9b490, 2477;
v0x63a28dc9b490_2478 .array/port v0x63a28dc9b490, 2478;
E_0x63a28dcbf3d0/619 .event anyedge, v0x63a28dc9b490_2475, v0x63a28dc9b490_2476, v0x63a28dc9b490_2477, v0x63a28dc9b490_2478;
v0x63a28dc9b490_2479 .array/port v0x63a28dc9b490, 2479;
v0x63a28dc9b490_2480 .array/port v0x63a28dc9b490, 2480;
v0x63a28dc9b490_2481 .array/port v0x63a28dc9b490, 2481;
v0x63a28dc9b490_2482 .array/port v0x63a28dc9b490, 2482;
E_0x63a28dcbf3d0/620 .event anyedge, v0x63a28dc9b490_2479, v0x63a28dc9b490_2480, v0x63a28dc9b490_2481, v0x63a28dc9b490_2482;
v0x63a28dc9b490_2483 .array/port v0x63a28dc9b490, 2483;
v0x63a28dc9b490_2484 .array/port v0x63a28dc9b490, 2484;
v0x63a28dc9b490_2485 .array/port v0x63a28dc9b490, 2485;
v0x63a28dc9b490_2486 .array/port v0x63a28dc9b490, 2486;
E_0x63a28dcbf3d0/621 .event anyedge, v0x63a28dc9b490_2483, v0x63a28dc9b490_2484, v0x63a28dc9b490_2485, v0x63a28dc9b490_2486;
v0x63a28dc9b490_2487 .array/port v0x63a28dc9b490, 2487;
v0x63a28dc9b490_2488 .array/port v0x63a28dc9b490, 2488;
v0x63a28dc9b490_2489 .array/port v0x63a28dc9b490, 2489;
v0x63a28dc9b490_2490 .array/port v0x63a28dc9b490, 2490;
E_0x63a28dcbf3d0/622 .event anyedge, v0x63a28dc9b490_2487, v0x63a28dc9b490_2488, v0x63a28dc9b490_2489, v0x63a28dc9b490_2490;
v0x63a28dc9b490_2491 .array/port v0x63a28dc9b490, 2491;
v0x63a28dc9b490_2492 .array/port v0x63a28dc9b490, 2492;
v0x63a28dc9b490_2493 .array/port v0x63a28dc9b490, 2493;
v0x63a28dc9b490_2494 .array/port v0x63a28dc9b490, 2494;
E_0x63a28dcbf3d0/623 .event anyedge, v0x63a28dc9b490_2491, v0x63a28dc9b490_2492, v0x63a28dc9b490_2493, v0x63a28dc9b490_2494;
v0x63a28dc9b490_2495 .array/port v0x63a28dc9b490, 2495;
v0x63a28dc9b490_2496 .array/port v0x63a28dc9b490, 2496;
v0x63a28dc9b490_2497 .array/port v0x63a28dc9b490, 2497;
v0x63a28dc9b490_2498 .array/port v0x63a28dc9b490, 2498;
E_0x63a28dcbf3d0/624 .event anyedge, v0x63a28dc9b490_2495, v0x63a28dc9b490_2496, v0x63a28dc9b490_2497, v0x63a28dc9b490_2498;
v0x63a28dc9b490_2499 .array/port v0x63a28dc9b490, 2499;
v0x63a28dc9b490_2500 .array/port v0x63a28dc9b490, 2500;
v0x63a28dc9b490_2501 .array/port v0x63a28dc9b490, 2501;
v0x63a28dc9b490_2502 .array/port v0x63a28dc9b490, 2502;
E_0x63a28dcbf3d0/625 .event anyedge, v0x63a28dc9b490_2499, v0x63a28dc9b490_2500, v0x63a28dc9b490_2501, v0x63a28dc9b490_2502;
v0x63a28dc9b490_2503 .array/port v0x63a28dc9b490, 2503;
v0x63a28dc9b490_2504 .array/port v0x63a28dc9b490, 2504;
v0x63a28dc9b490_2505 .array/port v0x63a28dc9b490, 2505;
v0x63a28dc9b490_2506 .array/port v0x63a28dc9b490, 2506;
E_0x63a28dcbf3d0/626 .event anyedge, v0x63a28dc9b490_2503, v0x63a28dc9b490_2504, v0x63a28dc9b490_2505, v0x63a28dc9b490_2506;
v0x63a28dc9b490_2507 .array/port v0x63a28dc9b490, 2507;
v0x63a28dc9b490_2508 .array/port v0x63a28dc9b490, 2508;
v0x63a28dc9b490_2509 .array/port v0x63a28dc9b490, 2509;
v0x63a28dc9b490_2510 .array/port v0x63a28dc9b490, 2510;
E_0x63a28dcbf3d0/627 .event anyedge, v0x63a28dc9b490_2507, v0x63a28dc9b490_2508, v0x63a28dc9b490_2509, v0x63a28dc9b490_2510;
v0x63a28dc9b490_2511 .array/port v0x63a28dc9b490, 2511;
v0x63a28dc9b490_2512 .array/port v0x63a28dc9b490, 2512;
v0x63a28dc9b490_2513 .array/port v0x63a28dc9b490, 2513;
v0x63a28dc9b490_2514 .array/port v0x63a28dc9b490, 2514;
E_0x63a28dcbf3d0/628 .event anyedge, v0x63a28dc9b490_2511, v0x63a28dc9b490_2512, v0x63a28dc9b490_2513, v0x63a28dc9b490_2514;
v0x63a28dc9b490_2515 .array/port v0x63a28dc9b490, 2515;
v0x63a28dc9b490_2516 .array/port v0x63a28dc9b490, 2516;
v0x63a28dc9b490_2517 .array/port v0x63a28dc9b490, 2517;
v0x63a28dc9b490_2518 .array/port v0x63a28dc9b490, 2518;
E_0x63a28dcbf3d0/629 .event anyedge, v0x63a28dc9b490_2515, v0x63a28dc9b490_2516, v0x63a28dc9b490_2517, v0x63a28dc9b490_2518;
v0x63a28dc9b490_2519 .array/port v0x63a28dc9b490, 2519;
v0x63a28dc9b490_2520 .array/port v0x63a28dc9b490, 2520;
v0x63a28dc9b490_2521 .array/port v0x63a28dc9b490, 2521;
v0x63a28dc9b490_2522 .array/port v0x63a28dc9b490, 2522;
E_0x63a28dcbf3d0/630 .event anyedge, v0x63a28dc9b490_2519, v0x63a28dc9b490_2520, v0x63a28dc9b490_2521, v0x63a28dc9b490_2522;
v0x63a28dc9b490_2523 .array/port v0x63a28dc9b490, 2523;
v0x63a28dc9b490_2524 .array/port v0x63a28dc9b490, 2524;
v0x63a28dc9b490_2525 .array/port v0x63a28dc9b490, 2525;
v0x63a28dc9b490_2526 .array/port v0x63a28dc9b490, 2526;
E_0x63a28dcbf3d0/631 .event anyedge, v0x63a28dc9b490_2523, v0x63a28dc9b490_2524, v0x63a28dc9b490_2525, v0x63a28dc9b490_2526;
v0x63a28dc9b490_2527 .array/port v0x63a28dc9b490, 2527;
v0x63a28dc9b490_2528 .array/port v0x63a28dc9b490, 2528;
v0x63a28dc9b490_2529 .array/port v0x63a28dc9b490, 2529;
v0x63a28dc9b490_2530 .array/port v0x63a28dc9b490, 2530;
E_0x63a28dcbf3d0/632 .event anyedge, v0x63a28dc9b490_2527, v0x63a28dc9b490_2528, v0x63a28dc9b490_2529, v0x63a28dc9b490_2530;
v0x63a28dc9b490_2531 .array/port v0x63a28dc9b490, 2531;
v0x63a28dc9b490_2532 .array/port v0x63a28dc9b490, 2532;
v0x63a28dc9b490_2533 .array/port v0x63a28dc9b490, 2533;
v0x63a28dc9b490_2534 .array/port v0x63a28dc9b490, 2534;
E_0x63a28dcbf3d0/633 .event anyedge, v0x63a28dc9b490_2531, v0x63a28dc9b490_2532, v0x63a28dc9b490_2533, v0x63a28dc9b490_2534;
v0x63a28dc9b490_2535 .array/port v0x63a28dc9b490, 2535;
v0x63a28dc9b490_2536 .array/port v0x63a28dc9b490, 2536;
v0x63a28dc9b490_2537 .array/port v0x63a28dc9b490, 2537;
v0x63a28dc9b490_2538 .array/port v0x63a28dc9b490, 2538;
E_0x63a28dcbf3d0/634 .event anyedge, v0x63a28dc9b490_2535, v0x63a28dc9b490_2536, v0x63a28dc9b490_2537, v0x63a28dc9b490_2538;
v0x63a28dc9b490_2539 .array/port v0x63a28dc9b490, 2539;
v0x63a28dc9b490_2540 .array/port v0x63a28dc9b490, 2540;
v0x63a28dc9b490_2541 .array/port v0x63a28dc9b490, 2541;
v0x63a28dc9b490_2542 .array/port v0x63a28dc9b490, 2542;
E_0x63a28dcbf3d0/635 .event anyedge, v0x63a28dc9b490_2539, v0x63a28dc9b490_2540, v0x63a28dc9b490_2541, v0x63a28dc9b490_2542;
v0x63a28dc9b490_2543 .array/port v0x63a28dc9b490, 2543;
v0x63a28dc9b490_2544 .array/port v0x63a28dc9b490, 2544;
v0x63a28dc9b490_2545 .array/port v0x63a28dc9b490, 2545;
v0x63a28dc9b490_2546 .array/port v0x63a28dc9b490, 2546;
E_0x63a28dcbf3d0/636 .event anyedge, v0x63a28dc9b490_2543, v0x63a28dc9b490_2544, v0x63a28dc9b490_2545, v0x63a28dc9b490_2546;
v0x63a28dc9b490_2547 .array/port v0x63a28dc9b490, 2547;
v0x63a28dc9b490_2548 .array/port v0x63a28dc9b490, 2548;
v0x63a28dc9b490_2549 .array/port v0x63a28dc9b490, 2549;
v0x63a28dc9b490_2550 .array/port v0x63a28dc9b490, 2550;
E_0x63a28dcbf3d0/637 .event anyedge, v0x63a28dc9b490_2547, v0x63a28dc9b490_2548, v0x63a28dc9b490_2549, v0x63a28dc9b490_2550;
v0x63a28dc9b490_2551 .array/port v0x63a28dc9b490, 2551;
v0x63a28dc9b490_2552 .array/port v0x63a28dc9b490, 2552;
v0x63a28dc9b490_2553 .array/port v0x63a28dc9b490, 2553;
v0x63a28dc9b490_2554 .array/port v0x63a28dc9b490, 2554;
E_0x63a28dcbf3d0/638 .event anyedge, v0x63a28dc9b490_2551, v0x63a28dc9b490_2552, v0x63a28dc9b490_2553, v0x63a28dc9b490_2554;
v0x63a28dc9b490_2555 .array/port v0x63a28dc9b490, 2555;
v0x63a28dc9b490_2556 .array/port v0x63a28dc9b490, 2556;
v0x63a28dc9b490_2557 .array/port v0x63a28dc9b490, 2557;
v0x63a28dc9b490_2558 .array/port v0x63a28dc9b490, 2558;
E_0x63a28dcbf3d0/639 .event anyedge, v0x63a28dc9b490_2555, v0x63a28dc9b490_2556, v0x63a28dc9b490_2557, v0x63a28dc9b490_2558;
v0x63a28dc9b490_2559 .array/port v0x63a28dc9b490, 2559;
v0x63a28dc9b490_2560 .array/port v0x63a28dc9b490, 2560;
v0x63a28dc9b490_2561 .array/port v0x63a28dc9b490, 2561;
v0x63a28dc9b490_2562 .array/port v0x63a28dc9b490, 2562;
E_0x63a28dcbf3d0/640 .event anyedge, v0x63a28dc9b490_2559, v0x63a28dc9b490_2560, v0x63a28dc9b490_2561, v0x63a28dc9b490_2562;
v0x63a28dc9b490_2563 .array/port v0x63a28dc9b490, 2563;
v0x63a28dc9b490_2564 .array/port v0x63a28dc9b490, 2564;
v0x63a28dc9b490_2565 .array/port v0x63a28dc9b490, 2565;
v0x63a28dc9b490_2566 .array/port v0x63a28dc9b490, 2566;
E_0x63a28dcbf3d0/641 .event anyedge, v0x63a28dc9b490_2563, v0x63a28dc9b490_2564, v0x63a28dc9b490_2565, v0x63a28dc9b490_2566;
v0x63a28dc9b490_2567 .array/port v0x63a28dc9b490, 2567;
v0x63a28dc9b490_2568 .array/port v0x63a28dc9b490, 2568;
v0x63a28dc9b490_2569 .array/port v0x63a28dc9b490, 2569;
v0x63a28dc9b490_2570 .array/port v0x63a28dc9b490, 2570;
E_0x63a28dcbf3d0/642 .event anyedge, v0x63a28dc9b490_2567, v0x63a28dc9b490_2568, v0x63a28dc9b490_2569, v0x63a28dc9b490_2570;
v0x63a28dc9b490_2571 .array/port v0x63a28dc9b490, 2571;
v0x63a28dc9b490_2572 .array/port v0x63a28dc9b490, 2572;
v0x63a28dc9b490_2573 .array/port v0x63a28dc9b490, 2573;
v0x63a28dc9b490_2574 .array/port v0x63a28dc9b490, 2574;
E_0x63a28dcbf3d0/643 .event anyedge, v0x63a28dc9b490_2571, v0x63a28dc9b490_2572, v0x63a28dc9b490_2573, v0x63a28dc9b490_2574;
v0x63a28dc9b490_2575 .array/port v0x63a28dc9b490, 2575;
v0x63a28dc9b490_2576 .array/port v0x63a28dc9b490, 2576;
v0x63a28dc9b490_2577 .array/port v0x63a28dc9b490, 2577;
v0x63a28dc9b490_2578 .array/port v0x63a28dc9b490, 2578;
E_0x63a28dcbf3d0/644 .event anyedge, v0x63a28dc9b490_2575, v0x63a28dc9b490_2576, v0x63a28dc9b490_2577, v0x63a28dc9b490_2578;
v0x63a28dc9b490_2579 .array/port v0x63a28dc9b490, 2579;
v0x63a28dc9b490_2580 .array/port v0x63a28dc9b490, 2580;
v0x63a28dc9b490_2581 .array/port v0x63a28dc9b490, 2581;
v0x63a28dc9b490_2582 .array/port v0x63a28dc9b490, 2582;
E_0x63a28dcbf3d0/645 .event anyedge, v0x63a28dc9b490_2579, v0x63a28dc9b490_2580, v0x63a28dc9b490_2581, v0x63a28dc9b490_2582;
v0x63a28dc9b490_2583 .array/port v0x63a28dc9b490, 2583;
v0x63a28dc9b490_2584 .array/port v0x63a28dc9b490, 2584;
v0x63a28dc9b490_2585 .array/port v0x63a28dc9b490, 2585;
v0x63a28dc9b490_2586 .array/port v0x63a28dc9b490, 2586;
E_0x63a28dcbf3d0/646 .event anyedge, v0x63a28dc9b490_2583, v0x63a28dc9b490_2584, v0x63a28dc9b490_2585, v0x63a28dc9b490_2586;
v0x63a28dc9b490_2587 .array/port v0x63a28dc9b490, 2587;
v0x63a28dc9b490_2588 .array/port v0x63a28dc9b490, 2588;
v0x63a28dc9b490_2589 .array/port v0x63a28dc9b490, 2589;
v0x63a28dc9b490_2590 .array/port v0x63a28dc9b490, 2590;
E_0x63a28dcbf3d0/647 .event anyedge, v0x63a28dc9b490_2587, v0x63a28dc9b490_2588, v0x63a28dc9b490_2589, v0x63a28dc9b490_2590;
v0x63a28dc9b490_2591 .array/port v0x63a28dc9b490, 2591;
v0x63a28dc9b490_2592 .array/port v0x63a28dc9b490, 2592;
v0x63a28dc9b490_2593 .array/port v0x63a28dc9b490, 2593;
v0x63a28dc9b490_2594 .array/port v0x63a28dc9b490, 2594;
E_0x63a28dcbf3d0/648 .event anyedge, v0x63a28dc9b490_2591, v0x63a28dc9b490_2592, v0x63a28dc9b490_2593, v0x63a28dc9b490_2594;
v0x63a28dc9b490_2595 .array/port v0x63a28dc9b490, 2595;
v0x63a28dc9b490_2596 .array/port v0x63a28dc9b490, 2596;
v0x63a28dc9b490_2597 .array/port v0x63a28dc9b490, 2597;
v0x63a28dc9b490_2598 .array/port v0x63a28dc9b490, 2598;
E_0x63a28dcbf3d0/649 .event anyedge, v0x63a28dc9b490_2595, v0x63a28dc9b490_2596, v0x63a28dc9b490_2597, v0x63a28dc9b490_2598;
v0x63a28dc9b490_2599 .array/port v0x63a28dc9b490, 2599;
v0x63a28dc9b490_2600 .array/port v0x63a28dc9b490, 2600;
v0x63a28dc9b490_2601 .array/port v0x63a28dc9b490, 2601;
v0x63a28dc9b490_2602 .array/port v0x63a28dc9b490, 2602;
E_0x63a28dcbf3d0/650 .event anyedge, v0x63a28dc9b490_2599, v0x63a28dc9b490_2600, v0x63a28dc9b490_2601, v0x63a28dc9b490_2602;
v0x63a28dc9b490_2603 .array/port v0x63a28dc9b490, 2603;
v0x63a28dc9b490_2604 .array/port v0x63a28dc9b490, 2604;
v0x63a28dc9b490_2605 .array/port v0x63a28dc9b490, 2605;
v0x63a28dc9b490_2606 .array/port v0x63a28dc9b490, 2606;
E_0x63a28dcbf3d0/651 .event anyedge, v0x63a28dc9b490_2603, v0x63a28dc9b490_2604, v0x63a28dc9b490_2605, v0x63a28dc9b490_2606;
v0x63a28dc9b490_2607 .array/port v0x63a28dc9b490, 2607;
v0x63a28dc9b490_2608 .array/port v0x63a28dc9b490, 2608;
v0x63a28dc9b490_2609 .array/port v0x63a28dc9b490, 2609;
v0x63a28dc9b490_2610 .array/port v0x63a28dc9b490, 2610;
E_0x63a28dcbf3d0/652 .event anyedge, v0x63a28dc9b490_2607, v0x63a28dc9b490_2608, v0x63a28dc9b490_2609, v0x63a28dc9b490_2610;
v0x63a28dc9b490_2611 .array/port v0x63a28dc9b490, 2611;
v0x63a28dc9b490_2612 .array/port v0x63a28dc9b490, 2612;
v0x63a28dc9b490_2613 .array/port v0x63a28dc9b490, 2613;
v0x63a28dc9b490_2614 .array/port v0x63a28dc9b490, 2614;
E_0x63a28dcbf3d0/653 .event anyedge, v0x63a28dc9b490_2611, v0x63a28dc9b490_2612, v0x63a28dc9b490_2613, v0x63a28dc9b490_2614;
v0x63a28dc9b490_2615 .array/port v0x63a28dc9b490, 2615;
v0x63a28dc9b490_2616 .array/port v0x63a28dc9b490, 2616;
v0x63a28dc9b490_2617 .array/port v0x63a28dc9b490, 2617;
v0x63a28dc9b490_2618 .array/port v0x63a28dc9b490, 2618;
E_0x63a28dcbf3d0/654 .event anyedge, v0x63a28dc9b490_2615, v0x63a28dc9b490_2616, v0x63a28dc9b490_2617, v0x63a28dc9b490_2618;
v0x63a28dc9b490_2619 .array/port v0x63a28dc9b490, 2619;
v0x63a28dc9b490_2620 .array/port v0x63a28dc9b490, 2620;
v0x63a28dc9b490_2621 .array/port v0x63a28dc9b490, 2621;
v0x63a28dc9b490_2622 .array/port v0x63a28dc9b490, 2622;
E_0x63a28dcbf3d0/655 .event anyedge, v0x63a28dc9b490_2619, v0x63a28dc9b490_2620, v0x63a28dc9b490_2621, v0x63a28dc9b490_2622;
v0x63a28dc9b490_2623 .array/port v0x63a28dc9b490, 2623;
v0x63a28dc9b490_2624 .array/port v0x63a28dc9b490, 2624;
v0x63a28dc9b490_2625 .array/port v0x63a28dc9b490, 2625;
v0x63a28dc9b490_2626 .array/port v0x63a28dc9b490, 2626;
E_0x63a28dcbf3d0/656 .event anyedge, v0x63a28dc9b490_2623, v0x63a28dc9b490_2624, v0x63a28dc9b490_2625, v0x63a28dc9b490_2626;
v0x63a28dc9b490_2627 .array/port v0x63a28dc9b490, 2627;
v0x63a28dc9b490_2628 .array/port v0x63a28dc9b490, 2628;
v0x63a28dc9b490_2629 .array/port v0x63a28dc9b490, 2629;
v0x63a28dc9b490_2630 .array/port v0x63a28dc9b490, 2630;
E_0x63a28dcbf3d0/657 .event anyedge, v0x63a28dc9b490_2627, v0x63a28dc9b490_2628, v0x63a28dc9b490_2629, v0x63a28dc9b490_2630;
v0x63a28dc9b490_2631 .array/port v0x63a28dc9b490, 2631;
v0x63a28dc9b490_2632 .array/port v0x63a28dc9b490, 2632;
v0x63a28dc9b490_2633 .array/port v0x63a28dc9b490, 2633;
v0x63a28dc9b490_2634 .array/port v0x63a28dc9b490, 2634;
E_0x63a28dcbf3d0/658 .event anyedge, v0x63a28dc9b490_2631, v0x63a28dc9b490_2632, v0x63a28dc9b490_2633, v0x63a28dc9b490_2634;
v0x63a28dc9b490_2635 .array/port v0x63a28dc9b490, 2635;
v0x63a28dc9b490_2636 .array/port v0x63a28dc9b490, 2636;
v0x63a28dc9b490_2637 .array/port v0x63a28dc9b490, 2637;
v0x63a28dc9b490_2638 .array/port v0x63a28dc9b490, 2638;
E_0x63a28dcbf3d0/659 .event anyedge, v0x63a28dc9b490_2635, v0x63a28dc9b490_2636, v0x63a28dc9b490_2637, v0x63a28dc9b490_2638;
v0x63a28dc9b490_2639 .array/port v0x63a28dc9b490, 2639;
v0x63a28dc9b490_2640 .array/port v0x63a28dc9b490, 2640;
v0x63a28dc9b490_2641 .array/port v0x63a28dc9b490, 2641;
v0x63a28dc9b490_2642 .array/port v0x63a28dc9b490, 2642;
E_0x63a28dcbf3d0/660 .event anyedge, v0x63a28dc9b490_2639, v0x63a28dc9b490_2640, v0x63a28dc9b490_2641, v0x63a28dc9b490_2642;
v0x63a28dc9b490_2643 .array/port v0x63a28dc9b490, 2643;
v0x63a28dc9b490_2644 .array/port v0x63a28dc9b490, 2644;
v0x63a28dc9b490_2645 .array/port v0x63a28dc9b490, 2645;
v0x63a28dc9b490_2646 .array/port v0x63a28dc9b490, 2646;
E_0x63a28dcbf3d0/661 .event anyedge, v0x63a28dc9b490_2643, v0x63a28dc9b490_2644, v0x63a28dc9b490_2645, v0x63a28dc9b490_2646;
v0x63a28dc9b490_2647 .array/port v0x63a28dc9b490, 2647;
v0x63a28dc9b490_2648 .array/port v0x63a28dc9b490, 2648;
v0x63a28dc9b490_2649 .array/port v0x63a28dc9b490, 2649;
v0x63a28dc9b490_2650 .array/port v0x63a28dc9b490, 2650;
E_0x63a28dcbf3d0/662 .event anyedge, v0x63a28dc9b490_2647, v0x63a28dc9b490_2648, v0x63a28dc9b490_2649, v0x63a28dc9b490_2650;
v0x63a28dc9b490_2651 .array/port v0x63a28dc9b490, 2651;
v0x63a28dc9b490_2652 .array/port v0x63a28dc9b490, 2652;
v0x63a28dc9b490_2653 .array/port v0x63a28dc9b490, 2653;
v0x63a28dc9b490_2654 .array/port v0x63a28dc9b490, 2654;
E_0x63a28dcbf3d0/663 .event anyedge, v0x63a28dc9b490_2651, v0x63a28dc9b490_2652, v0x63a28dc9b490_2653, v0x63a28dc9b490_2654;
v0x63a28dc9b490_2655 .array/port v0x63a28dc9b490, 2655;
v0x63a28dc9b490_2656 .array/port v0x63a28dc9b490, 2656;
v0x63a28dc9b490_2657 .array/port v0x63a28dc9b490, 2657;
v0x63a28dc9b490_2658 .array/port v0x63a28dc9b490, 2658;
E_0x63a28dcbf3d0/664 .event anyedge, v0x63a28dc9b490_2655, v0x63a28dc9b490_2656, v0x63a28dc9b490_2657, v0x63a28dc9b490_2658;
v0x63a28dc9b490_2659 .array/port v0x63a28dc9b490, 2659;
v0x63a28dc9b490_2660 .array/port v0x63a28dc9b490, 2660;
v0x63a28dc9b490_2661 .array/port v0x63a28dc9b490, 2661;
v0x63a28dc9b490_2662 .array/port v0x63a28dc9b490, 2662;
E_0x63a28dcbf3d0/665 .event anyedge, v0x63a28dc9b490_2659, v0x63a28dc9b490_2660, v0x63a28dc9b490_2661, v0x63a28dc9b490_2662;
v0x63a28dc9b490_2663 .array/port v0x63a28dc9b490, 2663;
v0x63a28dc9b490_2664 .array/port v0x63a28dc9b490, 2664;
v0x63a28dc9b490_2665 .array/port v0x63a28dc9b490, 2665;
v0x63a28dc9b490_2666 .array/port v0x63a28dc9b490, 2666;
E_0x63a28dcbf3d0/666 .event anyedge, v0x63a28dc9b490_2663, v0x63a28dc9b490_2664, v0x63a28dc9b490_2665, v0x63a28dc9b490_2666;
v0x63a28dc9b490_2667 .array/port v0x63a28dc9b490, 2667;
v0x63a28dc9b490_2668 .array/port v0x63a28dc9b490, 2668;
v0x63a28dc9b490_2669 .array/port v0x63a28dc9b490, 2669;
v0x63a28dc9b490_2670 .array/port v0x63a28dc9b490, 2670;
E_0x63a28dcbf3d0/667 .event anyedge, v0x63a28dc9b490_2667, v0x63a28dc9b490_2668, v0x63a28dc9b490_2669, v0x63a28dc9b490_2670;
v0x63a28dc9b490_2671 .array/port v0x63a28dc9b490, 2671;
v0x63a28dc9b490_2672 .array/port v0x63a28dc9b490, 2672;
v0x63a28dc9b490_2673 .array/port v0x63a28dc9b490, 2673;
v0x63a28dc9b490_2674 .array/port v0x63a28dc9b490, 2674;
E_0x63a28dcbf3d0/668 .event anyedge, v0x63a28dc9b490_2671, v0x63a28dc9b490_2672, v0x63a28dc9b490_2673, v0x63a28dc9b490_2674;
v0x63a28dc9b490_2675 .array/port v0x63a28dc9b490, 2675;
v0x63a28dc9b490_2676 .array/port v0x63a28dc9b490, 2676;
v0x63a28dc9b490_2677 .array/port v0x63a28dc9b490, 2677;
v0x63a28dc9b490_2678 .array/port v0x63a28dc9b490, 2678;
E_0x63a28dcbf3d0/669 .event anyedge, v0x63a28dc9b490_2675, v0x63a28dc9b490_2676, v0x63a28dc9b490_2677, v0x63a28dc9b490_2678;
v0x63a28dc9b490_2679 .array/port v0x63a28dc9b490, 2679;
v0x63a28dc9b490_2680 .array/port v0x63a28dc9b490, 2680;
v0x63a28dc9b490_2681 .array/port v0x63a28dc9b490, 2681;
v0x63a28dc9b490_2682 .array/port v0x63a28dc9b490, 2682;
E_0x63a28dcbf3d0/670 .event anyedge, v0x63a28dc9b490_2679, v0x63a28dc9b490_2680, v0x63a28dc9b490_2681, v0x63a28dc9b490_2682;
v0x63a28dc9b490_2683 .array/port v0x63a28dc9b490, 2683;
v0x63a28dc9b490_2684 .array/port v0x63a28dc9b490, 2684;
v0x63a28dc9b490_2685 .array/port v0x63a28dc9b490, 2685;
v0x63a28dc9b490_2686 .array/port v0x63a28dc9b490, 2686;
E_0x63a28dcbf3d0/671 .event anyedge, v0x63a28dc9b490_2683, v0x63a28dc9b490_2684, v0x63a28dc9b490_2685, v0x63a28dc9b490_2686;
v0x63a28dc9b490_2687 .array/port v0x63a28dc9b490, 2687;
v0x63a28dc9b490_2688 .array/port v0x63a28dc9b490, 2688;
v0x63a28dc9b490_2689 .array/port v0x63a28dc9b490, 2689;
v0x63a28dc9b490_2690 .array/port v0x63a28dc9b490, 2690;
E_0x63a28dcbf3d0/672 .event anyedge, v0x63a28dc9b490_2687, v0x63a28dc9b490_2688, v0x63a28dc9b490_2689, v0x63a28dc9b490_2690;
v0x63a28dc9b490_2691 .array/port v0x63a28dc9b490, 2691;
v0x63a28dc9b490_2692 .array/port v0x63a28dc9b490, 2692;
v0x63a28dc9b490_2693 .array/port v0x63a28dc9b490, 2693;
v0x63a28dc9b490_2694 .array/port v0x63a28dc9b490, 2694;
E_0x63a28dcbf3d0/673 .event anyedge, v0x63a28dc9b490_2691, v0x63a28dc9b490_2692, v0x63a28dc9b490_2693, v0x63a28dc9b490_2694;
v0x63a28dc9b490_2695 .array/port v0x63a28dc9b490, 2695;
v0x63a28dc9b490_2696 .array/port v0x63a28dc9b490, 2696;
v0x63a28dc9b490_2697 .array/port v0x63a28dc9b490, 2697;
v0x63a28dc9b490_2698 .array/port v0x63a28dc9b490, 2698;
E_0x63a28dcbf3d0/674 .event anyedge, v0x63a28dc9b490_2695, v0x63a28dc9b490_2696, v0x63a28dc9b490_2697, v0x63a28dc9b490_2698;
v0x63a28dc9b490_2699 .array/port v0x63a28dc9b490, 2699;
v0x63a28dc9b490_2700 .array/port v0x63a28dc9b490, 2700;
v0x63a28dc9b490_2701 .array/port v0x63a28dc9b490, 2701;
v0x63a28dc9b490_2702 .array/port v0x63a28dc9b490, 2702;
E_0x63a28dcbf3d0/675 .event anyedge, v0x63a28dc9b490_2699, v0x63a28dc9b490_2700, v0x63a28dc9b490_2701, v0x63a28dc9b490_2702;
v0x63a28dc9b490_2703 .array/port v0x63a28dc9b490, 2703;
v0x63a28dc9b490_2704 .array/port v0x63a28dc9b490, 2704;
v0x63a28dc9b490_2705 .array/port v0x63a28dc9b490, 2705;
v0x63a28dc9b490_2706 .array/port v0x63a28dc9b490, 2706;
E_0x63a28dcbf3d0/676 .event anyedge, v0x63a28dc9b490_2703, v0x63a28dc9b490_2704, v0x63a28dc9b490_2705, v0x63a28dc9b490_2706;
v0x63a28dc9b490_2707 .array/port v0x63a28dc9b490, 2707;
v0x63a28dc9b490_2708 .array/port v0x63a28dc9b490, 2708;
v0x63a28dc9b490_2709 .array/port v0x63a28dc9b490, 2709;
v0x63a28dc9b490_2710 .array/port v0x63a28dc9b490, 2710;
E_0x63a28dcbf3d0/677 .event anyedge, v0x63a28dc9b490_2707, v0x63a28dc9b490_2708, v0x63a28dc9b490_2709, v0x63a28dc9b490_2710;
v0x63a28dc9b490_2711 .array/port v0x63a28dc9b490, 2711;
v0x63a28dc9b490_2712 .array/port v0x63a28dc9b490, 2712;
v0x63a28dc9b490_2713 .array/port v0x63a28dc9b490, 2713;
v0x63a28dc9b490_2714 .array/port v0x63a28dc9b490, 2714;
E_0x63a28dcbf3d0/678 .event anyedge, v0x63a28dc9b490_2711, v0x63a28dc9b490_2712, v0x63a28dc9b490_2713, v0x63a28dc9b490_2714;
v0x63a28dc9b490_2715 .array/port v0x63a28dc9b490, 2715;
v0x63a28dc9b490_2716 .array/port v0x63a28dc9b490, 2716;
v0x63a28dc9b490_2717 .array/port v0x63a28dc9b490, 2717;
v0x63a28dc9b490_2718 .array/port v0x63a28dc9b490, 2718;
E_0x63a28dcbf3d0/679 .event anyedge, v0x63a28dc9b490_2715, v0x63a28dc9b490_2716, v0x63a28dc9b490_2717, v0x63a28dc9b490_2718;
v0x63a28dc9b490_2719 .array/port v0x63a28dc9b490, 2719;
v0x63a28dc9b490_2720 .array/port v0x63a28dc9b490, 2720;
v0x63a28dc9b490_2721 .array/port v0x63a28dc9b490, 2721;
v0x63a28dc9b490_2722 .array/port v0x63a28dc9b490, 2722;
E_0x63a28dcbf3d0/680 .event anyedge, v0x63a28dc9b490_2719, v0x63a28dc9b490_2720, v0x63a28dc9b490_2721, v0x63a28dc9b490_2722;
v0x63a28dc9b490_2723 .array/port v0x63a28dc9b490, 2723;
v0x63a28dc9b490_2724 .array/port v0x63a28dc9b490, 2724;
v0x63a28dc9b490_2725 .array/port v0x63a28dc9b490, 2725;
v0x63a28dc9b490_2726 .array/port v0x63a28dc9b490, 2726;
E_0x63a28dcbf3d0/681 .event anyedge, v0x63a28dc9b490_2723, v0x63a28dc9b490_2724, v0x63a28dc9b490_2725, v0x63a28dc9b490_2726;
v0x63a28dc9b490_2727 .array/port v0x63a28dc9b490, 2727;
v0x63a28dc9b490_2728 .array/port v0x63a28dc9b490, 2728;
v0x63a28dc9b490_2729 .array/port v0x63a28dc9b490, 2729;
v0x63a28dc9b490_2730 .array/port v0x63a28dc9b490, 2730;
E_0x63a28dcbf3d0/682 .event anyedge, v0x63a28dc9b490_2727, v0x63a28dc9b490_2728, v0x63a28dc9b490_2729, v0x63a28dc9b490_2730;
v0x63a28dc9b490_2731 .array/port v0x63a28dc9b490, 2731;
v0x63a28dc9b490_2732 .array/port v0x63a28dc9b490, 2732;
v0x63a28dc9b490_2733 .array/port v0x63a28dc9b490, 2733;
v0x63a28dc9b490_2734 .array/port v0x63a28dc9b490, 2734;
E_0x63a28dcbf3d0/683 .event anyedge, v0x63a28dc9b490_2731, v0x63a28dc9b490_2732, v0x63a28dc9b490_2733, v0x63a28dc9b490_2734;
v0x63a28dc9b490_2735 .array/port v0x63a28dc9b490, 2735;
v0x63a28dc9b490_2736 .array/port v0x63a28dc9b490, 2736;
v0x63a28dc9b490_2737 .array/port v0x63a28dc9b490, 2737;
v0x63a28dc9b490_2738 .array/port v0x63a28dc9b490, 2738;
E_0x63a28dcbf3d0/684 .event anyedge, v0x63a28dc9b490_2735, v0x63a28dc9b490_2736, v0x63a28dc9b490_2737, v0x63a28dc9b490_2738;
v0x63a28dc9b490_2739 .array/port v0x63a28dc9b490, 2739;
v0x63a28dc9b490_2740 .array/port v0x63a28dc9b490, 2740;
v0x63a28dc9b490_2741 .array/port v0x63a28dc9b490, 2741;
v0x63a28dc9b490_2742 .array/port v0x63a28dc9b490, 2742;
E_0x63a28dcbf3d0/685 .event anyedge, v0x63a28dc9b490_2739, v0x63a28dc9b490_2740, v0x63a28dc9b490_2741, v0x63a28dc9b490_2742;
v0x63a28dc9b490_2743 .array/port v0x63a28dc9b490, 2743;
v0x63a28dc9b490_2744 .array/port v0x63a28dc9b490, 2744;
v0x63a28dc9b490_2745 .array/port v0x63a28dc9b490, 2745;
v0x63a28dc9b490_2746 .array/port v0x63a28dc9b490, 2746;
E_0x63a28dcbf3d0/686 .event anyedge, v0x63a28dc9b490_2743, v0x63a28dc9b490_2744, v0x63a28dc9b490_2745, v0x63a28dc9b490_2746;
v0x63a28dc9b490_2747 .array/port v0x63a28dc9b490, 2747;
v0x63a28dc9b490_2748 .array/port v0x63a28dc9b490, 2748;
v0x63a28dc9b490_2749 .array/port v0x63a28dc9b490, 2749;
v0x63a28dc9b490_2750 .array/port v0x63a28dc9b490, 2750;
E_0x63a28dcbf3d0/687 .event anyedge, v0x63a28dc9b490_2747, v0x63a28dc9b490_2748, v0x63a28dc9b490_2749, v0x63a28dc9b490_2750;
v0x63a28dc9b490_2751 .array/port v0x63a28dc9b490, 2751;
v0x63a28dc9b490_2752 .array/port v0x63a28dc9b490, 2752;
v0x63a28dc9b490_2753 .array/port v0x63a28dc9b490, 2753;
v0x63a28dc9b490_2754 .array/port v0x63a28dc9b490, 2754;
E_0x63a28dcbf3d0/688 .event anyedge, v0x63a28dc9b490_2751, v0x63a28dc9b490_2752, v0x63a28dc9b490_2753, v0x63a28dc9b490_2754;
v0x63a28dc9b490_2755 .array/port v0x63a28dc9b490, 2755;
v0x63a28dc9b490_2756 .array/port v0x63a28dc9b490, 2756;
v0x63a28dc9b490_2757 .array/port v0x63a28dc9b490, 2757;
v0x63a28dc9b490_2758 .array/port v0x63a28dc9b490, 2758;
E_0x63a28dcbf3d0/689 .event anyedge, v0x63a28dc9b490_2755, v0x63a28dc9b490_2756, v0x63a28dc9b490_2757, v0x63a28dc9b490_2758;
v0x63a28dc9b490_2759 .array/port v0x63a28dc9b490, 2759;
v0x63a28dc9b490_2760 .array/port v0x63a28dc9b490, 2760;
v0x63a28dc9b490_2761 .array/port v0x63a28dc9b490, 2761;
v0x63a28dc9b490_2762 .array/port v0x63a28dc9b490, 2762;
E_0x63a28dcbf3d0/690 .event anyedge, v0x63a28dc9b490_2759, v0x63a28dc9b490_2760, v0x63a28dc9b490_2761, v0x63a28dc9b490_2762;
v0x63a28dc9b490_2763 .array/port v0x63a28dc9b490, 2763;
v0x63a28dc9b490_2764 .array/port v0x63a28dc9b490, 2764;
v0x63a28dc9b490_2765 .array/port v0x63a28dc9b490, 2765;
v0x63a28dc9b490_2766 .array/port v0x63a28dc9b490, 2766;
E_0x63a28dcbf3d0/691 .event anyedge, v0x63a28dc9b490_2763, v0x63a28dc9b490_2764, v0x63a28dc9b490_2765, v0x63a28dc9b490_2766;
v0x63a28dc9b490_2767 .array/port v0x63a28dc9b490, 2767;
v0x63a28dc9b490_2768 .array/port v0x63a28dc9b490, 2768;
v0x63a28dc9b490_2769 .array/port v0x63a28dc9b490, 2769;
v0x63a28dc9b490_2770 .array/port v0x63a28dc9b490, 2770;
E_0x63a28dcbf3d0/692 .event anyedge, v0x63a28dc9b490_2767, v0x63a28dc9b490_2768, v0x63a28dc9b490_2769, v0x63a28dc9b490_2770;
v0x63a28dc9b490_2771 .array/port v0x63a28dc9b490, 2771;
v0x63a28dc9b490_2772 .array/port v0x63a28dc9b490, 2772;
v0x63a28dc9b490_2773 .array/port v0x63a28dc9b490, 2773;
v0x63a28dc9b490_2774 .array/port v0x63a28dc9b490, 2774;
E_0x63a28dcbf3d0/693 .event anyedge, v0x63a28dc9b490_2771, v0x63a28dc9b490_2772, v0x63a28dc9b490_2773, v0x63a28dc9b490_2774;
v0x63a28dc9b490_2775 .array/port v0x63a28dc9b490, 2775;
v0x63a28dc9b490_2776 .array/port v0x63a28dc9b490, 2776;
v0x63a28dc9b490_2777 .array/port v0x63a28dc9b490, 2777;
v0x63a28dc9b490_2778 .array/port v0x63a28dc9b490, 2778;
E_0x63a28dcbf3d0/694 .event anyedge, v0x63a28dc9b490_2775, v0x63a28dc9b490_2776, v0x63a28dc9b490_2777, v0x63a28dc9b490_2778;
v0x63a28dc9b490_2779 .array/port v0x63a28dc9b490, 2779;
v0x63a28dc9b490_2780 .array/port v0x63a28dc9b490, 2780;
v0x63a28dc9b490_2781 .array/port v0x63a28dc9b490, 2781;
v0x63a28dc9b490_2782 .array/port v0x63a28dc9b490, 2782;
E_0x63a28dcbf3d0/695 .event anyedge, v0x63a28dc9b490_2779, v0x63a28dc9b490_2780, v0x63a28dc9b490_2781, v0x63a28dc9b490_2782;
v0x63a28dc9b490_2783 .array/port v0x63a28dc9b490, 2783;
v0x63a28dc9b490_2784 .array/port v0x63a28dc9b490, 2784;
v0x63a28dc9b490_2785 .array/port v0x63a28dc9b490, 2785;
v0x63a28dc9b490_2786 .array/port v0x63a28dc9b490, 2786;
E_0x63a28dcbf3d0/696 .event anyedge, v0x63a28dc9b490_2783, v0x63a28dc9b490_2784, v0x63a28dc9b490_2785, v0x63a28dc9b490_2786;
v0x63a28dc9b490_2787 .array/port v0x63a28dc9b490, 2787;
v0x63a28dc9b490_2788 .array/port v0x63a28dc9b490, 2788;
v0x63a28dc9b490_2789 .array/port v0x63a28dc9b490, 2789;
v0x63a28dc9b490_2790 .array/port v0x63a28dc9b490, 2790;
E_0x63a28dcbf3d0/697 .event anyedge, v0x63a28dc9b490_2787, v0x63a28dc9b490_2788, v0x63a28dc9b490_2789, v0x63a28dc9b490_2790;
v0x63a28dc9b490_2791 .array/port v0x63a28dc9b490, 2791;
v0x63a28dc9b490_2792 .array/port v0x63a28dc9b490, 2792;
v0x63a28dc9b490_2793 .array/port v0x63a28dc9b490, 2793;
v0x63a28dc9b490_2794 .array/port v0x63a28dc9b490, 2794;
E_0x63a28dcbf3d0/698 .event anyedge, v0x63a28dc9b490_2791, v0x63a28dc9b490_2792, v0x63a28dc9b490_2793, v0x63a28dc9b490_2794;
v0x63a28dc9b490_2795 .array/port v0x63a28dc9b490, 2795;
v0x63a28dc9b490_2796 .array/port v0x63a28dc9b490, 2796;
v0x63a28dc9b490_2797 .array/port v0x63a28dc9b490, 2797;
v0x63a28dc9b490_2798 .array/port v0x63a28dc9b490, 2798;
E_0x63a28dcbf3d0/699 .event anyedge, v0x63a28dc9b490_2795, v0x63a28dc9b490_2796, v0x63a28dc9b490_2797, v0x63a28dc9b490_2798;
v0x63a28dc9b490_2799 .array/port v0x63a28dc9b490, 2799;
v0x63a28dc9b490_2800 .array/port v0x63a28dc9b490, 2800;
v0x63a28dc9b490_2801 .array/port v0x63a28dc9b490, 2801;
v0x63a28dc9b490_2802 .array/port v0x63a28dc9b490, 2802;
E_0x63a28dcbf3d0/700 .event anyedge, v0x63a28dc9b490_2799, v0x63a28dc9b490_2800, v0x63a28dc9b490_2801, v0x63a28dc9b490_2802;
v0x63a28dc9b490_2803 .array/port v0x63a28dc9b490, 2803;
v0x63a28dc9b490_2804 .array/port v0x63a28dc9b490, 2804;
v0x63a28dc9b490_2805 .array/port v0x63a28dc9b490, 2805;
v0x63a28dc9b490_2806 .array/port v0x63a28dc9b490, 2806;
E_0x63a28dcbf3d0/701 .event anyedge, v0x63a28dc9b490_2803, v0x63a28dc9b490_2804, v0x63a28dc9b490_2805, v0x63a28dc9b490_2806;
v0x63a28dc9b490_2807 .array/port v0x63a28dc9b490, 2807;
v0x63a28dc9b490_2808 .array/port v0x63a28dc9b490, 2808;
v0x63a28dc9b490_2809 .array/port v0x63a28dc9b490, 2809;
v0x63a28dc9b490_2810 .array/port v0x63a28dc9b490, 2810;
E_0x63a28dcbf3d0/702 .event anyedge, v0x63a28dc9b490_2807, v0x63a28dc9b490_2808, v0x63a28dc9b490_2809, v0x63a28dc9b490_2810;
v0x63a28dc9b490_2811 .array/port v0x63a28dc9b490, 2811;
v0x63a28dc9b490_2812 .array/port v0x63a28dc9b490, 2812;
v0x63a28dc9b490_2813 .array/port v0x63a28dc9b490, 2813;
v0x63a28dc9b490_2814 .array/port v0x63a28dc9b490, 2814;
E_0x63a28dcbf3d0/703 .event anyedge, v0x63a28dc9b490_2811, v0x63a28dc9b490_2812, v0x63a28dc9b490_2813, v0x63a28dc9b490_2814;
v0x63a28dc9b490_2815 .array/port v0x63a28dc9b490, 2815;
v0x63a28dc9b490_2816 .array/port v0x63a28dc9b490, 2816;
v0x63a28dc9b490_2817 .array/port v0x63a28dc9b490, 2817;
v0x63a28dc9b490_2818 .array/port v0x63a28dc9b490, 2818;
E_0x63a28dcbf3d0/704 .event anyedge, v0x63a28dc9b490_2815, v0x63a28dc9b490_2816, v0x63a28dc9b490_2817, v0x63a28dc9b490_2818;
v0x63a28dc9b490_2819 .array/port v0x63a28dc9b490, 2819;
v0x63a28dc9b490_2820 .array/port v0x63a28dc9b490, 2820;
v0x63a28dc9b490_2821 .array/port v0x63a28dc9b490, 2821;
v0x63a28dc9b490_2822 .array/port v0x63a28dc9b490, 2822;
E_0x63a28dcbf3d0/705 .event anyedge, v0x63a28dc9b490_2819, v0x63a28dc9b490_2820, v0x63a28dc9b490_2821, v0x63a28dc9b490_2822;
v0x63a28dc9b490_2823 .array/port v0x63a28dc9b490, 2823;
v0x63a28dc9b490_2824 .array/port v0x63a28dc9b490, 2824;
v0x63a28dc9b490_2825 .array/port v0x63a28dc9b490, 2825;
v0x63a28dc9b490_2826 .array/port v0x63a28dc9b490, 2826;
E_0x63a28dcbf3d0/706 .event anyedge, v0x63a28dc9b490_2823, v0x63a28dc9b490_2824, v0x63a28dc9b490_2825, v0x63a28dc9b490_2826;
v0x63a28dc9b490_2827 .array/port v0x63a28dc9b490, 2827;
v0x63a28dc9b490_2828 .array/port v0x63a28dc9b490, 2828;
v0x63a28dc9b490_2829 .array/port v0x63a28dc9b490, 2829;
v0x63a28dc9b490_2830 .array/port v0x63a28dc9b490, 2830;
E_0x63a28dcbf3d0/707 .event anyedge, v0x63a28dc9b490_2827, v0x63a28dc9b490_2828, v0x63a28dc9b490_2829, v0x63a28dc9b490_2830;
v0x63a28dc9b490_2831 .array/port v0x63a28dc9b490, 2831;
v0x63a28dc9b490_2832 .array/port v0x63a28dc9b490, 2832;
v0x63a28dc9b490_2833 .array/port v0x63a28dc9b490, 2833;
v0x63a28dc9b490_2834 .array/port v0x63a28dc9b490, 2834;
E_0x63a28dcbf3d0/708 .event anyedge, v0x63a28dc9b490_2831, v0x63a28dc9b490_2832, v0x63a28dc9b490_2833, v0x63a28dc9b490_2834;
v0x63a28dc9b490_2835 .array/port v0x63a28dc9b490, 2835;
v0x63a28dc9b490_2836 .array/port v0x63a28dc9b490, 2836;
v0x63a28dc9b490_2837 .array/port v0x63a28dc9b490, 2837;
v0x63a28dc9b490_2838 .array/port v0x63a28dc9b490, 2838;
E_0x63a28dcbf3d0/709 .event anyedge, v0x63a28dc9b490_2835, v0x63a28dc9b490_2836, v0x63a28dc9b490_2837, v0x63a28dc9b490_2838;
v0x63a28dc9b490_2839 .array/port v0x63a28dc9b490, 2839;
v0x63a28dc9b490_2840 .array/port v0x63a28dc9b490, 2840;
v0x63a28dc9b490_2841 .array/port v0x63a28dc9b490, 2841;
v0x63a28dc9b490_2842 .array/port v0x63a28dc9b490, 2842;
E_0x63a28dcbf3d0/710 .event anyedge, v0x63a28dc9b490_2839, v0x63a28dc9b490_2840, v0x63a28dc9b490_2841, v0x63a28dc9b490_2842;
v0x63a28dc9b490_2843 .array/port v0x63a28dc9b490, 2843;
v0x63a28dc9b490_2844 .array/port v0x63a28dc9b490, 2844;
v0x63a28dc9b490_2845 .array/port v0x63a28dc9b490, 2845;
v0x63a28dc9b490_2846 .array/port v0x63a28dc9b490, 2846;
E_0x63a28dcbf3d0/711 .event anyedge, v0x63a28dc9b490_2843, v0x63a28dc9b490_2844, v0x63a28dc9b490_2845, v0x63a28dc9b490_2846;
v0x63a28dc9b490_2847 .array/port v0x63a28dc9b490, 2847;
v0x63a28dc9b490_2848 .array/port v0x63a28dc9b490, 2848;
v0x63a28dc9b490_2849 .array/port v0x63a28dc9b490, 2849;
v0x63a28dc9b490_2850 .array/port v0x63a28dc9b490, 2850;
E_0x63a28dcbf3d0/712 .event anyedge, v0x63a28dc9b490_2847, v0x63a28dc9b490_2848, v0x63a28dc9b490_2849, v0x63a28dc9b490_2850;
v0x63a28dc9b490_2851 .array/port v0x63a28dc9b490, 2851;
v0x63a28dc9b490_2852 .array/port v0x63a28dc9b490, 2852;
v0x63a28dc9b490_2853 .array/port v0x63a28dc9b490, 2853;
v0x63a28dc9b490_2854 .array/port v0x63a28dc9b490, 2854;
E_0x63a28dcbf3d0/713 .event anyedge, v0x63a28dc9b490_2851, v0x63a28dc9b490_2852, v0x63a28dc9b490_2853, v0x63a28dc9b490_2854;
v0x63a28dc9b490_2855 .array/port v0x63a28dc9b490, 2855;
v0x63a28dc9b490_2856 .array/port v0x63a28dc9b490, 2856;
v0x63a28dc9b490_2857 .array/port v0x63a28dc9b490, 2857;
v0x63a28dc9b490_2858 .array/port v0x63a28dc9b490, 2858;
E_0x63a28dcbf3d0/714 .event anyedge, v0x63a28dc9b490_2855, v0x63a28dc9b490_2856, v0x63a28dc9b490_2857, v0x63a28dc9b490_2858;
v0x63a28dc9b490_2859 .array/port v0x63a28dc9b490, 2859;
v0x63a28dc9b490_2860 .array/port v0x63a28dc9b490, 2860;
v0x63a28dc9b490_2861 .array/port v0x63a28dc9b490, 2861;
v0x63a28dc9b490_2862 .array/port v0x63a28dc9b490, 2862;
E_0x63a28dcbf3d0/715 .event anyedge, v0x63a28dc9b490_2859, v0x63a28dc9b490_2860, v0x63a28dc9b490_2861, v0x63a28dc9b490_2862;
v0x63a28dc9b490_2863 .array/port v0x63a28dc9b490, 2863;
v0x63a28dc9b490_2864 .array/port v0x63a28dc9b490, 2864;
v0x63a28dc9b490_2865 .array/port v0x63a28dc9b490, 2865;
v0x63a28dc9b490_2866 .array/port v0x63a28dc9b490, 2866;
E_0x63a28dcbf3d0/716 .event anyedge, v0x63a28dc9b490_2863, v0x63a28dc9b490_2864, v0x63a28dc9b490_2865, v0x63a28dc9b490_2866;
v0x63a28dc9b490_2867 .array/port v0x63a28dc9b490, 2867;
v0x63a28dc9b490_2868 .array/port v0x63a28dc9b490, 2868;
v0x63a28dc9b490_2869 .array/port v0x63a28dc9b490, 2869;
v0x63a28dc9b490_2870 .array/port v0x63a28dc9b490, 2870;
E_0x63a28dcbf3d0/717 .event anyedge, v0x63a28dc9b490_2867, v0x63a28dc9b490_2868, v0x63a28dc9b490_2869, v0x63a28dc9b490_2870;
v0x63a28dc9b490_2871 .array/port v0x63a28dc9b490, 2871;
v0x63a28dc9b490_2872 .array/port v0x63a28dc9b490, 2872;
v0x63a28dc9b490_2873 .array/port v0x63a28dc9b490, 2873;
v0x63a28dc9b490_2874 .array/port v0x63a28dc9b490, 2874;
E_0x63a28dcbf3d0/718 .event anyedge, v0x63a28dc9b490_2871, v0x63a28dc9b490_2872, v0x63a28dc9b490_2873, v0x63a28dc9b490_2874;
v0x63a28dc9b490_2875 .array/port v0x63a28dc9b490, 2875;
v0x63a28dc9b490_2876 .array/port v0x63a28dc9b490, 2876;
v0x63a28dc9b490_2877 .array/port v0x63a28dc9b490, 2877;
v0x63a28dc9b490_2878 .array/port v0x63a28dc9b490, 2878;
E_0x63a28dcbf3d0/719 .event anyedge, v0x63a28dc9b490_2875, v0x63a28dc9b490_2876, v0x63a28dc9b490_2877, v0x63a28dc9b490_2878;
v0x63a28dc9b490_2879 .array/port v0x63a28dc9b490, 2879;
v0x63a28dc9b490_2880 .array/port v0x63a28dc9b490, 2880;
v0x63a28dc9b490_2881 .array/port v0x63a28dc9b490, 2881;
v0x63a28dc9b490_2882 .array/port v0x63a28dc9b490, 2882;
E_0x63a28dcbf3d0/720 .event anyedge, v0x63a28dc9b490_2879, v0x63a28dc9b490_2880, v0x63a28dc9b490_2881, v0x63a28dc9b490_2882;
v0x63a28dc9b490_2883 .array/port v0x63a28dc9b490, 2883;
v0x63a28dc9b490_2884 .array/port v0x63a28dc9b490, 2884;
v0x63a28dc9b490_2885 .array/port v0x63a28dc9b490, 2885;
v0x63a28dc9b490_2886 .array/port v0x63a28dc9b490, 2886;
E_0x63a28dcbf3d0/721 .event anyedge, v0x63a28dc9b490_2883, v0x63a28dc9b490_2884, v0x63a28dc9b490_2885, v0x63a28dc9b490_2886;
v0x63a28dc9b490_2887 .array/port v0x63a28dc9b490, 2887;
v0x63a28dc9b490_2888 .array/port v0x63a28dc9b490, 2888;
v0x63a28dc9b490_2889 .array/port v0x63a28dc9b490, 2889;
v0x63a28dc9b490_2890 .array/port v0x63a28dc9b490, 2890;
E_0x63a28dcbf3d0/722 .event anyedge, v0x63a28dc9b490_2887, v0x63a28dc9b490_2888, v0x63a28dc9b490_2889, v0x63a28dc9b490_2890;
v0x63a28dc9b490_2891 .array/port v0x63a28dc9b490, 2891;
v0x63a28dc9b490_2892 .array/port v0x63a28dc9b490, 2892;
v0x63a28dc9b490_2893 .array/port v0x63a28dc9b490, 2893;
v0x63a28dc9b490_2894 .array/port v0x63a28dc9b490, 2894;
E_0x63a28dcbf3d0/723 .event anyedge, v0x63a28dc9b490_2891, v0x63a28dc9b490_2892, v0x63a28dc9b490_2893, v0x63a28dc9b490_2894;
v0x63a28dc9b490_2895 .array/port v0x63a28dc9b490, 2895;
v0x63a28dc9b490_2896 .array/port v0x63a28dc9b490, 2896;
v0x63a28dc9b490_2897 .array/port v0x63a28dc9b490, 2897;
v0x63a28dc9b490_2898 .array/port v0x63a28dc9b490, 2898;
E_0x63a28dcbf3d0/724 .event anyedge, v0x63a28dc9b490_2895, v0x63a28dc9b490_2896, v0x63a28dc9b490_2897, v0x63a28dc9b490_2898;
v0x63a28dc9b490_2899 .array/port v0x63a28dc9b490, 2899;
v0x63a28dc9b490_2900 .array/port v0x63a28dc9b490, 2900;
v0x63a28dc9b490_2901 .array/port v0x63a28dc9b490, 2901;
v0x63a28dc9b490_2902 .array/port v0x63a28dc9b490, 2902;
E_0x63a28dcbf3d0/725 .event anyedge, v0x63a28dc9b490_2899, v0x63a28dc9b490_2900, v0x63a28dc9b490_2901, v0x63a28dc9b490_2902;
v0x63a28dc9b490_2903 .array/port v0x63a28dc9b490, 2903;
v0x63a28dc9b490_2904 .array/port v0x63a28dc9b490, 2904;
v0x63a28dc9b490_2905 .array/port v0x63a28dc9b490, 2905;
v0x63a28dc9b490_2906 .array/port v0x63a28dc9b490, 2906;
E_0x63a28dcbf3d0/726 .event anyedge, v0x63a28dc9b490_2903, v0x63a28dc9b490_2904, v0x63a28dc9b490_2905, v0x63a28dc9b490_2906;
v0x63a28dc9b490_2907 .array/port v0x63a28dc9b490, 2907;
v0x63a28dc9b490_2908 .array/port v0x63a28dc9b490, 2908;
v0x63a28dc9b490_2909 .array/port v0x63a28dc9b490, 2909;
v0x63a28dc9b490_2910 .array/port v0x63a28dc9b490, 2910;
E_0x63a28dcbf3d0/727 .event anyedge, v0x63a28dc9b490_2907, v0x63a28dc9b490_2908, v0x63a28dc9b490_2909, v0x63a28dc9b490_2910;
v0x63a28dc9b490_2911 .array/port v0x63a28dc9b490, 2911;
v0x63a28dc9b490_2912 .array/port v0x63a28dc9b490, 2912;
v0x63a28dc9b490_2913 .array/port v0x63a28dc9b490, 2913;
v0x63a28dc9b490_2914 .array/port v0x63a28dc9b490, 2914;
E_0x63a28dcbf3d0/728 .event anyedge, v0x63a28dc9b490_2911, v0x63a28dc9b490_2912, v0x63a28dc9b490_2913, v0x63a28dc9b490_2914;
v0x63a28dc9b490_2915 .array/port v0x63a28dc9b490, 2915;
v0x63a28dc9b490_2916 .array/port v0x63a28dc9b490, 2916;
v0x63a28dc9b490_2917 .array/port v0x63a28dc9b490, 2917;
v0x63a28dc9b490_2918 .array/port v0x63a28dc9b490, 2918;
E_0x63a28dcbf3d0/729 .event anyedge, v0x63a28dc9b490_2915, v0x63a28dc9b490_2916, v0x63a28dc9b490_2917, v0x63a28dc9b490_2918;
v0x63a28dc9b490_2919 .array/port v0x63a28dc9b490, 2919;
v0x63a28dc9b490_2920 .array/port v0x63a28dc9b490, 2920;
v0x63a28dc9b490_2921 .array/port v0x63a28dc9b490, 2921;
v0x63a28dc9b490_2922 .array/port v0x63a28dc9b490, 2922;
E_0x63a28dcbf3d0/730 .event anyedge, v0x63a28dc9b490_2919, v0x63a28dc9b490_2920, v0x63a28dc9b490_2921, v0x63a28dc9b490_2922;
v0x63a28dc9b490_2923 .array/port v0x63a28dc9b490, 2923;
v0x63a28dc9b490_2924 .array/port v0x63a28dc9b490, 2924;
v0x63a28dc9b490_2925 .array/port v0x63a28dc9b490, 2925;
v0x63a28dc9b490_2926 .array/port v0x63a28dc9b490, 2926;
E_0x63a28dcbf3d0/731 .event anyedge, v0x63a28dc9b490_2923, v0x63a28dc9b490_2924, v0x63a28dc9b490_2925, v0x63a28dc9b490_2926;
v0x63a28dc9b490_2927 .array/port v0x63a28dc9b490, 2927;
v0x63a28dc9b490_2928 .array/port v0x63a28dc9b490, 2928;
v0x63a28dc9b490_2929 .array/port v0x63a28dc9b490, 2929;
v0x63a28dc9b490_2930 .array/port v0x63a28dc9b490, 2930;
E_0x63a28dcbf3d0/732 .event anyedge, v0x63a28dc9b490_2927, v0x63a28dc9b490_2928, v0x63a28dc9b490_2929, v0x63a28dc9b490_2930;
v0x63a28dc9b490_2931 .array/port v0x63a28dc9b490, 2931;
v0x63a28dc9b490_2932 .array/port v0x63a28dc9b490, 2932;
v0x63a28dc9b490_2933 .array/port v0x63a28dc9b490, 2933;
v0x63a28dc9b490_2934 .array/port v0x63a28dc9b490, 2934;
E_0x63a28dcbf3d0/733 .event anyedge, v0x63a28dc9b490_2931, v0x63a28dc9b490_2932, v0x63a28dc9b490_2933, v0x63a28dc9b490_2934;
v0x63a28dc9b490_2935 .array/port v0x63a28dc9b490, 2935;
v0x63a28dc9b490_2936 .array/port v0x63a28dc9b490, 2936;
v0x63a28dc9b490_2937 .array/port v0x63a28dc9b490, 2937;
v0x63a28dc9b490_2938 .array/port v0x63a28dc9b490, 2938;
E_0x63a28dcbf3d0/734 .event anyedge, v0x63a28dc9b490_2935, v0x63a28dc9b490_2936, v0x63a28dc9b490_2937, v0x63a28dc9b490_2938;
v0x63a28dc9b490_2939 .array/port v0x63a28dc9b490, 2939;
v0x63a28dc9b490_2940 .array/port v0x63a28dc9b490, 2940;
v0x63a28dc9b490_2941 .array/port v0x63a28dc9b490, 2941;
v0x63a28dc9b490_2942 .array/port v0x63a28dc9b490, 2942;
E_0x63a28dcbf3d0/735 .event anyedge, v0x63a28dc9b490_2939, v0x63a28dc9b490_2940, v0x63a28dc9b490_2941, v0x63a28dc9b490_2942;
v0x63a28dc9b490_2943 .array/port v0x63a28dc9b490, 2943;
v0x63a28dc9b490_2944 .array/port v0x63a28dc9b490, 2944;
v0x63a28dc9b490_2945 .array/port v0x63a28dc9b490, 2945;
v0x63a28dc9b490_2946 .array/port v0x63a28dc9b490, 2946;
E_0x63a28dcbf3d0/736 .event anyedge, v0x63a28dc9b490_2943, v0x63a28dc9b490_2944, v0x63a28dc9b490_2945, v0x63a28dc9b490_2946;
v0x63a28dc9b490_2947 .array/port v0x63a28dc9b490, 2947;
v0x63a28dc9b490_2948 .array/port v0x63a28dc9b490, 2948;
v0x63a28dc9b490_2949 .array/port v0x63a28dc9b490, 2949;
v0x63a28dc9b490_2950 .array/port v0x63a28dc9b490, 2950;
E_0x63a28dcbf3d0/737 .event anyedge, v0x63a28dc9b490_2947, v0x63a28dc9b490_2948, v0x63a28dc9b490_2949, v0x63a28dc9b490_2950;
v0x63a28dc9b490_2951 .array/port v0x63a28dc9b490, 2951;
v0x63a28dc9b490_2952 .array/port v0x63a28dc9b490, 2952;
v0x63a28dc9b490_2953 .array/port v0x63a28dc9b490, 2953;
v0x63a28dc9b490_2954 .array/port v0x63a28dc9b490, 2954;
E_0x63a28dcbf3d0/738 .event anyedge, v0x63a28dc9b490_2951, v0x63a28dc9b490_2952, v0x63a28dc9b490_2953, v0x63a28dc9b490_2954;
v0x63a28dc9b490_2955 .array/port v0x63a28dc9b490, 2955;
v0x63a28dc9b490_2956 .array/port v0x63a28dc9b490, 2956;
v0x63a28dc9b490_2957 .array/port v0x63a28dc9b490, 2957;
v0x63a28dc9b490_2958 .array/port v0x63a28dc9b490, 2958;
E_0x63a28dcbf3d0/739 .event anyedge, v0x63a28dc9b490_2955, v0x63a28dc9b490_2956, v0x63a28dc9b490_2957, v0x63a28dc9b490_2958;
v0x63a28dc9b490_2959 .array/port v0x63a28dc9b490, 2959;
v0x63a28dc9b490_2960 .array/port v0x63a28dc9b490, 2960;
v0x63a28dc9b490_2961 .array/port v0x63a28dc9b490, 2961;
v0x63a28dc9b490_2962 .array/port v0x63a28dc9b490, 2962;
E_0x63a28dcbf3d0/740 .event anyedge, v0x63a28dc9b490_2959, v0x63a28dc9b490_2960, v0x63a28dc9b490_2961, v0x63a28dc9b490_2962;
v0x63a28dc9b490_2963 .array/port v0x63a28dc9b490, 2963;
v0x63a28dc9b490_2964 .array/port v0x63a28dc9b490, 2964;
v0x63a28dc9b490_2965 .array/port v0x63a28dc9b490, 2965;
v0x63a28dc9b490_2966 .array/port v0x63a28dc9b490, 2966;
E_0x63a28dcbf3d0/741 .event anyedge, v0x63a28dc9b490_2963, v0x63a28dc9b490_2964, v0x63a28dc9b490_2965, v0x63a28dc9b490_2966;
v0x63a28dc9b490_2967 .array/port v0x63a28dc9b490, 2967;
v0x63a28dc9b490_2968 .array/port v0x63a28dc9b490, 2968;
v0x63a28dc9b490_2969 .array/port v0x63a28dc9b490, 2969;
v0x63a28dc9b490_2970 .array/port v0x63a28dc9b490, 2970;
E_0x63a28dcbf3d0/742 .event anyedge, v0x63a28dc9b490_2967, v0x63a28dc9b490_2968, v0x63a28dc9b490_2969, v0x63a28dc9b490_2970;
v0x63a28dc9b490_2971 .array/port v0x63a28dc9b490, 2971;
v0x63a28dc9b490_2972 .array/port v0x63a28dc9b490, 2972;
v0x63a28dc9b490_2973 .array/port v0x63a28dc9b490, 2973;
v0x63a28dc9b490_2974 .array/port v0x63a28dc9b490, 2974;
E_0x63a28dcbf3d0/743 .event anyedge, v0x63a28dc9b490_2971, v0x63a28dc9b490_2972, v0x63a28dc9b490_2973, v0x63a28dc9b490_2974;
v0x63a28dc9b490_2975 .array/port v0x63a28dc9b490, 2975;
v0x63a28dc9b490_2976 .array/port v0x63a28dc9b490, 2976;
v0x63a28dc9b490_2977 .array/port v0x63a28dc9b490, 2977;
v0x63a28dc9b490_2978 .array/port v0x63a28dc9b490, 2978;
E_0x63a28dcbf3d0/744 .event anyedge, v0x63a28dc9b490_2975, v0x63a28dc9b490_2976, v0x63a28dc9b490_2977, v0x63a28dc9b490_2978;
v0x63a28dc9b490_2979 .array/port v0x63a28dc9b490, 2979;
v0x63a28dc9b490_2980 .array/port v0x63a28dc9b490, 2980;
v0x63a28dc9b490_2981 .array/port v0x63a28dc9b490, 2981;
v0x63a28dc9b490_2982 .array/port v0x63a28dc9b490, 2982;
E_0x63a28dcbf3d0/745 .event anyedge, v0x63a28dc9b490_2979, v0x63a28dc9b490_2980, v0x63a28dc9b490_2981, v0x63a28dc9b490_2982;
v0x63a28dc9b490_2983 .array/port v0x63a28dc9b490, 2983;
v0x63a28dc9b490_2984 .array/port v0x63a28dc9b490, 2984;
v0x63a28dc9b490_2985 .array/port v0x63a28dc9b490, 2985;
v0x63a28dc9b490_2986 .array/port v0x63a28dc9b490, 2986;
E_0x63a28dcbf3d0/746 .event anyedge, v0x63a28dc9b490_2983, v0x63a28dc9b490_2984, v0x63a28dc9b490_2985, v0x63a28dc9b490_2986;
v0x63a28dc9b490_2987 .array/port v0x63a28dc9b490, 2987;
v0x63a28dc9b490_2988 .array/port v0x63a28dc9b490, 2988;
v0x63a28dc9b490_2989 .array/port v0x63a28dc9b490, 2989;
v0x63a28dc9b490_2990 .array/port v0x63a28dc9b490, 2990;
E_0x63a28dcbf3d0/747 .event anyedge, v0x63a28dc9b490_2987, v0x63a28dc9b490_2988, v0x63a28dc9b490_2989, v0x63a28dc9b490_2990;
v0x63a28dc9b490_2991 .array/port v0x63a28dc9b490, 2991;
v0x63a28dc9b490_2992 .array/port v0x63a28dc9b490, 2992;
v0x63a28dc9b490_2993 .array/port v0x63a28dc9b490, 2993;
v0x63a28dc9b490_2994 .array/port v0x63a28dc9b490, 2994;
E_0x63a28dcbf3d0/748 .event anyedge, v0x63a28dc9b490_2991, v0x63a28dc9b490_2992, v0x63a28dc9b490_2993, v0x63a28dc9b490_2994;
v0x63a28dc9b490_2995 .array/port v0x63a28dc9b490, 2995;
v0x63a28dc9b490_2996 .array/port v0x63a28dc9b490, 2996;
v0x63a28dc9b490_2997 .array/port v0x63a28dc9b490, 2997;
v0x63a28dc9b490_2998 .array/port v0x63a28dc9b490, 2998;
E_0x63a28dcbf3d0/749 .event anyedge, v0x63a28dc9b490_2995, v0x63a28dc9b490_2996, v0x63a28dc9b490_2997, v0x63a28dc9b490_2998;
v0x63a28dc9b490_2999 .array/port v0x63a28dc9b490, 2999;
v0x63a28dc9b490_3000 .array/port v0x63a28dc9b490, 3000;
v0x63a28dc9b490_3001 .array/port v0x63a28dc9b490, 3001;
v0x63a28dc9b490_3002 .array/port v0x63a28dc9b490, 3002;
E_0x63a28dcbf3d0/750 .event anyedge, v0x63a28dc9b490_2999, v0x63a28dc9b490_3000, v0x63a28dc9b490_3001, v0x63a28dc9b490_3002;
v0x63a28dc9b490_3003 .array/port v0x63a28dc9b490, 3003;
v0x63a28dc9b490_3004 .array/port v0x63a28dc9b490, 3004;
v0x63a28dc9b490_3005 .array/port v0x63a28dc9b490, 3005;
v0x63a28dc9b490_3006 .array/port v0x63a28dc9b490, 3006;
E_0x63a28dcbf3d0/751 .event anyedge, v0x63a28dc9b490_3003, v0x63a28dc9b490_3004, v0x63a28dc9b490_3005, v0x63a28dc9b490_3006;
v0x63a28dc9b490_3007 .array/port v0x63a28dc9b490, 3007;
v0x63a28dc9b490_3008 .array/port v0x63a28dc9b490, 3008;
v0x63a28dc9b490_3009 .array/port v0x63a28dc9b490, 3009;
v0x63a28dc9b490_3010 .array/port v0x63a28dc9b490, 3010;
E_0x63a28dcbf3d0/752 .event anyedge, v0x63a28dc9b490_3007, v0x63a28dc9b490_3008, v0x63a28dc9b490_3009, v0x63a28dc9b490_3010;
v0x63a28dc9b490_3011 .array/port v0x63a28dc9b490, 3011;
v0x63a28dc9b490_3012 .array/port v0x63a28dc9b490, 3012;
v0x63a28dc9b490_3013 .array/port v0x63a28dc9b490, 3013;
v0x63a28dc9b490_3014 .array/port v0x63a28dc9b490, 3014;
E_0x63a28dcbf3d0/753 .event anyedge, v0x63a28dc9b490_3011, v0x63a28dc9b490_3012, v0x63a28dc9b490_3013, v0x63a28dc9b490_3014;
v0x63a28dc9b490_3015 .array/port v0x63a28dc9b490, 3015;
v0x63a28dc9b490_3016 .array/port v0x63a28dc9b490, 3016;
v0x63a28dc9b490_3017 .array/port v0x63a28dc9b490, 3017;
v0x63a28dc9b490_3018 .array/port v0x63a28dc9b490, 3018;
E_0x63a28dcbf3d0/754 .event anyedge, v0x63a28dc9b490_3015, v0x63a28dc9b490_3016, v0x63a28dc9b490_3017, v0x63a28dc9b490_3018;
v0x63a28dc9b490_3019 .array/port v0x63a28dc9b490, 3019;
v0x63a28dc9b490_3020 .array/port v0x63a28dc9b490, 3020;
v0x63a28dc9b490_3021 .array/port v0x63a28dc9b490, 3021;
v0x63a28dc9b490_3022 .array/port v0x63a28dc9b490, 3022;
E_0x63a28dcbf3d0/755 .event anyedge, v0x63a28dc9b490_3019, v0x63a28dc9b490_3020, v0x63a28dc9b490_3021, v0x63a28dc9b490_3022;
v0x63a28dc9b490_3023 .array/port v0x63a28dc9b490, 3023;
v0x63a28dc9b490_3024 .array/port v0x63a28dc9b490, 3024;
v0x63a28dc9b490_3025 .array/port v0x63a28dc9b490, 3025;
v0x63a28dc9b490_3026 .array/port v0x63a28dc9b490, 3026;
E_0x63a28dcbf3d0/756 .event anyedge, v0x63a28dc9b490_3023, v0x63a28dc9b490_3024, v0x63a28dc9b490_3025, v0x63a28dc9b490_3026;
v0x63a28dc9b490_3027 .array/port v0x63a28dc9b490, 3027;
v0x63a28dc9b490_3028 .array/port v0x63a28dc9b490, 3028;
v0x63a28dc9b490_3029 .array/port v0x63a28dc9b490, 3029;
v0x63a28dc9b490_3030 .array/port v0x63a28dc9b490, 3030;
E_0x63a28dcbf3d0/757 .event anyedge, v0x63a28dc9b490_3027, v0x63a28dc9b490_3028, v0x63a28dc9b490_3029, v0x63a28dc9b490_3030;
v0x63a28dc9b490_3031 .array/port v0x63a28dc9b490, 3031;
v0x63a28dc9b490_3032 .array/port v0x63a28dc9b490, 3032;
v0x63a28dc9b490_3033 .array/port v0x63a28dc9b490, 3033;
v0x63a28dc9b490_3034 .array/port v0x63a28dc9b490, 3034;
E_0x63a28dcbf3d0/758 .event anyedge, v0x63a28dc9b490_3031, v0x63a28dc9b490_3032, v0x63a28dc9b490_3033, v0x63a28dc9b490_3034;
v0x63a28dc9b490_3035 .array/port v0x63a28dc9b490, 3035;
v0x63a28dc9b490_3036 .array/port v0x63a28dc9b490, 3036;
v0x63a28dc9b490_3037 .array/port v0x63a28dc9b490, 3037;
v0x63a28dc9b490_3038 .array/port v0x63a28dc9b490, 3038;
E_0x63a28dcbf3d0/759 .event anyedge, v0x63a28dc9b490_3035, v0x63a28dc9b490_3036, v0x63a28dc9b490_3037, v0x63a28dc9b490_3038;
v0x63a28dc9b490_3039 .array/port v0x63a28dc9b490, 3039;
v0x63a28dc9b490_3040 .array/port v0x63a28dc9b490, 3040;
v0x63a28dc9b490_3041 .array/port v0x63a28dc9b490, 3041;
v0x63a28dc9b490_3042 .array/port v0x63a28dc9b490, 3042;
E_0x63a28dcbf3d0/760 .event anyedge, v0x63a28dc9b490_3039, v0x63a28dc9b490_3040, v0x63a28dc9b490_3041, v0x63a28dc9b490_3042;
v0x63a28dc9b490_3043 .array/port v0x63a28dc9b490, 3043;
v0x63a28dc9b490_3044 .array/port v0x63a28dc9b490, 3044;
v0x63a28dc9b490_3045 .array/port v0x63a28dc9b490, 3045;
v0x63a28dc9b490_3046 .array/port v0x63a28dc9b490, 3046;
E_0x63a28dcbf3d0/761 .event anyedge, v0x63a28dc9b490_3043, v0x63a28dc9b490_3044, v0x63a28dc9b490_3045, v0x63a28dc9b490_3046;
v0x63a28dc9b490_3047 .array/port v0x63a28dc9b490, 3047;
v0x63a28dc9b490_3048 .array/port v0x63a28dc9b490, 3048;
v0x63a28dc9b490_3049 .array/port v0x63a28dc9b490, 3049;
v0x63a28dc9b490_3050 .array/port v0x63a28dc9b490, 3050;
E_0x63a28dcbf3d0/762 .event anyedge, v0x63a28dc9b490_3047, v0x63a28dc9b490_3048, v0x63a28dc9b490_3049, v0x63a28dc9b490_3050;
v0x63a28dc9b490_3051 .array/port v0x63a28dc9b490, 3051;
v0x63a28dc9b490_3052 .array/port v0x63a28dc9b490, 3052;
v0x63a28dc9b490_3053 .array/port v0x63a28dc9b490, 3053;
v0x63a28dc9b490_3054 .array/port v0x63a28dc9b490, 3054;
E_0x63a28dcbf3d0/763 .event anyedge, v0x63a28dc9b490_3051, v0x63a28dc9b490_3052, v0x63a28dc9b490_3053, v0x63a28dc9b490_3054;
v0x63a28dc9b490_3055 .array/port v0x63a28dc9b490, 3055;
v0x63a28dc9b490_3056 .array/port v0x63a28dc9b490, 3056;
v0x63a28dc9b490_3057 .array/port v0x63a28dc9b490, 3057;
v0x63a28dc9b490_3058 .array/port v0x63a28dc9b490, 3058;
E_0x63a28dcbf3d0/764 .event anyedge, v0x63a28dc9b490_3055, v0x63a28dc9b490_3056, v0x63a28dc9b490_3057, v0x63a28dc9b490_3058;
v0x63a28dc9b490_3059 .array/port v0x63a28dc9b490, 3059;
v0x63a28dc9b490_3060 .array/port v0x63a28dc9b490, 3060;
v0x63a28dc9b490_3061 .array/port v0x63a28dc9b490, 3061;
v0x63a28dc9b490_3062 .array/port v0x63a28dc9b490, 3062;
E_0x63a28dcbf3d0/765 .event anyedge, v0x63a28dc9b490_3059, v0x63a28dc9b490_3060, v0x63a28dc9b490_3061, v0x63a28dc9b490_3062;
v0x63a28dc9b490_3063 .array/port v0x63a28dc9b490, 3063;
v0x63a28dc9b490_3064 .array/port v0x63a28dc9b490, 3064;
v0x63a28dc9b490_3065 .array/port v0x63a28dc9b490, 3065;
v0x63a28dc9b490_3066 .array/port v0x63a28dc9b490, 3066;
E_0x63a28dcbf3d0/766 .event anyedge, v0x63a28dc9b490_3063, v0x63a28dc9b490_3064, v0x63a28dc9b490_3065, v0x63a28dc9b490_3066;
v0x63a28dc9b490_3067 .array/port v0x63a28dc9b490, 3067;
v0x63a28dc9b490_3068 .array/port v0x63a28dc9b490, 3068;
v0x63a28dc9b490_3069 .array/port v0x63a28dc9b490, 3069;
v0x63a28dc9b490_3070 .array/port v0x63a28dc9b490, 3070;
E_0x63a28dcbf3d0/767 .event anyedge, v0x63a28dc9b490_3067, v0x63a28dc9b490_3068, v0x63a28dc9b490_3069, v0x63a28dc9b490_3070;
v0x63a28dc9b490_3071 .array/port v0x63a28dc9b490, 3071;
v0x63a28dc9b490_3072 .array/port v0x63a28dc9b490, 3072;
v0x63a28dc9b490_3073 .array/port v0x63a28dc9b490, 3073;
v0x63a28dc9b490_3074 .array/port v0x63a28dc9b490, 3074;
E_0x63a28dcbf3d0/768 .event anyedge, v0x63a28dc9b490_3071, v0x63a28dc9b490_3072, v0x63a28dc9b490_3073, v0x63a28dc9b490_3074;
v0x63a28dc9b490_3075 .array/port v0x63a28dc9b490, 3075;
v0x63a28dc9b490_3076 .array/port v0x63a28dc9b490, 3076;
v0x63a28dc9b490_3077 .array/port v0x63a28dc9b490, 3077;
v0x63a28dc9b490_3078 .array/port v0x63a28dc9b490, 3078;
E_0x63a28dcbf3d0/769 .event anyedge, v0x63a28dc9b490_3075, v0x63a28dc9b490_3076, v0x63a28dc9b490_3077, v0x63a28dc9b490_3078;
v0x63a28dc9b490_3079 .array/port v0x63a28dc9b490, 3079;
v0x63a28dc9b490_3080 .array/port v0x63a28dc9b490, 3080;
v0x63a28dc9b490_3081 .array/port v0x63a28dc9b490, 3081;
v0x63a28dc9b490_3082 .array/port v0x63a28dc9b490, 3082;
E_0x63a28dcbf3d0/770 .event anyedge, v0x63a28dc9b490_3079, v0x63a28dc9b490_3080, v0x63a28dc9b490_3081, v0x63a28dc9b490_3082;
v0x63a28dc9b490_3083 .array/port v0x63a28dc9b490, 3083;
v0x63a28dc9b490_3084 .array/port v0x63a28dc9b490, 3084;
v0x63a28dc9b490_3085 .array/port v0x63a28dc9b490, 3085;
v0x63a28dc9b490_3086 .array/port v0x63a28dc9b490, 3086;
E_0x63a28dcbf3d0/771 .event anyedge, v0x63a28dc9b490_3083, v0x63a28dc9b490_3084, v0x63a28dc9b490_3085, v0x63a28dc9b490_3086;
v0x63a28dc9b490_3087 .array/port v0x63a28dc9b490, 3087;
v0x63a28dc9b490_3088 .array/port v0x63a28dc9b490, 3088;
v0x63a28dc9b490_3089 .array/port v0x63a28dc9b490, 3089;
v0x63a28dc9b490_3090 .array/port v0x63a28dc9b490, 3090;
E_0x63a28dcbf3d0/772 .event anyedge, v0x63a28dc9b490_3087, v0x63a28dc9b490_3088, v0x63a28dc9b490_3089, v0x63a28dc9b490_3090;
v0x63a28dc9b490_3091 .array/port v0x63a28dc9b490, 3091;
v0x63a28dc9b490_3092 .array/port v0x63a28dc9b490, 3092;
v0x63a28dc9b490_3093 .array/port v0x63a28dc9b490, 3093;
v0x63a28dc9b490_3094 .array/port v0x63a28dc9b490, 3094;
E_0x63a28dcbf3d0/773 .event anyedge, v0x63a28dc9b490_3091, v0x63a28dc9b490_3092, v0x63a28dc9b490_3093, v0x63a28dc9b490_3094;
v0x63a28dc9b490_3095 .array/port v0x63a28dc9b490, 3095;
v0x63a28dc9b490_3096 .array/port v0x63a28dc9b490, 3096;
v0x63a28dc9b490_3097 .array/port v0x63a28dc9b490, 3097;
v0x63a28dc9b490_3098 .array/port v0x63a28dc9b490, 3098;
E_0x63a28dcbf3d0/774 .event anyedge, v0x63a28dc9b490_3095, v0x63a28dc9b490_3096, v0x63a28dc9b490_3097, v0x63a28dc9b490_3098;
v0x63a28dc9b490_3099 .array/port v0x63a28dc9b490, 3099;
v0x63a28dc9b490_3100 .array/port v0x63a28dc9b490, 3100;
v0x63a28dc9b490_3101 .array/port v0x63a28dc9b490, 3101;
v0x63a28dc9b490_3102 .array/port v0x63a28dc9b490, 3102;
E_0x63a28dcbf3d0/775 .event anyedge, v0x63a28dc9b490_3099, v0x63a28dc9b490_3100, v0x63a28dc9b490_3101, v0x63a28dc9b490_3102;
v0x63a28dc9b490_3103 .array/port v0x63a28dc9b490, 3103;
v0x63a28dc9b490_3104 .array/port v0x63a28dc9b490, 3104;
v0x63a28dc9b490_3105 .array/port v0x63a28dc9b490, 3105;
v0x63a28dc9b490_3106 .array/port v0x63a28dc9b490, 3106;
E_0x63a28dcbf3d0/776 .event anyedge, v0x63a28dc9b490_3103, v0x63a28dc9b490_3104, v0x63a28dc9b490_3105, v0x63a28dc9b490_3106;
v0x63a28dc9b490_3107 .array/port v0x63a28dc9b490, 3107;
v0x63a28dc9b490_3108 .array/port v0x63a28dc9b490, 3108;
v0x63a28dc9b490_3109 .array/port v0x63a28dc9b490, 3109;
v0x63a28dc9b490_3110 .array/port v0x63a28dc9b490, 3110;
E_0x63a28dcbf3d0/777 .event anyedge, v0x63a28dc9b490_3107, v0x63a28dc9b490_3108, v0x63a28dc9b490_3109, v0x63a28dc9b490_3110;
v0x63a28dc9b490_3111 .array/port v0x63a28dc9b490, 3111;
v0x63a28dc9b490_3112 .array/port v0x63a28dc9b490, 3112;
v0x63a28dc9b490_3113 .array/port v0x63a28dc9b490, 3113;
v0x63a28dc9b490_3114 .array/port v0x63a28dc9b490, 3114;
E_0x63a28dcbf3d0/778 .event anyedge, v0x63a28dc9b490_3111, v0x63a28dc9b490_3112, v0x63a28dc9b490_3113, v0x63a28dc9b490_3114;
v0x63a28dc9b490_3115 .array/port v0x63a28dc9b490, 3115;
v0x63a28dc9b490_3116 .array/port v0x63a28dc9b490, 3116;
v0x63a28dc9b490_3117 .array/port v0x63a28dc9b490, 3117;
v0x63a28dc9b490_3118 .array/port v0x63a28dc9b490, 3118;
E_0x63a28dcbf3d0/779 .event anyedge, v0x63a28dc9b490_3115, v0x63a28dc9b490_3116, v0x63a28dc9b490_3117, v0x63a28dc9b490_3118;
v0x63a28dc9b490_3119 .array/port v0x63a28dc9b490, 3119;
v0x63a28dc9b490_3120 .array/port v0x63a28dc9b490, 3120;
v0x63a28dc9b490_3121 .array/port v0x63a28dc9b490, 3121;
v0x63a28dc9b490_3122 .array/port v0x63a28dc9b490, 3122;
E_0x63a28dcbf3d0/780 .event anyedge, v0x63a28dc9b490_3119, v0x63a28dc9b490_3120, v0x63a28dc9b490_3121, v0x63a28dc9b490_3122;
v0x63a28dc9b490_3123 .array/port v0x63a28dc9b490, 3123;
v0x63a28dc9b490_3124 .array/port v0x63a28dc9b490, 3124;
v0x63a28dc9b490_3125 .array/port v0x63a28dc9b490, 3125;
v0x63a28dc9b490_3126 .array/port v0x63a28dc9b490, 3126;
E_0x63a28dcbf3d0/781 .event anyedge, v0x63a28dc9b490_3123, v0x63a28dc9b490_3124, v0x63a28dc9b490_3125, v0x63a28dc9b490_3126;
v0x63a28dc9b490_3127 .array/port v0x63a28dc9b490, 3127;
v0x63a28dc9b490_3128 .array/port v0x63a28dc9b490, 3128;
v0x63a28dc9b490_3129 .array/port v0x63a28dc9b490, 3129;
v0x63a28dc9b490_3130 .array/port v0x63a28dc9b490, 3130;
E_0x63a28dcbf3d0/782 .event anyedge, v0x63a28dc9b490_3127, v0x63a28dc9b490_3128, v0x63a28dc9b490_3129, v0x63a28dc9b490_3130;
v0x63a28dc9b490_3131 .array/port v0x63a28dc9b490, 3131;
v0x63a28dc9b490_3132 .array/port v0x63a28dc9b490, 3132;
v0x63a28dc9b490_3133 .array/port v0x63a28dc9b490, 3133;
v0x63a28dc9b490_3134 .array/port v0x63a28dc9b490, 3134;
E_0x63a28dcbf3d0/783 .event anyedge, v0x63a28dc9b490_3131, v0x63a28dc9b490_3132, v0x63a28dc9b490_3133, v0x63a28dc9b490_3134;
v0x63a28dc9b490_3135 .array/port v0x63a28dc9b490, 3135;
v0x63a28dc9b490_3136 .array/port v0x63a28dc9b490, 3136;
v0x63a28dc9b490_3137 .array/port v0x63a28dc9b490, 3137;
v0x63a28dc9b490_3138 .array/port v0x63a28dc9b490, 3138;
E_0x63a28dcbf3d0/784 .event anyedge, v0x63a28dc9b490_3135, v0x63a28dc9b490_3136, v0x63a28dc9b490_3137, v0x63a28dc9b490_3138;
v0x63a28dc9b490_3139 .array/port v0x63a28dc9b490, 3139;
v0x63a28dc9b490_3140 .array/port v0x63a28dc9b490, 3140;
v0x63a28dc9b490_3141 .array/port v0x63a28dc9b490, 3141;
v0x63a28dc9b490_3142 .array/port v0x63a28dc9b490, 3142;
E_0x63a28dcbf3d0/785 .event anyedge, v0x63a28dc9b490_3139, v0x63a28dc9b490_3140, v0x63a28dc9b490_3141, v0x63a28dc9b490_3142;
v0x63a28dc9b490_3143 .array/port v0x63a28dc9b490, 3143;
v0x63a28dc9b490_3144 .array/port v0x63a28dc9b490, 3144;
v0x63a28dc9b490_3145 .array/port v0x63a28dc9b490, 3145;
v0x63a28dc9b490_3146 .array/port v0x63a28dc9b490, 3146;
E_0x63a28dcbf3d0/786 .event anyedge, v0x63a28dc9b490_3143, v0x63a28dc9b490_3144, v0x63a28dc9b490_3145, v0x63a28dc9b490_3146;
v0x63a28dc9b490_3147 .array/port v0x63a28dc9b490, 3147;
v0x63a28dc9b490_3148 .array/port v0x63a28dc9b490, 3148;
v0x63a28dc9b490_3149 .array/port v0x63a28dc9b490, 3149;
v0x63a28dc9b490_3150 .array/port v0x63a28dc9b490, 3150;
E_0x63a28dcbf3d0/787 .event anyedge, v0x63a28dc9b490_3147, v0x63a28dc9b490_3148, v0x63a28dc9b490_3149, v0x63a28dc9b490_3150;
v0x63a28dc9b490_3151 .array/port v0x63a28dc9b490, 3151;
v0x63a28dc9b490_3152 .array/port v0x63a28dc9b490, 3152;
v0x63a28dc9b490_3153 .array/port v0x63a28dc9b490, 3153;
v0x63a28dc9b490_3154 .array/port v0x63a28dc9b490, 3154;
E_0x63a28dcbf3d0/788 .event anyedge, v0x63a28dc9b490_3151, v0x63a28dc9b490_3152, v0x63a28dc9b490_3153, v0x63a28dc9b490_3154;
v0x63a28dc9b490_3155 .array/port v0x63a28dc9b490, 3155;
v0x63a28dc9b490_3156 .array/port v0x63a28dc9b490, 3156;
v0x63a28dc9b490_3157 .array/port v0x63a28dc9b490, 3157;
v0x63a28dc9b490_3158 .array/port v0x63a28dc9b490, 3158;
E_0x63a28dcbf3d0/789 .event anyedge, v0x63a28dc9b490_3155, v0x63a28dc9b490_3156, v0x63a28dc9b490_3157, v0x63a28dc9b490_3158;
v0x63a28dc9b490_3159 .array/port v0x63a28dc9b490, 3159;
v0x63a28dc9b490_3160 .array/port v0x63a28dc9b490, 3160;
v0x63a28dc9b490_3161 .array/port v0x63a28dc9b490, 3161;
v0x63a28dc9b490_3162 .array/port v0x63a28dc9b490, 3162;
E_0x63a28dcbf3d0/790 .event anyedge, v0x63a28dc9b490_3159, v0x63a28dc9b490_3160, v0x63a28dc9b490_3161, v0x63a28dc9b490_3162;
v0x63a28dc9b490_3163 .array/port v0x63a28dc9b490, 3163;
v0x63a28dc9b490_3164 .array/port v0x63a28dc9b490, 3164;
v0x63a28dc9b490_3165 .array/port v0x63a28dc9b490, 3165;
v0x63a28dc9b490_3166 .array/port v0x63a28dc9b490, 3166;
E_0x63a28dcbf3d0/791 .event anyedge, v0x63a28dc9b490_3163, v0x63a28dc9b490_3164, v0x63a28dc9b490_3165, v0x63a28dc9b490_3166;
v0x63a28dc9b490_3167 .array/port v0x63a28dc9b490, 3167;
v0x63a28dc9b490_3168 .array/port v0x63a28dc9b490, 3168;
v0x63a28dc9b490_3169 .array/port v0x63a28dc9b490, 3169;
v0x63a28dc9b490_3170 .array/port v0x63a28dc9b490, 3170;
E_0x63a28dcbf3d0/792 .event anyedge, v0x63a28dc9b490_3167, v0x63a28dc9b490_3168, v0x63a28dc9b490_3169, v0x63a28dc9b490_3170;
v0x63a28dc9b490_3171 .array/port v0x63a28dc9b490, 3171;
v0x63a28dc9b490_3172 .array/port v0x63a28dc9b490, 3172;
v0x63a28dc9b490_3173 .array/port v0x63a28dc9b490, 3173;
v0x63a28dc9b490_3174 .array/port v0x63a28dc9b490, 3174;
E_0x63a28dcbf3d0/793 .event anyedge, v0x63a28dc9b490_3171, v0x63a28dc9b490_3172, v0x63a28dc9b490_3173, v0x63a28dc9b490_3174;
v0x63a28dc9b490_3175 .array/port v0x63a28dc9b490, 3175;
v0x63a28dc9b490_3176 .array/port v0x63a28dc9b490, 3176;
v0x63a28dc9b490_3177 .array/port v0x63a28dc9b490, 3177;
v0x63a28dc9b490_3178 .array/port v0x63a28dc9b490, 3178;
E_0x63a28dcbf3d0/794 .event anyedge, v0x63a28dc9b490_3175, v0x63a28dc9b490_3176, v0x63a28dc9b490_3177, v0x63a28dc9b490_3178;
v0x63a28dc9b490_3179 .array/port v0x63a28dc9b490, 3179;
v0x63a28dc9b490_3180 .array/port v0x63a28dc9b490, 3180;
v0x63a28dc9b490_3181 .array/port v0x63a28dc9b490, 3181;
v0x63a28dc9b490_3182 .array/port v0x63a28dc9b490, 3182;
E_0x63a28dcbf3d0/795 .event anyedge, v0x63a28dc9b490_3179, v0x63a28dc9b490_3180, v0x63a28dc9b490_3181, v0x63a28dc9b490_3182;
v0x63a28dc9b490_3183 .array/port v0x63a28dc9b490, 3183;
v0x63a28dc9b490_3184 .array/port v0x63a28dc9b490, 3184;
v0x63a28dc9b490_3185 .array/port v0x63a28dc9b490, 3185;
v0x63a28dc9b490_3186 .array/port v0x63a28dc9b490, 3186;
E_0x63a28dcbf3d0/796 .event anyedge, v0x63a28dc9b490_3183, v0x63a28dc9b490_3184, v0x63a28dc9b490_3185, v0x63a28dc9b490_3186;
v0x63a28dc9b490_3187 .array/port v0x63a28dc9b490, 3187;
v0x63a28dc9b490_3188 .array/port v0x63a28dc9b490, 3188;
v0x63a28dc9b490_3189 .array/port v0x63a28dc9b490, 3189;
v0x63a28dc9b490_3190 .array/port v0x63a28dc9b490, 3190;
E_0x63a28dcbf3d0/797 .event anyedge, v0x63a28dc9b490_3187, v0x63a28dc9b490_3188, v0x63a28dc9b490_3189, v0x63a28dc9b490_3190;
v0x63a28dc9b490_3191 .array/port v0x63a28dc9b490, 3191;
v0x63a28dc9b490_3192 .array/port v0x63a28dc9b490, 3192;
v0x63a28dc9b490_3193 .array/port v0x63a28dc9b490, 3193;
v0x63a28dc9b490_3194 .array/port v0x63a28dc9b490, 3194;
E_0x63a28dcbf3d0/798 .event anyedge, v0x63a28dc9b490_3191, v0x63a28dc9b490_3192, v0x63a28dc9b490_3193, v0x63a28dc9b490_3194;
v0x63a28dc9b490_3195 .array/port v0x63a28dc9b490, 3195;
v0x63a28dc9b490_3196 .array/port v0x63a28dc9b490, 3196;
v0x63a28dc9b490_3197 .array/port v0x63a28dc9b490, 3197;
v0x63a28dc9b490_3198 .array/port v0x63a28dc9b490, 3198;
E_0x63a28dcbf3d0/799 .event anyedge, v0x63a28dc9b490_3195, v0x63a28dc9b490_3196, v0x63a28dc9b490_3197, v0x63a28dc9b490_3198;
v0x63a28dc9b490_3199 .array/port v0x63a28dc9b490, 3199;
v0x63a28dc9b490_3200 .array/port v0x63a28dc9b490, 3200;
v0x63a28dc9b490_3201 .array/port v0x63a28dc9b490, 3201;
v0x63a28dc9b490_3202 .array/port v0x63a28dc9b490, 3202;
E_0x63a28dcbf3d0/800 .event anyedge, v0x63a28dc9b490_3199, v0x63a28dc9b490_3200, v0x63a28dc9b490_3201, v0x63a28dc9b490_3202;
v0x63a28dc9b490_3203 .array/port v0x63a28dc9b490, 3203;
v0x63a28dc9b490_3204 .array/port v0x63a28dc9b490, 3204;
v0x63a28dc9b490_3205 .array/port v0x63a28dc9b490, 3205;
v0x63a28dc9b490_3206 .array/port v0x63a28dc9b490, 3206;
E_0x63a28dcbf3d0/801 .event anyedge, v0x63a28dc9b490_3203, v0x63a28dc9b490_3204, v0x63a28dc9b490_3205, v0x63a28dc9b490_3206;
v0x63a28dc9b490_3207 .array/port v0x63a28dc9b490, 3207;
v0x63a28dc9b490_3208 .array/port v0x63a28dc9b490, 3208;
v0x63a28dc9b490_3209 .array/port v0x63a28dc9b490, 3209;
v0x63a28dc9b490_3210 .array/port v0x63a28dc9b490, 3210;
E_0x63a28dcbf3d0/802 .event anyedge, v0x63a28dc9b490_3207, v0x63a28dc9b490_3208, v0x63a28dc9b490_3209, v0x63a28dc9b490_3210;
v0x63a28dc9b490_3211 .array/port v0x63a28dc9b490, 3211;
v0x63a28dc9b490_3212 .array/port v0x63a28dc9b490, 3212;
v0x63a28dc9b490_3213 .array/port v0x63a28dc9b490, 3213;
v0x63a28dc9b490_3214 .array/port v0x63a28dc9b490, 3214;
E_0x63a28dcbf3d0/803 .event anyedge, v0x63a28dc9b490_3211, v0x63a28dc9b490_3212, v0x63a28dc9b490_3213, v0x63a28dc9b490_3214;
v0x63a28dc9b490_3215 .array/port v0x63a28dc9b490, 3215;
v0x63a28dc9b490_3216 .array/port v0x63a28dc9b490, 3216;
v0x63a28dc9b490_3217 .array/port v0x63a28dc9b490, 3217;
v0x63a28dc9b490_3218 .array/port v0x63a28dc9b490, 3218;
E_0x63a28dcbf3d0/804 .event anyedge, v0x63a28dc9b490_3215, v0x63a28dc9b490_3216, v0x63a28dc9b490_3217, v0x63a28dc9b490_3218;
v0x63a28dc9b490_3219 .array/port v0x63a28dc9b490, 3219;
v0x63a28dc9b490_3220 .array/port v0x63a28dc9b490, 3220;
v0x63a28dc9b490_3221 .array/port v0x63a28dc9b490, 3221;
v0x63a28dc9b490_3222 .array/port v0x63a28dc9b490, 3222;
E_0x63a28dcbf3d0/805 .event anyedge, v0x63a28dc9b490_3219, v0x63a28dc9b490_3220, v0x63a28dc9b490_3221, v0x63a28dc9b490_3222;
v0x63a28dc9b490_3223 .array/port v0x63a28dc9b490, 3223;
v0x63a28dc9b490_3224 .array/port v0x63a28dc9b490, 3224;
v0x63a28dc9b490_3225 .array/port v0x63a28dc9b490, 3225;
v0x63a28dc9b490_3226 .array/port v0x63a28dc9b490, 3226;
E_0x63a28dcbf3d0/806 .event anyedge, v0x63a28dc9b490_3223, v0x63a28dc9b490_3224, v0x63a28dc9b490_3225, v0x63a28dc9b490_3226;
v0x63a28dc9b490_3227 .array/port v0x63a28dc9b490, 3227;
v0x63a28dc9b490_3228 .array/port v0x63a28dc9b490, 3228;
v0x63a28dc9b490_3229 .array/port v0x63a28dc9b490, 3229;
v0x63a28dc9b490_3230 .array/port v0x63a28dc9b490, 3230;
E_0x63a28dcbf3d0/807 .event anyedge, v0x63a28dc9b490_3227, v0x63a28dc9b490_3228, v0x63a28dc9b490_3229, v0x63a28dc9b490_3230;
v0x63a28dc9b490_3231 .array/port v0x63a28dc9b490, 3231;
v0x63a28dc9b490_3232 .array/port v0x63a28dc9b490, 3232;
v0x63a28dc9b490_3233 .array/port v0x63a28dc9b490, 3233;
v0x63a28dc9b490_3234 .array/port v0x63a28dc9b490, 3234;
E_0x63a28dcbf3d0/808 .event anyedge, v0x63a28dc9b490_3231, v0x63a28dc9b490_3232, v0x63a28dc9b490_3233, v0x63a28dc9b490_3234;
v0x63a28dc9b490_3235 .array/port v0x63a28dc9b490, 3235;
v0x63a28dc9b490_3236 .array/port v0x63a28dc9b490, 3236;
v0x63a28dc9b490_3237 .array/port v0x63a28dc9b490, 3237;
v0x63a28dc9b490_3238 .array/port v0x63a28dc9b490, 3238;
E_0x63a28dcbf3d0/809 .event anyedge, v0x63a28dc9b490_3235, v0x63a28dc9b490_3236, v0x63a28dc9b490_3237, v0x63a28dc9b490_3238;
v0x63a28dc9b490_3239 .array/port v0x63a28dc9b490, 3239;
v0x63a28dc9b490_3240 .array/port v0x63a28dc9b490, 3240;
v0x63a28dc9b490_3241 .array/port v0x63a28dc9b490, 3241;
v0x63a28dc9b490_3242 .array/port v0x63a28dc9b490, 3242;
E_0x63a28dcbf3d0/810 .event anyedge, v0x63a28dc9b490_3239, v0x63a28dc9b490_3240, v0x63a28dc9b490_3241, v0x63a28dc9b490_3242;
v0x63a28dc9b490_3243 .array/port v0x63a28dc9b490, 3243;
v0x63a28dc9b490_3244 .array/port v0x63a28dc9b490, 3244;
v0x63a28dc9b490_3245 .array/port v0x63a28dc9b490, 3245;
v0x63a28dc9b490_3246 .array/port v0x63a28dc9b490, 3246;
E_0x63a28dcbf3d0/811 .event anyedge, v0x63a28dc9b490_3243, v0x63a28dc9b490_3244, v0x63a28dc9b490_3245, v0x63a28dc9b490_3246;
v0x63a28dc9b490_3247 .array/port v0x63a28dc9b490, 3247;
v0x63a28dc9b490_3248 .array/port v0x63a28dc9b490, 3248;
v0x63a28dc9b490_3249 .array/port v0x63a28dc9b490, 3249;
v0x63a28dc9b490_3250 .array/port v0x63a28dc9b490, 3250;
E_0x63a28dcbf3d0/812 .event anyedge, v0x63a28dc9b490_3247, v0x63a28dc9b490_3248, v0x63a28dc9b490_3249, v0x63a28dc9b490_3250;
v0x63a28dc9b490_3251 .array/port v0x63a28dc9b490, 3251;
v0x63a28dc9b490_3252 .array/port v0x63a28dc9b490, 3252;
v0x63a28dc9b490_3253 .array/port v0x63a28dc9b490, 3253;
v0x63a28dc9b490_3254 .array/port v0x63a28dc9b490, 3254;
E_0x63a28dcbf3d0/813 .event anyedge, v0x63a28dc9b490_3251, v0x63a28dc9b490_3252, v0x63a28dc9b490_3253, v0x63a28dc9b490_3254;
v0x63a28dc9b490_3255 .array/port v0x63a28dc9b490, 3255;
v0x63a28dc9b490_3256 .array/port v0x63a28dc9b490, 3256;
v0x63a28dc9b490_3257 .array/port v0x63a28dc9b490, 3257;
v0x63a28dc9b490_3258 .array/port v0x63a28dc9b490, 3258;
E_0x63a28dcbf3d0/814 .event anyedge, v0x63a28dc9b490_3255, v0x63a28dc9b490_3256, v0x63a28dc9b490_3257, v0x63a28dc9b490_3258;
v0x63a28dc9b490_3259 .array/port v0x63a28dc9b490, 3259;
v0x63a28dc9b490_3260 .array/port v0x63a28dc9b490, 3260;
v0x63a28dc9b490_3261 .array/port v0x63a28dc9b490, 3261;
v0x63a28dc9b490_3262 .array/port v0x63a28dc9b490, 3262;
E_0x63a28dcbf3d0/815 .event anyedge, v0x63a28dc9b490_3259, v0x63a28dc9b490_3260, v0x63a28dc9b490_3261, v0x63a28dc9b490_3262;
v0x63a28dc9b490_3263 .array/port v0x63a28dc9b490, 3263;
v0x63a28dc9b490_3264 .array/port v0x63a28dc9b490, 3264;
v0x63a28dc9b490_3265 .array/port v0x63a28dc9b490, 3265;
v0x63a28dc9b490_3266 .array/port v0x63a28dc9b490, 3266;
E_0x63a28dcbf3d0/816 .event anyedge, v0x63a28dc9b490_3263, v0x63a28dc9b490_3264, v0x63a28dc9b490_3265, v0x63a28dc9b490_3266;
v0x63a28dc9b490_3267 .array/port v0x63a28dc9b490, 3267;
v0x63a28dc9b490_3268 .array/port v0x63a28dc9b490, 3268;
v0x63a28dc9b490_3269 .array/port v0x63a28dc9b490, 3269;
v0x63a28dc9b490_3270 .array/port v0x63a28dc9b490, 3270;
E_0x63a28dcbf3d0/817 .event anyedge, v0x63a28dc9b490_3267, v0x63a28dc9b490_3268, v0x63a28dc9b490_3269, v0x63a28dc9b490_3270;
v0x63a28dc9b490_3271 .array/port v0x63a28dc9b490, 3271;
v0x63a28dc9b490_3272 .array/port v0x63a28dc9b490, 3272;
v0x63a28dc9b490_3273 .array/port v0x63a28dc9b490, 3273;
v0x63a28dc9b490_3274 .array/port v0x63a28dc9b490, 3274;
E_0x63a28dcbf3d0/818 .event anyedge, v0x63a28dc9b490_3271, v0x63a28dc9b490_3272, v0x63a28dc9b490_3273, v0x63a28dc9b490_3274;
v0x63a28dc9b490_3275 .array/port v0x63a28dc9b490, 3275;
v0x63a28dc9b490_3276 .array/port v0x63a28dc9b490, 3276;
v0x63a28dc9b490_3277 .array/port v0x63a28dc9b490, 3277;
v0x63a28dc9b490_3278 .array/port v0x63a28dc9b490, 3278;
E_0x63a28dcbf3d0/819 .event anyedge, v0x63a28dc9b490_3275, v0x63a28dc9b490_3276, v0x63a28dc9b490_3277, v0x63a28dc9b490_3278;
v0x63a28dc9b490_3279 .array/port v0x63a28dc9b490, 3279;
v0x63a28dc9b490_3280 .array/port v0x63a28dc9b490, 3280;
v0x63a28dc9b490_3281 .array/port v0x63a28dc9b490, 3281;
v0x63a28dc9b490_3282 .array/port v0x63a28dc9b490, 3282;
E_0x63a28dcbf3d0/820 .event anyedge, v0x63a28dc9b490_3279, v0x63a28dc9b490_3280, v0x63a28dc9b490_3281, v0x63a28dc9b490_3282;
v0x63a28dc9b490_3283 .array/port v0x63a28dc9b490, 3283;
v0x63a28dc9b490_3284 .array/port v0x63a28dc9b490, 3284;
v0x63a28dc9b490_3285 .array/port v0x63a28dc9b490, 3285;
v0x63a28dc9b490_3286 .array/port v0x63a28dc9b490, 3286;
E_0x63a28dcbf3d0/821 .event anyedge, v0x63a28dc9b490_3283, v0x63a28dc9b490_3284, v0x63a28dc9b490_3285, v0x63a28dc9b490_3286;
v0x63a28dc9b490_3287 .array/port v0x63a28dc9b490, 3287;
v0x63a28dc9b490_3288 .array/port v0x63a28dc9b490, 3288;
v0x63a28dc9b490_3289 .array/port v0x63a28dc9b490, 3289;
v0x63a28dc9b490_3290 .array/port v0x63a28dc9b490, 3290;
E_0x63a28dcbf3d0/822 .event anyedge, v0x63a28dc9b490_3287, v0x63a28dc9b490_3288, v0x63a28dc9b490_3289, v0x63a28dc9b490_3290;
v0x63a28dc9b490_3291 .array/port v0x63a28dc9b490, 3291;
v0x63a28dc9b490_3292 .array/port v0x63a28dc9b490, 3292;
v0x63a28dc9b490_3293 .array/port v0x63a28dc9b490, 3293;
v0x63a28dc9b490_3294 .array/port v0x63a28dc9b490, 3294;
E_0x63a28dcbf3d0/823 .event anyedge, v0x63a28dc9b490_3291, v0x63a28dc9b490_3292, v0x63a28dc9b490_3293, v0x63a28dc9b490_3294;
v0x63a28dc9b490_3295 .array/port v0x63a28dc9b490, 3295;
v0x63a28dc9b490_3296 .array/port v0x63a28dc9b490, 3296;
v0x63a28dc9b490_3297 .array/port v0x63a28dc9b490, 3297;
v0x63a28dc9b490_3298 .array/port v0x63a28dc9b490, 3298;
E_0x63a28dcbf3d0/824 .event anyedge, v0x63a28dc9b490_3295, v0x63a28dc9b490_3296, v0x63a28dc9b490_3297, v0x63a28dc9b490_3298;
v0x63a28dc9b490_3299 .array/port v0x63a28dc9b490, 3299;
v0x63a28dc9b490_3300 .array/port v0x63a28dc9b490, 3300;
v0x63a28dc9b490_3301 .array/port v0x63a28dc9b490, 3301;
v0x63a28dc9b490_3302 .array/port v0x63a28dc9b490, 3302;
E_0x63a28dcbf3d0/825 .event anyedge, v0x63a28dc9b490_3299, v0x63a28dc9b490_3300, v0x63a28dc9b490_3301, v0x63a28dc9b490_3302;
v0x63a28dc9b490_3303 .array/port v0x63a28dc9b490, 3303;
v0x63a28dc9b490_3304 .array/port v0x63a28dc9b490, 3304;
v0x63a28dc9b490_3305 .array/port v0x63a28dc9b490, 3305;
v0x63a28dc9b490_3306 .array/port v0x63a28dc9b490, 3306;
E_0x63a28dcbf3d0/826 .event anyedge, v0x63a28dc9b490_3303, v0x63a28dc9b490_3304, v0x63a28dc9b490_3305, v0x63a28dc9b490_3306;
v0x63a28dc9b490_3307 .array/port v0x63a28dc9b490, 3307;
v0x63a28dc9b490_3308 .array/port v0x63a28dc9b490, 3308;
v0x63a28dc9b490_3309 .array/port v0x63a28dc9b490, 3309;
v0x63a28dc9b490_3310 .array/port v0x63a28dc9b490, 3310;
E_0x63a28dcbf3d0/827 .event anyedge, v0x63a28dc9b490_3307, v0x63a28dc9b490_3308, v0x63a28dc9b490_3309, v0x63a28dc9b490_3310;
v0x63a28dc9b490_3311 .array/port v0x63a28dc9b490, 3311;
v0x63a28dc9b490_3312 .array/port v0x63a28dc9b490, 3312;
v0x63a28dc9b490_3313 .array/port v0x63a28dc9b490, 3313;
v0x63a28dc9b490_3314 .array/port v0x63a28dc9b490, 3314;
E_0x63a28dcbf3d0/828 .event anyedge, v0x63a28dc9b490_3311, v0x63a28dc9b490_3312, v0x63a28dc9b490_3313, v0x63a28dc9b490_3314;
v0x63a28dc9b490_3315 .array/port v0x63a28dc9b490, 3315;
v0x63a28dc9b490_3316 .array/port v0x63a28dc9b490, 3316;
v0x63a28dc9b490_3317 .array/port v0x63a28dc9b490, 3317;
v0x63a28dc9b490_3318 .array/port v0x63a28dc9b490, 3318;
E_0x63a28dcbf3d0/829 .event anyedge, v0x63a28dc9b490_3315, v0x63a28dc9b490_3316, v0x63a28dc9b490_3317, v0x63a28dc9b490_3318;
v0x63a28dc9b490_3319 .array/port v0x63a28dc9b490, 3319;
v0x63a28dc9b490_3320 .array/port v0x63a28dc9b490, 3320;
v0x63a28dc9b490_3321 .array/port v0x63a28dc9b490, 3321;
v0x63a28dc9b490_3322 .array/port v0x63a28dc9b490, 3322;
E_0x63a28dcbf3d0/830 .event anyedge, v0x63a28dc9b490_3319, v0x63a28dc9b490_3320, v0x63a28dc9b490_3321, v0x63a28dc9b490_3322;
v0x63a28dc9b490_3323 .array/port v0x63a28dc9b490, 3323;
v0x63a28dc9b490_3324 .array/port v0x63a28dc9b490, 3324;
v0x63a28dc9b490_3325 .array/port v0x63a28dc9b490, 3325;
v0x63a28dc9b490_3326 .array/port v0x63a28dc9b490, 3326;
E_0x63a28dcbf3d0/831 .event anyedge, v0x63a28dc9b490_3323, v0x63a28dc9b490_3324, v0x63a28dc9b490_3325, v0x63a28dc9b490_3326;
v0x63a28dc9b490_3327 .array/port v0x63a28dc9b490, 3327;
v0x63a28dc9b490_3328 .array/port v0x63a28dc9b490, 3328;
v0x63a28dc9b490_3329 .array/port v0x63a28dc9b490, 3329;
v0x63a28dc9b490_3330 .array/port v0x63a28dc9b490, 3330;
E_0x63a28dcbf3d0/832 .event anyedge, v0x63a28dc9b490_3327, v0x63a28dc9b490_3328, v0x63a28dc9b490_3329, v0x63a28dc9b490_3330;
v0x63a28dc9b490_3331 .array/port v0x63a28dc9b490, 3331;
v0x63a28dc9b490_3332 .array/port v0x63a28dc9b490, 3332;
v0x63a28dc9b490_3333 .array/port v0x63a28dc9b490, 3333;
v0x63a28dc9b490_3334 .array/port v0x63a28dc9b490, 3334;
E_0x63a28dcbf3d0/833 .event anyedge, v0x63a28dc9b490_3331, v0x63a28dc9b490_3332, v0x63a28dc9b490_3333, v0x63a28dc9b490_3334;
v0x63a28dc9b490_3335 .array/port v0x63a28dc9b490, 3335;
v0x63a28dc9b490_3336 .array/port v0x63a28dc9b490, 3336;
v0x63a28dc9b490_3337 .array/port v0x63a28dc9b490, 3337;
v0x63a28dc9b490_3338 .array/port v0x63a28dc9b490, 3338;
E_0x63a28dcbf3d0/834 .event anyedge, v0x63a28dc9b490_3335, v0x63a28dc9b490_3336, v0x63a28dc9b490_3337, v0x63a28dc9b490_3338;
v0x63a28dc9b490_3339 .array/port v0x63a28dc9b490, 3339;
v0x63a28dc9b490_3340 .array/port v0x63a28dc9b490, 3340;
v0x63a28dc9b490_3341 .array/port v0x63a28dc9b490, 3341;
v0x63a28dc9b490_3342 .array/port v0x63a28dc9b490, 3342;
E_0x63a28dcbf3d0/835 .event anyedge, v0x63a28dc9b490_3339, v0x63a28dc9b490_3340, v0x63a28dc9b490_3341, v0x63a28dc9b490_3342;
v0x63a28dc9b490_3343 .array/port v0x63a28dc9b490, 3343;
v0x63a28dc9b490_3344 .array/port v0x63a28dc9b490, 3344;
v0x63a28dc9b490_3345 .array/port v0x63a28dc9b490, 3345;
v0x63a28dc9b490_3346 .array/port v0x63a28dc9b490, 3346;
E_0x63a28dcbf3d0/836 .event anyedge, v0x63a28dc9b490_3343, v0x63a28dc9b490_3344, v0x63a28dc9b490_3345, v0x63a28dc9b490_3346;
v0x63a28dc9b490_3347 .array/port v0x63a28dc9b490, 3347;
v0x63a28dc9b490_3348 .array/port v0x63a28dc9b490, 3348;
v0x63a28dc9b490_3349 .array/port v0x63a28dc9b490, 3349;
v0x63a28dc9b490_3350 .array/port v0x63a28dc9b490, 3350;
E_0x63a28dcbf3d0/837 .event anyedge, v0x63a28dc9b490_3347, v0x63a28dc9b490_3348, v0x63a28dc9b490_3349, v0x63a28dc9b490_3350;
v0x63a28dc9b490_3351 .array/port v0x63a28dc9b490, 3351;
v0x63a28dc9b490_3352 .array/port v0x63a28dc9b490, 3352;
v0x63a28dc9b490_3353 .array/port v0x63a28dc9b490, 3353;
v0x63a28dc9b490_3354 .array/port v0x63a28dc9b490, 3354;
E_0x63a28dcbf3d0/838 .event anyedge, v0x63a28dc9b490_3351, v0x63a28dc9b490_3352, v0x63a28dc9b490_3353, v0x63a28dc9b490_3354;
v0x63a28dc9b490_3355 .array/port v0x63a28dc9b490, 3355;
v0x63a28dc9b490_3356 .array/port v0x63a28dc9b490, 3356;
v0x63a28dc9b490_3357 .array/port v0x63a28dc9b490, 3357;
v0x63a28dc9b490_3358 .array/port v0x63a28dc9b490, 3358;
E_0x63a28dcbf3d0/839 .event anyedge, v0x63a28dc9b490_3355, v0x63a28dc9b490_3356, v0x63a28dc9b490_3357, v0x63a28dc9b490_3358;
v0x63a28dc9b490_3359 .array/port v0x63a28dc9b490, 3359;
v0x63a28dc9b490_3360 .array/port v0x63a28dc9b490, 3360;
v0x63a28dc9b490_3361 .array/port v0x63a28dc9b490, 3361;
v0x63a28dc9b490_3362 .array/port v0x63a28dc9b490, 3362;
E_0x63a28dcbf3d0/840 .event anyedge, v0x63a28dc9b490_3359, v0x63a28dc9b490_3360, v0x63a28dc9b490_3361, v0x63a28dc9b490_3362;
v0x63a28dc9b490_3363 .array/port v0x63a28dc9b490, 3363;
v0x63a28dc9b490_3364 .array/port v0x63a28dc9b490, 3364;
v0x63a28dc9b490_3365 .array/port v0x63a28dc9b490, 3365;
v0x63a28dc9b490_3366 .array/port v0x63a28dc9b490, 3366;
E_0x63a28dcbf3d0/841 .event anyedge, v0x63a28dc9b490_3363, v0x63a28dc9b490_3364, v0x63a28dc9b490_3365, v0x63a28dc9b490_3366;
v0x63a28dc9b490_3367 .array/port v0x63a28dc9b490, 3367;
v0x63a28dc9b490_3368 .array/port v0x63a28dc9b490, 3368;
v0x63a28dc9b490_3369 .array/port v0x63a28dc9b490, 3369;
v0x63a28dc9b490_3370 .array/port v0x63a28dc9b490, 3370;
E_0x63a28dcbf3d0/842 .event anyedge, v0x63a28dc9b490_3367, v0x63a28dc9b490_3368, v0x63a28dc9b490_3369, v0x63a28dc9b490_3370;
v0x63a28dc9b490_3371 .array/port v0x63a28dc9b490, 3371;
v0x63a28dc9b490_3372 .array/port v0x63a28dc9b490, 3372;
v0x63a28dc9b490_3373 .array/port v0x63a28dc9b490, 3373;
v0x63a28dc9b490_3374 .array/port v0x63a28dc9b490, 3374;
E_0x63a28dcbf3d0/843 .event anyedge, v0x63a28dc9b490_3371, v0x63a28dc9b490_3372, v0x63a28dc9b490_3373, v0x63a28dc9b490_3374;
v0x63a28dc9b490_3375 .array/port v0x63a28dc9b490, 3375;
v0x63a28dc9b490_3376 .array/port v0x63a28dc9b490, 3376;
v0x63a28dc9b490_3377 .array/port v0x63a28dc9b490, 3377;
v0x63a28dc9b490_3378 .array/port v0x63a28dc9b490, 3378;
E_0x63a28dcbf3d0/844 .event anyedge, v0x63a28dc9b490_3375, v0x63a28dc9b490_3376, v0x63a28dc9b490_3377, v0x63a28dc9b490_3378;
v0x63a28dc9b490_3379 .array/port v0x63a28dc9b490, 3379;
v0x63a28dc9b490_3380 .array/port v0x63a28dc9b490, 3380;
v0x63a28dc9b490_3381 .array/port v0x63a28dc9b490, 3381;
v0x63a28dc9b490_3382 .array/port v0x63a28dc9b490, 3382;
E_0x63a28dcbf3d0/845 .event anyedge, v0x63a28dc9b490_3379, v0x63a28dc9b490_3380, v0x63a28dc9b490_3381, v0x63a28dc9b490_3382;
v0x63a28dc9b490_3383 .array/port v0x63a28dc9b490, 3383;
v0x63a28dc9b490_3384 .array/port v0x63a28dc9b490, 3384;
v0x63a28dc9b490_3385 .array/port v0x63a28dc9b490, 3385;
v0x63a28dc9b490_3386 .array/port v0x63a28dc9b490, 3386;
E_0x63a28dcbf3d0/846 .event anyedge, v0x63a28dc9b490_3383, v0x63a28dc9b490_3384, v0x63a28dc9b490_3385, v0x63a28dc9b490_3386;
v0x63a28dc9b490_3387 .array/port v0x63a28dc9b490, 3387;
v0x63a28dc9b490_3388 .array/port v0x63a28dc9b490, 3388;
v0x63a28dc9b490_3389 .array/port v0x63a28dc9b490, 3389;
v0x63a28dc9b490_3390 .array/port v0x63a28dc9b490, 3390;
E_0x63a28dcbf3d0/847 .event anyedge, v0x63a28dc9b490_3387, v0x63a28dc9b490_3388, v0x63a28dc9b490_3389, v0x63a28dc9b490_3390;
v0x63a28dc9b490_3391 .array/port v0x63a28dc9b490, 3391;
v0x63a28dc9b490_3392 .array/port v0x63a28dc9b490, 3392;
v0x63a28dc9b490_3393 .array/port v0x63a28dc9b490, 3393;
v0x63a28dc9b490_3394 .array/port v0x63a28dc9b490, 3394;
E_0x63a28dcbf3d0/848 .event anyedge, v0x63a28dc9b490_3391, v0x63a28dc9b490_3392, v0x63a28dc9b490_3393, v0x63a28dc9b490_3394;
v0x63a28dc9b490_3395 .array/port v0x63a28dc9b490, 3395;
v0x63a28dc9b490_3396 .array/port v0x63a28dc9b490, 3396;
v0x63a28dc9b490_3397 .array/port v0x63a28dc9b490, 3397;
v0x63a28dc9b490_3398 .array/port v0x63a28dc9b490, 3398;
E_0x63a28dcbf3d0/849 .event anyedge, v0x63a28dc9b490_3395, v0x63a28dc9b490_3396, v0x63a28dc9b490_3397, v0x63a28dc9b490_3398;
v0x63a28dc9b490_3399 .array/port v0x63a28dc9b490, 3399;
v0x63a28dc9b490_3400 .array/port v0x63a28dc9b490, 3400;
v0x63a28dc9b490_3401 .array/port v0x63a28dc9b490, 3401;
v0x63a28dc9b490_3402 .array/port v0x63a28dc9b490, 3402;
E_0x63a28dcbf3d0/850 .event anyedge, v0x63a28dc9b490_3399, v0x63a28dc9b490_3400, v0x63a28dc9b490_3401, v0x63a28dc9b490_3402;
v0x63a28dc9b490_3403 .array/port v0x63a28dc9b490, 3403;
v0x63a28dc9b490_3404 .array/port v0x63a28dc9b490, 3404;
v0x63a28dc9b490_3405 .array/port v0x63a28dc9b490, 3405;
v0x63a28dc9b490_3406 .array/port v0x63a28dc9b490, 3406;
E_0x63a28dcbf3d0/851 .event anyedge, v0x63a28dc9b490_3403, v0x63a28dc9b490_3404, v0x63a28dc9b490_3405, v0x63a28dc9b490_3406;
v0x63a28dc9b490_3407 .array/port v0x63a28dc9b490, 3407;
v0x63a28dc9b490_3408 .array/port v0x63a28dc9b490, 3408;
v0x63a28dc9b490_3409 .array/port v0x63a28dc9b490, 3409;
v0x63a28dc9b490_3410 .array/port v0x63a28dc9b490, 3410;
E_0x63a28dcbf3d0/852 .event anyedge, v0x63a28dc9b490_3407, v0x63a28dc9b490_3408, v0x63a28dc9b490_3409, v0x63a28dc9b490_3410;
v0x63a28dc9b490_3411 .array/port v0x63a28dc9b490, 3411;
v0x63a28dc9b490_3412 .array/port v0x63a28dc9b490, 3412;
v0x63a28dc9b490_3413 .array/port v0x63a28dc9b490, 3413;
v0x63a28dc9b490_3414 .array/port v0x63a28dc9b490, 3414;
E_0x63a28dcbf3d0/853 .event anyedge, v0x63a28dc9b490_3411, v0x63a28dc9b490_3412, v0x63a28dc9b490_3413, v0x63a28dc9b490_3414;
v0x63a28dc9b490_3415 .array/port v0x63a28dc9b490, 3415;
v0x63a28dc9b490_3416 .array/port v0x63a28dc9b490, 3416;
v0x63a28dc9b490_3417 .array/port v0x63a28dc9b490, 3417;
v0x63a28dc9b490_3418 .array/port v0x63a28dc9b490, 3418;
E_0x63a28dcbf3d0/854 .event anyedge, v0x63a28dc9b490_3415, v0x63a28dc9b490_3416, v0x63a28dc9b490_3417, v0x63a28dc9b490_3418;
v0x63a28dc9b490_3419 .array/port v0x63a28dc9b490, 3419;
v0x63a28dc9b490_3420 .array/port v0x63a28dc9b490, 3420;
v0x63a28dc9b490_3421 .array/port v0x63a28dc9b490, 3421;
v0x63a28dc9b490_3422 .array/port v0x63a28dc9b490, 3422;
E_0x63a28dcbf3d0/855 .event anyedge, v0x63a28dc9b490_3419, v0x63a28dc9b490_3420, v0x63a28dc9b490_3421, v0x63a28dc9b490_3422;
v0x63a28dc9b490_3423 .array/port v0x63a28dc9b490, 3423;
v0x63a28dc9b490_3424 .array/port v0x63a28dc9b490, 3424;
v0x63a28dc9b490_3425 .array/port v0x63a28dc9b490, 3425;
v0x63a28dc9b490_3426 .array/port v0x63a28dc9b490, 3426;
E_0x63a28dcbf3d0/856 .event anyedge, v0x63a28dc9b490_3423, v0x63a28dc9b490_3424, v0x63a28dc9b490_3425, v0x63a28dc9b490_3426;
v0x63a28dc9b490_3427 .array/port v0x63a28dc9b490, 3427;
v0x63a28dc9b490_3428 .array/port v0x63a28dc9b490, 3428;
v0x63a28dc9b490_3429 .array/port v0x63a28dc9b490, 3429;
v0x63a28dc9b490_3430 .array/port v0x63a28dc9b490, 3430;
E_0x63a28dcbf3d0/857 .event anyedge, v0x63a28dc9b490_3427, v0x63a28dc9b490_3428, v0x63a28dc9b490_3429, v0x63a28dc9b490_3430;
v0x63a28dc9b490_3431 .array/port v0x63a28dc9b490, 3431;
v0x63a28dc9b490_3432 .array/port v0x63a28dc9b490, 3432;
v0x63a28dc9b490_3433 .array/port v0x63a28dc9b490, 3433;
v0x63a28dc9b490_3434 .array/port v0x63a28dc9b490, 3434;
E_0x63a28dcbf3d0/858 .event anyedge, v0x63a28dc9b490_3431, v0x63a28dc9b490_3432, v0x63a28dc9b490_3433, v0x63a28dc9b490_3434;
v0x63a28dc9b490_3435 .array/port v0x63a28dc9b490, 3435;
v0x63a28dc9b490_3436 .array/port v0x63a28dc9b490, 3436;
v0x63a28dc9b490_3437 .array/port v0x63a28dc9b490, 3437;
v0x63a28dc9b490_3438 .array/port v0x63a28dc9b490, 3438;
E_0x63a28dcbf3d0/859 .event anyedge, v0x63a28dc9b490_3435, v0x63a28dc9b490_3436, v0x63a28dc9b490_3437, v0x63a28dc9b490_3438;
v0x63a28dc9b490_3439 .array/port v0x63a28dc9b490, 3439;
v0x63a28dc9b490_3440 .array/port v0x63a28dc9b490, 3440;
v0x63a28dc9b490_3441 .array/port v0x63a28dc9b490, 3441;
v0x63a28dc9b490_3442 .array/port v0x63a28dc9b490, 3442;
E_0x63a28dcbf3d0/860 .event anyedge, v0x63a28dc9b490_3439, v0x63a28dc9b490_3440, v0x63a28dc9b490_3441, v0x63a28dc9b490_3442;
v0x63a28dc9b490_3443 .array/port v0x63a28dc9b490, 3443;
v0x63a28dc9b490_3444 .array/port v0x63a28dc9b490, 3444;
v0x63a28dc9b490_3445 .array/port v0x63a28dc9b490, 3445;
v0x63a28dc9b490_3446 .array/port v0x63a28dc9b490, 3446;
E_0x63a28dcbf3d0/861 .event anyedge, v0x63a28dc9b490_3443, v0x63a28dc9b490_3444, v0x63a28dc9b490_3445, v0x63a28dc9b490_3446;
v0x63a28dc9b490_3447 .array/port v0x63a28dc9b490, 3447;
v0x63a28dc9b490_3448 .array/port v0x63a28dc9b490, 3448;
v0x63a28dc9b490_3449 .array/port v0x63a28dc9b490, 3449;
v0x63a28dc9b490_3450 .array/port v0x63a28dc9b490, 3450;
E_0x63a28dcbf3d0/862 .event anyedge, v0x63a28dc9b490_3447, v0x63a28dc9b490_3448, v0x63a28dc9b490_3449, v0x63a28dc9b490_3450;
v0x63a28dc9b490_3451 .array/port v0x63a28dc9b490, 3451;
v0x63a28dc9b490_3452 .array/port v0x63a28dc9b490, 3452;
v0x63a28dc9b490_3453 .array/port v0x63a28dc9b490, 3453;
v0x63a28dc9b490_3454 .array/port v0x63a28dc9b490, 3454;
E_0x63a28dcbf3d0/863 .event anyedge, v0x63a28dc9b490_3451, v0x63a28dc9b490_3452, v0x63a28dc9b490_3453, v0x63a28dc9b490_3454;
v0x63a28dc9b490_3455 .array/port v0x63a28dc9b490, 3455;
v0x63a28dc9b490_3456 .array/port v0x63a28dc9b490, 3456;
v0x63a28dc9b490_3457 .array/port v0x63a28dc9b490, 3457;
v0x63a28dc9b490_3458 .array/port v0x63a28dc9b490, 3458;
E_0x63a28dcbf3d0/864 .event anyedge, v0x63a28dc9b490_3455, v0x63a28dc9b490_3456, v0x63a28dc9b490_3457, v0x63a28dc9b490_3458;
v0x63a28dc9b490_3459 .array/port v0x63a28dc9b490, 3459;
v0x63a28dc9b490_3460 .array/port v0x63a28dc9b490, 3460;
v0x63a28dc9b490_3461 .array/port v0x63a28dc9b490, 3461;
v0x63a28dc9b490_3462 .array/port v0x63a28dc9b490, 3462;
E_0x63a28dcbf3d0/865 .event anyedge, v0x63a28dc9b490_3459, v0x63a28dc9b490_3460, v0x63a28dc9b490_3461, v0x63a28dc9b490_3462;
v0x63a28dc9b490_3463 .array/port v0x63a28dc9b490, 3463;
v0x63a28dc9b490_3464 .array/port v0x63a28dc9b490, 3464;
v0x63a28dc9b490_3465 .array/port v0x63a28dc9b490, 3465;
v0x63a28dc9b490_3466 .array/port v0x63a28dc9b490, 3466;
E_0x63a28dcbf3d0/866 .event anyedge, v0x63a28dc9b490_3463, v0x63a28dc9b490_3464, v0x63a28dc9b490_3465, v0x63a28dc9b490_3466;
v0x63a28dc9b490_3467 .array/port v0x63a28dc9b490, 3467;
v0x63a28dc9b490_3468 .array/port v0x63a28dc9b490, 3468;
v0x63a28dc9b490_3469 .array/port v0x63a28dc9b490, 3469;
v0x63a28dc9b490_3470 .array/port v0x63a28dc9b490, 3470;
E_0x63a28dcbf3d0/867 .event anyedge, v0x63a28dc9b490_3467, v0x63a28dc9b490_3468, v0x63a28dc9b490_3469, v0x63a28dc9b490_3470;
v0x63a28dc9b490_3471 .array/port v0x63a28dc9b490, 3471;
v0x63a28dc9b490_3472 .array/port v0x63a28dc9b490, 3472;
v0x63a28dc9b490_3473 .array/port v0x63a28dc9b490, 3473;
v0x63a28dc9b490_3474 .array/port v0x63a28dc9b490, 3474;
E_0x63a28dcbf3d0/868 .event anyedge, v0x63a28dc9b490_3471, v0x63a28dc9b490_3472, v0x63a28dc9b490_3473, v0x63a28dc9b490_3474;
v0x63a28dc9b490_3475 .array/port v0x63a28dc9b490, 3475;
v0x63a28dc9b490_3476 .array/port v0x63a28dc9b490, 3476;
v0x63a28dc9b490_3477 .array/port v0x63a28dc9b490, 3477;
v0x63a28dc9b490_3478 .array/port v0x63a28dc9b490, 3478;
E_0x63a28dcbf3d0/869 .event anyedge, v0x63a28dc9b490_3475, v0x63a28dc9b490_3476, v0x63a28dc9b490_3477, v0x63a28dc9b490_3478;
v0x63a28dc9b490_3479 .array/port v0x63a28dc9b490, 3479;
v0x63a28dc9b490_3480 .array/port v0x63a28dc9b490, 3480;
v0x63a28dc9b490_3481 .array/port v0x63a28dc9b490, 3481;
v0x63a28dc9b490_3482 .array/port v0x63a28dc9b490, 3482;
E_0x63a28dcbf3d0/870 .event anyedge, v0x63a28dc9b490_3479, v0x63a28dc9b490_3480, v0x63a28dc9b490_3481, v0x63a28dc9b490_3482;
v0x63a28dc9b490_3483 .array/port v0x63a28dc9b490, 3483;
v0x63a28dc9b490_3484 .array/port v0x63a28dc9b490, 3484;
v0x63a28dc9b490_3485 .array/port v0x63a28dc9b490, 3485;
v0x63a28dc9b490_3486 .array/port v0x63a28dc9b490, 3486;
E_0x63a28dcbf3d0/871 .event anyedge, v0x63a28dc9b490_3483, v0x63a28dc9b490_3484, v0x63a28dc9b490_3485, v0x63a28dc9b490_3486;
v0x63a28dc9b490_3487 .array/port v0x63a28dc9b490, 3487;
v0x63a28dc9b490_3488 .array/port v0x63a28dc9b490, 3488;
v0x63a28dc9b490_3489 .array/port v0x63a28dc9b490, 3489;
v0x63a28dc9b490_3490 .array/port v0x63a28dc9b490, 3490;
E_0x63a28dcbf3d0/872 .event anyedge, v0x63a28dc9b490_3487, v0x63a28dc9b490_3488, v0x63a28dc9b490_3489, v0x63a28dc9b490_3490;
v0x63a28dc9b490_3491 .array/port v0x63a28dc9b490, 3491;
v0x63a28dc9b490_3492 .array/port v0x63a28dc9b490, 3492;
v0x63a28dc9b490_3493 .array/port v0x63a28dc9b490, 3493;
v0x63a28dc9b490_3494 .array/port v0x63a28dc9b490, 3494;
E_0x63a28dcbf3d0/873 .event anyedge, v0x63a28dc9b490_3491, v0x63a28dc9b490_3492, v0x63a28dc9b490_3493, v0x63a28dc9b490_3494;
v0x63a28dc9b490_3495 .array/port v0x63a28dc9b490, 3495;
v0x63a28dc9b490_3496 .array/port v0x63a28dc9b490, 3496;
v0x63a28dc9b490_3497 .array/port v0x63a28dc9b490, 3497;
v0x63a28dc9b490_3498 .array/port v0x63a28dc9b490, 3498;
E_0x63a28dcbf3d0/874 .event anyedge, v0x63a28dc9b490_3495, v0x63a28dc9b490_3496, v0x63a28dc9b490_3497, v0x63a28dc9b490_3498;
v0x63a28dc9b490_3499 .array/port v0x63a28dc9b490, 3499;
v0x63a28dc9b490_3500 .array/port v0x63a28dc9b490, 3500;
v0x63a28dc9b490_3501 .array/port v0x63a28dc9b490, 3501;
v0x63a28dc9b490_3502 .array/port v0x63a28dc9b490, 3502;
E_0x63a28dcbf3d0/875 .event anyedge, v0x63a28dc9b490_3499, v0x63a28dc9b490_3500, v0x63a28dc9b490_3501, v0x63a28dc9b490_3502;
v0x63a28dc9b490_3503 .array/port v0x63a28dc9b490, 3503;
v0x63a28dc9b490_3504 .array/port v0x63a28dc9b490, 3504;
v0x63a28dc9b490_3505 .array/port v0x63a28dc9b490, 3505;
v0x63a28dc9b490_3506 .array/port v0x63a28dc9b490, 3506;
E_0x63a28dcbf3d0/876 .event anyedge, v0x63a28dc9b490_3503, v0x63a28dc9b490_3504, v0x63a28dc9b490_3505, v0x63a28dc9b490_3506;
v0x63a28dc9b490_3507 .array/port v0x63a28dc9b490, 3507;
v0x63a28dc9b490_3508 .array/port v0x63a28dc9b490, 3508;
v0x63a28dc9b490_3509 .array/port v0x63a28dc9b490, 3509;
v0x63a28dc9b490_3510 .array/port v0x63a28dc9b490, 3510;
E_0x63a28dcbf3d0/877 .event anyedge, v0x63a28dc9b490_3507, v0x63a28dc9b490_3508, v0x63a28dc9b490_3509, v0x63a28dc9b490_3510;
v0x63a28dc9b490_3511 .array/port v0x63a28dc9b490, 3511;
v0x63a28dc9b490_3512 .array/port v0x63a28dc9b490, 3512;
v0x63a28dc9b490_3513 .array/port v0x63a28dc9b490, 3513;
v0x63a28dc9b490_3514 .array/port v0x63a28dc9b490, 3514;
E_0x63a28dcbf3d0/878 .event anyedge, v0x63a28dc9b490_3511, v0x63a28dc9b490_3512, v0x63a28dc9b490_3513, v0x63a28dc9b490_3514;
v0x63a28dc9b490_3515 .array/port v0x63a28dc9b490, 3515;
v0x63a28dc9b490_3516 .array/port v0x63a28dc9b490, 3516;
v0x63a28dc9b490_3517 .array/port v0x63a28dc9b490, 3517;
v0x63a28dc9b490_3518 .array/port v0x63a28dc9b490, 3518;
E_0x63a28dcbf3d0/879 .event anyedge, v0x63a28dc9b490_3515, v0x63a28dc9b490_3516, v0x63a28dc9b490_3517, v0x63a28dc9b490_3518;
v0x63a28dc9b490_3519 .array/port v0x63a28dc9b490, 3519;
v0x63a28dc9b490_3520 .array/port v0x63a28dc9b490, 3520;
v0x63a28dc9b490_3521 .array/port v0x63a28dc9b490, 3521;
v0x63a28dc9b490_3522 .array/port v0x63a28dc9b490, 3522;
E_0x63a28dcbf3d0/880 .event anyedge, v0x63a28dc9b490_3519, v0x63a28dc9b490_3520, v0x63a28dc9b490_3521, v0x63a28dc9b490_3522;
v0x63a28dc9b490_3523 .array/port v0x63a28dc9b490, 3523;
v0x63a28dc9b490_3524 .array/port v0x63a28dc9b490, 3524;
v0x63a28dc9b490_3525 .array/port v0x63a28dc9b490, 3525;
v0x63a28dc9b490_3526 .array/port v0x63a28dc9b490, 3526;
E_0x63a28dcbf3d0/881 .event anyedge, v0x63a28dc9b490_3523, v0x63a28dc9b490_3524, v0x63a28dc9b490_3525, v0x63a28dc9b490_3526;
v0x63a28dc9b490_3527 .array/port v0x63a28dc9b490, 3527;
v0x63a28dc9b490_3528 .array/port v0x63a28dc9b490, 3528;
v0x63a28dc9b490_3529 .array/port v0x63a28dc9b490, 3529;
v0x63a28dc9b490_3530 .array/port v0x63a28dc9b490, 3530;
E_0x63a28dcbf3d0/882 .event anyedge, v0x63a28dc9b490_3527, v0x63a28dc9b490_3528, v0x63a28dc9b490_3529, v0x63a28dc9b490_3530;
v0x63a28dc9b490_3531 .array/port v0x63a28dc9b490, 3531;
v0x63a28dc9b490_3532 .array/port v0x63a28dc9b490, 3532;
v0x63a28dc9b490_3533 .array/port v0x63a28dc9b490, 3533;
v0x63a28dc9b490_3534 .array/port v0x63a28dc9b490, 3534;
E_0x63a28dcbf3d0/883 .event anyedge, v0x63a28dc9b490_3531, v0x63a28dc9b490_3532, v0x63a28dc9b490_3533, v0x63a28dc9b490_3534;
v0x63a28dc9b490_3535 .array/port v0x63a28dc9b490, 3535;
v0x63a28dc9b490_3536 .array/port v0x63a28dc9b490, 3536;
v0x63a28dc9b490_3537 .array/port v0x63a28dc9b490, 3537;
v0x63a28dc9b490_3538 .array/port v0x63a28dc9b490, 3538;
E_0x63a28dcbf3d0/884 .event anyedge, v0x63a28dc9b490_3535, v0x63a28dc9b490_3536, v0x63a28dc9b490_3537, v0x63a28dc9b490_3538;
v0x63a28dc9b490_3539 .array/port v0x63a28dc9b490, 3539;
v0x63a28dc9b490_3540 .array/port v0x63a28dc9b490, 3540;
v0x63a28dc9b490_3541 .array/port v0x63a28dc9b490, 3541;
v0x63a28dc9b490_3542 .array/port v0x63a28dc9b490, 3542;
E_0x63a28dcbf3d0/885 .event anyedge, v0x63a28dc9b490_3539, v0x63a28dc9b490_3540, v0x63a28dc9b490_3541, v0x63a28dc9b490_3542;
v0x63a28dc9b490_3543 .array/port v0x63a28dc9b490, 3543;
v0x63a28dc9b490_3544 .array/port v0x63a28dc9b490, 3544;
v0x63a28dc9b490_3545 .array/port v0x63a28dc9b490, 3545;
v0x63a28dc9b490_3546 .array/port v0x63a28dc9b490, 3546;
E_0x63a28dcbf3d0/886 .event anyedge, v0x63a28dc9b490_3543, v0x63a28dc9b490_3544, v0x63a28dc9b490_3545, v0x63a28dc9b490_3546;
v0x63a28dc9b490_3547 .array/port v0x63a28dc9b490, 3547;
v0x63a28dc9b490_3548 .array/port v0x63a28dc9b490, 3548;
v0x63a28dc9b490_3549 .array/port v0x63a28dc9b490, 3549;
v0x63a28dc9b490_3550 .array/port v0x63a28dc9b490, 3550;
E_0x63a28dcbf3d0/887 .event anyedge, v0x63a28dc9b490_3547, v0x63a28dc9b490_3548, v0x63a28dc9b490_3549, v0x63a28dc9b490_3550;
v0x63a28dc9b490_3551 .array/port v0x63a28dc9b490, 3551;
v0x63a28dc9b490_3552 .array/port v0x63a28dc9b490, 3552;
v0x63a28dc9b490_3553 .array/port v0x63a28dc9b490, 3553;
v0x63a28dc9b490_3554 .array/port v0x63a28dc9b490, 3554;
E_0x63a28dcbf3d0/888 .event anyedge, v0x63a28dc9b490_3551, v0x63a28dc9b490_3552, v0x63a28dc9b490_3553, v0x63a28dc9b490_3554;
v0x63a28dc9b490_3555 .array/port v0x63a28dc9b490, 3555;
v0x63a28dc9b490_3556 .array/port v0x63a28dc9b490, 3556;
v0x63a28dc9b490_3557 .array/port v0x63a28dc9b490, 3557;
v0x63a28dc9b490_3558 .array/port v0x63a28dc9b490, 3558;
E_0x63a28dcbf3d0/889 .event anyedge, v0x63a28dc9b490_3555, v0x63a28dc9b490_3556, v0x63a28dc9b490_3557, v0x63a28dc9b490_3558;
v0x63a28dc9b490_3559 .array/port v0x63a28dc9b490, 3559;
v0x63a28dc9b490_3560 .array/port v0x63a28dc9b490, 3560;
v0x63a28dc9b490_3561 .array/port v0x63a28dc9b490, 3561;
v0x63a28dc9b490_3562 .array/port v0x63a28dc9b490, 3562;
E_0x63a28dcbf3d0/890 .event anyedge, v0x63a28dc9b490_3559, v0x63a28dc9b490_3560, v0x63a28dc9b490_3561, v0x63a28dc9b490_3562;
v0x63a28dc9b490_3563 .array/port v0x63a28dc9b490, 3563;
v0x63a28dc9b490_3564 .array/port v0x63a28dc9b490, 3564;
v0x63a28dc9b490_3565 .array/port v0x63a28dc9b490, 3565;
v0x63a28dc9b490_3566 .array/port v0x63a28dc9b490, 3566;
E_0x63a28dcbf3d0/891 .event anyedge, v0x63a28dc9b490_3563, v0x63a28dc9b490_3564, v0x63a28dc9b490_3565, v0x63a28dc9b490_3566;
v0x63a28dc9b490_3567 .array/port v0x63a28dc9b490, 3567;
v0x63a28dc9b490_3568 .array/port v0x63a28dc9b490, 3568;
v0x63a28dc9b490_3569 .array/port v0x63a28dc9b490, 3569;
v0x63a28dc9b490_3570 .array/port v0x63a28dc9b490, 3570;
E_0x63a28dcbf3d0/892 .event anyedge, v0x63a28dc9b490_3567, v0x63a28dc9b490_3568, v0x63a28dc9b490_3569, v0x63a28dc9b490_3570;
v0x63a28dc9b490_3571 .array/port v0x63a28dc9b490, 3571;
v0x63a28dc9b490_3572 .array/port v0x63a28dc9b490, 3572;
v0x63a28dc9b490_3573 .array/port v0x63a28dc9b490, 3573;
v0x63a28dc9b490_3574 .array/port v0x63a28dc9b490, 3574;
E_0x63a28dcbf3d0/893 .event anyedge, v0x63a28dc9b490_3571, v0x63a28dc9b490_3572, v0x63a28dc9b490_3573, v0x63a28dc9b490_3574;
v0x63a28dc9b490_3575 .array/port v0x63a28dc9b490, 3575;
v0x63a28dc9b490_3576 .array/port v0x63a28dc9b490, 3576;
v0x63a28dc9b490_3577 .array/port v0x63a28dc9b490, 3577;
v0x63a28dc9b490_3578 .array/port v0x63a28dc9b490, 3578;
E_0x63a28dcbf3d0/894 .event anyedge, v0x63a28dc9b490_3575, v0x63a28dc9b490_3576, v0x63a28dc9b490_3577, v0x63a28dc9b490_3578;
v0x63a28dc9b490_3579 .array/port v0x63a28dc9b490, 3579;
v0x63a28dc9b490_3580 .array/port v0x63a28dc9b490, 3580;
v0x63a28dc9b490_3581 .array/port v0x63a28dc9b490, 3581;
v0x63a28dc9b490_3582 .array/port v0x63a28dc9b490, 3582;
E_0x63a28dcbf3d0/895 .event anyedge, v0x63a28dc9b490_3579, v0x63a28dc9b490_3580, v0x63a28dc9b490_3581, v0x63a28dc9b490_3582;
v0x63a28dc9b490_3583 .array/port v0x63a28dc9b490, 3583;
v0x63a28dc9b490_3584 .array/port v0x63a28dc9b490, 3584;
v0x63a28dc9b490_3585 .array/port v0x63a28dc9b490, 3585;
v0x63a28dc9b490_3586 .array/port v0x63a28dc9b490, 3586;
E_0x63a28dcbf3d0/896 .event anyedge, v0x63a28dc9b490_3583, v0x63a28dc9b490_3584, v0x63a28dc9b490_3585, v0x63a28dc9b490_3586;
v0x63a28dc9b490_3587 .array/port v0x63a28dc9b490, 3587;
v0x63a28dc9b490_3588 .array/port v0x63a28dc9b490, 3588;
v0x63a28dc9b490_3589 .array/port v0x63a28dc9b490, 3589;
v0x63a28dc9b490_3590 .array/port v0x63a28dc9b490, 3590;
E_0x63a28dcbf3d0/897 .event anyedge, v0x63a28dc9b490_3587, v0x63a28dc9b490_3588, v0x63a28dc9b490_3589, v0x63a28dc9b490_3590;
v0x63a28dc9b490_3591 .array/port v0x63a28dc9b490, 3591;
v0x63a28dc9b490_3592 .array/port v0x63a28dc9b490, 3592;
v0x63a28dc9b490_3593 .array/port v0x63a28dc9b490, 3593;
v0x63a28dc9b490_3594 .array/port v0x63a28dc9b490, 3594;
E_0x63a28dcbf3d0/898 .event anyedge, v0x63a28dc9b490_3591, v0x63a28dc9b490_3592, v0x63a28dc9b490_3593, v0x63a28dc9b490_3594;
v0x63a28dc9b490_3595 .array/port v0x63a28dc9b490, 3595;
v0x63a28dc9b490_3596 .array/port v0x63a28dc9b490, 3596;
v0x63a28dc9b490_3597 .array/port v0x63a28dc9b490, 3597;
v0x63a28dc9b490_3598 .array/port v0x63a28dc9b490, 3598;
E_0x63a28dcbf3d0/899 .event anyedge, v0x63a28dc9b490_3595, v0x63a28dc9b490_3596, v0x63a28dc9b490_3597, v0x63a28dc9b490_3598;
v0x63a28dc9b490_3599 .array/port v0x63a28dc9b490, 3599;
v0x63a28dc9b490_3600 .array/port v0x63a28dc9b490, 3600;
v0x63a28dc9b490_3601 .array/port v0x63a28dc9b490, 3601;
v0x63a28dc9b490_3602 .array/port v0x63a28dc9b490, 3602;
E_0x63a28dcbf3d0/900 .event anyedge, v0x63a28dc9b490_3599, v0x63a28dc9b490_3600, v0x63a28dc9b490_3601, v0x63a28dc9b490_3602;
v0x63a28dc9b490_3603 .array/port v0x63a28dc9b490, 3603;
v0x63a28dc9b490_3604 .array/port v0x63a28dc9b490, 3604;
v0x63a28dc9b490_3605 .array/port v0x63a28dc9b490, 3605;
v0x63a28dc9b490_3606 .array/port v0x63a28dc9b490, 3606;
E_0x63a28dcbf3d0/901 .event anyedge, v0x63a28dc9b490_3603, v0x63a28dc9b490_3604, v0x63a28dc9b490_3605, v0x63a28dc9b490_3606;
v0x63a28dc9b490_3607 .array/port v0x63a28dc9b490, 3607;
v0x63a28dc9b490_3608 .array/port v0x63a28dc9b490, 3608;
v0x63a28dc9b490_3609 .array/port v0x63a28dc9b490, 3609;
v0x63a28dc9b490_3610 .array/port v0x63a28dc9b490, 3610;
E_0x63a28dcbf3d0/902 .event anyedge, v0x63a28dc9b490_3607, v0x63a28dc9b490_3608, v0x63a28dc9b490_3609, v0x63a28dc9b490_3610;
v0x63a28dc9b490_3611 .array/port v0x63a28dc9b490, 3611;
v0x63a28dc9b490_3612 .array/port v0x63a28dc9b490, 3612;
v0x63a28dc9b490_3613 .array/port v0x63a28dc9b490, 3613;
v0x63a28dc9b490_3614 .array/port v0x63a28dc9b490, 3614;
E_0x63a28dcbf3d0/903 .event anyedge, v0x63a28dc9b490_3611, v0x63a28dc9b490_3612, v0x63a28dc9b490_3613, v0x63a28dc9b490_3614;
v0x63a28dc9b490_3615 .array/port v0x63a28dc9b490, 3615;
v0x63a28dc9b490_3616 .array/port v0x63a28dc9b490, 3616;
v0x63a28dc9b490_3617 .array/port v0x63a28dc9b490, 3617;
v0x63a28dc9b490_3618 .array/port v0x63a28dc9b490, 3618;
E_0x63a28dcbf3d0/904 .event anyedge, v0x63a28dc9b490_3615, v0x63a28dc9b490_3616, v0x63a28dc9b490_3617, v0x63a28dc9b490_3618;
v0x63a28dc9b490_3619 .array/port v0x63a28dc9b490, 3619;
v0x63a28dc9b490_3620 .array/port v0x63a28dc9b490, 3620;
v0x63a28dc9b490_3621 .array/port v0x63a28dc9b490, 3621;
v0x63a28dc9b490_3622 .array/port v0x63a28dc9b490, 3622;
E_0x63a28dcbf3d0/905 .event anyedge, v0x63a28dc9b490_3619, v0x63a28dc9b490_3620, v0x63a28dc9b490_3621, v0x63a28dc9b490_3622;
v0x63a28dc9b490_3623 .array/port v0x63a28dc9b490, 3623;
v0x63a28dc9b490_3624 .array/port v0x63a28dc9b490, 3624;
v0x63a28dc9b490_3625 .array/port v0x63a28dc9b490, 3625;
v0x63a28dc9b490_3626 .array/port v0x63a28dc9b490, 3626;
E_0x63a28dcbf3d0/906 .event anyedge, v0x63a28dc9b490_3623, v0x63a28dc9b490_3624, v0x63a28dc9b490_3625, v0x63a28dc9b490_3626;
v0x63a28dc9b490_3627 .array/port v0x63a28dc9b490, 3627;
v0x63a28dc9b490_3628 .array/port v0x63a28dc9b490, 3628;
v0x63a28dc9b490_3629 .array/port v0x63a28dc9b490, 3629;
v0x63a28dc9b490_3630 .array/port v0x63a28dc9b490, 3630;
E_0x63a28dcbf3d0/907 .event anyedge, v0x63a28dc9b490_3627, v0x63a28dc9b490_3628, v0x63a28dc9b490_3629, v0x63a28dc9b490_3630;
v0x63a28dc9b490_3631 .array/port v0x63a28dc9b490, 3631;
v0x63a28dc9b490_3632 .array/port v0x63a28dc9b490, 3632;
v0x63a28dc9b490_3633 .array/port v0x63a28dc9b490, 3633;
v0x63a28dc9b490_3634 .array/port v0x63a28dc9b490, 3634;
E_0x63a28dcbf3d0/908 .event anyedge, v0x63a28dc9b490_3631, v0x63a28dc9b490_3632, v0x63a28dc9b490_3633, v0x63a28dc9b490_3634;
v0x63a28dc9b490_3635 .array/port v0x63a28dc9b490, 3635;
v0x63a28dc9b490_3636 .array/port v0x63a28dc9b490, 3636;
v0x63a28dc9b490_3637 .array/port v0x63a28dc9b490, 3637;
v0x63a28dc9b490_3638 .array/port v0x63a28dc9b490, 3638;
E_0x63a28dcbf3d0/909 .event anyedge, v0x63a28dc9b490_3635, v0x63a28dc9b490_3636, v0x63a28dc9b490_3637, v0x63a28dc9b490_3638;
v0x63a28dc9b490_3639 .array/port v0x63a28dc9b490, 3639;
v0x63a28dc9b490_3640 .array/port v0x63a28dc9b490, 3640;
v0x63a28dc9b490_3641 .array/port v0x63a28dc9b490, 3641;
v0x63a28dc9b490_3642 .array/port v0x63a28dc9b490, 3642;
E_0x63a28dcbf3d0/910 .event anyedge, v0x63a28dc9b490_3639, v0x63a28dc9b490_3640, v0x63a28dc9b490_3641, v0x63a28dc9b490_3642;
v0x63a28dc9b490_3643 .array/port v0x63a28dc9b490, 3643;
v0x63a28dc9b490_3644 .array/port v0x63a28dc9b490, 3644;
v0x63a28dc9b490_3645 .array/port v0x63a28dc9b490, 3645;
v0x63a28dc9b490_3646 .array/port v0x63a28dc9b490, 3646;
E_0x63a28dcbf3d0/911 .event anyedge, v0x63a28dc9b490_3643, v0x63a28dc9b490_3644, v0x63a28dc9b490_3645, v0x63a28dc9b490_3646;
v0x63a28dc9b490_3647 .array/port v0x63a28dc9b490, 3647;
v0x63a28dc9b490_3648 .array/port v0x63a28dc9b490, 3648;
v0x63a28dc9b490_3649 .array/port v0x63a28dc9b490, 3649;
v0x63a28dc9b490_3650 .array/port v0x63a28dc9b490, 3650;
E_0x63a28dcbf3d0/912 .event anyedge, v0x63a28dc9b490_3647, v0x63a28dc9b490_3648, v0x63a28dc9b490_3649, v0x63a28dc9b490_3650;
v0x63a28dc9b490_3651 .array/port v0x63a28dc9b490, 3651;
v0x63a28dc9b490_3652 .array/port v0x63a28dc9b490, 3652;
v0x63a28dc9b490_3653 .array/port v0x63a28dc9b490, 3653;
v0x63a28dc9b490_3654 .array/port v0x63a28dc9b490, 3654;
E_0x63a28dcbf3d0/913 .event anyedge, v0x63a28dc9b490_3651, v0x63a28dc9b490_3652, v0x63a28dc9b490_3653, v0x63a28dc9b490_3654;
v0x63a28dc9b490_3655 .array/port v0x63a28dc9b490, 3655;
v0x63a28dc9b490_3656 .array/port v0x63a28dc9b490, 3656;
v0x63a28dc9b490_3657 .array/port v0x63a28dc9b490, 3657;
v0x63a28dc9b490_3658 .array/port v0x63a28dc9b490, 3658;
E_0x63a28dcbf3d0/914 .event anyedge, v0x63a28dc9b490_3655, v0x63a28dc9b490_3656, v0x63a28dc9b490_3657, v0x63a28dc9b490_3658;
v0x63a28dc9b490_3659 .array/port v0x63a28dc9b490, 3659;
v0x63a28dc9b490_3660 .array/port v0x63a28dc9b490, 3660;
v0x63a28dc9b490_3661 .array/port v0x63a28dc9b490, 3661;
v0x63a28dc9b490_3662 .array/port v0x63a28dc9b490, 3662;
E_0x63a28dcbf3d0/915 .event anyedge, v0x63a28dc9b490_3659, v0x63a28dc9b490_3660, v0x63a28dc9b490_3661, v0x63a28dc9b490_3662;
v0x63a28dc9b490_3663 .array/port v0x63a28dc9b490, 3663;
v0x63a28dc9b490_3664 .array/port v0x63a28dc9b490, 3664;
v0x63a28dc9b490_3665 .array/port v0x63a28dc9b490, 3665;
v0x63a28dc9b490_3666 .array/port v0x63a28dc9b490, 3666;
E_0x63a28dcbf3d0/916 .event anyedge, v0x63a28dc9b490_3663, v0x63a28dc9b490_3664, v0x63a28dc9b490_3665, v0x63a28dc9b490_3666;
v0x63a28dc9b490_3667 .array/port v0x63a28dc9b490, 3667;
v0x63a28dc9b490_3668 .array/port v0x63a28dc9b490, 3668;
v0x63a28dc9b490_3669 .array/port v0x63a28dc9b490, 3669;
v0x63a28dc9b490_3670 .array/port v0x63a28dc9b490, 3670;
E_0x63a28dcbf3d0/917 .event anyedge, v0x63a28dc9b490_3667, v0x63a28dc9b490_3668, v0x63a28dc9b490_3669, v0x63a28dc9b490_3670;
v0x63a28dc9b490_3671 .array/port v0x63a28dc9b490, 3671;
v0x63a28dc9b490_3672 .array/port v0x63a28dc9b490, 3672;
v0x63a28dc9b490_3673 .array/port v0x63a28dc9b490, 3673;
v0x63a28dc9b490_3674 .array/port v0x63a28dc9b490, 3674;
E_0x63a28dcbf3d0/918 .event anyedge, v0x63a28dc9b490_3671, v0x63a28dc9b490_3672, v0x63a28dc9b490_3673, v0x63a28dc9b490_3674;
v0x63a28dc9b490_3675 .array/port v0x63a28dc9b490, 3675;
v0x63a28dc9b490_3676 .array/port v0x63a28dc9b490, 3676;
v0x63a28dc9b490_3677 .array/port v0x63a28dc9b490, 3677;
v0x63a28dc9b490_3678 .array/port v0x63a28dc9b490, 3678;
E_0x63a28dcbf3d0/919 .event anyedge, v0x63a28dc9b490_3675, v0x63a28dc9b490_3676, v0x63a28dc9b490_3677, v0x63a28dc9b490_3678;
v0x63a28dc9b490_3679 .array/port v0x63a28dc9b490, 3679;
v0x63a28dc9b490_3680 .array/port v0x63a28dc9b490, 3680;
v0x63a28dc9b490_3681 .array/port v0x63a28dc9b490, 3681;
v0x63a28dc9b490_3682 .array/port v0x63a28dc9b490, 3682;
E_0x63a28dcbf3d0/920 .event anyedge, v0x63a28dc9b490_3679, v0x63a28dc9b490_3680, v0x63a28dc9b490_3681, v0x63a28dc9b490_3682;
v0x63a28dc9b490_3683 .array/port v0x63a28dc9b490, 3683;
v0x63a28dc9b490_3684 .array/port v0x63a28dc9b490, 3684;
v0x63a28dc9b490_3685 .array/port v0x63a28dc9b490, 3685;
v0x63a28dc9b490_3686 .array/port v0x63a28dc9b490, 3686;
E_0x63a28dcbf3d0/921 .event anyedge, v0x63a28dc9b490_3683, v0x63a28dc9b490_3684, v0x63a28dc9b490_3685, v0x63a28dc9b490_3686;
v0x63a28dc9b490_3687 .array/port v0x63a28dc9b490, 3687;
v0x63a28dc9b490_3688 .array/port v0x63a28dc9b490, 3688;
v0x63a28dc9b490_3689 .array/port v0x63a28dc9b490, 3689;
v0x63a28dc9b490_3690 .array/port v0x63a28dc9b490, 3690;
E_0x63a28dcbf3d0/922 .event anyedge, v0x63a28dc9b490_3687, v0x63a28dc9b490_3688, v0x63a28dc9b490_3689, v0x63a28dc9b490_3690;
v0x63a28dc9b490_3691 .array/port v0x63a28dc9b490, 3691;
v0x63a28dc9b490_3692 .array/port v0x63a28dc9b490, 3692;
v0x63a28dc9b490_3693 .array/port v0x63a28dc9b490, 3693;
v0x63a28dc9b490_3694 .array/port v0x63a28dc9b490, 3694;
E_0x63a28dcbf3d0/923 .event anyedge, v0x63a28dc9b490_3691, v0x63a28dc9b490_3692, v0x63a28dc9b490_3693, v0x63a28dc9b490_3694;
v0x63a28dc9b490_3695 .array/port v0x63a28dc9b490, 3695;
v0x63a28dc9b490_3696 .array/port v0x63a28dc9b490, 3696;
v0x63a28dc9b490_3697 .array/port v0x63a28dc9b490, 3697;
v0x63a28dc9b490_3698 .array/port v0x63a28dc9b490, 3698;
E_0x63a28dcbf3d0/924 .event anyedge, v0x63a28dc9b490_3695, v0x63a28dc9b490_3696, v0x63a28dc9b490_3697, v0x63a28dc9b490_3698;
v0x63a28dc9b490_3699 .array/port v0x63a28dc9b490, 3699;
v0x63a28dc9b490_3700 .array/port v0x63a28dc9b490, 3700;
v0x63a28dc9b490_3701 .array/port v0x63a28dc9b490, 3701;
v0x63a28dc9b490_3702 .array/port v0x63a28dc9b490, 3702;
E_0x63a28dcbf3d0/925 .event anyedge, v0x63a28dc9b490_3699, v0x63a28dc9b490_3700, v0x63a28dc9b490_3701, v0x63a28dc9b490_3702;
v0x63a28dc9b490_3703 .array/port v0x63a28dc9b490, 3703;
v0x63a28dc9b490_3704 .array/port v0x63a28dc9b490, 3704;
v0x63a28dc9b490_3705 .array/port v0x63a28dc9b490, 3705;
v0x63a28dc9b490_3706 .array/port v0x63a28dc9b490, 3706;
E_0x63a28dcbf3d0/926 .event anyedge, v0x63a28dc9b490_3703, v0x63a28dc9b490_3704, v0x63a28dc9b490_3705, v0x63a28dc9b490_3706;
v0x63a28dc9b490_3707 .array/port v0x63a28dc9b490, 3707;
v0x63a28dc9b490_3708 .array/port v0x63a28dc9b490, 3708;
v0x63a28dc9b490_3709 .array/port v0x63a28dc9b490, 3709;
v0x63a28dc9b490_3710 .array/port v0x63a28dc9b490, 3710;
E_0x63a28dcbf3d0/927 .event anyedge, v0x63a28dc9b490_3707, v0x63a28dc9b490_3708, v0x63a28dc9b490_3709, v0x63a28dc9b490_3710;
v0x63a28dc9b490_3711 .array/port v0x63a28dc9b490, 3711;
v0x63a28dc9b490_3712 .array/port v0x63a28dc9b490, 3712;
v0x63a28dc9b490_3713 .array/port v0x63a28dc9b490, 3713;
v0x63a28dc9b490_3714 .array/port v0x63a28dc9b490, 3714;
E_0x63a28dcbf3d0/928 .event anyedge, v0x63a28dc9b490_3711, v0x63a28dc9b490_3712, v0x63a28dc9b490_3713, v0x63a28dc9b490_3714;
v0x63a28dc9b490_3715 .array/port v0x63a28dc9b490, 3715;
v0x63a28dc9b490_3716 .array/port v0x63a28dc9b490, 3716;
v0x63a28dc9b490_3717 .array/port v0x63a28dc9b490, 3717;
v0x63a28dc9b490_3718 .array/port v0x63a28dc9b490, 3718;
E_0x63a28dcbf3d0/929 .event anyedge, v0x63a28dc9b490_3715, v0x63a28dc9b490_3716, v0x63a28dc9b490_3717, v0x63a28dc9b490_3718;
v0x63a28dc9b490_3719 .array/port v0x63a28dc9b490, 3719;
v0x63a28dc9b490_3720 .array/port v0x63a28dc9b490, 3720;
v0x63a28dc9b490_3721 .array/port v0x63a28dc9b490, 3721;
v0x63a28dc9b490_3722 .array/port v0x63a28dc9b490, 3722;
E_0x63a28dcbf3d0/930 .event anyedge, v0x63a28dc9b490_3719, v0x63a28dc9b490_3720, v0x63a28dc9b490_3721, v0x63a28dc9b490_3722;
v0x63a28dc9b490_3723 .array/port v0x63a28dc9b490, 3723;
v0x63a28dc9b490_3724 .array/port v0x63a28dc9b490, 3724;
v0x63a28dc9b490_3725 .array/port v0x63a28dc9b490, 3725;
v0x63a28dc9b490_3726 .array/port v0x63a28dc9b490, 3726;
E_0x63a28dcbf3d0/931 .event anyedge, v0x63a28dc9b490_3723, v0x63a28dc9b490_3724, v0x63a28dc9b490_3725, v0x63a28dc9b490_3726;
v0x63a28dc9b490_3727 .array/port v0x63a28dc9b490, 3727;
v0x63a28dc9b490_3728 .array/port v0x63a28dc9b490, 3728;
v0x63a28dc9b490_3729 .array/port v0x63a28dc9b490, 3729;
v0x63a28dc9b490_3730 .array/port v0x63a28dc9b490, 3730;
E_0x63a28dcbf3d0/932 .event anyedge, v0x63a28dc9b490_3727, v0x63a28dc9b490_3728, v0x63a28dc9b490_3729, v0x63a28dc9b490_3730;
v0x63a28dc9b490_3731 .array/port v0x63a28dc9b490, 3731;
v0x63a28dc9b490_3732 .array/port v0x63a28dc9b490, 3732;
v0x63a28dc9b490_3733 .array/port v0x63a28dc9b490, 3733;
v0x63a28dc9b490_3734 .array/port v0x63a28dc9b490, 3734;
E_0x63a28dcbf3d0/933 .event anyedge, v0x63a28dc9b490_3731, v0x63a28dc9b490_3732, v0x63a28dc9b490_3733, v0x63a28dc9b490_3734;
v0x63a28dc9b490_3735 .array/port v0x63a28dc9b490, 3735;
v0x63a28dc9b490_3736 .array/port v0x63a28dc9b490, 3736;
v0x63a28dc9b490_3737 .array/port v0x63a28dc9b490, 3737;
v0x63a28dc9b490_3738 .array/port v0x63a28dc9b490, 3738;
E_0x63a28dcbf3d0/934 .event anyedge, v0x63a28dc9b490_3735, v0x63a28dc9b490_3736, v0x63a28dc9b490_3737, v0x63a28dc9b490_3738;
v0x63a28dc9b490_3739 .array/port v0x63a28dc9b490, 3739;
v0x63a28dc9b490_3740 .array/port v0x63a28dc9b490, 3740;
v0x63a28dc9b490_3741 .array/port v0x63a28dc9b490, 3741;
v0x63a28dc9b490_3742 .array/port v0x63a28dc9b490, 3742;
E_0x63a28dcbf3d0/935 .event anyedge, v0x63a28dc9b490_3739, v0x63a28dc9b490_3740, v0x63a28dc9b490_3741, v0x63a28dc9b490_3742;
v0x63a28dc9b490_3743 .array/port v0x63a28dc9b490, 3743;
v0x63a28dc9b490_3744 .array/port v0x63a28dc9b490, 3744;
v0x63a28dc9b490_3745 .array/port v0x63a28dc9b490, 3745;
v0x63a28dc9b490_3746 .array/port v0x63a28dc9b490, 3746;
E_0x63a28dcbf3d0/936 .event anyedge, v0x63a28dc9b490_3743, v0x63a28dc9b490_3744, v0x63a28dc9b490_3745, v0x63a28dc9b490_3746;
v0x63a28dc9b490_3747 .array/port v0x63a28dc9b490, 3747;
v0x63a28dc9b490_3748 .array/port v0x63a28dc9b490, 3748;
v0x63a28dc9b490_3749 .array/port v0x63a28dc9b490, 3749;
v0x63a28dc9b490_3750 .array/port v0x63a28dc9b490, 3750;
E_0x63a28dcbf3d0/937 .event anyedge, v0x63a28dc9b490_3747, v0x63a28dc9b490_3748, v0x63a28dc9b490_3749, v0x63a28dc9b490_3750;
v0x63a28dc9b490_3751 .array/port v0x63a28dc9b490, 3751;
v0x63a28dc9b490_3752 .array/port v0x63a28dc9b490, 3752;
v0x63a28dc9b490_3753 .array/port v0x63a28dc9b490, 3753;
v0x63a28dc9b490_3754 .array/port v0x63a28dc9b490, 3754;
E_0x63a28dcbf3d0/938 .event anyedge, v0x63a28dc9b490_3751, v0x63a28dc9b490_3752, v0x63a28dc9b490_3753, v0x63a28dc9b490_3754;
v0x63a28dc9b490_3755 .array/port v0x63a28dc9b490, 3755;
v0x63a28dc9b490_3756 .array/port v0x63a28dc9b490, 3756;
v0x63a28dc9b490_3757 .array/port v0x63a28dc9b490, 3757;
v0x63a28dc9b490_3758 .array/port v0x63a28dc9b490, 3758;
E_0x63a28dcbf3d0/939 .event anyedge, v0x63a28dc9b490_3755, v0x63a28dc9b490_3756, v0x63a28dc9b490_3757, v0x63a28dc9b490_3758;
v0x63a28dc9b490_3759 .array/port v0x63a28dc9b490, 3759;
v0x63a28dc9b490_3760 .array/port v0x63a28dc9b490, 3760;
v0x63a28dc9b490_3761 .array/port v0x63a28dc9b490, 3761;
v0x63a28dc9b490_3762 .array/port v0x63a28dc9b490, 3762;
E_0x63a28dcbf3d0/940 .event anyedge, v0x63a28dc9b490_3759, v0x63a28dc9b490_3760, v0x63a28dc9b490_3761, v0x63a28dc9b490_3762;
v0x63a28dc9b490_3763 .array/port v0x63a28dc9b490, 3763;
v0x63a28dc9b490_3764 .array/port v0x63a28dc9b490, 3764;
v0x63a28dc9b490_3765 .array/port v0x63a28dc9b490, 3765;
v0x63a28dc9b490_3766 .array/port v0x63a28dc9b490, 3766;
E_0x63a28dcbf3d0/941 .event anyedge, v0x63a28dc9b490_3763, v0x63a28dc9b490_3764, v0x63a28dc9b490_3765, v0x63a28dc9b490_3766;
v0x63a28dc9b490_3767 .array/port v0x63a28dc9b490, 3767;
v0x63a28dc9b490_3768 .array/port v0x63a28dc9b490, 3768;
v0x63a28dc9b490_3769 .array/port v0x63a28dc9b490, 3769;
v0x63a28dc9b490_3770 .array/port v0x63a28dc9b490, 3770;
E_0x63a28dcbf3d0/942 .event anyedge, v0x63a28dc9b490_3767, v0x63a28dc9b490_3768, v0x63a28dc9b490_3769, v0x63a28dc9b490_3770;
v0x63a28dc9b490_3771 .array/port v0x63a28dc9b490, 3771;
v0x63a28dc9b490_3772 .array/port v0x63a28dc9b490, 3772;
v0x63a28dc9b490_3773 .array/port v0x63a28dc9b490, 3773;
v0x63a28dc9b490_3774 .array/port v0x63a28dc9b490, 3774;
E_0x63a28dcbf3d0/943 .event anyedge, v0x63a28dc9b490_3771, v0x63a28dc9b490_3772, v0x63a28dc9b490_3773, v0x63a28dc9b490_3774;
v0x63a28dc9b490_3775 .array/port v0x63a28dc9b490, 3775;
v0x63a28dc9b490_3776 .array/port v0x63a28dc9b490, 3776;
v0x63a28dc9b490_3777 .array/port v0x63a28dc9b490, 3777;
v0x63a28dc9b490_3778 .array/port v0x63a28dc9b490, 3778;
E_0x63a28dcbf3d0/944 .event anyedge, v0x63a28dc9b490_3775, v0x63a28dc9b490_3776, v0x63a28dc9b490_3777, v0x63a28dc9b490_3778;
v0x63a28dc9b490_3779 .array/port v0x63a28dc9b490, 3779;
v0x63a28dc9b490_3780 .array/port v0x63a28dc9b490, 3780;
v0x63a28dc9b490_3781 .array/port v0x63a28dc9b490, 3781;
v0x63a28dc9b490_3782 .array/port v0x63a28dc9b490, 3782;
E_0x63a28dcbf3d0/945 .event anyedge, v0x63a28dc9b490_3779, v0x63a28dc9b490_3780, v0x63a28dc9b490_3781, v0x63a28dc9b490_3782;
v0x63a28dc9b490_3783 .array/port v0x63a28dc9b490, 3783;
v0x63a28dc9b490_3784 .array/port v0x63a28dc9b490, 3784;
v0x63a28dc9b490_3785 .array/port v0x63a28dc9b490, 3785;
v0x63a28dc9b490_3786 .array/port v0x63a28dc9b490, 3786;
E_0x63a28dcbf3d0/946 .event anyedge, v0x63a28dc9b490_3783, v0x63a28dc9b490_3784, v0x63a28dc9b490_3785, v0x63a28dc9b490_3786;
v0x63a28dc9b490_3787 .array/port v0x63a28dc9b490, 3787;
v0x63a28dc9b490_3788 .array/port v0x63a28dc9b490, 3788;
v0x63a28dc9b490_3789 .array/port v0x63a28dc9b490, 3789;
v0x63a28dc9b490_3790 .array/port v0x63a28dc9b490, 3790;
E_0x63a28dcbf3d0/947 .event anyedge, v0x63a28dc9b490_3787, v0x63a28dc9b490_3788, v0x63a28dc9b490_3789, v0x63a28dc9b490_3790;
v0x63a28dc9b490_3791 .array/port v0x63a28dc9b490, 3791;
v0x63a28dc9b490_3792 .array/port v0x63a28dc9b490, 3792;
v0x63a28dc9b490_3793 .array/port v0x63a28dc9b490, 3793;
v0x63a28dc9b490_3794 .array/port v0x63a28dc9b490, 3794;
E_0x63a28dcbf3d0/948 .event anyedge, v0x63a28dc9b490_3791, v0x63a28dc9b490_3792, v0x63a28dc9b490_3793, v0x63a28dc9b490_3794;
v0x63a28dc9b490_3795 .array/port v0x63a28dc9b490, 3795;
v0x63a28dc9b490_3796 .array/port v0x63a28dc9b490, 3796;
v0x63a28dc9b490_3797 .array/port v0x63a28dc9b490, 3797;
v0x63a28dc9b490_3798 .array/port v0x63a28dc9b490, 3798;
E_0x63a28dcbf3d0/949 .event anyedge, v0x63a28dc9b490_3795, v0x63a28dc9b490_3796, v0x63a28dc9b490_3797, v0x63a28dc9b490_3798;
v0x63a28dc9b490_3799 .array/port v0x63a28dc9b490, 3799;
v0x63a28dc9b490_3800 .array/port v0x63a28dc9b490, 3800;
v0x63a28dc9b490_3801 .array/port v0x63a28dc9b490, 3801;
v0x63a28dc9b490_3802 .array/port v0x63a28dc9b490, 3802;
E_0x63a28dcbf3d0/950 .event anyedge, v0x63a28dc9b490_3799, v0x63a28dc9b490_3800, v0x63a28dc9b490_3801, v0x63a28dc9b490_3802;
v0x63a28dc9b490_3803 .array/port v0x63a28dc9b490, 3803;
v0x63a28dc9b490_3804 .array/port v0x63a28dc9b490, 3804;
v0x63a28dc9b490_3805 .array/port v0x63a28dc9b490, 3805;
v0x63a28dc9b490_3806 .array/port v0x63a28dc9b490, 3806;
E_0x63a28dcbf3d0/951 .event anyedge, v0x63a28dc9b490_3803, v0x63a28dc9b490_3804, v0x63a28dc9b490_3805, v0x63a28dc9b490_3806;
v0x63a28dc9b490_3807 .array/port v0x63a28dc9b490, 3807;
v0x63a28dc9b490_3808 .array/port v0x63a28dc9b490, 3808;
v0x63a28dc9b490_3809 .array/port v0x63a28dc9b490, 3809;
v0x63a28dc9b490_3810 .array/port v0x63a28dc9b490, 3810;
E_0x63a28dcbf3d0/952 .event anyedge, v0x63a28dc9b490_3807, v0x63a28dc9b490_3808, v0x63a28dc9b490_3809, v0x63a28dc9b490_3810;
v0x63a28dc9b490_3811 .array/port v0x63a28dc9b490, 3811;
v0x63a28dc9b490_3812 .array/port v0x63a28dc9b490, 3812;
v0x63a28dc9b490_3813 .array/port v0x63a28dc9b490, 3813;
v0x63a28dc9b490_3814 .array/port v0x63a28dc9b490, 3814;
E_0x63a28dcbf3d0/953 .event anyedge, v0x63a28dc9b490_3811, v0x63a28dc9b490_3812, v0x63a28dc9b490_3813, v0x63a28dc9b490_3814;
v0x63a28dc9b490_3815 .array/port v0x63a28dc9b490, 3815;
v0x63a28dc9b490_3816 .array/port v0x63a28dc9b490, 3816;
v0x63a28dc9b490_3817 .array/port v0x63a28dc9b490, 3817;
v0x63a28dc9b490_3818 .array/port v0x63a28dc9b490, 3818;
E_0x63a28dcbf3d0/954 .event anyedge, v0x63a28dc9b490_3815, v0x63a28dc9b490_3816, v0x63a28dc9b490_3817, v0x63a28dc9b490_3818;
v0x63a28dc9b490_3819 .array/port v0x63a28dc9b490, 3819;
v0x63a28dc9b490_3820 .array/port v0x63a28dc9b490, 3820;
v0x63a28dc9b490_3821 .array/port v0x63a28dc9b490, 3821;
v0x63a28dc9b490_3822 .array/port v0x63a28dc9b490, 3822;
E_0x63a28dcbf3d0/955 .event anyedge, v0x63a28dc9b490_3819, v0x63a28dc9b490_3820, v0x63a28dc9b490_3821, v0x63a28dc9b490_3822;
v0x63a28dc9b490_3823 .array/port v0x63a28dc9b490, 3823;
v0x63a28dc9b490_3824 .array/port v0x63a28dc9b490, 3824;
v0x63a28dc9b490_3825 .array/port v0x63a28dc9b490, 3825;
v0x63a28dc9b490_3826 .array/port v0x63a28dc9b490, 3826;
E_0x63a28dcbf3d0/956 .event anyedge, v0x63a28dc9b490_3823, v0x63a28dc9b490_3824, v0x63a28dc9b490_3825, v0x63a28dc9b490_3826;
v0x63a28dc9b490_3827 .array/port v0x63a28dc9b490, 3827;
v0x63a28dc9b490_3828 .array/port v0x63a28dc9b490, 3828;
v0x63a28dc9b490_3829 .array/port v0x63a28dc9b490, 3829;
v0x63a28dc9b490_3830 .array/port v0x63a28dc9b490, 3830;
E_0x63a28dcbf3d0/957 .event anyedge, v0x63a28dc9b490_3827, v0x63a28dc9b490_3828, v0x63a28dc9b490_3829, v0x63a28dc9b490_3830;
v0x63a28dc9b490_3831 .array/port v0x63a28dc9b490, 3831;
v0x63a28dc9b490_3832 .array/port v0x63a28dc9b490, 3832;
v0x63a28dc9b490_3833 .array/port v0x63a28dc9b490, 3833;
v0x63a28dc9b490_3834 .array/port v0x63a28dc9b490, 3834;
E_0x63a28dcbf3d0/958 .event anyedge, v0x63a28dc9b490_3831, v0x63a28dc9b490_3832, v0x63a28dc9b490_3833, v0x63a28dc9b490_3834;
v0x63a28dc9b490_3835 .array/port v0x63a28dc9b490, 3835;
v0x63a28dc9b490_3836 .array/port v0x63a28dc9b490, 3836;
v0x63a28dc9b490_3837 .array/port v0x63a28dc9b490, 3837;
v0x63a28dc9b490_3838 .array/port v0x63a28dc9b490, 3838;
E_0x63a28dcbf3d0/959 .event anyedge, v0x63a28dc9b490_3835, v0x63a28dc9b490_3836, v0x63a28dc9b490_3837, v0x63a28dc9b490_3838;
v0x63a28dc9b490_3839 .array/port v0x63a28dc9b490, 3839;
v0x63a28dc9b490_3840 .array/port v0x63a28dc9b490, 3840;
v0x63a28dc9b490_3841 .array/port v0x63a28dc9b490, 3841;
v0x63a28dc9b490_3842 .array/port v0x63a28dc9b490, 3842;
E_0x63a28dcbf3d0/960 .event anyedge, v0x63a28dc9b490_3839, v0x63a28dc9b490_3840, v0x63a28dc9b490_3841, v0x63a28dc9b490_3842;
v0x63a28dc9b490_3843 .array/port v0x63a28dc9b490, 3843;
v0x63a28dc9b490_3844 .array/port v0x63a28dc9b490, 3844;
v0x63a28dc9b490_3845 .array/port v0x63a28dc9b490, 3845;
v0x63a28dc9b490_3846 .array/port v0x63a28dc9b490, 3846;
E_0x63a28dcbf3d0/961 .event anyedge, v0x63a28dc9b490_3843, v0x63a28dc9b490_3844, v0x63a28dc9b490_3845, v0x63a28dc9b490_3846;
v0x63a28dc9b490_3847 .array/port v0x63a28dc9b490, 3847;
v0x63a28dc9b490_3848 .array/port v0x63a28dc9b490, 3848;
v0x63a28dc9b490_3849 .array/port v0x63a28dc9b490, 3849;
v0x63a28dc9b490_3850 .array/port v0x63a28dc9b490, 3850;
E_0x63a28dcbf3d0/962 .event anyedge, v0x63a28dc9b490_3847, v0x63a28dc9b490_3848, v0x63a28dc9b490_3849, v0x63a28dc9b490_3850;
v0x63a28dc9b490_3851 .array/port v0x63a28dc9b490, 3851;
v0x63a28dc9b490_3852 .array/port v0x63a28dc9b490, 3852;
v0x63a28dc9b490_3853 .array/port v0x63a28dc9b490, 3853;
v0x63a28dc9b490_3854 .array/port v0x63a28dc9b490, 3854;
E_0x63a28dcbf3d0/963 .event anyedge, v0x63a28dc9b490_3851, v0x63a28dc9b490_3852, v0x63a28dc9b490_3853, v0x63a28dc9b490_3854;
v0x63a28dc9b490_3855 .array/port v0x63a28dc9b490, 3855;
v0x63a28dc9b490_3856 .array/port v0x63a28dc9b490, 3856;
v0x63a28dc9b490_3857 .array/port v0x63a28dc9b490, 3857;
v0x63a28dc9b490_3858 .array/port v0x63a28dc9b490, 3858;
E_0x63a28dcbf3d0/964 .event anyedge, v0x63a28dc9b490_3855, v0x63a28dc9b490_3856, v0x63a28dc9b490_3857, v0x63a28dc9b490_3858;
v0x63a28dc9b490_3859 .array/port v0x63a28dc9b490, 3859;
v0x63a28dc9b490_3860 .array/port v0x63a28dc9b490, 3860;
v0x63a28dc9b490_3861 .array/port v0x63a28dc9b490, 3861;
v0x63a28dc9b490_3862 .array/port v0x63a28dc9b490, 3862;
E_0x63a28dcbf3d0/965 .event anyedge, v0x63a28dc9b490_3859, v0x63a28dc9b490_3860, v0x63a28dc9b490_3861, v0x63a28dc9b490_3862;
v0x63a28dc9b490_3863 .array/port v0x63a28dc9b490, 3863;
v0x63a28dc9b490_3864 .array/port v0x63a28dc9b490, 3864;
v0x63a28dc9b490_3865 .array/port v0x63a28dc9b490, 3865;
v0x63a28dc9b490_3866 .array/port v0x63a28dc9b490, 3866;
E_0x63a28dcbf3d0/966 .event anyedge, v0x63a28dc9b490_3863, v0x63a28dc9b490_3864, v0x63a28dc9b490_3865, v0x63a28dc9b490_3866;
v0x63a28dc9b490_3867 .array/port v0x63a28dc9b490, 3867;
v0x63a28dc9b490_3868 .array/port v0x63a28dc9b490, 3868;
v0x63a28dc9b490_3869 .array/port v0x63a28dc9b490, 3869;
v0x63a28dc9b490_3870 .array/port v0x63a28dc9b490, 3870;
E_0x63a28dcbf3d0/967 .event anyedge, v0x63a28dc9b490_3867, v0x63a28dc9b490_3868, v0x63a28dc9b490_3869, v0x63a28dc9b490_3870;
v0x63a28dc9b490_3871 .array/port v0x63a28dc9b490, 3871;
v0x63a28dc9b490_3872 .array/port v0x63a28dc9b490, 3872;
v0x63a28dc9b490_3873 .array/port v0x63a28dc9b490, 3873;
v0x63a28dc9b490_3874 .array/port v0x63a28dc9b490, 3874;
E_0x63a28dcbf3d0/968 .event anyedge, v0x63a28dc9b490_3871, v0x63a28dc9b490_3872, v0x63a28dc9b490_3873, v0x63a28dc9b490_3874;
v0x63a28dc9b490_3875 .array/port v0x63a28dc9b490, 3875;
v0x63a28dc9b490_3876 .array/port v0x63a28dc9b490, 3876;
v0x63a28dc9b490_3877 .array/port v0x63a28dc9b490, 3877;
v0x63a28dc9b490_3878 .array/port v0x63a28dc9b490, 3878;
E_0x63a28dcbf3d0/969 .event anyedge, v0x63a28dc9b490_3875, v0x63a28dc9b490_3876, v0x63a28dc9b490_3877, v0x63a28dc9b490_3878;
v0x63a28dc9b490_3879 .array/port v0x63a28dc9b490, 3879;
v0x63a28dc9b490_3880 .array/port v0x63a28dc9b490, 3880;
v0x63a28dc9b490_3881 .array/port v0x63a28dc9b490, 3881;
v0x63a28dc9b490_3882 .array/port v0x63a28dc9b490, 3882;
E_0x63a28dcbf3d0/970 .event anyedge, v0x63a28dc9b490_3879, v0x63a28dc9b490_3880, v0x63a28dc9b490_3881, v0x63a28dc9b490_3882;
v0x63a28dc9b490_3883 .array/port v0x63a28dc9b490, 3883;
v0x63a28dc9b490_3884 .array/port v0x63a28dc9b490, 3884;
v0x63a28dc9b490_3885 .array/port v0x63a28dc9b490, 3885;
v0x63a28dc9b490_3886 .array/port v0x63a28dc9b490, 3886;
E_0x63a28dcbf3d0/971 .event anyedge, v0x63a28dc9b490_3883, v0x63a28dc9b490_3884, v0x63a28dc9b490_3885, v0x63a28dc9b490_3886;
v0x63a28dc9b490_3887 .array/port v0x63a28dc9b490, 3887;
v0x63a28dc9b490_3888 .array/port v0x63a28dc9b490, 3888;
v0x63a28dc9b490_3889 .array/port v0x63a28dc9b490, 3889;
v0x63a28dc9b490_3890 .array/port v0x63a28dc9b490, 3890;
E_0x63a28dcbf3d0/972 .event anyedge, v0x63a28dc9b490_3887, v0x63a28dc9b490_3888, v0x63a28dc9b490_3889, v0x63a28dc9b490_3890;
v0x63a28dc9b490_3891 .array/port v0x63a28dc9b490, 3891;
v0x63a28dc9b490_3892 .array/port v0x63a28dc9b490, 3892;
v0x63a28dc9b490_3893 .array/port v0x63a28dc9b490, 3893;
v0x63a28dc9b490_3894 .array/port v0x63a28dc9b490, 3894;
E_0x63a28dcbf3d0/973 .event anyedge, v0x63a28dc9b490_3891, v0x63a28dc9b490_3892, v0x63a28dc9b490_3893, v0x63a28dc9b490_3894;
v0x63a28dc9b490_3895 .array/port v0x63a28dc9b490, 3895;
v0x63a28dc9b490_3896 .array/port v0x63a28dc9b490, 3896;
v0x63a28dc9b490_3897 .array/port v0x63a28dc9b490, 3897;
v0x63a28dc9b490_3898 .array/port v0x63a28dc9b490, 3898;
E_0x63a28dcbf3d0/974 .event anyedge, v0x63a28dc9b490_3895, v0x63a28dc9b490_3896, v0x63a28dc9b490_3897, v0x63a28dc9b490_3898;
v0x63a28dc9b490_3899 .array/port v0x63a28dc9b490, 3899;
v0x63a28dc9b490_3900 .array/port v0x63a28dc9b490, 3900;
v0x63a28dc9b490_3901 .array/port v0x63a28dc9b490, 3901;
v0x63a28dc9b490_3902 .array/port v0x63a28dc9b490, 3902;
E_0x63a28dcbf3d0/975 .event anyedge, v0x63a28dc9b490_3899, v0x63a28dc9b490_3900, v0x63a28dc9b490_3901, v0x63a28dc9b490_3902;
v0x63a28dc9b490_3903 .array/port v0x63a28dc9b490, 3903;
v0x63a28dc9b490_3904 .array/port v0x63a28dc9b490, 3904;
v0x63a28dc9b490_3905 .array/port v0x63a28dc9b490, 3905;
v0x63a28dc9b490_3906 .array/port v0x63a28dc9b490, 3906;
E_0x63a28dcbf3d0/976 .event anyedge, v0x63a28dc9b490_3903, v0x63a28dc9b490_3904, v0x63a28dc9b490_3905, v0x63a28dc9b490_3906;
v0x63a28dc9b490_3907 .array/port v0x63a28dc9b490, 3907;
v0x63a28dc9b490_3908 .array/port v0x63a28dc9b490, 3908;
v0x63a28dc9b490_3909 .array/port v0x63a28dc9b490, 3909;
v0x63a28dc9b490_3910 .array/port v0x63a28dc9b490, 3910;
E_0x63a28dcbf3d0/977 .event anyedge, v0x63a28dc9b490_3907, v0x63a28dc9b490_3908, v0x63a28dc9b490_3909, v0x63a28dc9b490_3910;
v0x63a28dc9b490_3911 .array/port v0x63a28dc9b490, 3911;
v0x63a28dc9b490_3912 .array/port v0x63a28dc9b490, 3912;
v0x63a28dc9b490_3913 .array/port v0x63a28dc9b490, 3913;
v0x63a28dc9b490_3914 .array/port v0x63a28dc9b490, 3914;
E_0x63a28dcbf3d0/978 .event anyedge, v0x63a28dc9b490_3911, v0x63a28dc9b490_3912, v0x63a28dc9b490_3913, v0x63a28dc9b490_3914;
v0x63a28dc9b490_3915 .array/port v0x63a28dc9b490, 3915;
v0x63a28dc9b490_3916 .array/port v0x63a28dc9b490, 3916;
v0x63a28dc9b490_3917 .array/port v0x63a28dc9b490, 3917;
v0x63a28dc9b490_3918 .array/port v0x63a28dc9b490, 3918;
E_0x63a28dcbf3d0/979 .event anyedge, v0x63a28dc9b490_3915, v0x63a28dc9b490_3916, v0x63a28dc9b490_3917, v0x63a28dc9b490_3918;
v0x63a28dc9b490_3919 .array/port v0x63a28dc9b490, 3919;
v0x63a28dc9b490_3920 .array/port v0x63a28dc9b490, 3920;
v0x63a28dc9b490_3921 .array/port v0x63a28dc9b490, 3921;
v0x63a28dc9b490_3922 .array/port v0x63a28dc9b490, 3922;
E_0x63a28dcbf3d0/980 .event anyedge, v0x63a28dc9b490_3919, v0x63a28dc9b490_3920, v0x63a28dc9b490_3921, v0x63a28dc9b490_3922;
v0x63a28dc9b490_3923 .array/port v0x63a28dc9b490, 3923;
v0x63a28dc9b490_3924 .array/port v0x63a28dc9b490, 3924;
v0x63a28dc9b490_3925 .array/port v0x63a28dc9b490, 3925;
v0x63a28dc9b490_3926 .array/port v0x63a28dc9b490, 3926;
E_0x63a28dcbf3d0/981 .event anyedge, v0x63a28dc9b490_3923, v0x63a28dc9b490_3924, v0x63a28dc9b490_3925, v0x63a28dc9b490_3926;
v0x63a28dc9b490_3927 .array/port v0x63a28dc9b490, 3927;
v0x63a28dc9b490_3928 .array/port v0x63a28dc9b490, 3928;
v0x63a28dc9b490_3929 .array/port v0x63a28dc9b490, 3929;
v0x63a28dc9b490_3930 .array/port v0x63a28dc9b490, 3930;
E_0x63a28dcbf3d0/982 .event anyedge, v0x63a28dc9b490_3927, v0x63a28dc9b490_3928, v0x63a28dc9b490_3929, v0x63a28dc9b490_3930;
v0x63a28dc9b490_3931 .array/port v0x63a28dc9b490, 3931;
v0x63a28dc9b490_3932 .array/port v0x63a28dc9b490, 3932;
v0x63a28dc9b490_3933 .array/port v0x63a28dc9b490, 3933;
v0x63a28dc9b490_3934 .array/port v0x63a28dc9b490, 3934;
E_0x63a28dcbf3d0/983 .event anyedge, v0x63a28dc9b490_3931, v0x63a28dc9b490_3932, v0x63a28dc9b490_3933, v0x63a28dc9b490_3934;
v0x63a28dc9b490_3935 .array/port v0x63a28dc9b490, 3935;
v0x63a28dc9b490_3936 .array/port v0x63a28dc9b490, 3936;
v0x63a28dc9b490_3937 .array/port v0x63a28dc9b490, 3937;
v0x63a28dc9b490_3938 .array/port v0x63a28dc9b490, 3938;
E_0x63a28dcbf3d0/984 .event anyedge, v0x63a28dc9b490_3935, v0x63a28dc9b490_3936, v0x63a28dc9b490_3937, v0x63a28dc9b490_3938;
v0x63a28dc9b490_3939 .array/port v0x63a28dc9b490, 3939;
v0x63a28dc9b490_3940 .array/port v0x63a28dc9b490, 3940;
v0x63a28dc9b490_3941 .array/port v0x63a28dc9b490, 3941;
v0x63a28dc9b490_3942 .array/port v0x63a28dc9b490, 3942;
E_0x63a28dcbf3d0/985 .event anyedge, v0x63a28dc9b490_3939, v0x63a28dc9b490_3940, v0x63a28dc9b490_3941, v0x63a28dc9b490_3942;
v0x63a28dc9b490_3943 .array/port v0x63a28dc9b490, 3943;
v0x63a28dc9b490_3944 .array/port v0x63a28dc9b490, 3944;
v0x63a28dc9b490_3945 .array/port v0x63a28dc9b490, 3945;
v0x63a28dc9b490_3946 .array/port v0x63a28dc9b490, 3946;
E_0x63a28dcbf3d0/986 .event anyedge, v0x63a28dc9b490_3943, v0x63a28dc9b490_3944, v0x63a28dc9b490_3945, v0x63a28dc9b490_3946;
v0x63a28dc9b490_3947 .array/port v0x63a28dc9b490, 3947;
v0x63a28dc9b490_3948 .array/port v0x63a28dc9b490, 3948;
v0x63a28dc9b490_3949 .array/port v0x63a28dc9b490, 3949;
v0x63a28dc9b490_3950 .array/port v0x63a28dc9b490, 3950;
E_0x63a28dcbf3d0/987 .event anyedge, v0x63a28dc9b490_3947, v0x63a28dc9b490_3948, v0x63a28dc9b490_3949, v0x63a28dc9b490_3950;
v0x63a28dc9b490_3951 .array/port v0x63a28dc9b490, 3951;
v0x63a28dc9b490_3952 .array/port v0x63a28dc9b490, 3952;
v0x63a28dc9b490_3953 .array/port v0x63a28dc9b490, 3953;
v0x63a28dc9b490_3954 .array/port v0x63a28dc9b490, 3954;
E_0x63a28dcbf3d0/988 .event anyedge, v0x63a28dc9b490_3951, v0x63a28dc9b490_3952, v0x63a28dc9b490_3953, v0x63a28dc9b490_3954;
v0x63a28dc9b490_3955 .array/port v0x63a28dc9b490, 3955;
v0x63a28dc9b490_3956 .array/port v0x63a28dc9b490, 3956;
v0x63a28dc9b490_3957 .array/port v0x63a28dc9b490, 3957;
v0x63a28dc9b490_3958 .array/port v0x63a28dc9b490, 3958;
E_0x63a28dcbf3d0/989 .event anyedge, v0x63a28dc9b490_3955, v0x63a28dc9b490_3956, v0x63a28dc9b490_3957, v0x63a28dc9b490_3958;
v0x63a28dc9b490_3959 .array/port v0x63a28dc9b490, 3959;
v0x63a28dc9b490_3960 .array/port v0x63a28dc9b490, 3960;
v0x63a28dc9b490_3961 .array/port v0x63a28dc9b490, 3961;
v0x63a28dc9b490_3962 .array/port v0x63a28dc9b490, 3962;
E_0x63a28dcbf3d0/990 .event anyedge, v0x63a28dc9b490_3959, v0x63a28dc9b490_3960, v0x63a28dc9b490_3961, v0x63a28dc9b490_3962;
v0x63a28dc9b490_3963 .array/port v0x63a28dc9b490, 3963;
v0x63a28dc9b490_3964 .array/port v0x63a28dc9b490, 3964;
v0x63a28dc9b490_3965 .array/port v0x63a28dc9b490, 3965;
v0x63a28dc9b490_3966 .array/port v0x63a28dc9b490, 3966;
E_0x63a28dcbf3d0/991 .event anyedge, v0x63a28dc9b490_3963, v0x63a28dc9b490_3964, v0x63a28dc9b490_3965, v0x63a28dc9b490_3966;
v0x63a28dc9b490_3967 .array/port v0x63a28dc9b490, 3967;
v0x63a28dc9b490_3968 .array/port v0x63a28dc9b490, 3968;
v0x63a28dc9b490_3969 .array/port v0x63a28dc9b490, 3969;
v0x63a28dc9b490_3970 .array/port v0x63a28dc9b490, 3970;
E_0x63a28dcbf3d0/992 .event anyedge, v0x63a28dc9b490_3967, v0x63a28dc9b490_3968, v0x63a28dc9b490_3969, v0x63a28dc9b490_3970;
v0x63a28dc9b490_3971 .array/port v0x63a28dc9b490, 3971;
v0x63a28dc9b490_3972 .array/port v0x63a28dc9b490, 3972;
v0x63a28dc9b490_3973 .array/port v0x63a28dc9b490, 3973;
v0x63a28dc9b490_3974 .array/port v0x63a28dc9b490, 3974;
E_0x63a28dcbf3d0/993 .event anyedge, v0x63a28dc9b490_3971, v0x63a28dc9b490_3972, v0x63a28dc9b490_3973, v0x63a28dc9b490_3974;
v0x63a28dc9b490_3975 .array/port v0x63a28dc9b490, 3975;
v0x63a28dc9b490_3976 .array/port v0x63a28dc9b490, 3976;
v0x63a28dc9b490_3977 .array/port v0x63a28dc9b490, 3977;
v0x63a28dc9b490_3978 .array/port v0x63a28dc9b490, 3978;
E_0x63a28dcbf3d0/994 .event anyedge, v0x63a28dc9b490_3975, v0x63a28dc9b490_3976, v0x63a28dc9b490_3977, v0x63a28dc9b490_3978;
v0x63a28dc9b490_3979 .array/port v0x63a28dc9b490, 3979;
v0x63a28dc9b490_3980 .array/port v0x63a28dc9b490, 3980;
v0x63a28dc9b490_3981 .array/port v0x63a28dc9b490, 3981;
v0x63a28dc9b490_3982 .array/port v0x63a28dc9b490, 3982;
E_0x63a28dcbf3d0/995 .event anyedge, v0x63a28dc9b490_3979, v0x63a28dc9b490_3980, v0x63a28dc9b490_3981, v0x63a28dc9b490_3982;
v0x63a28dc9b490_3983 .array/port v0x63a28dc9b490, 3983;
v0x63a28dc9b490_3984 .array/port v0x63a28dc9b490, 3984;
v0x63a28dc9b490_3985 .array/port v0x63a28dc9b490, 3985;
v0x63a28dc9b490_3986 .array/port v0x63a28dc9b490, 3986;
E_0x63a28dcbf3d0/996 .event anyedge, v0x63a28dc9b490_3983, v0x63a28dc9b490_3984, v0x63a28dc9b490_3985, v0x63a28dc9b490_3986;
v0x63a28dc9b490_3987 .array/port v0x63a28dc9b490, 3987;
v0x63a28dc9b490_3988 .array/port v0x63a28dc9b490, 3988;
v0x63a28dc9b490_3989 .array/port v0x63a28dc9b490, 3989;
v0x63a28dc9b490_3990 .array/port v0x63a28dc9b490, 3990;
E_0x63a28dcbf3d0/997 .event anyedge, v0x63a28dc9b490_3987, v0x63a28dc9b490_3988, v0x63a28dc9b490_3989, v0x63a28dc9b490_3990;
v0x63a28dc9b490_3991 .array/port v0x63a28dc9b490, 3991;
v0x63a28dc9b490_3992 .array/port v0x63a28dc9b490, 3992;
v0x63a28dc9b490_3993 .array/port v0x63a28dc9b490, 3993;
v0x63a28dc9b490_3994 .array/port v0x63a28dc9b490, 3994;
E_0x63a28dcbf3d0/998 .event anyedge, v0x63a28dc9b490_3991, v0x63a28dc9b490_3992, v0x63a28dc9b490_3993, v0x63a28dc9b490_3994;
v0x63a28dc9b490_3995 .array/port v0x63a28dc9b490, 3995;
v0x63a28dc9b490_3996 .array/port v0x63a28dc9b490, 3996;
v0x63a28dc9b490_3997 .array/port v0x63a28dc9b490, 3997;
v0x63a28dc9b490_3998 .array/port v0x63a28dc9b490, 3998;
E_0x63a28dcbf3d0/999 .event anyedge, v0x63a28dc9b490_3995, v0x63a28dc9b490_3996, v0x63a28dc9b490_3997, v0x63a28dc9b490_3998;
v0x63a28dc9b490_3999 .array/port v0x63a28dc9b490, 3999;
v0x63a28dc9b490_4000 .array/port v0x63a28dc9b490, 4000;
v0x63a28dc9b490_4001 .array/port v0x63a28dc9b490, 4001;
v0x63a28dc9b490_4002 .array/port v0x63a28dc9b490, 4002;
E_0x63a28dcbf3d0/1000 .event anyedge, v0x63a28dc9b490_3999, v0x63a28dc9b490_4000, v0x63a28dc9b490_4001, v0x63a28dc9b490_4002;
v0x63a28dc9b490_4003 .array/port v0x63a28dc9b490, 4003;
v0x63a28dc9b490_4004 .array/port v0x63a28dc9b490, 4004;
v0x63a28dc9b490_4005 .array/port v0x63a28dc9b490, 4005;
v0x63a28dc9b490_4006 .array/port v0x63a28dc9b490, 4006;
E_0x63a28dcbf3d0/1001 .event anyedge, v0x63a28dc9b490_4003, v0x63a28dc9b490_4004, v0x63a28dc9b490_4005, v0x63a28dc9b490_4006;
v0x63a28dc9b490_4007 .array/port v0x63a28dc9b490, 4007;
v0x63a28dc9b490_4008 .array/port v0x63a28dc9b490, 4008;
v0x63a28dc9b490_4009 .array/port v0x63a28dc9b490, 4009;
v0x63a28dc9b490_4010 .array/port v0x63a28dc9b490, 4010;
E_0x63a28dcbf3d0/1002 .event anyedge, v0x63a28dc9b490_4007, v0x63a28dc9b490_4008, v0x63a28dc9b490_4009, v0x63a28dc9b490_4010;
v0x63a28dc9b490_4011 .array/port v0x63a28dc9b490, 4011;
v0x63a28dc9b490_4012 .array/port v0x63a28dc9b490, 4012;
v0x63a28dc9b490_4013 .array/port v0x63a28dc9b490, 4013;
v0x63a28dc9b490_4014 .array/port v0x63a28dc9b490, 4014;
E_0x63a28dcbf3d0/1003 .event anyedge, v0x63a28dc9b490_4011, v0x63a28dc9b490_4012, v0x63a28dc9b490_4013, v0x63a28dc9b490_4014;
v0x63a28dc9b490_4015 .array/port v0x63a28dc9b490, 4015;
v0x63a28dc9b490_4016 .array/port v0x63a28dc9b490, 4016;
v0x63a28dc9b490_4017 .array/port v0x63a28dc9b490, 4017;
v0x63a28dc9b490_4018 .array/port v0x63a28dc9b490, 4018;
E_0x63a28dcbf3d0/1004 .event anyedge, v0x63a28dc9b490_4015, v0x63a28dc9b490_4016, v0x63a28dc9b490_4017, v0x63a28dc9b490_4018;
v0x63a28dc9b490_4019 .array/port v0x63a28dc9b490, 4019;
v0x63a28dc9b490_4020 .array/port v0x63a28dc9b490, 4020;
v0x63a28dc9b490_4021 .array/port v0x63a28dc9b490, 4021;
v0x63a28dc9b490_4022 .array/port v0x63a28dc9b490, 4022;
E_0x63a28dcbf3d0/1005 .event anyedge, v0x63a28dc9b490_4019, v0x63a28dc9b490_4020, v0x63a28dc9b490_4021, v0x63a28dc9b490_4022;
v0x63a28dc9b490_4023 .array/port v0x63a28dc9b490, 4023;
v0x63a28dc9b490_4024 .array/port v0x63a28dc9b490, 4024;
v0x63a28dc9b490_4025 .array/port v0x63a28dc9b490, 4025;
v0x63a28dc9b490_4026 .array/port v0x63a28dc9b490, 4026;
E_0x63a28dcbf3d0/1006 .event anyedge, v0x63a28dc9b490_4023, v0x63a28dc9b490_4024, v0x63a28dc9b490_4025, v0x63a28dc9b490_4026;
v0x63a28dc9b490_4027 .array/port v0x63a28dc9b490, 4027;
v0x63a28dc9b490_4028 .array/port v0x63a28dc9b490, 4028;
v0x63a28dc9b490_4029 .array/port v0x63a28dc9b490, 4029;
v0x63a28dc9b490_4030 .array/port v0x63a28dc9b490, 4030;
E_0x63a28dcbf3d0/1007 .event anyedge, v0x63a28dc9b490_4027, v0x63a28dc9b490_4028, v0x63a28dc9b490_4029, v0x63a28dc9b490_4030;
v0x63a28dc9b490_4031 .array/port v0x63a28dc9b490, 4031;
v0x63a28dc9b490_4032 .array/port v0x63a28dc9b490, 4032;
v0x63a28dc9b490_4033 .array/port v0x63a28dc9b490, 4033;
v0x63a28dc9b490_4034 .array/port v0x63a28dc9b490, 4034;
E_0x63a28dcbf3d0/1008 .event anyedge, v0x63a28dc9b490_4031, v0x63a28dc9b490_4032, v0x63a28dc9b490_4033, v0x63a28dc9b490_4034;
v0x63a28dc9b490_4035 .array/port v0x63a28dc9b490, 4035;
v0x63a28dc9b490_4036 .array/port v0x63a28dc9b490, 4036;
v0x63a28dc9b490_4037 .array/port v0x63a28dc9b490, 4037;
v0x63a28dc9b490_4038 .array/port v0x63a28dc9b490, 4038;
E_0x63a28dcbf3d0/1009 .event anyedge, v0x63a28dc9b490_4035, v0x63a28dc9b490_4036, v0x63a28dc9b490_4037, v0x63a28dc9b490_4038;
v0x63a28dc9b490_4039 .array/port v0x63a28dc9b490, 4039;
v0x63a28dc9b490_4040 .array/port v0x63a28dc9b490, 4040;
v0x63a28dc9b490_4041 .array/port v0x63a28dc9b490, 4041;
v0x63a28dc9b490_4042 .array/port v0x63a28dc9b490, 4042;
E_0x63a28dcbf3d0/1010 .event anyedge, v0x63a28dc9b490_4039, v0x63a28dc9b490_4040, v0x63a28dc9b490_4041, v0x63a28dc9b490_4042;
v0x63a28dc9b490_4043 .array/port v0x63a28dc9b490, 4043;
v0x63a28dc9b490_4044 .array/port v0x63a28dc9b490, 4044;
v0x63a28dc9b490_4045 .array/port v0x63a28dc9b490, 4045;
v0x63a28dc9b490_4046 .array/port v0x63a28dc9b490, 4046;
E_0x63a28dcbf3d0/1011 .event anyedge, v0x63a28dc9b490_4043, v0x63a28dc9b490_4044, v0x63a28dc9b490_4045, v0x63a28dc9b490_4046;
v0x63a28dc9b490_4047 .array/port v0x63a28dc9b490, 4047;
v0x63a28dc9b490_4048 .array/port v0x63a28dc9b490, 4048;
v0x63a28dc9b490_4049 .array/port v0x63a28dc9b490, 4049;
v0x63a28dc9b490_4050 .array/port v0x63a28dc9b490, 4050;
E_0x63a28dcbf3d0/1012 .event anyedge, v0x63a28dc9b490_4047, v0x63a28dc9b490_4048, v0x63a28dc9b490_4049, v0x63a28dc9b490_4050;
v0x63a28dc9b490_4051 .array/port v0x63a28dc9b490, 4051;
v0x63a28dc9b490_4052 .array/port v0x63a28dc9b490, 4052;
v0x63a28dc9b490_4053 .array/port v0x63a28dc9b490, 4053;
v0x63a28dc9b490_4054 .array/port v0x63a28dc9b490, 4054;
E_0x63a28dcbf3d0/1013 .event anyedge, v0x63a28dc9b490_4051, v0x63a28dc9b490_4052, v0x63a28dc9b490_4053, v0x63a28dc9b490_4054;
v0x63a28dc9b490_4055 .array/port v0x63a28dc9b490, 4055;
v0x63a28dc9b490_4056 .array/port v0x63a28dc9b490, 4056;
v0x63a28dc9b490_4057 .array/port v0x63a28dc9b490, 4057;
v0x63a28dc9b490_4058 .array/port v0x63a28dc9b490, 4058;
E_0x63a28dcbf3d0/1014 .event anyedge, v0x63a28dc9b490_4055, v0x63a28dc9b490_4056, v0x63a28dc9b490_4057, v0x63a28dc9b490_4058;
v0x63a28dc9b490_4059 .array/port v0x63a28dc9b490, 4059;
v0x63a28dc9b490_4060 .array/port v0x63a28dc9b490, 4060;
v0x63a28dc9b490_4061 .array/port v0x63a28dc9b490, 4061;
v0x63a28dc9b490_4062 .array/port v0x63a28dc9b490, 4062;
E_0x63a28dcbf3d0/1015 .event anyedge, v0x63a28dc9b490_4059, v0x63a28dc9b490_4060, v0x63a28dc9b490_4061, v0x63a28dc9b490_4062;
v0x63a28dc9b490_4063 .array/port v0x63a28dc9b490, 4063;
v0x63a28dc9b490_4064 .array/port v0x63a28dc9b490, 4064;
v0x63a28dc9b490_4065 .array/port v0x63a28dc9b490, 4065;
v0x63a28dc9b490_4066 .array/port v0x63a28dc9b490, 4066;
E_0x63a28dcbf3d0/1016 .event anyedge, v0x63a28dc9b490_4063, v0x63a28dc9b490_4064, v0x63a28dc9b490_4065, v0x63a28dc9b490_4066;
v0x63a28dc9b490_4067 .array/port v0x63a28dc9b490, 4067;
v0x63a28dc9b490_4068 .array/port v0x63a28dc9b490, 4068;
v0x63a28dc9b490_4069 .array/port v0x63a28dc9b490, 4069;
v0x63a28dc9b490_4070 .array/port v0x63a28dc9b490, 4070;
E_0x63a28dcbf3d0/1017 .event anyedge, v0x63a28dc9b490_4067, v0x63a28dc9b490_4068, v0x63a28dc9b490_4069, v0x63a28dc9b490_4070;
v0x63a28dc9b490_4071 .array/port v0x63a28dc9b490, 4071;
v0x63a28dc9b490_4072 .array/port v0x63a28dc9b490, 4072;
v0x63a28dc9b490_4073 .array/port v0x63a28dc9b490, 4073;
v0x63a28dc9b490_4074 .array/port v0x63a28dc9b490, 4074;
E_0x63a28dcbf3d0/1018 .event anyedge, v0x63a28dc9b490_4071, v0x63a28dc9b490_4072, v0x63a28dc9b490_4073, v0x63a28dc9b490_4074;
v0x63a28dc9b490_4075 .array/port v0x63a28dc9b490, 4075;
v0x63a28dc9b490_4076 .array/port v0x63a28dc9b490, 4076;
v0x63a28dc9b490_4077 .array/port v0x63a28dc9b490, 4077;
v0x63a28dc9b490_4078 .array/port v0x63a28dc9b490, 4078;
E_0x63a28dcbf3d0/1019 .event anyedge, v0x63a28dc9b490_4075, v0x63a28dc9b490_4076, v0x63a28dc9b490_4077, v0x63a28dc9b490_4078;
v0x63a28dc9b490_4079 .array/port v0x63a28dc9b490, 4079;
v0x63a28dc9b490_4080 .array/port v0x63a28dc9b490, 4080;
v0x63a28dc9b490_4081 .array/port v0x63a28dc9b490, 4081;
v0x63a28dc9b490_4082 .array/port v0x63a28dc9b490, 4082;
E_0x63a28dcbf3d0/1020 .event anyedge, v0x63a28dc9b490_4079, v0x63a28dc9b490_4080, v0x63a28dc9b490_4081, v0x63a28dc9b490_4082;
v0x63a28dc9b490_4083 .array/port v0x63a28dc9b490, 4083;
v0x63a28dc9b490_4084 .array/port v0x63a28dc9b490, 4084;
v0x63a28dc9b490_4085 .array/port v0x63a28dc9b490, 4085;
v0x63a28dc9b490_4086 .array/port v0x63a28dc9b490, 4086;
E_0x63a28dcbf3d0/1021 .event anyedge, v0x63a28dc9b490_4083, v0x63a28dc9b490_4084, v0x63a28dc9b490_4085, v0x63a28dc9b490_4086;
v0x63a28dc9b490_4087 .array/port v0x63a28dc9b490, 4087;
v0x63a28dc9b490_4088 .array/port v0x63a28dc9b490, 4088;
v0x63a28dc9b490_4089 .array/port v0x63a28dc9b490, 4089;
v0x63a28dc9b490_4090 .array/port v0x63a28dc9b490, 4090;
E_0x63a28dcbf3d0/1022 .event anyedge, v0x63a28dc9b490_4087, v0x63a28dc9b490_4088, v0x63a28dc9b490_4089, v0x63a28dc9b490_4090;
v0x63a28dc9b490_4091 .array/port v0x63a28dc9b490, 4091;
v0x63a28dc9b490_4092 .array/port v0x63a28dc9b490, 4092;
v0x63a28dc9b490_4093 .array/port v0x63a28dc9b490, 4093;
v0x63a28dc9b490_4094 .array/port v0x63a28dc9b490, 4094;
E_0x63a28dcbf3d0/1023 .event anyedge, v0x63a28dc9b490_4091, v0x63a28dc9b490_4092, v0x63a28dc9b490_4093, v0x63a28dc9b490_4094;
v0x63a28dc9b490_4095 .array/port v0x63a28dc9b490, 4095;
v0x63a28dc9b490_4096 .array/port v0x63a28dc9b490, 4096;
v0x63a28dc9b490_4097 .array/port v0x63a28dc9b490, 4097;
v0x63a28dc9b490_4098 .array/port v0x63a28dc9b490, 4098;
E_0x63a28dcbf3d0/1024 .event anyedge, v0x63a28dc9b490_4095, v0x63a28dc9b490_4096, v0x63a28dc9b490_4097, v0x63a28dc9b490_4098;
v0x63a28dc9b490_4099 .array/port v0x63a28dc9b490, 4099;
v0x63a28dc9b490_4100 .array/port v0x63a28dc9b490, 4100;
v0x63a28dc9b490_4101 .array/port v0x63a28dc9b490, 4101;
v0x63a28dc9b490_4102 .array/port v0x63a28dc9b490, 4102;
E_0x63a28dcbf3d0/1025 .event anyedge, v0x63a28dc9b490_4099, v0x63a28dc9b490_4100, v0x63a28dc9b490_4101, v0x63a28dc9b490_4102;
v0x63a28dc9b490_4103 .array/port v0x63a28dc9b490, 4103;
v0x63a28dc9b490_4104 .array/port v0x63a28dc9b490, 4104;
v0x63a28dc9b490_4105 .array/port v0x63a28dc9b490, 4105;
v0x63a28dc9b490_4106 .array/port v0x63a28dc9b490, 4106;
E_0x63a28dcbf3d0/1026 .event anyedge, v0x63a28dc9b490_4103, v0x63a28dc9b490_4104, v0x63a28dc9b490_4105, v0x63a28dc9b490_4106;
v0x63a28dc9b490_4107 .array/port v0x63a28dc9b490, 4107;
v0x63a28dc9b490_4108 .array/port v0x63a28dc9b490, 4108;
v0x63a28dc9b490_4109 .array/port v0x63a28dc9b490, 4109;
v0x63a28dc9b490_4110 .array/port v0x63a28dc9b490, 4110;
E_0x63a28dcbf3d0/1027 .event anyedge, v0x63a28dc9b490_4107, v0x63a28dc9b490_4108, v0x63a28dc9b490_4109, v0x63a28dc9b490_4110;
v0x63a28dc9b490_4111 .array/port v0x63a28dc9b490, 4111;
v0x63a28dc9b490_4112 .array/port v0x63a28dc9b490, 4112;
v0x63a28dc9b490_4113 .array/port v0x63a28dc9b490, 4113;
v0x63a28dc9b490_4114 .array/port v0x63a28dc9b490, 4114;
E_0x63a28dcbf3d0/1028 .event anyedge, v0x63a28dc9b490_4111, v0x63a28dc9b490_4112, v0x63a28dc9b490_4113, v0x63a28dc9b490_4114;
v0x63a28dc9b490_4115 .array/port v0x63a28dc9b490, 4115;
v0x63a28dc9b490_4116 .array/port v0x63a28dc9b490, 4116;
v0x63a28dc9b490_4117 .array/port v0x63a28dc9b490, 4117;
v0x63a28dc9b490_4118 .array/port v0x63a28dc9b490, 4118;
E_0x63a28dcbf3d0/1029 .event anyedge, v0x63a28dc9b490_4115, v0x63a28dc9b490_4116, v0x63a28dc9b490_4117, v0x63a28dc9b490_4118;
v0x63a28dc9b490_4119 .array/port v0x63a28dc9b490, 4119;
v0x63a28dc9b490_4120 .array/port v0x63a28dc9b490, 4120;
v0x63a28dc9b490_4121 .array/port v0x63a28dc9b490, 4121;
v0x63a28dc9b490_4122 .array/port v0x63a28dc9b490, 4122;
E_0x63a28dcbf3d0/1030 .event anyedge, v0x63a28dc9b490_4119, v0x63a28dc9b490_4120, v0x63a28dc9b490_4121, v0x63a28dc9b490_4122;
v0x63a28dc9b490_4123 .array/port v0x63a28dc9b490, 4123;
v0x63a28dc9b490_4124 .array/port v0x63a28dc9b490, 4124;
v0x63a28dc9b490_4125 .array/port v0x63a28dc9b490, 4125;
v0x63a28dc9b490_4126 .array/port v0x63a28dc9b490, 4126;
E_0x63a28dcbf3d0/1031 .event anyedge, v0x63a28dc9b490_4123, v0x63a28dc9b490_4124, v0x63a28dc9b490_4125, v0x63a28dc9b490_4126;
v0x63a28dc9b490_4127 .array/port v0x63a28dc9b490, 4127;
v0x63a28dc9b490_4128 .array/port v0x63a28dc9b490, 4128;
v0x63a28dc9b490_4129 .array/port v0x63a28dc9b490, 4129;
v0x63a28dc9b490_4130 .array/port v0x63a28dc9b490, 4130;
E_0x63a28dcbf3d0/1032 .event anyedge, v0x63a28dc9b490_4127, v0x63a28dc9b490_4128, v0x63a28dc9b490_4129, v0x63a28dc9b490_4130;
v0x63a28dc9b490_4131 .array/port v0x63a28dc9b490, 4131;
v0x63a28dc9b490_4132 .array/port v0x63a28dc9b490, 4132;
v0x63a28dc9b490_4133 .array/port v0x63a28dc9b490, 4133;
v0x63a28dc9b490_4134 .array/port v0x63a28dc9b490, 4134;
E_0x63a28dcbf3d0/1033 .event anyedge, v0x63a28dc9b490_4131, v0x63a28dc9b490_4132, v0x63a28dc9b490_4133, v0x63a28dc9b490_4134;
v0x63a28dc9b490_4135 .array/port v0x63a28dc9b490, 4135;
v0x63a28dc9b490_4136 .array/port v0x63a28dc9b490, 4136;
v0x63a28dc9b490_4137 .array/port v0x63a28dc9b490, 4137;
v0x63a28dc9b490_4138 .array/port v0x63a28dc9b490, 4138;
E_0x63a28dcbf3d0/1034 .event anyedge, v0x63a28dc9b490_4135, v0x63a28dc9b490_4136, v0x63a28dc9b490_4137, v0x63a28dc9b490_4138;
v0x63a28dc9b490_4139 .array/port v0x63a28dc9b490, 4139;
v0x63a28dc9b490_4140 .array/port v0x63a28dc9b490, 4140;
v0x63a28dc9b490_4141 .array/port v0x63a28dc9b490, 4141;
v0x63a28dc9b490_4142 .array/port v0x63a28dc9b490, 4142;
E_0x63a28dcbf3d0/1035 .event anyedge, v0x63a28dc9b490_4139, v0x63a28dc9b490_4140, v0x63a28dc9b490_4141, v0x63a28dc9b490_4142;
v0x63a28dc9b490_4143 .array/port v0x63a28dc9b490, 4143;
v0x63a28dc9b490_4144 .array/port v0x63a28dc9b490, 4144;
v0x63a28dc9b490_4145 .array/port v0x63a28dc9b490, 4145;
v0x63a28dc9b490_4146 .array/port v0x63a28dc9b490, 4146;
E_0x63a28dcbf3d0/1036 .event anyedge, v0x63a28dc9b490_4143, v0x63a28dc9b490_4144, v0x63a28dc9b490_4145, v0x63a28dc9b490_4146;
v0x63a28dc9b490_4147 .array/port v0x63a28dc9b490, 4147;
v0x63a28dc9b490_4148 .array/port v0x63a28dc9b490, 4148;
v0x63a28dc9b490_4149 .array/port v0x63a28dc9b490, 4149;
v0x63a28dc9b490_4150 .array/port v0x63a28dc9b490, 4150;
E_0x63a28dcbf3d0/1037 .event anyedge, v0x63a28dc9b490_4147, v0x63a28dc9b490_4148, v0x63a28dc9b490_4149, v0x63a28dc9b490_4150;
v0x63a28dc9b490_4151 .array/port v0x63a28dc9b490, 4151;
v0x63a28dc9b490_4152 .array/port v0x63a28dc9b490, 4152;
v0x63a28dc9b490_4153 .array/port v0x63a28dc9b490, 4153;
v0x63a28dc9b490_4154 .array/port v0x63a28dc9b490, 4154;
E_0x63a28dcbf3d0/1038 .event anyedge, v0x63a28dc9b490_4151, v0x63a28dc9b490_4152, v0x63a28dc9b490_4153, v0x63a28dc9b490_4154;
v0x63a28dc9b490_4155 .array/port v0x63a28dc9b490, 4155;
v0x63a28dc9b490_4156 .array/port v0x63a28dc9b490, 4156;
v0x63a28dc9b490_4157 .array/port v0x63a28dc9b490, 4157;
v0x63a28dc9b490_4158 .array/port v0x63a28dc9b490, 4158;
E_0x63a28dcbf3d0/1039 .event anyedge, v0x63a28dc9b490_4155, v0x63a28dc9b490_4156, v0x63a28dc9b490_4157, v0x63a28dc9b490_4158;
v0x63a28dc9b490_4159 .array/port v0x63a28dc9b490, 4159;
v0x63a28dc9b490_4160 .array/port v0x63a28dc9b490, 4160;
v0x63a28dc9b490_4161 .array/port v0x63a28dc9b490, 4161;
v0x63a28dc9b490_4162 .array/port v0x63a28dc9b490, 4162;
E_0x63a28dcbf3d0/1040 .event anyedge, v0x63a28dc9b490_4159, v0x63a28dc9b490_4160, v0x63a28dc9b490_4161, v0x63a28dc9b490_4162;
v0x63a28dc9b490_4163 .array/port v0x63a28dc9b490, 4163;
v0x63a28dc9b490_4164 .array/port v0x63a28dc9b490, 4164;
v0x63a28dc9b490_4165 .array/port v0x63a28dc9b490, 4165;
v0x63a28dc9b490_4166 .array/port v0x63a28dc9b490, 4166;
E_0x63a28dcbf3d0/1041 .event anyedge, v0x63a28dc9b490_4163, v0x63a28dc9b490_4164, v0x63a28dc9b490_4165, v0x63a28dc9b490_4166;
v0x63a28dc9b490_4167 .array/port v0x63a28dc9b490, 4167;
v0x63a28dc9b490_4168 .array/port v0x63a28dc9b490, 4168;
v0x63a28dc9b490_4169 .array/port v0x63a28dc9b490, 4169;
v0x63a28dc9b490_4170 .array/port v0x63a28dc9b490, 4170;
E_0x63a28dcbf3d0/1042 .event anyedge, v0x63a28dc9b490_4167, v0x63a28dc9b490_4168, v0x63a28dc9b490_4169, v0x63a28dc9b490_4170;
v0x63a28dc9b490_4171 .array/port v0x63a28dc9b490, 4171;
v0x63a28dc9b490_4172 .array/port v0x63a28dc9b490, 4172;
v0x63a28dc9b490_4173 .array/port v0x63a28dc9b490, 4173;
v0x63a28dc9b490_4174 .array/port v0x63a28dc9b490, 4174;
E_0x63a28dcbf3d0/1043 .event anyedge, v0x63a28dc9b490_4171, v0x63a28dc9b490_4172, v0x63a28dc9b490_4173, v0x63a28dc9b490_4174;
v0x63a28dc9b490_4175 .array/port v0x63a28dc9b490, 4175;
v0x63a28dc9b490_4176 .array/port v0x63a28dc9b490, 4176;
v0x63a28dc9b490_4177 .array/port v0x63a28dc9b490, 4177;
v0x63a28dc9b490_4178 .array/port v0x63a28dc9b490, 4178;
E_0x63a28dcbf3d0/1044 .event anyedge, v0x63a28dc9b490_4175, v0x63a28dc9b490_4176, v0x63a28dc9b490_4177, v0x63a28dc9b490_4178;
v0x63a28dc9b490_4179 .array/port v0x63a28dc9b490, 4179;
v0x63a28dc9b490_4180 .array/port v0x63a28dc9b490, 4180;
v0x63a28dc9b490_4181 .array/port v0x63a28dc9b490, 4181;
v0x63a28dc9b490_4182 .array/port v0x63a28dc9b490, 4182;
E_0x63a28dcbf3d0/1045 .event anyedge, v0x63a28dc9b490_4179, v0x63a28dc9b490_4180, v0x63a28dc9b490_4181, v0x63a28dc9b490_4182;
v0x63a28dc9b490_4183 .array/port v0x63a28dc9b490, 4183;
v0x63a28dc9b490_4184 .array/port v0x63a28dc9b490, 4184;
v0x63a28dc9b490_4185 .array/port v0x63a28dc9b490, 4185;
v0x63a28dc9b490_4186 .array/port v0x63a28dc9b490, 4186;
E_0x63a28dcbf3d0/1046 .event anyedge, v0x63a28dc9b490_4183, v0x63a28dc9b490_4184, v0x63a28dc9b490_4185, v0x63a28dc9b490_4186;
v0x63a28dc9b490_4187 .array/port v0x63a28dc9b490, 4187;
v0x63a28dc9b490_4188 .array/port v0x63a28dc9b490, 4188;
v0x63a28dc9b490_4189 .array/port v0x63a28dc9b490, 4189;
v0x63a28dc9b490_4190 .array/port v0x63a28dc9b490, 4190;
E_0x63a28dcbf3d0/1047 .event anyedge, v0x63a28dc9b490_4187, v0x63a28dc9b490_4188, v0x63a28dc9b490_4189, v0x63a28dc9b490_4190;
v0x63a28dc9b490_4191 .array/port v0x63a28dc9b490, 4191;
v0x63a28dc9b490_4192 .array/port v0x63a28dc9b490, 4192;
v0x63a28dc9b490_4193 .array/port v0x63a28dc9b490, 4193;
v0x63a28dc9b490_4194 .array/port v0x63a28dc9b490, 4194;
E_0x63a28dcbf3d0/1048 .event anyedge, v0x63a28dc9b490_4191, v0x63a28dc9b490_4192, v0x63a28dc9b490_4193, v0x63a28dc9b490_4194;
v0x63a28dc9b490_4195 .array/port v0x63a28dc9b490, 4195;
v0x63a28dc9b490_4196 .array/port v0x63a28dc9b490, 4196;
v0x63a28dc9b490_4197 .array/port v0x63a28dc9b490, 4197;
v0x63a28dc9b490_4198 .array/port v0x63a28dc9b490, 4198;
E_0x63a28dcbf3d0/1049 .event anyedge, v0x63a28dc9b490_4195, v0x63a28dc9b490_4196, v0x63a28dc9b490_4197, v0x63a28dc9b490_4198;
v0x63a28dc9b490_4199 .array/port v0x63a28dc9b490, 4199;
v0x63a28dc9b490_4200 .array/port v0x63a28dc9b490, 4200;
v0x63a28dc9b490_4201 .array/port v0x63a28dc9b490, 4201;
v0x63a28dc9b490_4202 .array/port v0x63a28dc9b490, 4202;
E_0x63a28dcbf3d0/1050 .event anyedge, v0x63a28dc9b490_4199, v0x63a28dc9b490_4200, v0x63a28dc9b490_4201, v0x63a28dc9b490_4202;
v0x63a28dc9b490_4203 .array/port v0x63a28dc9b490, 4203;
v0x63a28dc9b490_4204 .array/port v0x63a28dc9b490, 4204;
v0x63a28dc9b490_4205 .array/port v0x63a28dc9b490, 4205;
v0x63a28dc9b490_4206 .array/port v0x63a28dc9b490, 4206;
E_0x63a28dcbf3d0/1051 .event anyedge, v0x63a28dc9b490_4203, v0x63a28dc9b490_4204, v0x63a28dc9b490_4205, v0x63a28dc9b490_4206;
v0x63a28dc9b490_4207 .array/port v0x63a28dc9b490, 4207;
v0x63a28dc9b490_4208 .array/port v0x63a28dc9b490, 4208;
v0x63a28dc9b490_4209 .array/port v0x63a28dc9b490, 4209;
v0x63a28dc9b490_4210 .array/port v0x63a28dc9b490, 4210;
E_0x63a28dcbf3d0/1052 .event anyedge, v0x63a28dc9b490_4207, v0x63a28dc9b490_4208, v0x63a28dc9b490_4209, v0x63a28dc9b490_4210;
v0x63a28dc9b490_4211 .array/port v0x63a28dc9b490, 4211;
v0x63a28dc9b490_4212 .array/port v0x63a28dc9b490, 4212;
v0x63a28dc9b490_4213 .array/port v0x63a28dc9b490, 4213;
v0x63a28dc9b490_4214 .array/port v0x63a28dc9b490, 4214;
E_0x63a28dcbf3d0/1053 .event anyedge, v0x63a28dc9b490_4211, v0x63a28dc9b490_4212, v0x63a28dc9b490_4213, v0x63a28dc9b490_4214;
v0x63a28dc9b490_4215 .array/port v0x63a28dc9b490, 4215;
v0x63a28dc9b490_4216 .array/port v0x63a28dc9b490, 4216;
v0x63a28dc9b490_4217 .array/port v0x63a28dc9b490, 4217;
v0x63a28dc9b490_4218 .array/port v0x63a28dc9b490, 4218;
E_0x63a28dcbf3d0/1054 .event anyedge, v0x63a28dc9b490_4215, v0x63a28dc9b490_4216, v0x63a28dc9b490_4217, v0x63a28dc9b490_4218;
v0x63a28dc9b490_4219 .array/port v0x63a28dc9b490, 4219;
v0x63a28dc9b490_4220 .array/port v0x63a28dc9b490, 4220;
v0x63a28dc9b490_4221 .array/port v0x63a28dc9b490, 4221;
v0x63a28dc9b490_4222 .array/port v0x63a28dc9b490, 4222;
E_0x63a28dcbf3d0/1055 .event anyedge, v0x63a28dc9b490_4219, v0x63a28dc9b490_4220, v0x63a28dc9b490_4221, v0x63a28dc9b490_4222;
v0x63a28dc9b490_4223 .array/port v0x63a28dc9b490, 4223;
v0x63a28dc9b490_4224 .array/port v0x63a28dc9b490, 4224;
v0x63a28dc9b490_4225 .array/port v0x63a28dc9b490, 4225;
v0x63a28dc9b490_4226 .array/port v0x63a28dc9b490, 4226;
E_0x63a28dcbf3d0/1056 .event anyedge, v0x63a28dc9b490_4223, v0x63a28dc9b490_4224, v0x63a28dc9b490_4225, v0x63a28dc9b490_4226;
v0x63a28dc9b490_4227 .array/port v0x63a28dc9b490, 4227;
v0x63a28dc9b490_4228 .array/port v0x63a28dc9b490, 4228;
v0x63a28dc9b490_4229 .array/port v0x63a28dc9b490, 4229;
v0x63a28dc9b490_4230 .array/port v0x63a28dc9b490, 4230;
E_0x63a28dcbf3d0/1057 .event anyedge, v0x63a28dc9b490_4227, v0x63a28dc9b490_4228, v0x63a28dc9b490_4229, v0x63a28dc9b490_4230;
v0x63a28dc9b490_4231 .array/port v0x63a28dc9b490, 4231;
v0x63a28dc9b490_4232 .array/port v0x63a28dc9b490, 4232;
v0x63a28dc9b490_4233 .array/port v0x63a28dc9b490, 4233;
v0x63a28dc9b490_4234 .array/port v0x63a28dc9b490, 4234;
E_0x63a28dcbf3d0/1058 .event anyedge, v0x63a28dc9b490_4231, v0x63a28dc9b490_4232, v0x63a28dc9b490_4233, v0x63a28dc9b490_4234;
v0x63a28dc9b490_4235 .array/port v0x63a28dc9b490, 4235;
v0x63a28dc9b490_4236 .array/port v0x63a28dc9b490, 4236;
v0x63a28dc9b490_4237 .array/port v0x63a28dc9b490, 4237;
v0x63a28dc9b490_4238 .array/port v0x63a28dc9b490, 4238;
E_0x63a28dcbf3d0/1059 .event anyedge, v0x63a28dc9b490_4235, v0x63a28dc9b490_4236, v0x63a28dc9b490_4237, v0x63a28dc9b490_4238;
v0x63a28dc9b490_4239 .array/port v0x63a28dc9b490, 4239;
v0x63a28dc9b490_4240 .array/port v0x63a28dc9b490, 4240;
v0x63a28dc9b490_4241 .array/port v0x63a28dc9b490, 4241;
v0x63a28dc9b490_4242 .array/port v0x63a28dc9b490, 4242;
E_0x63a28dcbf3d0/1060 .event anyedge, v0x63a28dc9b490_4239, v0x63a28dc9b490_4240, v0x63a28dc9b490_4241, v0x63a28dc9b490_4242;
v0x63a28dc9b490_4243 .array/port v0x63a28dc9b490, 4243;
v0x63a28dc9b490_4244 .array/port v0x63a28dc9b490, 4244;
v0x63a28dc9b490_4245 .array/port v0x63a28dc9b490, 4245;
v0x63a28dc9b490_4246 .array/port v0x63a28dc9b490, 4246;
E_0x63a28dcbf3d0/1061 .event anyedge, v0x63a28dc9b490_4243, v0x63a28dc9b490_4244, v0x63a28dc9b490_4245, v0x63a28dc9b490_4246;
v0x63a28dc9b490_4247 .array/port v0x63a28dc9b490, 4247;
v0x63a28dc9b490_4248 .array/port v0x63a28dc9b490, 4248;
v0x63a28dc9b490_4249 .array/port v0x63a28dc9b490, 4249;
v0x63a28dc9b490_4250 .array/port v0x63a28dc9b490, 4250;
E_0x63a28dcbf3d0/1062 .event anyedge, v0x63a28dc9b490_4247, v0x63a28dc9b490_4248, v0x63a28dc9b490_4249, v0x63a28dc9b490_4250;
v0x63a28dc9b490_4251 .array/port v0x63a28dc9b490, 4251;
v0x63a28dc9b490_4252 .array/port v0x63a28dc9b490, 4252;
v0x63a28dc9b490_4253 .array/port v0x63a28dc9b490, 4253;
v0x63a28dc9b490_4254 .array/port v0x63a28dc9b490, 4254;
E_0x63a28dcbf3d0/1063 .event anyedge, v0x63a28dc9b490_4251, v0x63a28dc9b490_4252, v0x63a28dc9b490_4253, v0x63a28dc9b490_4254;
v0x63a28dc9b490_4255 .array/port v0x63a28dc9b490, 4255;
v0x63a28dc9b490_4256 .array/port v0x63a28dc9b490, 4256;
v0x63a28dc9b490_4257 .array/port v0x63a28dc9b490, 4257;
v0x63a28dc9b490_4258 .array/port v0x63a28dc9b490, 4258;
E_0x63a28dcbf3d0/1064 .event anyedge, v0x63a28dc9b490_4255, v0x63a28dc9b490_4256, v0x63a28dc9b490_4257, v0x63a28dc9b490_4258;
v0x63a28dc9b490_4259 .array/port v0x63a28dc9b490, 4259;
v0x63a28dc9b490_4260 .array/port v0x63a28dc9b490, 4260;
v0x63a28dc9b490_4261 .array/port v0x63a28dc9b490, 4261;
v0x63a28dc9b490_4262 .array/port v0x63a28dc9b490, 4262;
E_0x63a28dcbf3d0/1065 .event anyedge, v0x63a28dc9b490_4259, v0x63a28dc9b490_4260, v0x63a28dc9b490_4261, v0x63a28dc9b490_4262;
v0x63a28dc9b490_4263 .array/port v0x63a28dc9b490, 4263;
v0x63a28dc9b490_4264 .array/port v0x63a28dc9b490, 4264;
v0x63a28dc9b490_4265 .array/port v0x63a28dc9b490, 4265;
v0x63a28dc9b490_4266 .array/port v0x63a28dc9b490, 4266;
E_0x63a28dcbf3d0/1066 .event anyedge, v0x63a28dc9b490_4263, v0x63a28dc9b490_4264, v0x63a28dc9b490_4265, v0x63a28dc9b490_4266;
v0x63a28dc9b490_4267 .array/port v0x63a28dc9b490, 4267;
v0x63a28dc9b490_4268 .array/port v0x63a28dc9b490, 4268;
v0x63a28dc9b490_4269 .array/port v0x63a28dc9b490, 4269;
v0x63a28dc9b490_4270 .array/port v0x63a28dc9b490, 4270;
E_0x63a28dcbf3d0/1067 .event anyedge, v0x63a28dc9b490_4267, v0x63a28dc9b490_4268, v0x63a28dc9b490_4269, v0x63a28dc9b490_4270;
v0x63a28dc9b490_4271 .array/port v0x63a28dc9b490, 4271;
v0x63a28dc9b490_4272 .array/port v0x63a28dc9b490, 4272;
v0x63a28dc9b490_4273 .array/port v0x63a28dc9b490, 4273;
v0x63a28dc9b490_4274 .array/port v0x63a28dc9b490, 4274;
E_0x63a28dcbf3d0/1068 .event anyedge, v0x63a28dc9b490_4271, v0x63a28dc9b490_4272, v0x63a28dc9b490_4273, v0x63a28dc9b490_4274;
v0x63a28dc9b490_4275 .array/port v0x63a28dc9b490, 4275;
v0x63a28dc9b490_4276 .array/port v0x63a28dc9b490, 4276;
v0x63a28dc9b490_4277 .array/port v0x63a28dc9b490, 4277;
v0x63a28dc9b490_4278 .array/port v0x63a28dc9b490, 4278;
E_0x63a28dcbf3d0/1069 .event anyedge, v0x63a28dc9b490_4275, v0x63a28dc9b490_4276, v0x63a28dc9b490_4277, v0x63a28dc9b490_4278;
v0x63a28dc9b490_4279 .array/port v0x63a28dc9b490, 4279;
v0x63a28dc9b490_4280 .array/port v0x63a28dc9b490, 4280;
v0x63a28dc9b490_4281 .array/port v0x63a28dc9b490, 4281;
v0x63a28dc9b490_4282 .array/port v0x63a28dc9b490, 4282;
E_0x63a28dcbf3d0/1070 .event anyedge, v0x63a28dc9b490_4279, v0x63a28dc9b490_4280, v0x63a28dc9b490_4281, v0x63a28dc9b490_4282;
v0x63a28dc9b490_4283 .array/port v0x63a28dc9b490, 4283;
v0x63a28dc9b490_4284 .array/port v0x63a28dc9b490, 4284;
v0x63a28dc9b490_4285 .array/port v0x63a28dc9b490, 4285;
v0x63a28dc9b490_4286 .array/port v0x63a28dc9b490, 4286;
E_0x63a28dcbf3d0/1071 .event anyedge, v0x63a28dc9b490_4283, v0x63a28dc9b490_4284, v0x63a28dc9b490_4285, v0x63a28dc9b490_4286;
v0x63a28dc9b490_4287 .array/port v0x63a28dc9b490, 4287;
v0x63a28dc9b490_4288 .array/port v0x63a28dc9b490, 4288;
v0x63a28dc9b490_4289 .array/port v0x63a28dc9b490, 4289;
v0x63a28dc9b490_4290 .array/port v0x63a28dc9b490, 4290;
E_0x63a28dcbf3d0/1072 .event anyedge, v0x63a28dc9b490_4287, v0x63a28dc9b490_4288, v0x63a28dc9b490_4289, v0x63a28dc9b490_4290;
v0x63a28dc9b490_4291 .array/port v0x63a28dc9b490, 4291;
v0x63a28dc9b490_4292 .array/port v0x63a28dc9b490, 4292;
v0x63a28dc9b490_4293 .array/port v0x63a28dc9b490, 4293;
v0x63a28dc9b490_4294 .array/port v0x63a28dc9b490, 4294;
E_0x63a28dcbf3d0/1073 .event anyedge, v0x63a28dc9b490_4291, v0x63a28dc9b490_4292, v0x63a28dc9b490_4293, v0x63a28dc9b490_4294;
v0x63a28dc9b490_4295 .array/port v0x63a28dc9b490, 4295;
v0x63a28dc9b490_4296 .array/port v0x63a28dc9b490, 4296;
v0x63a28dc9b490_4297 .array/port v0x63a28dc9b490, 4297;
v0x63a28dc9b490_4298 .array/port v0x63a28dc9b490, 4298;
E_0x63a28dcbf3d0/1074 .event anyedge, v0x63a28dc9b490_4295, v0x63a28dc9b490_4296, v0x63a28dc9b490_4297, v0x63a28dc9b490_4298;
v0x63a28dc9b490_4299 .array/port v0x63a28dc9b490, 4299;
v0x63a28dc9b490_4300 .array/port v0x63a28dc9b490, 4300;
v0x63a28dc9b490_4301 .array/port v0x63a28dc9b490, 4301;
v0x63a28dc9b490_4302 .array/port v0x63a28dc9b490, 4302;
E_0x63a28dcbf3d0/1075 .event anyedge, v0x63a28dc9b490_4299, v0x63a28dc9b490_4300, v0x63a28dc9b490_4301, v0x63a28dc9b490_4302;
v0x63a28dc9b490_4303 .array/port v0x63a28dc9b490, 4303;
v0x63a28dc9b490_4304 .array/port v0x63a28dc9b490, 4304;
v0x63a28dc9b490_4305 .array/port v0x63a28dc9b490, 4305;
v0x63a28dc9b490_4306 .array/port v0x63a28dc9b490, 4306;
E_0x63a28dcbf3d0/1076 .event anyedge, v0x63a28dc9b490_4303, v0x63a28dc9b490_4304, v0x63a28dc9b490_4305, v0x63a28dc9b490_4306;
v0x63a28dc9b490_4307 .array/port v0x63a28dc9b490, 4307;
v0x63a28dc9b490_4308 .array/port v0x63a28dc9b490, 4308;
v0x63a28dc9b490_4309 .array/port v0x63a28dc9b490, 4309;
v0x63a28dc9b490_4310 .array/port v0x63a28dc9b490, 4310;
E_0x63a28dcbf3d0/1077 .event anyedge, v0x63a28dc9b490_4307, v0x63a28dc9b490_4308, v0x63a28dc9b490_4309, v0x63a28dc9b490_4310;
v0x63a28dc9b490_4311 .array/port v0x63a28dc9b490, 4311;
v0x63a28dc9b490_4312 .array/port v0x63a28dc9b490, 4312;
v0x63a28dc9b490_4313 .array/port v0x63a28dc9b490, 4313;
v0x63a28dc9b490_4314 .array/port v0x63a28dc9b490, 4314;
E_0x63a28dcbf3d0/1078 .event anyedge, v0x63a28dc9b490_4311, v0x63a28dc9b490_4312, v0x63a28dc9b490_4313, v0x63a28dc9b490_4314;
v0x63a28dc9b490_4315 .array/port v0x63a28dc9b490, 4315;
v0x63a28dc9b490_4316 .array/port v0x63a28dc9b490, 4316;
v0x63a28dc9b490_4317 .array/port v0x63a28dc9b490, 4317;
v0x63a28dc9b490_4318 .array/port v0x63a28dc9b490, 4318;
E_0x63a28dcbf3d0/1079 .event anyedge, v0x63a28dc9b490_4315, v0x63a28dc9b490_4316, v0x63a28dc9b490_4317, v0x63a28dc9b490_4318;
v0x63a28dc9b490_4319 .array/port v0x63a28dc9b490, 4319;
v0x63a28dc9b490_4320 .array/port v0x63a28dc9b490, 4320;
v0x63a28dc9b490_4321 .array/port v0x63a28dc9b490, 4321;
v0x63a28dc9b490_4322 .array/port v0x63a28dc9b490, 4322;
E_0x63a28dcbf3d0/1080 .event anyedge, v0x63a28dc9b490_4319, v0x63a28dc9b490_4320, v0x63a28dc9b490_4321, v0x63a28dc9b490_4322;
v0x63a28dc9b490_4323 .array/port v0x63a28dc9b490, 4323;
v0x63a28dc9b490_4324 .array/port v0x63a28dc9b490, 4324;
v0x63a28dc9b490_4325 .array/port v0x63a28dc9b490, 4325;
v0x63a28dc9b490_4326 .array/port v0x63a28dc9b490, 4326;
E_0x63a28dcbf3d0/1081 .event anyedge, v0x63a28dc9b490_4323, v0x63a28dc9b490_4324, v0x63a28dc9b490_4325, v0x63a28dc9b490_4326;
v0x63a28dc9b490_4327 .array/port v0x63a28dc9b490, 4327;
v0x63a28dc9b490_4328 .array/port v0x63a28dc9b490, 4328;
v0x63a28dc9b490_4329 .array/port v0x63a28dc9b490, 4329;
v0x63a28dc9b490_4330 .array/port v0x63a28dc9b490, 4330;
E_0x63a28dcbf3d0/1082 .event anyedge, v0x63a28dc9b490_4327, v0x63a28dc9b490_4328, v0x63a28dc9b490_4329, v0x63a28dc9b490_4330;
v0x63a28dc9b490_4331 .array/port v0x63a28dc9b490, 4331;
v0x63a28dc9b490_4332 .array/port v0x63a28dc9b490, 4332;
v0x63a28dc9b490_4333 .array/port v0x63a28dc9b490, 4333;
v0x63a28dc9b490_4334 .array/port v0x63a28dc9b490, 4334;
E_0x63a28dcbf3d0/1083 .event anyedge, v0x63a28dc9b490_4331, v0x63a28dc9b490_4332, v0x63a28dc9b490_4333, v0x63a28dc9b490_4334;
v0x63a28dc9b490_4335 .array/port v0x63a28dc9b490, 4335;
v0x63a28dc9b490_4336 .array/port v0x63a28dc9b490, 4336;
v0x63a28dc9b490_4337 .array/port v0x63a28dc9b490, 4337;
v0x63a28dc9b490_4338 .array/port v0x63a28dc9b490, 4338;
E_0x63a28dcbf3d0/1084 .event anyedge, v0x63a28dc9b490_4335, v0x63a28dc9b490_4336, v0x63a28dc9b490_4337, v0x63a28dc9b490_4338;
v0x63a28dc9b490_4339 .array/port v0x63a28dc9b490, 4339;
v0x63a28dc9b490_4340 .array/port v0x63a28dc9b490, 4340;
v0x63a28dc9b490_4341 .array/port v0x63a28dc9b490, 4341;
v0x63a28dc9b490_4342 .array/port v0x63a28dc9b490, 4342;
E_0x63a28dcbf3d0/1085 .event anyedge, v0x63a28dc9b490_4339, v0x63a28dc9b490_4340, v0x63a28dc9b490_4341, v0x63a28dc9b490_4342;
v0x63a28dc9b490_4343 .array/port v0x63a28dc9b490, 4343;
v0x63a28dc9b490_4344 .array/port v0x63a28dc9b490, 4344;
v0x63a28dc9b490_4345 .array/port v0x63a28dc9b490, 4345;
v0x63a28dc9b490_4346 .array/port v0x63a28dc9b490, 4346;
E_0x63a28dcbf3d0/1086 .event anyedge, v0x63a28dc9b490_4343, v0x63a28dc9b490_4344, v0x63a28dc9b490_4345, v0x63a28dc9b490_4346;
v0x63a28dc9b490_4347 .array/port v0x63a28dc9b490, 4347;
v0x63a28dc9b490_4348 .array/port v0x63a28dc9b490, 4348;
v0x63a28dc9b490_4349 .array/port v0x63a28dc9b490, 4349;
v0x63a28dc9b490_4350 .array/port v0x63a28dc9b490, 4350;
E_0x63a28dcbf3d0/1087 .event anyedge, v0x63a28dc9b490_4347, v0x63a28dc9b490_4348, v0x63a28dc9b490_4349, v0x63a28dc9b490_4350;
v0x63a28dc9b490_4351 .array/port v0x63a28dc9b490, 4351;
v0x63a28dc9b490_4352 .array/port v0x63a28dc9b490, 4352;
v0x63a28dc9b490_4353 .array/port v0x63a28dc9b490, 4353;
v0x63a28dc9b490_4354 .array/port v0x63a28dc9b490, 4354;
E_0x63a28dcbf3d0/1088 .event anyedge, v0x63a28dc9b490_4351, v0x63a28dc9b490_4352, v0x63a28dc9b490_4353, v0x63a28dc9b490_4354;
v0x63a28dc9b490_4355 .array/port v0x63a28dc9b490, 4355;
v0x63a28dc9b490_4356 .array/port v0x63a28dc9b490, 4356;
v0x63a28dc9b490_4357 .array/port v0x63a28dc9b490, 4357;
v0x63a28dc9b490_4358 .array/port v0x63a28dc9b490, 4358;
E_0x63a28dcbf3d0/1089 .event anyedge, v0x63a28dc9b490_4355, v0x63a28dc9b490_4356, v0x63a28dc9b490_4357, v0x63a28dc9b490_4358;
v0x63a28dc9b490_4359 .array/port v0x63a28dc9b490, 4359;
v0x63a28dc9b490_4360 .array/port v0x63a28dc9b490, 4360;
v0x63a28dc9b490_4361 .array/port v0x63a28dc9b490, 4361;
v0x63a28dc9b490_4362 .array/port v0x63a28dc9b490, 4362;
E_0x63a28dcbf3d0/1090 .event anyedge, v0x63a28dc9b490_4359, v0x63a28dc9b490_4360, v0x63a28dc9b490_4361, v0x63a28dc9b490_4362;
v0x63a28dc9b490_4363 .array/port v0x63a28dc9b490, 4363;
v0x63a28dc9b490_4364 .array/port v0x63a28dc9b490, 4364;
v0x63a28dc9b490_4365 .array/port v0x63a28dc9b490, 4365;
v0x63a28dc9b490_4366 .array/port v0x63a28dc9b490, 4366;
E_0x63a28dcbf3d0/1091 .event anyedge, v0x63a28dc9b490_4363, v0x63a28dc9b490_4364, v0x63a28dc9b490_4365, v0x63a28dc9b490_4366;
v0x63a28dc9b490_4367 .array/port v0x63a28dc9b490, 4367;
v0x63a28dc9b490_4368 .array/port v0x63a28dc9b490, 4368;
v0x63a28dc9b490_4369 .array/port v0x63a28dc9b490, 4369;
v0x63a28dc9b490_4370 .array/port v0x63a28dc9b490, 4370;
E_0x63a28dcbf3d0/1092 .event anyedge, v0x63a28dc9b490_4367, v0x63a28dc9b490_4368, v0x63a28dc9b490_4369, v0x63a28dc9b490_4370;
v0x63a28dc9b490_4371 .array/port v0x63a28dc9b490, 4371;
v0x63a28dc9b490_4372 .array/port v0x63a28dc9b490, 4372;
v0x63a28dc9b490_4373 .array/port v0x63a28dc9b490, 4373;
v0x63a28dc9b490_4374 .array/port v0x63a28dc9b490, 4374;
E_0x63a28dcbf3d0/1093 .event anyedge, v0x63a28dc9b490_4371, v0x63a28dc9b490_4372, v0x63a28dc9b490_4373, v0x63a28dc9b490_4374;
v0x63a28dc9b490_4375 .array/port v0x63a28dc9b490, 4375;
v0x63a28dc9b490_4376 .array/port v0x63a28dc9b490, 4376;
v0x63a28dc9b490_4377 .array/port v0x63a28dc9b490, 4377;
v0x63a28dc9b490_4378 .array/port v0x63a28dc9b490, 4378;
E_0x63a28dcbf3d0/1094 .event anyedge, v0x63a28dc9b490_4375, v0x63a28dc9b490_4376, v0x63a28dc9b490_4377, v0x63a28dc9b490_4378;
v0x63a28dc9b490_4379 .array/port v0x63a28dc9b490, 4379;
v0x63a28dc9b490_4380 .array/port v0x63a28dc9b490, 4380;
v0x63a28dc9b490_4381 .array/port v0x63a28dc9b490, 4381;
v0x63a28dc9b490_4382 .array/port v0x63a28dc9b490, 4382;
E_0x63a28dcbf3d0/1095 .event anyedge, v0x63a28dc9b490_4379, v0x63a28dc9b490_4380, v0x63a28dc9b490_4381, v0x63a28dc9b490_4382;
v0x63a28dc9b490_4383 .array/port v0x63a28dc9b490, 4383;
v0x63a28dc9b490_4384 .array/port v0x63a28dc9b490, 4384;
v0x63a28dc9b490_4385 .array/port v0x63a28dc9b490, 4385;
v0x63a28dc9b490_4386 .array/port v0x63a28dc9b490, 4386;
E_0x63a28dcbf3d0/1096 .event anyedge, v0x63a28dc9b490_4383, v0x63a28dc9b490_4384, v0x63a28dc9b490_4385, v0x63a28dc9b490_4386;
v0x63a28dc9b490_4387 .array/port v0x63a28dc9b490, 4387;
v0x63a28dc9b490_4388 .array/port v0x63a28dc9b490, 4388;
v0x63a28dc9b490_4389 .array/port v0x63a28dc9b490, 4389;
v0x63a28dc9b490_4390 .array/port v0x63a28dc9b490, 4390;
E_0x63a28dcbf3d0/1097 .event anyedge, v0x63a28dc9b490_4387, v0x63a28dc9b490_4388, v0x63a28dc9b490_4389, v0x63a28dc9b490_4390;
v0x63a28dc9b490_4391 .array/port v0x63a28dc9b490, 4391;
v0x63a28dc9b490_4392 .array/port v0x63a28dc9b490, 4392;
v0x63a28dc9b490_4393 .array/port v0x63a28dc9b490, 4393;
v0x63a28dc9b490_4394 .array/port v0x63a28dc9b490, 4394;
E_0x63a28dcbf3d0/1098 .event anyedge, v0x63a28dc9b490_4391, v0x63a28dc9b490_4392, v0x63a28dc9b490_4393, v0x63a28dc9b490_4394;
v0x63a28dc9b490_4395 .array/port v0x63a28dc9b490, 4395;
v0x63a28dc9b490_4396 .array/port v0x63a28dc9b490, 4396;
v0x63a28dc9b490_4397 .array/port v0x63a28dc9b490, 4397;
v0x63a28dc9b490_4398 .array/port v0x63a28dc9b490, 4398;
E_0x63a28dcbf3d0/1099 .event anyedge, v0x63a28dc9b490_4395, v0x63a28dc9b490_4396, v0x63a28dc9b490_4397, v0x63a28dc9b490_4398;
v0x63a28dc9b490_4399 .array/port v0x63a28dc9b490, 4399;
v0x63a28dc9b490_4400 .array/port v0x63a28dc9b490, 4400;
v0x63a28dc9b490_4401 .array/port v0x63a28dc9b490, 4401;
v0x63a28dc9b490_4402 .array/port v0x63a28dc9b490, 4402;
E_0x63a28dcbf3d0/1100 .event anyedge, v0x63a28dc9b490_4399, v0x63a28dc9b490_4400, v0x63a28dc9b490_4401, v0x63a28dc9b490_4402;
v0x63a28dc9b490_4403 .array/port v0x63a28dc9b490, 4403;
v0x63a28dc9b490_4404 .array/port v0x63a28dc9b490, 4404;
v0x63a28dc9b490_4405 .array/port v0x63a28dc9b490, 4405;
v0x63a28dc9b490_4406 .array/port v0x63a28dc9b490, 4406;
E_0x63a28dcbf3d0/1101 .event anyedge, v0x63a28dc9b490_4403, v0x63a28dc9b490_4404, v0x63a28dc9b490_4405, v0x63a28dc9b490_4406;
v0x63a28dc9b490_4407 .array/port v0x63a28dc9b490, 4407;
v0x63a28dc9b490_4408 .array/port v0x63a28dc9b490, 4408;
v0x63a28dc9b490_4409 .array/port v0x63a28dc9b490, 4409;
v0x63a28dc9b490_4410 .array/port v0x63a28dc9b490, 4410;
E_0x63a28dcbf3d0/1102 .event anyedge, v0x63a28dc9b490_4407, v0x63a28dc9b490_4408, v0x63a28dc9b490_4409, v0x63a28dc9b490_4410;
v0x63a28dc9b490_4411 .array/port v0x63a28dc9b490, 4411;
v0x63a28dc9b490_4412 .array/port v0x63a28dc9b490, 4412;
v0x63a28dc9b490_4413 .array/port v0x63a28dc9b490, 4413;
v0x63a28dc9b490_4414 .array/port v0x63a28dc9b490, 4414;
E_0x63a28dcbf3d0/1103 .event anyedge, v0x63a28dc9b490_4411, v0x63a28dc9b490_4412, v0x63a28dc9b490_4413, v0x63a28dc9b490_4414;
v0x63a28dc9b490_4415 .array/port v0x63a28dc9b490, 4415;
v0x63a28dc9b490_4416 .array/port v0x63a28dc9b490, 4416;
v0x63a28dc9b490_4417 .array/port v0x63a28dc9b490, 4417;
v0x63a28dc9b490_4418 .array/port v0x63a28dc9b490, 4418;
E_0x63a28dcbf3d0/1104 .event anyedge, v0x63a28dc9b490_4415, v0x63a28dc9b490_4416, v0x63a28dc9b490_4417, v0x63a28dc9b490_4418;
v0x63a28dc9b490_4419 .array/port v0x63a28dc9b490, 4419;
v0x63a28dc9b490_4420 .array/port v0x63a28dc9b490, 4420;
v0x63a28dc9b490_4421 .array/port v0x63a28dc9b490, 4421;
v0x63a28dc9b490_4422 .array/port v0x63a28dc9b490, 4422;
E_0x63a28dcbf3d0/1105 .event anyedge, v0x63a28dc9b490_4419, v0x63a28dc9b490_4420, v0x63a28dc9b490_4421, v0x63a28dc9b490_4422;
v0x63a28dc9b490_4423 .array/port v0x63a28dc9b490, 4423;
v0x63a28dc9b490_4424 .array/port v0x63a28dc9b490, 4424;
v0x63a28dc9b490_4425 .array/port v0x63a28dc9b490, 4425;
v0x63a28dc9b490_4426 .array/port v0x63a28dc9b490, 4426;
E_0x63a28dcbf3d0/1106 .event anyedge, v0x63a28dc9b490_4423, v0x63a28dc9b490_4424, v0x63a28dc9b490_4425, v0x63a28dc9b490_4426;
v0x63a28dc9b490_4427 .array/port v0x63a28dc9b490, 4427;
v0x63a28dc9b490_4428 .array/port v0x63a28dc9b490, 4428;
v0x63a28dc9b490_4429 .array/port v0x63a28dc9b490, 4429;
v0x63a28dc9b490_4430 .array/port v0x63a28dc9b490, 4430;
E_0x63a28dcbf3d0/1107 .event anyedge, v0x63a28dc9b490_4427, v0x63a28dc9b490_4428, v0x63a28dc9b490_4429, v0x63a28dc9b490_4430;
v0x63a28dc9b490_4431 .array/port v0x63a28dc9b490, 4431;
v0x63a28dc9b490_4432 .array/port v0x63a28dc9b490, 4432;
v0x63a28dc9b490_4433 .array/port v0x63a28dc9b490, 4433;
v0x63a28dc9b490_4434 .array/port v0x63a28dc9b490, 4434;
E_0x63a28dcbf3d0/1108 .event anyedge, v0x63a28dc9b490_4431, v0x63a28dc9b490_4432, v0x63a28dc9b490_4433, v0x63a28dc9b490_4434;
v0x63a28dc9b490_4435 .array/port v0x63a28dc9b490, 4435;
v0x63a28dc9b490_4436 .array/port v0x63a28dc9b490, 4436;
v0x63a28dc9b490_4437 .array/port v0x63a28dc9b490, 4437;
v0x63a28dc9b490_4438 .array/port v0x63a28dc9b490, 4438;
E_0x63a28dcbf3d0/1109 .event anyedge, v0x63a28dc9b490_4435, v0x63a28dc9b490_4436, v0x63a28dc9b490_4437, v0x63a28dc9b490_4438;
v0x63a28dc9b490_4439 .array/port v0x63a28dc9b490, 4439;
v0x63a28dc9b490_4440 .array/port v0x63a28dc9b490, 4440;
v0x63a28dc9b490_4441 .array/port v0x63a28dc9b490, 4441;
v0x63a28dc9b490_4442 .array/port v0x63a28dc9b490, 4442;
E_0x63a28dcbf3d0/1110 .event anyedge, v0x63a28dc9b490_4439, v0x63a28dc9b490_4440, v0x63a28dc9b490_4441, v0x63a28dc9b490_4442;
v0x63a28dc9b490_4443 .array/port v0x63a28dc9b490, 4443;
v0x63a28dc9b490_4444 .array/port v0x63a28dc9b490, 4444;
v0x63a28dc9b490_4445 .array/port v0x63a28dc9b490, 4445;
v0x63a28dc9b490_4446 .array/port v0x63a28dc9b490, 4446;
E_0x63a28dcbf3d0/1111 .event anyedge, v0x63a28dc9b490_4443, v0x63a28dc9b490_4444, v0x63a28dc9b490_4445, v0x63a28dc9b490_4446;
v0x63a28dc9b490_4447 .array/port v0x63a28dc9b490, 4447;
v0x63a28dc9b490_4448 .array/port v0x63a28dc9b490, 4448;
v0x63a28dc9b490_4449 .array/port v0x63a28dc9b490, 4449;
v0x63a28dc9b490_4450 .array/port v0x63a28dc9b490, 4450;
E_0x63a28dcbf3d0/1112 .event anyedge, v0x63a28dc9b490_4447, v0x63a28dc9b490_4448, v0x63a28dc9b490_4449, v0x63a28dc9b490_4450;
v0x63a28dc9b490_4451 .array/port v0x63a28dc9b490, 4451;
v0x63a28dc9b490_4452 .array/port v0x63a28dc9b490, 4452;
v0x63a28dc9b490_4453 .array/port v0x63a28dc9b490, 4453;
v0x63a28dc9b490_4454 .array/port v0x63a28dc9b490, 4454;
E_0x63a28dcbf3d0/1113 .event anyedge, v0x63a28dc9b490_4451, v0x63a28dc9b490_4452, v0x63a28dc9b490_4453, v0x63a28dc9b490_4454;
v0x63a28dc9b490_4455 .array/port v0x63a28dc9b490, 4455;
v0x63a28dc9b490_4456 .array/port v0x63a28dc9b490, 4456;
v0x63a28dc9b490_4457 .array/port v0x63a28dc9b490, 4457;
v0x63a28dc9b490_4458 .array/port v0x63a28dc9b490, 4458;
E_0x63a28dcbf3d0/1114 .event anyedge, v0x63a28dc9b490_4455, v0x63a28dc9b490_4456, v0x63a28dc9b490_4457, v0x63a28dc9b490_4458;
v0x63a28dc9b490_4459 .array/port v0x63a28dc9b490, 4459;
v0x63a28dc9b490_4460 .array/port v0x63a28dc9b490, 4460;
v0x63a28dc9b490_4461 .array/port v0x63a28dc9b490, 4461;
v0x63a28dc9b490_4462 .array/port v0x63a28dc9b490, 4462;
E_0x63a28dcbf3d0/1115 .event anyedge, v0x63a28dc9b490_4459, v0x63a28dc9b490_4460, v0x63a28dc9b490_4461, v0x63a28dc9b490_4462;
v0x63a28dc9b490_4463 .array/port v0x63a28dc9b490, 4463;
v0x63a28dc9b490_4464 .array/port v0x63a28dc9b490, 4464;
v0x63a28dc9b490_4465 .array/port v0x63a28dc9b490, 4465;
v0x63a28dc9b490_4466 .array/port v0x63a28dc9b490, 4466;
E_0x63a28dcbf3d0/1116 .event anyedge, v0x63a28dc9b490_4463, v0x63a28dc9b490_4464, v0x63a28dc9b490_4465, v0x63a28dc9b490_4466;
v0x63a28dc9b490_4467 .array/port v0x63a28dc9b490, 4467;
v0x63a28dc9b490_4468 .array/port v0x63a28dc9b490, 4468;
v0x63a28dc9b490_4469 .array/port v0x63a28dc9b490, 4469;
v0x63a28dc9b490_4470 .array/port v0x63a28dc9b490, 4470;
E_0x63a28dcbf3d0/1117 .event anyedge, v0x63a28dc9b490_4467, v0x63a28dc9b490_4468, v0x63a28dc9b490_4469, v0x63a28dc9b490_4470;
v0x63a28dc9b490_4471 .array/port v0x63a28dc9b490, 4471;
v0x63a28dc9b490_4472 .array/port v0x63a28dc9b490, 4472;
v0x63a28dc9b490_4473 .array/port v0x63a28dc9b490, 4473;
v0x63a28dc9b490_4474 .array/port v0x63a28dc9b490, 4474;
E_0x63a28dcbf3d0/1118 .event anyedge, v0x63a28dc9b490_4471, v0x63a28dc9b490_4472, v0x63a28dc9b490_4473, v0x63a28dc9b490_4474;
v0x63a28dc9b490_4475 .array/port v0x63a28dc9b490, 4475;
v0x63a28dc9b490_4476 .array/port v0x63a28dc9b490, 4476;
v0x63a28dc9b490_4477 .array/port v0x63a28dc9b490, 4477;
v0x63a28dc9b490_4478 .array/port v0x63a28dc9b490, 4478;
E_0x63a28dcbf3d0/1119 .event anyedge, v0x63a28dc9b490_4475, v0x63a28dc9b490_4476, v0x63a28dc9b490_4477, v0x63a28dc9b490_4478;
v0x63a28dc9b490_4479 .array/port v0x63a28dc9b490, 4479;
v0x63a28dc9b490_4480 .array/port v0x63a28dc9b490, 4480;
v0x63a28dc9b490_4481 .array/port v0x63a28dc9b490, 4481;
v0x63a28dc9b490_4482 .array/port v0x63a28dc9b490, 4482;
E_0x63a28dcbf3d0/1120 .event anyedge, v0x63a28dc9b490_4479, v0x63a28dc9b490_4480, v0x63a28dc9b490_4481, v0x63a28dc9b490_4482;
v0x63a28dc9b490_4483 .array/port v0x63a28dc9b490, 4483;
v0x63a28dc9b490_4484 .array/port v0x63a28dc9b490, 4484;
v0x63a28dc9b490_4485 .array/port v0x63a28dc9b490, 4485;
v0x63a28dc9b490_4486 .array/port v0x63a28dc9b490, 4486;
E_0x63a28dcbf3d0/1121 .event anyedge, v0x63a28dc9b490_4483, v0x63a28dc9b490_4484, v0x63a28dc9b490_4485, v0x63a28dc9b490_4486;
v0x63a28dc9b490_4487 .array/port v0x63a28dc9b490, 4487;
v0x63a28dc9b490_4488 .array/port v0x63a28dc9b490, 4488;
v0x63a28dc9b490_4489 .array/port v0x63a28dc9b490, 4489;
v0x63a28dc9b490_4490 .array/port v0x63a28dc9b490, 4490;
E_0x63a28dcbf3d0/1122 .event anyedge, v0x63a28dc9b490_4487, v0x63a28dc9b490_4488, v0x63a28dc9b490_4489, v0x63a28dc9b490_4490;
v0x63a28dc9b490_4491 .array/port v0x63a28dc9b490, 4491;
v0x63a28dc9b490_4492 .array/port v0x63a28dc9b490, 4492;
v0x63a28dc9b490_4493 .array/port v0x63a28dc9b490, 4493;
v0x63a28dc9b490_4494 .array/port v0x63a28dc9b490, 4494;
E_0x63a28dcbf3d0/1123 .event anyedge, v0x63a28dc9b490_4491, v0x63a28dc9b490_4492, v0x63a28dc9b490_4493, v0x63a28dc9b490_4494;
v0x63a28dc9b490_4495 .array/port v0x63a28dc9b490, 4495;
v0x63a28dc9b490_4496 .array/port v0x63a28dc9b490, 4496;
v0x63a28dc9b490_4497 .array/port v0x63a28dc9b490, 4497;
v0x63a28dc9b490_4498 .array/port v0x63a28dc9b490, 4498;
E_0x63a28dcbf3d0/1124 .event anyedge, v0x63a28dc9b490_4495, v0x63a28dc9b490_4496, v0x63a28dc9b490_4497, v0x63a28dc9b490_4498;
v0x63a28dc9b490_4499 .array/port v0x63a28dc9b490, 4499;
v0x63a28dc9b490_4500 .array/port v0x63a28dc9b490, 4500;
v0x63a28dc9b490_4501 .array/port v0x63a28dc9b490, 4501;
v0x63a28dc9b490_4502 .array/port v0x63a28dc9b490, 4502;
E_0x63a28dcbf3d0/1125 .event anyedge, v0x63a28dc9b490_4499, v0x63a28dc9b490_4500, v0x63a28dc9b490_4501, v0x63a28dc9b490_4502;
v0x63a28dc9b490_4503 .array/port v0x63a28dc9b490, 4503;
v0x63a28dc9b490_4504 .array/port v0x63a28dc9b490, 4504;
v0x63a28dc9b490_4505 .array/port v0x63a28dc9b490, 4505;
v0x63a28dc9b490_4506 .array/port v0x63a28dc9b490, 4506;
E_0x63a28dcbf3d0/1126 .event anyedge, v0x63a28dc9b490_4503, v0x63a28dc9b490_4504, v0x63a28dc9b490_4505, v0x63a28dc9b490_4506;
v0x63a28dc9b490_4507 .array/port v0x63a28dc9b490, 4507;
v0x63a28dc9b490_4508 .array/port v0x63a28dc9b490, 4508;
v0x63a28dc9b490_4509 .array/port v0x63a28dc9b490, 4509;
v0x63a28dc9b490_4510 .array/port v0x63a28dc9b490, 4510;
E_0x63a28dcbf3d0/1127 .event anyedge, v0x63a28dc9b490_4507, v0x63a28dc9b490_4508, v0x63a28dc9b490_4509, v0x63a28dc9b490_4510;
v0x63a28dc9b490_4511 .array/port v0x63a28dc9b490, 4511;
v0x63a28dc9b490_4512 .array/port v0x63a28dc9b490, 4512;
v0x63a28dc9b490_4513 .array/port v0x63a28dc9b490, 4513;
v0x63a28dc9b490_4514 .array/port v0x63a28dc9b490, 4514;
E_0x63a28dcbf3d0/1128 .event anyedge, v0x63a28dc9b490_4511, v0x63a28dc9b490_4512, v0x63a28dc9b490_4513, v0x63a28dc9b490_4514;
v0x63a28dc9b490_4515 .array/port v0x63a28dc9b490, 4515;
v0x63a28dc9b490_4516 .array/port v0x63a28dc9b490, 4516;
v0x63a28dc9b490_4517 .array/port v0x63a28dc9b490, 4517;
v0x63a28dc9b490_4518 .array/port v0x63a28dc9b490, 4518;
E_0x63a28dcbf3d0/1129 .event anyedge, v0x63a28dc9b490_4515, v0x63a28dc9b490_4516, v0x63a28dc9b490_4517, v0x63a28dc9b490_4518;
v0x63a28dc9b490_4519 .array/port v0x63a28dc9b490, 4519;
v0x63a28dc9b490_4520 .array/port v0x63a28dc9b490, 4520;
v0x63a28dc9b490_4521 .array/port v0x63a28dc9b490, 4521;
v0x63a28dc9b490_4522 .array/port v0x63a28dc9b490, 4522;
E_0x63a28dcbf3d0/1130 .event anyedge, v0x63a28dc9b490_4519, v0x63a28dc9b490_4520, v0x63a28dc9b490_4521, v0x63a28dc9b490_4522;
v0x63a28dc9b490_4523 .array/port v0x63a28dc9b490, 4523;
v0x63a28dc9b490_4524 .array/port v0x63a28dc9b490, 4524;
v0x63a28dc9b490_4525 .array/port v0x63a28dc9b490, 4525;
v0x63a28dc9b490_4526 .array/port v0x63a28dc9b490, 4526;
E_0x63a28dcbf3d0/1131 .event anyedge, v0x63a28dc9b490_4523, v0x63a28dc9b490_4524, v0x63a28dc9b490_4525, v0x63a28dc9b490_4526;
v0x63a28dc9b490_4527 .array/port v0x63a28dc9b490, 4527;
v0x63a28dc9b490_4528 .array/port v0x63a28dc9b490, 4528;
v0x63a28dc9b490_4529 .array/port v0x63a28dc9b490, 4529;
v0x63a28dc9b490_4530 .array/port v0x63a28dc9b490, 4530;
E_0x63a28dcbf3d0/1132 .event anyedge, v0x63a28dc9b490_4527, v0x63a28dc9b490_4528, v0x63a28dc9b490_4529, v0x63a28dc9b490_4530;
v0x63a28dc9b490_4531 .array/port v0x63a28dc9b490, 4531;
v0x63a28dc9b490_4532 .array/port v0x63a28dc9b490, 4532;
v0x63a28dc9b490_4533 .array/port v0x63a28dc9b490, 4533;
v0x63a28dc9b490_4534 .array/port v0x63a28dc9b490, 4534;
E_0x63a28dcbf3d0/1133 .event anyedge, v0x63a28dc9b490_4531, v0x63a28dc9b490_4532, v0x63a28dc9b490_4533, v0x63a28dc9b490_4534;
v0x63a28dc9b490_4535 .array/port v0x63a28dc9b490, 4535;
v0x63a28dc9b490_4536 .array/port v0x63a28dc9b490, 4536;
v0x63a28dc9b490_4537 .array/port v0x63a28dc9b490, 4537;
v0x63a28dc9b490_4538 .array/port v0x63a28dc9b490, 4538;
E_0x63a28dcbf3d0/1134 .event anyedge, v0x63a28dc9b490_4535, v0x63a28dc9b490_4536, v0x63a28dc9b490_4537, v0x63a28dc9b490_4538;
v0x63a28dc9b490_4539 .array/port v0x63a28dc9b490, 4539;
v0x63a28dc9b490_4540 .array/port v0x63a28dc9b490, 4540;
v0x63a28dc9b490_4541 .array/port v0x63a28dc9b490, 4541;
v0x63a28dc9b490_4542 .array/port v0x63a28dc9b490, 4542;
E_0x63a28dcbf3d0/1135 .event anyedge, v0x63a28dc9b490_4539, v0x63a28dc9b490_4540, v0x63a28dc9b490_4541, v0x63a28dc9b490_4542;
v0x63a28dc9b490_4543 .array/port v0x63a28dc9b490, 4543;
v0x63a28dc9b490_4544 .array/port v0x63a28dc9b490, 4544;
v0x63a28dc9b490_4545 .array/port v0x63a28dc9b490, 4545;
v0x63a28dc9b490_4546 .array/port v0x63a28dc9b490, 4546;
E_0x63a28dcbf3d0/1136 .event anyedge, v0x63a28dc9b490_4543, v0x63a28dc9b490_4544, v0x63a28dc9b490_4545, v0x63a28dc9b490_4546;
v0x63a28dc9b490_4547 .array/port v0x63a28dc9b490, 4547;
v0x63a28dc9b490_4548 .array/port v0x63a28dc9b490, 4548;
v0x63a28dc9b490_4549 .array/port v0x63a28dc9b490, 4549;
v0x63a28dc9b490_4550 .array/port v0x63a28dc9b490, 4550;
E_0x63a28dcbf3d0/1137 .event anyedge, v0x63a28dc9b490_4547, v0x63a28dc9b490_4548, v0x63a28dc9b490_4549, v0x63a28dc9b490_4550;
v0x63a28dc9b490_4551 .array/port v0x63a28dc9b490, 4551;
v0x63a28dc9b490_4552 .array/port v0x63a28dc9b490, 4552;
v0x63a28dc9b490_4553 .array/port v0x63a28dc9b490, 4553;
v0x63a28dc9b490_4554 .array/port v0x63a28dc9b490, 4554;
E_0x63a28dcbf3d0/1138 .event anyedge, v0x63a28dc9b490_4551, v0x63a28dc9b490_4552, v0x63a28dc9b490_4553, v0x63a28dc9b490_4554;
v0x63a28dc9b490_4555 .array/port v0x63a28dc9b490, 4555;
v0x63a28dc9b490_4556 .array/port v0x63a28dc9b490, 4556;
v0x63a28dc9b490_4557 .array/port v0x63a28dc9b490, 4557;
v0x63a28dc9b490_4558 .array/port v0x63a28dc9b490, 4558;
E_0x63a28dcbf3d0/1139 .event anyedge, v0x63a28dc9b490_4555, v0x63a28dc9b490_4556, v0x63a28dc9b490_4557, v0x63a28dc9b490_4558;
v0x63a28dc9b490_4559 .array/port v0x63a28dc9b490, 4559;
v0x63a28dc9b490_4560 .array/port v0x63a28dc9b490, 4560;
v0x63a28dc9b490_4561 .array/port v0x63a28dc9b490, 4561;
v0x63a28dc9b490_4562 .array/port v0x63a28dc9b490, 4562;
E_0x63a28dcbf3d0/1140 .event anyedge, v0x63a28dc9b490_4559, v0x63a28dc9b490_4560, v0x63a28dc9b490_4561, v0x63a28dc9b490_4562;
v0x63a28dc9b490_4563 .array/port v0x63a28dc9b490, 4563;
v0x63a28dc9b490_4564 .array/port v0x63a28dc9b490, 4564;
v0x63a28dc9b490_4565 .array/port v0x63a28dc9b490, 4565;
v0x63a28dc9b490_4566 .array/port v0x63a28dc9b490, 4566;
E_0x63a28dcbf3d0/1141 .event anyedge, v0x63a28dc9b490_4563, v0x63a28dc9b490_4564, v0x63a28dc9b490_4565, v0x63a28dc9b490_4566;
v0x63a28dc9b490_4567 .array/port v0x63a28dc9b490, 4567;
v0x63a28dc9b490_4568 .array/port v0x63a28dc9b490, 4568;
v0x63a28dc9b490_4569 .array/port v0x63a28dc9b490, 4569;
v0x63a28dc9b490_4570 .array/port v0x63a28dc9b490, 4570;
E_0x63a28dcbf3d0/1142 .event anyedge, v0x63a28dc9b490_4567, v0x63a28dc9b490_4568, v0x63a28dc9b490_4569, v0x63a28dc9b490_4570;
v0x63a28dc9b490_4571 .array/port v0x63a28dc9b490, 4571;
v0x63a28dc9b490_4572 .array/port v0x63a28dc9b490, 4572;
v0x63a28dc9b490_4573 .array/port v0x63a28dc9b490, 4573;
v0x63a28dc9b490_4574 .array/port v0x63a28dc9b490, 4574;
E_0x63a28dcbf3d0/1143 .event anyedge, v0x63a28dc9b490_4571, v0x63a28dc9b490_4572, v0x63a28dc9b490_4573, v0x63a28dc9b490_4574;
v0x63a28dc9b490_4575 .array/port v0x63a28dc9b490, 4575;
v0x63a28dc9b490_4576 .array/port v0x63a28dc9b490, 4576;
v0x63a28dc9b490_4577 .array/port v0x63a28dc9b490, 4577;
v0x63a28dc9b490_4578 .array/port v0x63a28dc9b490, 4578;
E_0x63a28dcbf3d0/1144 .event anyedge, v0x63a28dc9b490_4575, v0x63a28dc9b490_4576, v0x63a28dc9b490_4577, v0x63a28dc9b490_4578;
v0x63a28dc9b490_4579 .array/port v0x63a28dc9b490, 4579;
v0x63a28dc9b490_4580 .array/port v0x63a28dc9b490, 4580;
v0x63a28dc9b490_4581 .array/port v0x63a28dc9b490, 4581;
v0x63a28dc9b490_4582 .array/port v0x63a28dc9b490, 4582;
E_0x63a28dcbf3d0/1145 .event anyedge, v0x63a28dc9b490_4579, v0x63a28dc9b490_4580, v0x63a28dc9b490_4581, v0x63a28dc9b490_4582;
v0x63a28dc9b490_4583 .array/port v0x63a28dc9b490, 4583;
v0x63a28dc9b490_4584 .array/port v0x63a28dc9b490, 4584;
v0x63a28dc9b490_4585 .array/port v0x63a28dc9b490, 4585;
v0x63a28dc9b490_4586 .array/port v0x63a28dc9b490, 4586;
E_0x63a28dcbf3d0/1146 .event anyedge, v0x63a28dc9b490_4583, v0x63a28dc9b490_4584, v0x63a28dc9b490_4585, v0x63a28dc9b490_4586;
v0x63a28dc9b490_4587 .array/port v0x63a28dc9b490, 4587;
v0x63a28dc9b490_4588 .array/port v0x63a28dc9b490, 4588;
v0x63a28dc9b490_4589 .array/port v0x63a28dc9b490, 4589;
v0x63a28dc9b490_4590 .array/port v0x63a28dc9b490, 4590;
E_0x63a28dcbf3d0/1147 .event anyedge, v0x63a28dc9b490_4587, v0x63a28dc9b490_4588, v0x63a28dc9b490_4589, v0x63a28dc9b490_4590;
v0x63a28dc9b490_4591 .array/port v0x63a28dc9b490, 4591;
v0x63a28dc9b490_4592 .array/port v0x63a28dc9b490, 4592;
v0x63a28dc9b490_4593 .array/port v0x63a28dc9b490, 4593;
v0x63a28dc9b490_4594 .array/port v0x63a28dc9b490, 4594;
E_0x63a28dcbf3d0/1148 .event anyedge, v0x63a28dc9b490_4591, v0x63a28dc9b490_4592, v0x63a28dc9b490_4593, v0x63a28dc9b490_4594;
v0x63a28dc9b490_4595 .array/port v0x63a28dc9b490, 4595;
v0x63a28dc9b490_4596 .array/port v0x63a28dc9b490, 4596;
v0x63a28dc9b490_4597 .array/port v0x63a28dc9b490, 4597;
v0x63a28dc9b490_4598 .array/port v0x63a28dc9b490, 4598;
E_0x63a28dcbf3d0/1149 .event anyedge, v0x63a28dc9b490_4595, v0x63a28dc9b490_4596, v0x63a28dc9b490_4597, v0x63a28dc9b490_4598;
v0x63a28dc9b490_4599 .array/port v0x63a28dc9b490, 4599;
v0x63a28dc9b490_4600 .array/port v0x63a28dc9b490, 4600;
v0x63a28dc9b490_4601 .array/port v0x63a28dc9b490, 4601;
v0x63a28dc9b490_4602 .array/port v0x63a28dc9b490, 4602;
E_0x63a28dcbf3d0/1150 .event anyedge, v0x63a28dc9b490_4599, v0x63a28dc9b490_4600, v0x63a28dc9b490_4601, v0x63a28dc9b490_4602;
v0x63a28dc9b490_4603 .array/port v0x63a28dc9b490, 4603;
v0x63a28dc9b490_4604 .array/port v0x63a28dc9b490, 4604;
v0x63a28dc9b490_4605 .array/port v0x63a28dc9b490, 4605;
v0x63a28dc9b490_4606 .array/port v0x63a28dc9b490, 4606;
E_0x63a28dcbf3d0/1151 .event anyedge, v0x63a28dc9b490_4603, v0x63a28dc9b490_4604, v0x63a28dc9b490_4605, v0x63a28dc9b490_4606;
v0x63a28dc9b490_4607 .array/port v0x63a28dc9b490, 4607;
v0x63a28dc9b490_4608 .array/port v0x63a28dc9b490, 4608;
v0x63a28dc9b490_4609 .array/port v0x63a28dc9b490, 4609;
v0x63a28dc9b490_4610 .array/port v0x63a28dc9b490, 4610;
E_0x63a28dcbf3d0/1152 .event anyedge, v0x63a28dc9b490_4607, v0x63a28dc9b490_4608, v0x63a28dc9b490_4609, v0x63a28dc9b490_4610;
v0x63a28dc9b490_4611 .array/port v0x63a28dc9b490, 4611;
v0x63a28dc9b490_4612 .array/port v0x63a28dc9b490, 4612;
v0x63a28dc9b490_4613 .array/port v0x63a28dc9b490, 4613;
v0x63a28dc9b490_4614 .array/port v0x63a28dc9b490, 4614;
E_0x63a28dcbf3d0/1153 .event anyedge, v0x63a28dc9b490_4611, v0x63a28dc9b490_4612, v0x63a28dc9b490_4613, v0x63a28dc9b490_4614;
v0x63a28dc9b490_4615 .array/port v0x63a28dc9b490, 4615;
v0x63a28dc9b490_4616 .array/port v0x63a28dc9b490, 4616;
v0x63a28dc9b490_4617 .array/port v0x63a28dc9b490, 4617;
v0x63a28dc9b490_4618 .array/port v0x63a28dc9b490, 4618;
E_0x63a28dcbf3d0/1154 .event anyedge, v0x63a28dc9b490_4615, v0x63a28dc9b490_4616, v0x63a28dc9b490_4617, v0x63a28dc9b490_4618;
v0x63a28dc9b490_4619 .array/port v0x63a28dc9b490, 4619;
v0x63a28dc9b490_4620 .array/port v0x63a28dc9b490, 4620;
v0x63a28dc9b490_4621 .array/port v0x63a28dc9b490, 4621;
v0x63a28dc9b490_4622 .array/port v0x63a28dc9b490, 4622;
E_0x63a28dcbf3d0/1155 .event anyedge, v0x63a28dc9b490_4619, v0x63a28dc9b490_4620, v0x63a28dc9b490_4621, v0x63a28dc9b490_4622;
v0x63a28dc9b490_4623 .array/port v0x63a28dc9b490, 4623;
v0x63a28dc9b490_4624 .array/port v0x63a28dc9b490, 4624;
v0x63a28dc9b490_4625 .array/port v0x63a28dc9b490, 4625;
v0x63a28dc9b490_4626 .array/port v0x63a28dc9b490, 4626;
E_0x63a28dcbf3d0/1156 .event anyedge, v0x63a28dc9b490_4623, v0x63a28dc9b490_4624, v0x63a28dc9b490_4625, v0x63a28dc9b490_4626;
v0x63a28dc9b490_4627 .array/port v0x63a28dc9b490, 4627;
v0x63a28dc9b490_4628 .array/port v0x63a28dc9b490, 4628;
v0x63a28dc9b490_4629 .array/port v0x63a28dc9b490, 4629;
v0x63a28dc9b490_4630 .array/port v0x63a28dc9b490, 4630;
E_0x63a28dcbf3d0/1157 .event anyedge, v0x63a28dc9b490_4627, v0x63a28dc9b490_4628, v0x63a28dc9b490_4629, v0x63a28dc9b490_4630;
v0x63a28dc9b490_4631 .array/port v0x63a28dc9b490, 4631;
v0x63a28dc9b490_4632 .array/port v0x63a28dc9b490, 4632;
v0x63a28dc9b490_4633 .array/port v0x63a28dc9b490, 4633;
v0x63a28dc9b490_4634 .array/port v0x63a28dc9b490, 4634;
E_0x63a28dcbf3d0/1158 .event anyedge, v0x63a28dc9b490_4631, v0x63a28dc9b490_4632, v0x63a28dc9b490_4633, v0x63a28dc9b490_4634;
v0x63a28dc9b490_4635 .array/port v0x63a28dc9b490, 4635;
v0x63a28dc9b490_4636 .array/port v0x63a28dc9b490, 4636;
v0x63a28dc9b490_4637 .array/port v0x63a28dc9b490, 4637;
v0x63a28dc9b490_4638 .array/port v0x63a28dc9b490, 4638;
E_0x63a28dcbf3d0/1159 .event anyedge, v0x63a28dc9b490_4635, v0x63a28dc9b490_4636, v0x63a28dc9b490_4637, v0x63a28dc9b490_4638;
v0x63a28dc9b490_4639 .array/port v0x63a28dc9b490, 4639;
v0x63a28dc9b490_4640 .array/port v0x63a28dc9b490, 4640;
v0x63a28dc9b490_4641 .array/port v0x63a28dc9b490, 4641;
v0x63a28dc9b490_4642 .array/port v0x63a28dc9b490, 4642;
E_0x63a28dcbf3d0/1160 .event anyedge, v0x63a28dc9b490_4639, v0x63a28dc9b490_4640, v0x63a28dc9b490_4641, v0x63a28dc9b490_4642;
v0x63a28dc9b490_4643 .array/port v0x63a28dc9b490, 4643;
v0x63a28dc9b490_4644 .array/port v0x63a28dc9b490, 4644;
v0x63a28dc9b490_4645 .array/port v0x63a28dc9b490, 4645;
v0x63a28dc9b490_4646 .array/port v0x63a28dc9b490, 4646;
E_0x63a28dcbf3d0/1161 .event anyedge, v0x63a28dc9b490_4643, v0x63a28dc9b490_4644, v0x63a28dc9b490_4645, v0x63a28dc9b490_4646;
v0x63a28dc9b490_4647 .array/port v0x63a28dc9b490, 4647;
v0x63a28dc9b490_4648 .array/port v0x63a28dc9b490, 4648;
v0x63a28dc9b490_4649 .array/port v0x63a28dc9b490, 4649;
v0x63a28dc9b490_4650 .array/port v0x63a28dc9b490, 4650;
E_0x63a28dcbf3d0/1162 .event anyedge, v0x63a28dc9b490_4647, v0x63a28dc9b490_4648, v0x63a28dc9b490_4649, v0x63a28dc9b490_4650;
v0x63a28dc9b490_4651 .array/port v0x63a28dc9b490, 4651;
v0x63a28dc9b490_4652 .array/port v0x63a28dc9b490, 4652;
v0x63a28dc9b490_4653 .array/port v0x63a28dc9b490, 4653;
v0x63a28dc9b490_4654 .array/port v0x63a28dc9b490, 4654;
E_0x63a28dcbf3d0/1163 .event anyedge, v0x63a28dc9b490_4651, v0x63a28dc9b490_4652, v0x63a28dc9b490_4653, v0x63a28dc9b490_4654;
v0x63a28dc9b490_4655 .array/port v0x63a28dc9b490, 4655;
v0x63a28dc9b490_4656 .array/port v0x63a28dc9b490, 4656;
v0x63a28dc9b490_4657 .array/port v0x63a28dc9b490, 4657;
v0x63a28dc9b490_4658 .array/port v0x63a28dc9b490, 4658;
E_0x63a28dcbf3d0/1164 .event anyedge, v0x63a28dc9b490_4655, v0x63a28dc9b490_4656, v0x63a28dc9b490_4657, v0x63a28dc9b490_4658;
v0x63a28dc9b490_4659 .array/port v0x63a28dc9b490, 4659;
v0x63a28dc9b490_4660 .array/port v0x63a28dc9b490, 4660;
v0x63a28dc9b490_4661 .array/port v0x63a28dc9b490, 4661;
v0x63a28dc9b490_4662 .array/port v0x63a28dc9b490, 4662;
E_0x63a28dcbf3d0/1165 .event anyedge, v0x63a28dc9b490_4659, v0x63a28dc9b490_4660, v0x63a28dc9b490_4661, v0x63a28dc9b490_4662;
v0x63a28dc9b490_4663 .array/port v0x63a28dc9b490, 4663;
v0x63a28dc9b490_4664 .array/port v0x63a28dc9b490, 4664;
v0x63a28dc9b490_4665 .array/port v0x63a28dc9b490, 4665;
v0x63a28dc9b490_4666 .array/port v0x63a28dc9b490, 4666;
E_0x63a28dcbf3d0/1166 .event anyedge, v0x63a28dc9b490_4663, v0x63a28dc9b490_4664, v0x63a28dc9b490_4665, v0x63a28dc9b490_4666;
v0x63a28dc9b490_4667 .array/port v0x63a28dc9b490, 4667;
v0x63a28dc9b490_4668 .array/port v0x63a28dc9b490, 4668;
v0x63a28dc9b490_4669 .array/port v0x63a28dc9b490, 4669;
v0x63a28dc9b490_4670 .array/port v0x63a28dc9b490, 4670;
E_0x63a28dcbf3d0/1167 .event anyedge, v0x63a28dc9b490_4667, v0x63a28dc9b490_4668, v0x63a28dc9b490_4669, v0x63a28dc9b490_4670;
v0x63a28dc9b490_4671 .array/port v0x63a28dc9b490, 4671;
v0x63a28dc9b490_4672 .array/port v0x63a28dc9b490, 4672;
v0x63a28dc9b490_4673 .array/port v0x63a28dc9b490, 4673;
v0x63a28dc9b490_4674 .array/port v0x63a28dc9b490, 4674;
E_0x63a28dcbf3d0/1168 .event anyedge, v0x63a28dc9b490_4671, v0x63a28dc9b490_4672, v0x63a28dc9b490_4673, v0x63a28dc9b490_4674;
v0x63a28dc9b490_4675 .array/port v0x63a28dc9b490, 4675;
v0x63a28dc9b490_4676 .array/port v0x63a28dc9b490, 4676;
v0x63a28dc9b490_4677 .array/port v0x63a28dc9b490, 4677;
v0x63a28dc9b490_4678 .array/port v0x63a28dc9b490, 4678;
E_0x63a28dcbf3d0/1169 .event anyedge, v0x63a28dc9b490_4675, v0x63a28dc9b490_4676, v0x63a28dc9b490_4677, v0x63a28dc9b490_4678;
v0x63a28dc9b490_4679 .array/port v0x63a28dc9b490, 4679;
v0x63a28dc9b490_4680 .array/port v0x63a28dc9b490, 4680;
v0x63a28dc9b490_4681 .array/port v0x63a28dc9b490, 4681;
v0x63a28dc9b490_4682 .array/port v0x63a28dc9b490, 4682;
E_0x63a28dcbf3d0/1170 .event anyedge, v0x63a28dc9b490_4679, v0x63a28dc9b490_4680, v0x63a28dc9b490_4681, v0x63a28dc9b490_4682;
v0x63a28dc9b490_4683 .array/port v0x63a28dc9b490, 4683;
v0x63a28dc9b490_4684 .array/port v0x63a28dc9b490, 4684;
v0x63a28dc9b490_4685 .array/port v0x63a28dc9b490, 4685;
v0x63a28dc9b490_4686 .array/port v0x63a28dc9b490, 4686;
E_0x63a28dcbf3d0/1171 .event anyedge, v0x63a28dc9b490_4683, v0x63a28dc9b490_4684, v0x63a28dc9b490_4685, v0x63a28dc9b490_4686;
v0x63a28dc9b490_4687 .array/port v0x63a28dc9b490, 4687;
v0x63a28dc9b490_4688 .array/port v0x63a28dc9b490, 4688;
v0x63a28dc9b490_4689 .array/port v0x63a28dc9b490, 4689;
v0x63a28dc9b490_4690 .array/port v0x63a28dc9b490, 4690;
E_0x63a28dcbf3d0/1172 .event anyedge, v0x63a28dc9b490_4687, v0x63a28dc9b490_4688, v0x63a28dc9b490_4689, v0x63a28dc9b490_4690;
v0x63a28dc9b490_4691 .array/port v0x63a28dc9b490, 4691;
v0x63a28dc9b490_4692 .array/port v0x63a28dc9b490, 4692;
v0x63a28dc9b490_4693 .array/port v0x63a28dc9b490, 4693;
v0x63a28dc9b490_4694 .array/port v0x63a28dc9b490, 4694;
E_0x63a28dcbf3d0/1173 .event anyedge, v0x63a28dc9b490_4691, v0x63a28dc9b490_4692, v0x63a28dc9b490_4693, v0x63a28dc9b490_4694;
v0x63a28dc9b490_4695 .array/port v0x63a28dc9b490, 4695;
v0x63a28dc9b490_4696 .array/port v0x63a28dc9b490, 4696;
v0x63a28dc9b490_4697 .array/port v0x63a28dc9b490, 4697;
v0x63a28dc9b490_4698 .array/port v0x63a28dc9b490, 4698;
E_0x63a28dcbf3d0/1174 .event anyedge, v0x63a28dc9b490_4695, v0x63a28dc9b490_4696, v0x63a28dc9b490_4697, v0x63a28dc9b490_4698;
v0x63a28dc9b490_4699 .array/port v0x63a28dc9b490, 4699;
v0x63a28dc9b490_4700 .array/port v0x63a28dc9b490, 4700;
v0x63a28dc9b490_4701 .array/port v0x63a28dc9b490, 4701;
v0x63a28dc9b490_4702 .array/port v0x63a28dc9b490, 4702;
E_0x63a28dcbf3d0/1175 .event anyedge, v0x63a28dc9b490_4699, v0x63a28dc9b490_4700, v0x63a28dc9b490_4701, v0x63a28dc9b490_4702;
v0x63a28dc9b490_4703 .array/port v0x63a28dc9b490, 4703;
v0x63a28dc9b490_4704 .array/port v0x63a28dc9b490, 4704;
v0x63a28dc9b490_4705 .array/port v0x63a28dc9b490, 4705;
v0x63a28dc9b490_4706 .array/port v0x63a28dc9b490, 4706;
E_0x63a28dcbf3d0/1176 .event anyedge, v0x63a28dc9b490_4703, v0x63a28dc9b490_4704, v0x63a28dc9b490_4705, v0x63a28dc9b490_4706;
v0x63a28dc9b490_4707 .array/port v0x63a28dc9b490, 4707;
v0x63a28dc9b490_4708 .array/port v0x63a28dc9b490, 4708;
v0x63a28dc9b490_4709 .array/port v0x63a28dc9b490, 4709;
v0x63a28dc9b490_4710 .array/port v0x63a28dc9b490, 4710;
E_0x63a28dcbf3d0/1177 .event anyedge, v0x63a28dc9b490_4707, v0x63a28dc9b490_4708, v0x63a28dc9b490_4709, v0x63a28dc9b490_4710;
v0x63a28dc9b490_4711 .array/port v0x63a28dc9b490, 4711;
v0x63a28dc9b490_4712 .array/port v0x63a28dc9b490, 4712;
v0x63a28dc9b490_4713 .array/port v0x63a28dc9b490, 4713;
v0x63a28dc9b490_4714 .array/port v0x63a28dc9b490, 4714;
E_0x63a28dcbf3d0/1178 .event anyedge, v0x63a28dc9b490_4711, v0x63a28dc9b490_4712, v0x63a28dc9b490_4713, v0x63a28dc9b490_4714;
v0x63a28dc9b490_4715 .array/port v0x63a28dc9b490, 4715;
v0x63a28dc9b490_4716 .array/port v0x63a28dc9b490, 4716;
v0x63a28dc9b490_4717 .array/port v0x63a28dc9b490, 4717;
v0x63a28dc9b490_4718 .array/port v0x63a28dc9b490, 4718;
E_0x63a28dcbf3d0/1179 .event anyedge, v0x63a28dc9b490_4715, v0x63a28dc9b490_4716, v0x63a28dc9b490_4717, v0x63a28dc9b490_4718;
v0x63a28dc9b490_4719 .array/port v0x63a28dc9b490, 4719;
v0x63a28dc9b490_4720 .array/port v0x63a28dc9b490, 4720;
v0x63a28dc9b490_4721 .array/port v0x63a28dc9b490, 4721;
v0x63a28dc9b490_4722 .array/port v0x63a28dc9b490, 4722;
E_0x63a28dcbf3d0/1180 .event anyedge, v0x63a28dc9b490_4719, v0x63a28dc9b490_4720, v0x63a28dc9b490_4721, v0x63a28dc9b490_4722;
v0x63a28dc9b490_4723 .array/port v0x63a28dc9b490, 4723;
v0x63a28dc9b490_4724 .array/port v0x63a28dc9b490, 4724;
v0x63a28dc9b490_4725 .array/port v0x63a28dc9b490, 4725;
v0x63a28dc9b490_4726 .array/port v0x63a28dc9b490, 4726;
E_0x63a28dcbf3d0/1181 .event anyedge, v0x63a28dc9b490_4723, v0x63a28dc9b490_4724, v0x63a28dc9b490_4725, v0x63a28dc9b490_4726;
v0x63a28dc9b490_4727 .array/port v0x63a28dc9b490, 4727;
v0x63a28dc9b490_4728 .array/port v0x63a28dc9b490, 4728;
v0x63a28dc9b490_4729 .array/port v0x63a28dc9b490, 4729;
v0x63a28dc9b490_4730 .array/port v0x63a28dc9b490, 4730;
E_0x63a28dcbf3d0/1182 .event anyedge, v0x63a28dc9b490_4727, v0x63a28dc9b490_4728, v0x63a28dc9b490_4729, v0x63a28dc9b490_4730;
v0x63a28dc9b490_4731 .array/port v0x63a28dc9b490, 4731;
v0x63a28dc9b490_4732 .array/port v0x63a28dc9b490, 4732;
v0x63a28dc9b490_4733 .array/port v0x63a28dc9b490, 4733;
v0x63a28dc9b490_4734 .array/port v0x63a28dc9b490, 4734;
E_0x63a28dcbf3d0/1183 .event anyedge, v0x63a28dc9b490_4731, v0x63a28dc9b490_4732, v0x63a28dc9b490_4733, v0x63a28dc9b490_4734;
v0x63a28dc9b490_4735 .array/port v0x63a28dc9b490, 4735;
v0x63a28dc9b490_4736 .array/port v0x63a28dc9b490, 4736;
v0x63a28dc9b490_4737 .array/port v0x63a28dc9b490, 4737;
v0x63a28dc9b490_4738 .array/port v0x63a28dc9b490, 4738;
E_0x63a28dcbf3d0/1184 .event anyedge, v0x63a28dc9b490_4735, v0x63a28dc9b490_4736, v0x63a28dc9b490_4737, v0x63a28dc9b490_4738;
v0x63a28dc9b490_4739 .array/port v0x63a28dc9b490, 4739;
v0x63a28dc9b490_4740 .array/port v0x63a28dc9b490, 4740;
v0x63a28dc9b490_4741 .array/port v0x63a28dc9b490, 4741;
v0x63a28dc9b490_4742 .array/port v0x63a28dc9b490, 4742;
E_0x63a28dcbf3d0/1185 .event anyedge, v0x63a28dc9b490_4739, v0x63a28dc9b490_4740, v0x63a28dc9b490_4741, v0x63a28dc9b490_4742;
v0x63a28dc9b490_4743 .array/port v0x63a28dc9b490, 4743;
v0x63a28dc9b490_4744 .array/port v0x63a28dc9b490, 4744;
v0x63a28dc9b490_4745 .array/port v0x63a28dc9b490, 4745;
v0x63a28dc9b490_4746 .array/port v0x63a28dc9b490, 4746;
E_0x63a28dcbf3d0/1186 .event anyedge, v0x63a28dc9b490_4743, v0x63a28dc9b490_4744, v0x63a28dc9b490_4745, v0x63a28dc9b490_4746;
v0x63a28dc9b490_4747 .array/port v0x63a28dc9b490, 4747;
v0x63a28dc9b490_4748 .array/port v0x63a28dc9b490, 4748;
v0x63a28dc9b490_4749 .array/port v0x63a28dc9b490, 4749;
v0x63a28dc9b490_4750 .array/port v0x63a28dc9b490, 4750;
E_0x63a28dcbf3d0/1187 .event anyedge, v0x63a28dc9b490_4747, v0x63a28dc9b490_4748, v0x63a28dc9b490_4749, v0x63a28dc9b490_4750;
v0x63a28dc9b490_4751 .array/port v0x63a28dc9b490, 4751;
v0x63a28dc9b490_4752 .array/port v0x63a28dc9b490, 4752;
v0x63a28dc9b490_4753 .array/port v0x63a28dc9b490, 4753;
v0x63a28dc9b490_4754 .array/port v0x63a28dc9b490, 4754;
E_0x63a28dcbf3d0/1188 .event anyedge, v0x63a28dc9b490_4751, v0x63a28dc9b490_4752, v0x63a28dc9b490_4753, v0x63a28dc9b490_4754;
v0x63a28dc9b490_4755 .array/port v0x63a28dc9b490, 4755;
v0x63a28dc9b490_4756 .array/port v0x63a28dc9b490, 4756;
v0x63a28dc9b490_4757 .array/port v0x63a28dc9b490, 4757;
v0x63a28dc9b490_4758 .array/port v0x63a28dc9b490, 4758;
E_0x63a28dcbf3d0/1189 .event anyedge, v0x63a28dc9b490_4755, v0x63a28dc9b490_4756, v0x63a28dc9b490_4757, v0x63a28dc9b490_4758;
v0x63a28dc9b490_4759 .array/port v0x63a28dc9b490, 4759;
v0x63a28dc9b490_4760 .array/port v0x63a28dc9b490, 4760;
v0x63a28dc9b490_4761 .array/port v0x63a28dc9b490, 4761;
v0x63a28dc9b490_4762 .array/port v0x63a28dc9b490, 4762;
E_0x63a28dcbf3d0/1190 .event anyedge, v0x63a28dc9b490_4759, v0x63a28dc9b490_4760, v0x63a28dc9b490_4761, v0x63a28dc9b490_4762;
v0x63a28dc9b490_4763 .array/port v0x63a28dc9b490, 4763;
v0x63a28dc9b490_4764 .array/port v0x63a28dc9b490, 4764;
v0x63a28dc9b490_4765 .array/port v0x63a28dc9b490, 4765;
v0x63a28dc9b490_4766 .array/port v0x63a28dc9b490, 4766;
E_0x63a28dcbf3d0/1191 .event anyedge, v0x63a28dc9b490_4763, v0x63a28dc9b490_4764, v0x63a28dc9b490_4765, v0x63a28dc9b490_4766;
v0x63a28dc9b490_4767 .array/port v0x63a28dc9b490, 4767;
v0x63a28dc9b490_4768 .array/port v0x63a28dc9b490, 4768;
v0x63a28dc9b490_4769 .array/port v0x63a28dc9b490, 4769;
v0x63a28dc9b490_4770 .array/port v0x63a28dc9b490, 4770;
E_0x63a28dcbf3d0/1192 .event anyedge, v0x63a28dc9b490_4767, v0x63a28dc9b490_4768, v0x63a28dc9b490_4769, v0x63a28dc9b490_4770;
v0x63a28dc9b490_4771 .array/port v0x63a28dc9b490, 4771;
v0x63a28dc9b490_4772 .array/port v0x63a28dc9b490, 4772;
v0x63a28dc9b490_4773 .array/port v0x63a28dc9b490, 4773;
v0x63a28dc9b490_4774 .array/port v0x63a28dc9b490, 4774;
E_0x63a28dcbf3d0/1193 .event anyedge, v0x63a28dc9b490_4771, v0x63a28dc9b490_4772, v0x63a28dc9b490_4773, v0x63a28dc9b490_4774;
v0x63a28dc9b490_4775 .array/port v0x63a28dc9b490, 4775;
v0x63a28dc9b490_4776 .array/port v0x63a28dc9b490, 4776;
v0x63a28dc9b490_4777 .array/port v0x63a28dc9b490, 4777;
v0x63a28dc9b490_4778 .array/port v0x63a28dc9b490, 4778;
E_0x63a28dcbf3d0/1194 .event anyedge, v0x63a28dc9b490_4775, v0x63a28dc9b490_4776, v0x63a28dc9b490_4777, v0x63a28dc9b490_4778;
v0x63a28dc9b490_4779 .array/port v0x63a28dc9b490, 4779;
v0x63a28dc9b490_4780 .array/port v0x63a28dc9b490, 4780;
v0x63a28dc9b490_4781 .array/port v0x63a28dc9b490, 4781;
v0x63a28dc9b490_4782 .array/port v0x63a28dc9b490, 4782;
E_0x63a28dcbf3d0/1195 .event anyedge, v0x63a28dc9b490_4779, v0x63a28dc9b490_4780, v0x63a28dc9b490_4781, v0x63a28dc9b490_4782;
v0x63a28dc9b490_4783 .array/port v0x63a28dc9b490, 4783;
v0x63a28dc9b490_4784 .array/port v0x63a28dc9b490, 4784;
v0x63a28dc9b490_4785 .array/port v0x63a28dc9b490, 4785;
v0x63a28dc9b490_4786 .array/port v0x63a28dc9b490, 4786;
E_0x63a28dcbf3d0/1196 .event anyedge, v0x63a28dc9b490_4783, v0x63a28dc9b490_4784, v0x63a28dc9b490_4785, v0x63a28dc9b490_4786;
v0x63a28dc9b490_4787 .array/port v0x63a28dc9b490, 4787;
v0x63a28dc9b490_4788 .array/port v0x63a28dc9b490, 4788;
v0x63a28dc9b490_4789 .array/port v0x63a28dc9b490, 4789;
v0x63a28dc9b490_4790 .array/port v0x63a28dc9b490, 4790;
E_0x63a28dcbf3d0/1197 .event anyedge, v0x63a28dc9b490_4787, v0x63a28dc9b490_4788, v0x63a28dc9b490_4789, v0x63a28dc9b490_4790;
v0x63a28dc9b490_4791 .array/port v0x63a28dc9b490, 4791;
v0x63a28dc9b490_4792 .array/port v0x63a28dc9b490, 4792;
v0x63a28dc9b490_4793 .array/port v0x63a28dc9b490, 4793;
v0x63a28dc9b490_4794 .array/port v0x63a28dc9b490, 4794;
E_0x63a28dcbf3d0/1198 .event anyedge, v0x63a28dc9b490_4791, v0x63a28dc9b490_4792, v0x63a28dc9b490_4793, v0x63a28dc9b490_4794;
v0x63a28dc9b490_4795 .array/port v0x63a28dc9b490, 4795;
v0x63a28dc9b490_4796 .array/port v0x63a28dc9b490, 4796;
v0x63a28dc9b490_4797 .array/port v0x63a28dc9b490, 4797;
v0x63a28dc9b490_4798 .array/port v0x63a28dc9b490, 4798;
E_0x63a28dcbf3d0/1199 .event anyedge, v0x63a28dc9b490_4795, v0x63a28dc9b490_4796, v0x63a28dc9b490_4797, v0x63a28dc9b490_4798;
v0x63a28dc9b490_4799 .array/port v0x63a28dc9b490, 4799;
v0x63a28dc9b490_4800 .array/port v0x63a28dc9b490, 4800;
v0x63a28dc9b490_4801 .array/port v0x63a28dc9b490, 4801;
v0x63a28dc9b490_4802 .array/port v0x63a28dc9b490, 4802;
E_0x63a28dcbf3d0/1200 .event anyedge, v0x63a28dc9b490_4799, v0x63a28dc9b490_4800, v0x63a28dc9b490_4801, v0x63a28dc9b490_4802;
v0x63a28dc9b490_4803 .array/port v0x63a28dc9b490, 4803;
v0x63a28dc9b490_4804 .array/port v0x63a28dc9b490, 4804;
v0x63a28dc9b490_4805 .array/port v0x63a28dc9b490, 4805;
v0x63a28dc9b490_4806 .array/port v0x63a28dc9b490, 4806;
E_0x63a28dcbf3d0/1201 .event anyedge, v0x63a28dc9b490_4803, v0x63a28dc9b490_4804, v0x63a28dc9b490_4805, v0x63a28dc9b490_4806;
v0x63a28dc9b490_4807 .array/port v0x63a28dc9b490, 4807;
v0x63a28dc9b490_4808 .array/port v0x63a28dc9b490, 4808;
v0x63a28dc9b490_4809 .array/port v0x63a28dc9b490, 4809;
v0x63a28dc9b490_4810 .array/port v0x63a28dc9b490, 4810;
E_0x63a28dcbf3d0/1202 .event anyedge, v0x63a28dc9b490_4807, v0x63a28dc9b490_4808, v0x63a28dc9b490_4809, v0x63a28dc9b490_4810;
v0x63a28dc9b490_4811 .array/port v0x63a28dc9b490, 4811;
v0x63a28dc9b490_4812 .array/port v0x63a28dc9b490, 4812;
v0x63a28dc9b490_4813 .array/port v0x63a28dc9b490, 4813;
v0x63a28dc9b490_4814 .array/port v0x63a28dc9b490, 4814;
E_0x63a28dcbf3d0/1203 .event anyedge, v0x63a28dc9b490_4811, v0x63a28dc9b490_4812, v0x63a28dc9b490_4813, v0x63a28dc9b490_4814;
v0x63a28dc9b490_4815 .array/port v0x63a28dc9b490, 4815;
v0x63a28dc9b490_4816 .array/port v0x63a28dc9b490, 4816;
v0x63a28dc9b490_4817 .array/port v0x63a28dc9b490, 4817;
v0x63a28dc9b490_4818 .array/port v0x63a28dc9b490, 4818;
E_0x63a28dcbf3d0/1204 .event anyedge, v0x63a28dc9b490_4815, v0x63a28dc9b490_4816, v0x63a28dc9b490_4817, v0x63a28dc9b490_4818;
v0x63a28dc9b490_4819 .array/port v0x63a28dc9b490, 4819;
v0x63a28dc9b490_4820 .array/port v0x63a28dc9b490, 4820;
v0x63a28dc9b490_4821 .array/port v0x63a28dc9b490, 4821;
v0x63a28dc9b490_4822 .array/port v0x63a28dc9b490, 4822;
E_0x63a28dcbf3d0/1205 .event anyedge, v0x63a28dc9b490_4819, v0x63a28dc9b490_4820, v0x63a28dc9b490_4821, v0x63a28dc9b490_4822;
v0x63a28dc9b490_4823 .array/port v0x63a28dc9b490, 4823;
v0x63a28dc9b490_4824 .array/port v0x63a28dc9b490, 4824;
v0x63a28dc9b490_4825 .array/port v0x63a28dc9b490, 4825;
v0x63a28dc9b490_4826 .array/port v0x63a28dc9b490, 4826;
E_0x63a28dcbf3d0/1206 .event anyedge, v0x63a28dc9b490_4823, v0x63a28dc9b490_4824, v0x63a28dc9b490_4825, v0x63a28dc9b490_4826;
v0x63a28dc9b490_4827 .array/port v0x63a28dc9b490, 4827;
v0x63a28dc9b490_4828 .array/port v0x63a28dc9b490, 4828;
v0x63a28dc9b490_4829 .array/port v0x63a28dc9b490, 4829;
v0x63a28dc9b490_4830 .array/port v0x63a28dc9b490, 4830;
E_0x63a28dcbf3d0/1207 .event anyedge, v0x63a28dc9b490_4827, v0x63a28dc9b490_4828, v0x63a28dc9b490_4829, v0x63a28dc9b490_4830;
v0x63a28dc9b490_4831 .array/port v0x63a28dc9b490, 4831;
v0x63a28dc9b490_4832 .array/port v0x63a28dc9b490, 4832;
v0x63a28dc9b490_4833 .array/port v0x63a28dc9b490, 4833;
v0x63a28dc9b490_4834 .array/port v0x63a28dc9b490, 4834;
E_0x63a28dcbf3d0/1208 .event anyedge, v0x63a28dc9b490_4831, v0x63a28dc9b490_4832, v0x63a28dc9b490_4833, v0x63a28dc9b490_4834;
v0x63a28dc9b490_4835 .array/port v0x63a28dc9b490, 4835;
v0x63a28dc9b490_4836 .array/port v0x63a28dc9b490, 4836;
v0x63a28dc9b490_4837 .array/port v0x63a28dc9b490, 4837;
v0x63a28dc9b490_4838 .array/port v0x63a28dc9b490, 4838;
E_0x63a28dcbf3d0/1209 .event anyedge, v0x63a28dc9b490_4835, v0x63a28dc9b490_4836, v0x63a28dc9b490_4837, v0x63a28dc9b490_4838;
v0x63a28dc9b490_4839 .array/port v0x63a28dc9b490, 4839;
v0x63a28dc9b490_4840 .array/port v0x63a28dc9b490, 4840;
v0x63a28dc9b490_4841 .array/port v0x63a28dc9b490, 4841;
v0x63a28dc9b490_4842 .array/port v0x63a28dc9b490, 4842;
E_0x63a28dcbf3d0/1210 .event anyedge, v0x63a28dc9b490_4839, v0x63a28dc9b490_4840, v0x63a28dc9b490_4841, v0x63a28dc9b490_4842;
v0x63a28dc9b490_4843 .array/port v0x63a28dc9b490, 4843;
v0x63a28dc9b490_4844 .array/port v0x63a28dc9b490, 4844;
v0x63a28dc9b490_4845 .array/port v0x63a28dc9b490, 4845;
v0x63a28dc9b490_4846 .array/port v0x63a28dc9b490, 4846;
E_0x63a28dcbf3d0/1211 .event anyedge, v0x63a28dc9b490_4843, v0x63a28dc9b490_4844, v0x63a28dc9b490_4845, v0x63a28dc9b490_4846;
v0x63a28dc9b490_4847 .array/port v0x63a28dc9b490, 4847;
v0x63a28dc9b490_4848 .array/port v0x63a28dc9b490, 4848;
v0x63a28dc9b490_4849 .array/port v0x63a28dc9b490, 4849;
v0x63a28dc9b490_4850 .array/port v0x63a28dc9b490, 4850;
E_0x63a28dcbf3d0/1212 .event anyedge, v0x63a28dc9b490_4847, v0x63a28dc9b490_4848, v0x63a28dc9b490_4849, v0x63a28dc9b490_4850;
v0x63a28dc9b490_4851 .array/port v0x63a28dc9b490, 4851;
v0x63a28dc9b490_4852 .array/port v0x63a28dc9b490, 4852;
v0x63a28dc9b490_4853 .array/port v0x63a28dc9b490, 4853;
v0x63a28dc9b490_4854 .array/port v0x63a28dc9b490, 4854;
E_0x63a28dcbf3d0/1213 .event anyedge, v0x63a28dc9b490_4851, v0x63a28dc9b490_4852, v0x63a28dc9b490_4853, v0x63a28dc9b490_4854;
v0x63a28dc9b490_4855 .array/port v0x63a28dc9b490, 4855;
v0x63a28dc9b490_4856 .array/port v0x63a28dc9b490, 4856;
v0x63a28dc9b490_4857 .array/port v0x63a28dc9b490, 4857;
v0x63a28dc9b490_4858 .array/port v0x63a28dc9b490, 4858;
E_0x63a28dcbf3d0/1214 .event anyedge, v0x63a28dc9b490_4855, v0x63a28dc9b490_4856, v0x63a28dc9b490_4857, v0x63a28dc9b490_4858;
v0x63a28dc9b490_4859 .array/port v0x63a28dc9b490, 4859;
v0x63a28dc9b490_4860 .array/port v0x63a28dc9b490, 4860;
v0x63a28dc9b490_4861 .array/port v0x63a28dc9b490, 4861;
v0x63a28dc9b490_4862 .array/port v0x63a28dc9b490, 4862;
E_0x63a28dcbf3d0/1215 .event anyedge, v0x63a28dc9b490_4859, v0x63a28dc9b490_4860, v0x63a28dc9b490_4861, v0x63a28dc9b490_4862;
v0x63a28dc9b490_4863 .array/port v0x63a28dc9b490, 4863;
v0x63a28dc9b490_4864 .array/port v0x63a28dc9b490, 4864;
v0x63a28dc9b490_4865 .array/port v0x63a28dc9b490, 4865;
v0x63a28dc9b490_4866 .array/port v0x63a28dc9b490, 4866;
E_0x63a28dcbf3d0/1216 .event anyedge, v0x63a28dc9b490_4863, v0x63a28dc9b490_4864, v0x63a28dc9b490_4865, v0x63a28dc9b490_4866;
v0x63a28dc9b490_4867 .array/port v0x63a28dc9b490, 4867;
v0x63a28dc9b490_4868 .array/port v0x63a28dc9b490, 4868;
v0x63a28dc9b490_4869 .array/port v0x63a28dc9b490, 4869;
v0x63a28dc9b490_4870 .array/port v0x63a28dc9b490, 4870;
E_0x63a28dcbf3d0/1217 .event anyedge, v0x63a28dc9b490_4867, v0x63a28dc9b490_4868, v0x63a28dc9b490_4869, v0x63a28dc9b490_4870;
v0x63a28dc9b490_4871 .array/port v0x63a28dc9b490, 4871;
v0x63a28dc9b490_4872 .array/port v0x63a28dc9b490, 4872;
v0x63a28dc9b490_4873 .array/port v0x63a28dc9b490, 4873;
v0x63a28dc9b490_4874 .array/port v0x63a28dc9b490, 4874;
E_0x63a28dcbf3d0/1218 .event anyedge, v0x63a28dc9b490_4871, v0x63a28dc9b490_4872, v0x63a28dc9b490_4873, v0x63a28dc9b490_4874;
v0x63a28dc9b490_4875 .array/port v0x63a28dc9b490, 4875;
v0x63a28dc9b490_4876 .array/port v0x63a28dc9b490, 4876;
v0x63a28dc9b490_4877 .array/port v0x63a28dc9b490, 4877;
v0x63a28dc9b490_4878 .array/port v0x63a28dc9b490, 4878;
E_0x63a28dcbf3d0/1219 .event anyedge, v0x63a28dc9b490_4875, v0x63a28dc9b490_4876, v0x63a28dc9b490_4877, v0x63a28dc9b490_4878;
v0x63a28dc9b490_4879 .array/port v0x63a28dc9b490, 4879;
v0x63a28dc9b490_4880 .array/port v0x63a28dc9b490, 4880;
v0x63a28dc9b490_4881 .array/port v0x63a28dc9b490, 4881;
v0x63a28dc9b490_4882 .array/port v0x63a28dc9b490, 4882;
E_0x63a28dcbf3d0/1220 .event anyedge, v0x63a28dc9b490_4879, v0x63a28dc9b490_4880, v0x63a28dc9b490_4881, v0x63a28dc9b490_4882;
v0x63a28dc9b490_4883 .array/port v0x63a28dc9b490, 4883;
v0x63a28dc9b490_4884 .array/port v0x63a28dc9b490, 4884;
v0x63a28dc9b490_4885 .array/port v0x63a28dc9b490, 4885;
v0x63a28dc9b490_4886 .array/port v0x63a28dc9b490, 4886;
E_0x63a28dcbf3d0/1221 .event anyedge, v0x63a28dc9b490_4883, v0x63a28dc9b490_4884, v0x63a28dc9b490_4885, v0x63a28dc9b490_4886;
v0x63a28dc9b490_4887 .array/port v0x63a28dc9b490, 4887;
v0x63a28dc9b490_4888 .array/port v0x63a28dc9b490, 4888;
v0x63a28dc9b490_4889 .array/port v0x63a28dc9b490, 4889;
v0x63a28dc9b490_4890 .array/port v0x63a28dc9b490, 4890;
E_0x63a28dcbf3d0/1222 .event anyedge, v0x63a28dc9b490_4887, v0x63a28dc9b490_4888, v0x63a28dc9b490_4889, v0x63a28dc9b490_4890;
v0x63a28dc9b490_4891 .array/port v0x63a28dc9b490, 4891;
v0x63a28dc9b490_4892 .array/port v0x63a28dc9b490, 4892;
v0x63a28dc9b490_4893 .array/port v0x63a28dc9b490, 4893;
v0x63a28dc9b490_4894 .array/port v0x63a28dc9b490, 4894;
E_0x63a28dcbf3d0/1223 .event anyedge, v0x63a28dc9b490_4891, v0x63a28dc9b490_4892, v0x63a28dc9b490_4893, v0x63a28dc9b490_4894;
v0x63a28dc9b490_4895 .array/port v0x63a28dc9b490, 4895;
v0x63a28dc9b490_4896 .array/port v0x63a28dc9b490, 4896;
v0x63a28dc9b490_4897 .array/port v0x63a28dc9b490, 4897;
v0x63a28dc9b490_4898 .array/port v0x63a28dc9b490, 4898;
E_0x63a28dcbf3d0/1224 .event anyedge, v0x63a28dc9b490_4895, v0x63a28dc9b490_4896, v0x63a28dc9b490_4897, v0x63a28dc9b490_4898;
v0x63a28dc9b490_4899 .array/port v0x63a28dc9b490, 4899;
v0x63a28dc9b490_4900 .array/port v0x63a28dc9b490, 4900;
v0x63a28dc9b490_4901 .array/port v0x63a28dc9b490, 4901;
v0x63a28dc9b490_4902 .array/port v0x63a28dc9b490, 4902;
E_0x63a28dcbf3d0/1225 .event anyedge, v0x63a28dc9b490_4899, v0x63a28dc9b490_4900, v0x63a28dc9b490_4901, v0x63a28dc9b490_4902;
v0x63a28dc9b490_4903 .array/port v0x63a28dc9b490, 4903;
v0x63a28dc9b490_4904 .array/port v0x63a28dc9b490, 4904;
v0x63a28dc9b490_4905 .array/port v0x63a28dc9b490, 4905;
v0x63a28dc9b490_4906 .array/port v0x63a28dc9b490, 4906;
E_0x63a28dcbf3d0/1226 .event anyedge, v0x63a28dc9b490_4903, v0x63a28dc9b490_4904, v0x63a28dc9b490_4905, v0x63a28dc9b490_4906;
v0x63a28dc9b490_4907 .array/port v0x63a28dc9b490, 4907;
v0x63a28dc9b490_4908 .array/port v0x63a28dc9b490, 4908;
v0x63a28dc9b490_4909 .array/port v0x63a28dc9b490, 4909;
v0x63a28dc9b490_4910 .array/port v0x63a28dc9b490, 4910;
E_0x63a28dcbf3d0/1227 .event anyedge, v0x63a28dc9b490_4907, v0x63a28dc9b490_4908, v0x63a28dc9b490_4909, v0x63a28dc9b490_4910;
v0x63a28dc9b490_4911 .array/port v0x63a28dc9b490, 4911;
v0x63a28dc9b490_4912 .array/port v0x63a28dc9b490, 4912;
v0x63a28dc9b490_4913 .array/port v0x63a28dc9b490, 4913;
v0x63a28dc9b490_4914 .array/port v0x63a28dc9b490, 4914;
E_0x63a28dcbf3d0/1228 .event anyedge, v0x63a28dc9b490_4911, v0x63a28dc9b490_4912, v0x63a28dc9b490_4913, v0x63a28dc9b490_4914;
v0x63a28dc9b490_4915 .array/port v0x63a28dc9b490, 4915;
v0x63a28dc9b490_4916 .array/port v0x63a28dc9b490, 4916;
v0x63a28dc9b490_4917 .array/port v0x63a28dc9b490, 4917;
v0x63a28dc9b490_4918 .array/port v0x63a28dc9b490, 4918;
E_0x63a28dcbf3d0/1229 .event anyedge, v0x63a28dc9b490_4915, v0x63a28dc9b490_4916, v0x63a28dc9b490_4917, v0x63a28dc9b490_4918;
v0x63a28dc9b490_4919 .array/port v0x63a28dc9b490, 4919;
v0x63a28dc9b490_4920 .array/port v0x63a28dc9b490, 4920;
v0x63a28dc9b490_4921 .array/port v0x63a28dc9b490, 4921;
v0x63a28dc9b490_4922 .array/port v0x63a28dc9b490, 4922;
E_0x63a28dcbf3d0/1230 .event anyedge, v0x63a28dc9b490_4919, v0x63a28dc9b490_4920, v0x63a28dc9b490_4921, v0x63a28dc9b490_4922;
v0x63a28dc9b490_4923 .array/port v0x63a28dc9b490, 4923;
v0x63a28dc9b490_4924 .array/port v0x63a28dc9b490, 4924;
v0x63a28dc9b490_4925 .array/port v0x63a28dc9b490, 4925;
v0x63a28dc9b490_4926 .array/port v0x63a28dc9b490, 4926;
E_0x63a28dcbf3d0/1231 .event anyedge, v0x63a28dc9b490_4923, v0x63a28dc9b490_4924, v0x63a28dc9b490_4925, v0x63a28dc9b490_4926;
v0x63a28dc9b490_4927 .array/port v0x63a28dc9b490, 4927;
v0x63a28dc9b490_4928 .array/port v0x63a28dc9b490, 4928;
v0x63a28dc9b490_4929 .array/port v0x63a28dc9b490, 4929;
v0x63a28dc9b490_4930 .array/port v0x63a28dc9b490, 4930;
E_0x63a28dcbf3d0/1232 .event anyedge, v0x63a28dc9b490_4927, v0x63a28dc9b490_4928, v0x63a28dc9b490_4929, v0x63a28dc9b490_4930;
v0x63a28dc9b490_4931 .array/port v0x63a28dc9b490, 4931;
v0x63a28dc9b490_4932 .array/port v0x63a28dc9b490, 4932;
v0x63a28dc9b490_4933 .array/port v0x63a28dc9b490, 4933;
v0x63a28dc9b490_4934 .array/port v0x63a28dc9b490, 4934;
E_0x63a28dcbf3d0/1233 .event anyedge, v0x63a28dc9b490_4931, v0x63a28dc9b490_4932, v0x63a28dc9b490_4933, v0x63a28dc9b490_4934;
v0x63a28dc9b490_4935 .array/port v0x63a28dc9b490, 4935;
v0x63a28dc9b490_4936 .array/port v0x63a28dc9b490, 4936;
v0x63a28dc9b490_4937 .array/port v0x63a28dc9b490, 4937;
v0x63a28dc9b490_4938 .array/port v0x63a28dc9b490, 4938;
E_0x63a28dcbf3d0/1234 .event anyedge, v0x63a28dc9b490_4935, v0x63a28dc9b490_4936, v0x63a28dc9b490_4937, v0x63a28dc9b490_4938;
v0x63a28dc9b490_4939 .array/port v0x63a28dc9b490, 4939;
v0x63a28dc9b490_4940 .array/port v0x63a28dc9b490, 4940;
v0x63a28dc9b490_4941 .array/port v0x63a28dc9b490, 4941;
v0x63a28dc9b490_4942 .array/port v0x63a28dc9b490, 4942;
E_0x63a28dcbf3d0/1235 .event anyedge, v0x63a28dc9b490_4939, v0x63a28dc9b490_4940, v0x63a28dc9b490_4941, v0x63a28dc9b490_4942;
v0x63a28dc9b490_4943 .array/port v0x63a28dc9b490, 4943;
v0x63a28dc9b490_4944 .array/port v0x63a28dc9b490, 4944;
v0x63a28dc9b490_4945 .array/port v0x63a28dc9b490, 4945;
v0x63a28dc9b490_4946 .array/port v0x63a28dc9b490, 4946;
E_0x63a28dcbf3d0/1236 .event anyedge, v0x63a28dc9b490_4943, v0x63a28dc9b490_4944, v0x63a28dc9b490_4945, v0x63a28dc9b490_4946;
v0x63a28dc9b490_4947 .array/port v0x63a28dc9b490, 4947;
v0x63a28dc9b490_4948 .array/port v0x63a28dc9b490, 4948;
v0x63a28dc9b490_4949 .array/port v0x63a28dc9b490, 4949;
v0x63a28dc9b490_4950 .array/port v0x63a28dc9b490, 4950;
E_0x63a28dcbf3d0/1237 .event anyedge, v0x63a28dc9b490_4947, v0x63a28dc9b490_4948, v0x63a28dc9b490_4949, v0x63a28dc9b490_4950;
v0x63a28dc9b490_4951 .array/port v0x63a28dc9b490, 4951;
v0x63a28dc9b490_4952 .array/port v0x63a28dc9b490, 4952;
v0x63a28dc9b490_4953 .array/port v0x63a28dc9b490, 4953;
v0x63a28dc9b490_4954 .array/port v0x63a28dc9b490, 4954;
E_0x63a28dcbf3d0/1238 .event anyedge, v0x63a28dc9b490_4951, v0x63a28dc9b490_4952, v0x63a28dc9b490_4953, v0x63a28dc9b490_4954;
v0x63a28dc9b490_4955 .array/port v0x63a28dc9b490, 4955;
v0x63a28dc9b490_4956 .array/port v0x63a28dc9b490, 4956;
v0x63a28dc9b490_4957 .array/port v0x63a28dc9b490, 4957;
v0x63a28dc9b490_4958 .array/port v0x63a28dc9b490, 4958;
E_0x63a28dcbf3d0/1239 .event anyedge, v0x63a28dc9b490_4955, v0x63a28dc9b490_4956, v0x63a28dc9b490_4957, v0x63a28dc9b490_4958;
v0x63a28dc9b490_4959 .array/port v0x63a28dc9b490, 4959;
v0x63a28dc9b490_4960 .array/port v0x63a28dc9b490, 4960;
v0x63a28dc9b490_4961 .array/port v0x63a28dc9b490, 4961;
v0x63a28dc9b490_4962 .array/port v0x63a28dc9b490, 4962;
E_0x63a28dcbf3d0/1240 .event anyedge, v0x63a28dc9b490_4959, v0x63a28dc9b490_4960, v0x63a28dc9b490_4961, v0x63a28dc9b490_4962;
v0x63a28dc9b490_4963 .array/port v0x63a28dc9b490, 4963;
v0x63a28dc9b490_4964 .array/port v0x63a28dc9b490, 4964;
v0x63a28dc9b490_4965 .array/port v0x63a28dc9b490, 4965;
v0x63a28dc9b490_4966 .array/port v0x63a28dc9b490, 4966;
E_0x63a28dcbf3d0/1241 .event anyedge, v0x63a28dc9b490_4963, v0x63a28dc9b490_4964, v0x63a28dc9b490_4965, v0x63a28dc9b490_4966;
v0x63a28dc9b490_4967 .array/port v0x63a28dc9b490, 4967;
v0x63a28dc9b490_4968 .array/port v0x63a28dc9b490, 4968;
v0x63a28dc9b490_4969 .array/port v0x63a28dc9b490, 4969;
v0x63a28dc9b490_4970 .array/port v0x63a28dc9b490, 4970;
E_0x63a28dcbf3d0/1242 .event anyedge, v0x63a28dc9b490_4967, v0x63a28dc9b490_4968, v0x63a28dc9b490_4969, v0x63a28dc9b490_4970;
v0x63a28dc9b490_4971 .array/port v0x63a28dc9b490, 4971;
v0x63a28dc9b490_4972 .array/port v0x63a28dc9b490, 4972;
v0x63a28dc9b490_4973 .array/port v0x63a28dc9b490, 4973;
v0x63a28dc9b490_4974 .array/port v0x63a28dc9b490, 4974;
E_0x63a28dcbf3d0/1243 .event anyedge, v0x63a28dc9b490_4971, v0x63a28dc9b490_4972, v0x63a28dc9b490_4973, v0x63a28dc9b490_4974;
v0x63a28dc9b490_4975 .array/port v0x63a28dc9b490, 4975;
v0x63a28dc9b490_4976 .array/port v0x63a28dc9b490, 4976;
v0x63a28dc9b490_4977 .array/port v0x63a28dc9b490, 4977;
v0x63a28dc9b490_4978 .array/port v0x63a28dc9b490, 4978;
E_0x63a28dcbf3d0/1244 .event anyedge, v0x63a28dc9b490_4975, v0x63a28dc9b490_4976, v0x63a28dc9b490_4977, v0x63a28dc9b490_4978;
v0x63a28dc9b490_4979 .array/port v0x63a28dc9b490, 4979;
v0x63a28dc9b490_4980 .array/port v0x63a28dc9b490, 4980;
v0x63a28dc9b490_4981 .array/port v0x63a28dc9b490, 4981;
v0x63a28dc9b490_4982 .array/port v0x63a28dc9b490, 4982;
E_0x63a28dcbf3d0/1245 .event anyedge, v0x63a28dc9b490_4979, v0x63a28dc9b490_4980, v0x63a28dc9b490_4981, v0x63a28dc9b490_4982;
v0x63a28dc9b490_4983 .array/port v0x63a28dc9b490, 4983;
v0x63a28dc9b490_4984 .array/port v0x63a28dc9b490, 4984;
v0x63a28dc9b490_4985 .array/port v0x63a28dc9b490, 4985;
v0x63a28dc9b490_4986 .array/port v0x63a28dc9b490, 4986;
E_0x63a28dcbf3d0/1246 .event anyedge, v0x63a28dc9b490_4983, v0x63a28dc9b490_4984, v0x63a28dc9b490_4985, v0x63a28dc9b490_4986;
v0x63a28dc9b490_4987 .array/port v0x63a28dc9b490, 4987;
v0x63a28dc9b490_4988 .array/port v0x63a28dc9b490, 4988;
v0x63a28dc9b490_4989 .array/port v0x63a28dc9b490, 4989;
v0x63a28dc9b490_4990 .array/port v0x63a28dc9b490, 4990;
E_0x63a28dcbf3d0/1247 .event anyedge, v0x63a28dc9b490_4987, v0x63a28dc9b490_4988, v0x63a28dc9b490_4989, v0x63a28dc9b490_4990;
v0x63a28dc9b490_4991 .array/port v0x63a28dc9b490, 4991;
v0x63a28dc9b490_4992 .array/port v0x63a28dc9b490, 4992;
v0x63a28dc9b490_4993 .array/port v0x63a28dc9b490, 4993;
v0x63a28dc9b490_4994 .array/port v0x63a28dc9b490, 4994;
E_0x63a28dcbf3d0/1248 .event anyedge, v0x63a28dc9b490_4991, v0x63a28dc9b490_4992, v0x63a28dc9b490_4993, v0x63a28dc9b490_4994;
v0x63a28dc9b490_4995 .array/port v0x63a28dc9b490, 4995;
v0x63a28dc9b490_4996 .array/port v0x63a28dc9b490, 4996;
v0x63a28dc9b490_4997 .array/port v0x63a28dc9b490, 4997;
v0x63a28dc9b490_4998 .array/port v0x63a28dc9b490, 4998;
E_0x63a28dcbf3d0/1249 .event anyedge, v0x63a28dc9b490_4995, v0x63a28dc9b490_4996, v0x63a28dc9b490_4997, v0x63a28dc9b490_4998;
v0x63a28dc9b490_4999 .array/port v0x63a28dc9b490, 4999;
v0x63a28dc9b490_5000 .array/port v0x63a28dc9b490, 5000;
v0x63a28dc9b490_5001 .array/port v0x63a28dc9b490, 5001;
v0x63a28dc9b490_5002 .array/port v0x63a28dc9b490, 5002;
E_0x63a28dcbf3d0/1250 .event anyedge, v0x63a28dc9b490_4999, v0x63a28dc9b490_5000, v0x63a28dc9b490_5001, v0x63a28dc9b490_5002;
v0x63a28dc9b490_5003 .array/port v0x63a28dc9b490, 5003;
v0x63a28dc9b490_5004 .array/port v0x63a28dc9b490, 5004;
v0x63a28dc9b490_5005 .array/port v0x63a28dc9b490, 5005;
v0x63a28dc9b490_5006 .array/port v0x63a28dc9b490, 5006;
E_0x63a28dcbf3d0/1251 .event anyedge, v0x63a28dc9b490_5003, v0x63a28dc9b490_5004, v0x63a28dc9b490_5005, v0x63a28dc9b490_5006;
v0x63a28dc9b490_5007 .array/port v0x63a28dc9b490, 5007;
v0x63a28dc9b490_5008 .array/port v0x63a28dc9b490, 5008;
v0x63a28dc9b490_5009 .array/port v0x63a28dc9b490, 5009;
v0x63a28dc9b490_5010 .array/port v0x63a28dc9b490, 5010;
E_0x63a28dcbf3d0/1252 .event anyedge, v0x63a28dc9b490_5007, v0x63a28dc9b490_5008, v0x63a28dc9b490_5009, v0x63a28dc9b490_5010;
v0x63a28dc9b490_5011 .array/port v0x63a28dc9b490, 5011;
v0x63a28dc9b490_5012 .array/port v0x63a28dc9b490, 5012;
v0x63a28dc9b490_5013 .array/port v0x63a28dc9b490, 5013;
v0x63a28dc9b490_5014 .array/port v0x63a28dc9b490, 5014;
E_0x63a28dcbf3d0/1253 .event anyedge, v0x63a28dc9b490_5011, v0x63a28dc9b490_5012, v0x63a28dc9b490_5013, v0x63a28dc9b490_5014;
v0x63a28dc9b490_5015 .array/port v0x63a28dc9b490, 5015;
v0x63a28dc9b490_5016 .array/port v0x63a28dc9b490, 5016;
v0x63a28dc9b490_5017 .array/port v0x63a28dc9b490, 5017;
v0x63a28dc9b490_5018 .array/port v0x63a28dc9b490, 5018;
E_0x63a28dcbf3d0/1254 .event anyedge, v0x63a28dc9b490_5015, v0x63a28dc9b490_5016, v0x63a28dc9b490_5017, v0x63a28dc9b490_5018;
v0x63a28dc9b490_5019 .array/port v0x63a28dc9b490, 5019;
v0x63a28dc9b490_5020 .array/port v0x63a28dc9b490, 5020;
v0x63a28dc9b490_5021 .array/port v0x63a28dc9b490, 5021;
v0x63a28dc9b490_5022 .array/port v0x63a28dc9b490, 5022;
E_0x63a28dcbf3d0/1255 .event anyedge, v0x63a28dc9b490_5019, v0x63a28dc9b490_5020, v0x63a28dc9b490_5021, v0x63a28dc9b490_5022;
v0x63a28dc9b490_5023 .array/port v0x63a28dc9b490, 5023;
v0x63a28dc9b490_5024 .array/port v0x63a28dc9b490, 5024;
v0x63a28dc9b490_5025 .array/port v0x63a28dc9b490, 5025;
v0x63a28dc9b490_5026 .array/port v0x63a28dc9b490, 5026;
E_0x63a28dcbf3d0/1256 .event anyedge, v0x63a28dc9b490_5023, v0x63a28dc9b490_5024, v0x63a28dc9b490_5025, v0x63a28dc9b490_5026;
v0x63a28dc9b490_5027 .array/port v0x63a28dc9b490, 5027;
v0x63a28dc9b490_5028 .array/port v0x63a28dc9b490, 5028;
v0x63a28dc9b490_5029 .array/port v0x63a28dc9b490, 5029;
v0x63a28dc9b490_5030 .array/port v0x63a28dc9b490, 5030;
E_0x63a28dcbf3d0/1257 .event anyedge, v0x63a28dc9b490_5027, v0x63a28dc9b490_5028, v0x63a28dc9b490_5029, v0x63a28dc9b490_5030;
v0x63a28dc9b490_5031 .array/port v0x63a28dc9b490, 5031;
v0x63a28dc9b490_5032 .array/port v0x63a28dc9b490, 5032;
v0x63a28dc9b490_5033 .array/port v0x63a28dc9b490, 5033;
v0x63a28dc9b490_5034 .array/port v0x63a28dc9b490, 5034;
E_0x63a28dcbf3d0/1258 .event anyedge, v0x63a28dc9b490_5031, v0x63a28dc9b490_5032, v0x63a28dc9b490_5033, v0x63a28dc9b490_5034;
v0x63a28dc9b490_5035 .array/port v0x63a28dc9b490, 5035;
v0x63a28dc9b490_5036 .array/port v0x63a28dc9b490, 5036;
v0x63a28dc9b490_5037 .array/port v0x63a28dc9b490, 5037;
v0x63a28dc9b490_5038 .array/port v0x63a28dc9b490, 5038;
E_0x63a28dcbf3d0/1259 .event anyedge, v0x63a28dc9b490_5035, v0x63a28dc9b490_5036, v0x63a28dc9b490_5037, v0x63a28dc9b490_5038;
v0x63a28dc9b490_5039 .array/port v0x63a28dc9b490, 5039;
v0x63a28dc9b490_5040 .array/port v0x63a28dc9b490, 5040;
v0x63a28dc9b490_5041 .array/port v0x63a28dc9b490, 5041;
v0x63a28dc9b490_5042 .array/port v0x63a28dc9b490, 5042;
E_0x63a28dcbf3d0/1260 .event anyedge, v0x63a28dc9b490_5039, v0x63a28dc9b490_5040, v0x63a28dc9b490_5041, v0x63a28dc9b490_5042;
v0x63a28dc9b490_5043 .array/port v0x63a28dc9b490, 5043;
v0x63a28dc9b490_5044 .array/port v0x63a28dc9b490, 5044;
v0x63a28dc9b490_5045 .array/port v0x63a28dc9b490, 5045;
v0x63a28dc9b490_5046 .array/port v0x63a28dc9b490, 5046;
E_0x63a28dcbf3d0/1261 .event anyedge, v0x63a28dc9b490_5043, v0x63a28dc9b490_5044, v0x63a28dc9b490_5045, v0x63a28dc9b490_5046;
v0x63a28dc9b490_5047 .array/port v0x63a28dc9b490, 5047;
v0x63a28dc9b490_5048 .array/port v0x63a28dc9b490, 5048;
v0x63a28dc9b490_5049 .array/port v0x63a28dc9b490, 5049;
v0x63a28dc9b490_5050 .array/port v0x63a28dc9b490, 5050;
E_0x63a28dcbf3d0/1262 .event anyedge, v0x63a28dc9b490_5047, v0x63a28dc9b490_5048, v0x63a28dc9b490_5049, v0x63a28dc9b490_5050;
v0x63a28dc9b490_5051 .array/port v0x63a28dc9b490, 5051;
v0x63a28dc9b490_5052 .array/port v0x63a28dc9b490, 5052;
v0x63a28dc9b490_5053 .array/port v0x63a28dc9b490, 5053;
v0x63a28dc9b490_5054 .array/port v0x63a28dc9b490, 5054;
E_0x63a28dcbf3d0/1263 .event anyedge, v0x63a28dc9b490_5051, v0x63a28dc9b490_5052, v0x63a28dc9b490_5053, v0x63a28dc9b490_5054;
v0x63a28dc9b490_5055 .array/port v0x63a28dc9b490, 5055;
v0x63a28dc9b490_5056 .array/port v0x63a28dc9b490, 5056;
v0x63a28dc9b490_5057 .array/port v0x63a28dc9b490, 5057;
v0x63a28dc9b490_5058 .array/port v0x63a28dc9b490, 5058;
E_0x63a28dcbf3d0/1264 .event anyedge, v0x63a28dc9b490_5055, v0x63a28dc9b490_5056, v0x63a28dc9b490_5057, v0x63a28dc9b490_5058;
v0x63a28dc9b490_5059 .array/port v0x63a28dc9b490, 5059;
v0x63a28dc9b490_5060 .array/port v0x63a28dc9b490, 5060;
v0x63a28dc9b490_5061 .array/port v0x63a28dc9b490, 5061;
v0x63a28dc9b490_5062 .array/port v0x63a28dc9b490, 5062;
E_0x63a28dcbf3d0/1265 .event anyedge, v0x63a28dc9b490_5059, v0x63a28dc9b490_5060, v0x63a28dc9b490_5061, v0x63a28dc9b490_5062;
v0x63a28dc9b490_5063 .array/port v0x63a28dc9b490, 5063;
v0x63a28dc9b490_5064 .array/port v0x63a28dc9b490, 5064;
v0x63a28dc9b490_5065 .array/port v0x63a28dc9b490, 5065;
v0x63a28dc9b490_5066 .array/port v0x63a28dc9b490, 5066;
E_0x63a28dcbf3d0/1266 .event anyedge, v0x63a28dc9b490_5063, v0x63a28dc9b490_5064, v0x63a28dc9b490_5065, v0x63a28dc9b490_5066;
v0x63a28dc9b490_5067 .array/port v0x63a28dc9b490, 5067;
v0x63a28dc9b490_5068 .array/port v0x63a28dc9b490, 5068;
v0x63a28dc9b490_5069 .array/port v0x63a28dc9b490, 5069;
v0x63a28dc9b490_5070 .array/port v0x63a28dc9b490, 5070;
E_0x63a28dcbf3d0/1267 .event anyedge, v0x63a28dc9b490_5067, v0x63a28dc9b490_5068, v0x63a28dc9b490_5069, v0x63a28dc9b490_5070;
v0x63a28dc9b490_5071 .array/port v0x63a28dc9b490, 5071;
v0x63a28dc9b490_5072 .array/port v0x63a28dc9b490, 5072;
v0x63a28dc9b490_5073 .array/port v0x63a28dc9b490, 5073;
v0x63a28dc9b490_5074 .array/port v0x63a28dc9b490, 5074;
E_0x63a28dcbf3d0/1268 .event anyedge, v0x63a28dc9b490_5071, v0x63a28dc9b490_5072, v0x63a28dc9b490_5073, v0x63a28dc9b490_5074;
v0x63a28dc9b490_5075 .array/port v0x63a28dc9b490, 5075;
v0x63a28dc9b490_5076 .array/port v0x63a28dc9b490, 5076;
v0x63a28dc9b490_5077 .array/port v0x63a28dc9b490, 5077;
v0x63a28dc9b490_5078 .array/port v0x63a28dc9b490, 5078;
E_0x63a28dcbf3d0/1269 .event anyedge, v0x63a28dc9b490_5075, v0x63a28dc9b490_5076, v0x63a28dc9b490_5077, v0x63a28dc9b490_5078;
v0x63a28dc9b490_5079 .array/port v0x63a28dc9b490, 5079;
v0x63a28dc9b490_5080 .array/port v0x63a28dc9b490, 5080;
v0x63a28dc9b490_5081 .array/port v0x63a28dc9b490, 5081;
v0x63a28dc9b490_5082 .array/port v0x63a28dc9b490, 5082;
E_0x63a28dcbf3d0/1270 .event anyedge, v0x63a28dc9b490_5079, v0x63a28dc9b490_5080, v0x63a28dc9b490_5081, v0x63a28dc9b490_5082;
v0x63a28dc9b490_5083 .array/port v0x63a28dc9b490, 5083;
v0x63a28dc9b490_5084 .array/port v0x63a28dc9b490, 5084;
v0x63a28dc9b490_5085 .array/port v0x63a28dc9b490, 5085;
v0x63a28dc9b490_5086 .array/port v0x63a28dc9b490, 5086;
E_0x63a28dcbf3d0/1271 .event anyedge, v0x63a28dc9b490_5083, v0x63a28dc9b490_5084, v0x63a28dc9b490_5085, v0x63a28dc9b490_5086;
v0x63a28dc9b490_5087 .array/port v0x63a28dc9b490, 5087;
v0x63a28dc9b490_5088 .array/port v0x63a28dc9b490, 5088;
v0x63a28dc9b490_5089 .array/port v0x63a28dc9b490, 5089;
v0x63a28dc9b490_5090 .array/port v0x63a28dc9b490, 5090;
E_0x63a28dcbf3d0/1272 .event anyedge, v0x63a28dc9b490_5087, v0x63a28dc9b490_5088, v0x63a28dc9b490_5089, v0x63a28dc9b490_5090;
v0x63a28dc9b490_5091 .array/port v0x63a28dc9b490, 5091;
v0x63a28dc9b490_5092 .array/port v0x63a28dc9b490, 5092;
v0x63a28dc9b490_5093 .array/port v0x63a28dc9b490, 5093;
v0x63a28dc9b490_5094 .array/port v0x63a28dc9b490, 5094;
E_0x63a28dcbf3d0/1273 .event anyedge, v0x63a28dc9b490_5091, v0x63a28dc9b490_5092, v0x63a28dc9b490_5093, v0x63a28dc9b490_5094;
v0x63a28dc9b490_5095 .array/port v0x63a28dc9b490, 5095;
v0x63a28dc9b490_5096 .array/port v0x63a28dc9b490, 5096;
v0x63a28dc9b490_5097 .array/port v0x63a28dc9b490, 5097;
v0x63a28dc9b490_5098 .array/port v0x63a28dc9b490, 5098;
E_0x63a28dcbf3d0/1274 .event anyedge, v0x63a28dc9b490_5095, v0x63a28dc9b490_5096, v0x63a28dc9b490_5097, v0x63a28dc9b490_5098;
v0x63a28dc9b490_5099 .array/port v0x63a28dc9b490, 5099;
v0x63a28dc9b490_5100 .array/port v0x63a28dc9b490, 5100;
v0x63a28dc9b490_5101 .array/port v0x63a28dc9b490, 5101;
v0x63a28dc9b490_5102 .array/port v0x63a28dc9b490, 5102;
E_0x63a28dcbf3d0/1275 .event anyedge, v0x63a28dc9b490_5099, v0x63a28dc9b490_5100, v0x63a28dc9b490_5101, v0x63a28dc9b490_5102;
v0x63a28dc9b490_5103 .array/port v0x63a28dc9b490, 5103;
v0x63a28dc9b490_5104 .array/port v0x63a28dc9b490, 5104;
v0x63a28dc9b490_5105 .array/port v0x63a28dc9b490, 5105;
v0x63a28dc9b490_5106 .array/port v0x63a28dc9b490, 5106;
E_0x63a28dcbf3d0/1276 .event anyedge, v0x63a28dc9b490_5103, v0x63a28dc9b490_5104, v0x63a28dc9b490_5105, v0x63a28dc9b490_5106;
v0x63a28dc9b490_5107 .array/port v0x63a28dc9b490, 5107;
v0x63a28dc9b490_5108 .array/port v0x63a28dc9b490, 5108;
v0x63a28dc9b490_5109 .array/port v0x63a28dc9b490, 5109;
v0x63a28dc9b490_5110 .array/port v0x63a28dc9b490, 5110;
E_0x63a28dcbf3d0/1277 .event anyedge, v0x63a28dc9b490_5107, v0x63a28dc9b490_5108, v0x63a28dc9b490_5109, v0x63a28dc9b490_5110;
v0x63a28dc9b490_5111 .array/port v0x63a28dc9b490, 5111;
v0x63a28dc9b490_5112 .array/port v0x63a28dc9b490, 5112;
v0x63a28dc9b490_5113 .array/port v0x63a28dc9b490, 5113;
v0x63a28dc9b490_5114 .array/port v0x63a28dc9b490, 5114;
E_0x63a28dcbf3d0/1278 .event anyedge, v0x63a28dc9b490_5111, v0x63a28dc9b490_5112, v0x63a28dc9b490_5113, v0x63a28dc9b490_5114;
v0x63a28dc9b490_5115 .array/port v0x63a28dc9b490, 5115;
v0x63a28dc9b490_5116 .array/port v0x63a28dc9b490, 5116;
v0x63a28dc9b490_5117 .array/port v0x63a28dc9b490, 5117;
v0x63a28dc9b490_5118 .array/port v0x63a28dc9b490, 5118;
E_0x63a28dcbf3d0/1279 .event anyedge, v0x63a28dc9b490_5115, v0x63a28dc9b490_5116, v0x63a28dc9b490_5117, v0x63a28dc9b490_5118;
v0x63a28dc9b490_5119 .array/port v0x63a28dc9b490, 5119;
v0x63a28dc9b490_5120 .array/port v0x63a28dc9b490, 5120;
v0x63a28dc9b490_5121 .array/port v0x63a28dc9b490, 5121;
v0x63a28dc9b490_5122 .array/port v0x63a28dc9b490, 5122;
E_0x63a28dcbf3d0/1280 .event anyedge, v0x63a28dc9b490_5119, v0x63a28dc9b490_5120, v0x63a28dc9b490_5121, v0x63a28dc9b490_5122;
v0x63a28dc9b490_5123 .array/port v0x63a28dc9b490, 5123;
v0x63a28dc9b490_5124 .array/port v0x63a28dc9b490, 5124;
v0x63a28dc9b490_5125 .array/port v0x63a28dc9b490, 5125;
v0x63a28dc9b490_5126 .array/port v0x63a28dc9b490, 5126;
E_0x63a28dcbf3d0/1281 .event anyedge, v0x63a28dc9b490_5123, v0x63a28dc9b490_5124, v0x63a28dc9b490_5125, v0x63a28dc9b490_5126;
v0x63a28dc9b490_5127 .array/port v0x63a28dc9b490, 5127;
v0x63a28dc9b490_5128 .array/port v0x63a28dc9b490, 5128;
v0x63a28dc9b490_5129 .array/port v0x63a28dc9b490, 5129;
v0x63a28dc9b490_5130 .array/port v0x63a28dc9b490, 5130;
E_0x63a28dcbf3d0/1282 .event anyedge, v0x63a28dc9b490_5127, v0x63a28dc9b490_5128, v0x63a28dc9b490_5129, v0x63a28dc9b490_5130;
v0x63a28dc9b490_5131 .array/port v0x63a28dc9b490, 5131;
v0x63a28dc9b490_5132 .array/port v0x63a28dc9b490, 5132;
v0x63a28dc9b490_5133 .array/port v0x63a28dc9b490, 5133;
v0x63a28dc9b490_5134 .array/port v0x63a28dc9b490, 5134;
E_0x63a28dcbf3d0/1283 .event anyedge, v0x63a28dc9b490_5131, v0x63a28dc9b490_5132, v0x63a28dc9b490_5133, v0x63a28dc9b490_5134;
v0x63a28dc9b490_5135 .array/port v0x63a28dc9b490, 5135;
v0x63a28dc9b490_5136 .array/port v0x63a28dc9b490, 5136;
v0x63a28dc9b490_5137 .array/port v0x63a28dc9b490, 5137;
v0x63a28dc9b490_5138 .array/port v0x63a28dc9b490, 5138;
E_0x63a28dcbf3d0/1284 .event anyedge, v0x63a28dc9b490_5135, v0x63a28dc9b490_5136, v0x63a28dc9b490_5137, v0x63a28dc9b490_5138;
v0x63a28dc9b490_5139 .array/port v0x63a28dc9b490, 5139;
v0x63a28dc9b490_5140 .array/port v0x63a28dc9b490, 5140;
v0x63a28dc9b490_5141 .array/port v0x63a28dc9b490, 5141;
v0x63a28dc9b490_5142 .array/port v0x63a28dc9b490, 5142;
E_0x63a28dcbf3d0/1285 .event anyedge, v0x63a28dc9b490_5139, v0x63a28dc9b490_5140, v0x63a28dc9b490_5141, v0x63a28dc9b490_5142;
v0x63a28dc9b490_5143 .array/port v0x63a28dc9b490, 5143;
v0x63a28dc9b490_5144 .array/port v0x63a28dc9b490, 5144;
v0x63a28dc9b490_5145 .array/port v0x63a28dc9b490, 5145;
v0x63a28dc9b490_5146 .array/port v0x63a28dc9b490, 5146;
E_0x63a28dcbf3d0/1286 .event anyedge, v0x63a28dc9b490_5143, v0x63a28dc9b490_5144, v0x63a28dc9b490_5145, v0x63a28dc9b490_5146;
v0x63a28dc9b490_5147 .array/port v0x63a28dc9b490, 5147;
v0x63a28dc9b490_5148 .array/port v0x63a28dc9b490, 5148;
v0x63a28dc9b490_5149 .array/port v0x63a28dc9b490, 5149;
v0x63a28dc9b490_5150 .array/port v0x63a28dc9b490, 5150;
E_0x63a28dcbf3d0/1287 .event anyedge, v0x63a28dc9b490_5147, v0x63a28dc9b490_5148, v0x63a28dc9b490_5149, v0x63a28dc9b490_5150;
v0x63a28dc9b490_5151 .array/port v0x63a28dc9b490, 5151;
v0x63a28dc9b490_5152 .array/port v0x63a28dc9b490, 5152;
v0x63a28dc9b490_5153 .array/port v0x63a28dc9b490, 5153;
v0x63a28dc9b490_5154 .array/port v0x63a28dc9b490, 5154;
E_0x63a28dcbf3d0/1288 .event anyedge, v0x63a28dc9b490_5151, v0x63a28dc9b490_5152, v0x63a28dc9b490_5153, v0x63a28dc9b490_5154;
v0x63a28dc9b490_5155 .array/port v0x63a28dc9b490, 5155;
v0x63a28dc9b490_5156 .array/port v0x63a28dc9b490, 5156;
v0x63a28dc9b490_5157 .array/port v0x63a28dc9b490, 5157;
v0x63a28dc9b490_5158 .array/port v0x63a28dc9b490, 5158;
E_0x63a28dcbf3d0/1289 .event anyedge, v0x63a28dc9b490_5155, v0x63a28dc9b490_5156, v0x63a28dc9b490_5157, v0x63a28dc9b490_5158;
v0x63a28dc9b490_5159 .array/port v0x63a28dc9b490, 5159;
v0x63a28dc9b490_5160 .array/port v0x63a28dc9b490, 5160;
v0x63a28dc9b490_5161 .array/port v0x63a28dc9b490, 5161;
v0x63a28dc9b490_5162 .array/port v0x63a28dc9b490, 5162;
E_0x63a28dcbf3d0/1290 .event anyedge, v0x63a28dc9b490_5159, v0x63a28dc9b490_5160, v0x63a28dc9b490_5161, v0x63a28dc9b490_5162;
v0x63a28dc9b490_5163 .array/port v0x63a28dc9b490, 5163;
v0x63a28dc9b490_5164 .array/port v0x63a28dc9b490, 5164;
v0x63a28dc9b490_5165 .array/port v0x63a28dc9b490, 5165;
v0x63a28dc9b490_5166 .array/port v0x63a28dc9b490, 5166;
E_0x63a28dcbf3d0/1291 .event anyedge, v0x63a28dc9b490_5163, v0x63a28dc9b490_5164, v0x63a28dc9b490_5165, v0x63a28dc9b490_5166;
v0x63a28dc9b490_5167 .array/port v0x63a28dc9b490, 5167;
v0x63a28dc9b490_5168 .array/port v0x63a28dc9b490, 5168;
v0x63a28dc9b490_5169 .array/port v0x63a28dc9b490, 5169;
v0x63a28dc9b490_5170 .array/port v0x63a28dc9b490, 5170;
E_0x63a28dcbf3d0/1292 .event anyedge, v0x63a28dc9b490_5167, v0x63a28dc9b490_5168, v0x63a28dc9b490_5169, v0x63a28dc9b490_5170;
v0x63a28dc9b490_5171 .array/port v0x63a28dc9b490, 5171;
v0x63a28dc9b490_5172 .array/port v0x63a28dc9b490, 5172;
v0x63a28dc9b490_5173 .array/port v0x63a28dc9b490, 5173;
v0x63a28dc9b490_5174 .array/port v0x63a28dc9b490, 5174;
E_0x63a28dcbf3d0/1293 .event anyedge, v0x63a28dc9b490_5171, v0x63a28dc9b490_5172, v0x63a28dc9b490_5173, v0x63a28dc9b490_5174;
v0x63a28dc9b490_5175 .array/port v0x63a28dc9b490, 5175;
v0x63a28dc9b490_5176 .array/port v0x63a28dc9b490, 5176;
v0x63a28dc9b490_5177 .array/port v0x63a28dc9b490, 5177;
v0x63a28dc9b490_5178 .array/port v0x63a28dc9b490, 5178;
E_0x63a28dcbf3d0/1294 .event anyedge, v0x63a28dc9b490_5175, v0x63a28dc9b490_5176, v0x63a28dc9b490_5177, v0x63a28dc9b490_5178;
v0x63a28dc9b490_5179 .array/port v0x63a28dc9b490, 5179;
v0x63a28dc9b490_5180 .array/port v0x63a28dc9b490, 5180;
v0x63a28dc9b490_5181 .array/port v0x63a28dc9b490, 5181;
v0x63a28dc9b490_5182 .array/port v0x63a28dc9b490, 5182;
E_0x63a28dcbf3d0/1295 .event anyedge, v0x63a28dc9b490_5179, v0x63a28dc9b490_5180, v0x63a28dc9b490_5181, v0x63a28dc9b490_5182;
v0x63a28dc9b490_5183 .array/port v0x63a28dc9b490, 5183;
v0x63a28dc9b490_5184 .array/port v0x63a28dc9b490, 5184;
v0x63a28dc9b490_5185 .array/port v0x63a28dc9b490, 5185;
v0x63a28dc9b490_5186 .array/port v0x63a28dc9b490, 5186;
E_0x63a28dcbf3d0/1296 .event anyedge, v0x63a28dc9b490_5183, v0x63a28dc9b490_5184, v0x63a28dc9b490_5185, v0x63a28dc9b490_5186;
v0x63a28dc9b490_5187 .array/port v0x63a28dc9b490, 5187;
v0x63a28dc9b490_5188 .array/port v0x63a28dc9b490, 5188;
v0x63a28dc9b490_5189 .array/port v0x63a28dc9b490, 5189;
v0x63a28dc9b490_5190 .array/port v0x63a28dc9b490, 5190;
E_0x63a28dcbf3d0/1297 .event anyedge, v0x63a28dc9b490_5187, v0x63a28dc9b490_5188, v0x63a28dc9b490_5189, v0x63a28dc9b490_5190;
v0x63a28dc9b490_5191 .array/port v0x63a28dc9b490, 5191;
v0x63a28dc9b490_5192 .array/port v0x63a28dc9b490, 5192;
v0x63a28dc9b490_5193 .array/port v0x63a28dc9b490, 5193;
v0x63a28dc9b490_5194 .array/port v0x63a28dc9b490, 5194;
E_0x63a28dcbf3d0/1298 .event anyedge, v0x63a28dc9b490_5191, v0x63a28dc9b490_5192, v0x63a28dc9b490_5193, v0x63a28dc9b490_5194;
v0x63a28dc9b490_5195 .array/port v0x63a28dc9b490, 5195;
v0x63a28dc9b490_5196 .array/port v0x63a28dc9b490, 5196;
v0x63a28dc9b490_5197 .array/port v0x63a28dc9b490, 5197;
v0x63a28dc9b490_5198 .array/port v0x63a28dc9b490, 5198;
E_0x63a28dcbf3d0/1299 .event anyedge, v0x63a28dc9b490_5195, v0x63a28dc9b490_5196, v0x63a28dc9b490_5197, v0x63a28dc9b490_5198;
v0x63a28dc9b490_5199 .array/port v0x63a28dc9b490, 5199;
v0x63a28dc9b490_5200 .array/port v0x63a28dc9b490, 5200;
v0x63a28dc9b490_5201 .array/port v0x63a28dc9b490, 5201;
v0x63a28dc9b490_5202 .array/port v0x63a28dc9b490, 5202;
E_0x63a28dcbf3d0/1300 .event anyedge, v0x63a28dc9b490_5199, v0x63a28dc9b490_5200, v0x63a28dc9b490_5201, v0x63a28dc9b490_5202;
v0x63a28dc9b490_5203 .array/port v0x63a28dc9b490, 5203;
v0x63a28dc9b490_5204 .array/port v0x63a28dc9b490, 5204;
v0x63a28dc9b490_5205 .array/port v0x63a28dc9b490, 5205;
v0x63a28dc9b490_5206 .array/port v0x63a28dc9b490, 5206;
E_0x63a28dcbf3d0/1301 .event anyedge, v0x63a28dc9b490_5203, v0x63a28dc9b490_5204, v0x63a28dc9b490_5205, v0x63a28dc9b490_5206;
v0x63a28dc9b490_5207 .array/port v0x63a28dc9b490, 5207;
v0x63a28dc9b490_5208 .array/port v0x63a28dc9b490, 5208;
v0x63a28dc9b490_5209 .array/port v0x63a28dc9b490, 5209;
v0x63a28dc9b490_5210 .array/port v0x63a28dc9b490, 5210;
E_0x63a28dcbf3d0/1302 .event anyedge, v0x63a28dc9b490_5207, v0x63a28dc9b490_5208, v0x63a28dc9b490_5209, v0x63a28dc9b490_5210;
v0x63a28dc9b490_5211 .array/port v0x63a28dc9b490, 5211;
v0x63a28dc9b490_5212 .array/port v0x63a28dc9b490, 5212;
v0x63a28dc9b490_5213 .array/port v0x63a28dc9b490, 5213;
v0x63a28dc9b490_5214 .array/port v0x63a28dc9b490, 5214;
E_0x63a28dcbf3d0/1303 .event anyedge, v0x63a28dc9b490_5211, v0x63a28dc9b490_5212, v0x63a28dc9b490_5213, v0x63a28dc9b490_5214;
v0x63a28dc9b490_5215 .array/port v0x63a28dc9b490, 5215;
v0x63a28dc9b490_5216 .array/port v0x63a28dc9b490, 5216;
v0x63a28dc9b490_5217 .array/port v0x63a28dc9b490, 5217;
v0x63a28dc9b490_5218 .array/port v0x63a28dc9b490, 5218;
E_0x63a28dcbf3d0/1304 .event anyedge, v0x63a28dc9b490_5215, v0x63a28dc9b490_5216, v0x63a28dc9b490_5217, v0x63a28dc9b490_5218;
v0x63a28dc9b490_5219 .array/port v0x63a28dc9b490, 5219;
v0x63a28dc9b490_5220 .array/port v0x63a28dc9b490, 5220;
v0x63a28dc9b490_5221 .array/port v0x63a28dc9b490, 5221;
v0x63a28dc9b490_5222 .array/port v0x63a28dc9b490, 5222;
E_0x63a28dcbf3d0/1305 .event anyedge, v0x63a28dc9b490_5219, v0x63a28dc9b490_5220, v0x63a28dc9b490_5221, v0x63a28dc9b490_5222;
v0x63a28dc9b490_5223 .array/port v0x63a28dc9b490, 5223;
v0x63a28dc9b490_5224 .array/port v0x63a28dc9b490, 5224;
v0x63a28dc9b490_5225 .array/port v0x63a28dc9b490, 5225;
v0x63a28dc9b490_5226 .array/port v0x63a28dc9b490, 5226;
E_0x63a28dcbf3d0/1306 .event anyedge, v0x63a28dc9b490_5223, v0x63a28dc9b490_5224, v0x63a28dc9b490_5225, v0x63a28dc9b490_5226;
v0x63a28dc9b490_5227 .array/port v0x63a28dc9b490, 5227;
v0x63a28dc9b490_5228 .array/port v0x63a28dc9b490, 5228;
v0x63a28dc9b490_5229 .array/port v0x63a28dc9b490, 5229;
v0x63a28dc9b490_5230 .array/port v0x63a28dc9b490, 5230;
E_0x63a28dcbf3d0/1307 .event anyedge, v0x63a28dc9b490_5227, v0x63a28dc9b490_5228, v0x63a28dc9b490_5229, v0x63a28dc9b490_5230;
v0x63a28dc9b490_5231 .array/port v0x63a28dc9b490, 5231;
v0x63a28dc9b490_5232 .array/port v0x63a28dc9b490, 5232;
v0x63a28dc9b490_5233 .array/port v0x63a28dc9b490, 5233;
v0x63a28dc9b490_5234 .array/port v0x63a28dc9b490, 5234;
E_0x63a28dcbf3d0/1308 .event anyedge, v0x63a28dc9b490_5231, v0x63a28dc9b490_5232, v0x63a28dc9b490_5233, v0x63a28dc9b490_5234;
v0x63a28dc9b490_5235 .array/port v0x63a28dc9b490, 5235;
v0x63a28dc9b490_5236 .array/port v0x63a28dc9b490, 5236;
v0x63a28dc9b490_5237 .array/port v0x63a28dc9b490, 5237;
v0x63a28dc9b490_5238 .array/port v0x63a28dc9b490, 5238;
E_0x63a28dcbf3d0/1309 .event anyedge, v0x63a28dc9b490_5235, v0x63a28dc9b490_5236, v0x63a28dc9b490_5237, v0x63a28dc9b490_5238;
v0x63a28dc9b490_5239 .array/port v0x63a28dc9b490, 5239;
v0x63a28dc9b490_5240 .array/port v0x63a28dc9b490, 5240;
v0x63a28dc9b490_5241 .array/port v0x63a28dc9b490, 5241;
v0x63a28dc9b490_5242 .array/port v0x63a28dc9b490, 5242;
E_0x63a28dcbf3d0/1310 .event anyedge, v0x63a28dc9b490_5239, v0x63a28dc9b490_5240, v0x63a28dc9b490_5241, v0x63a28dc9b490_5242;
v0x63a28dc9b490_5243 .array/port v0x63a28dc9b490, 5243;
v0x63a28dc9b490_5244 .array/port v0x63a28dc9b490, 5244;
v0x63a28dc9b490_5245 .array/port v0x63a28dc9b490, 5245;
v0x63a28dc9b490_5246 .array/port v0x63a28dc9b490, 5246;
E_0x63a28dcbf3d0/1311 .event anyedge, v0x63a28dc9b490_5243, v0x63a28dc9b490_5244, v0x63a28dc9b490_5245, v0x63a28dc9b490_5246;
v0x63a28dc9b490_5247 .array/port v0x63a28dc9b490, 5247;
v0x63a28dc9b490_5248 .array/port v0x63a28dc9b490, 5248;
v0x63a28dc9b490_5249 .array/port v0x63a28dc9b490, 5249;
v0x63a28dc9b490_5250 .array/port v0x63a28dc9b490, 5250;
E_0x63a28dcbf3d0/1312 .event anyedge, v0x63a28dc9b490_5247, v0x63a28dc9b490_5248, v0x63a28dc9b490_5249, v0x63a28dc9b490_5250;
v0x63a28dc9b490_5251 .array/port v0x63a28dc9b490, 5251;
v0x63a28dc9b490_5252 .array/port v0x63a28dc9b490, 5252;
v0x63a28dc9b490_5253 .array/port v0x63a28dc9b490, 5253;
v0x63a28dc9b490_5254 .array/port v0x63a28dc9b490, 5254;
E_0x63a28dcbf3d0/1313 .event anyedge, v0x63a28dc9b490_5251, v0x63a28dc9b490_5252, v0x63a28dc9b490_5253, v0x63a28dc9b490_5254;
v0x63a28dc9b490_5255 .array/port v0x63a28dc9b490, 5255;
v0x63a28dc9b490_5256 .array/port v0x63a28dc9b490, 5256;
v0x63a28dc9b490_5257 .array/port v0x63a28dc9b490, 5257;
v0x63a28dc9b490_5258 .array/port v0x63a28dc9b490, 5258;
E_0x63a28dcbf3d0/1314 .event anyedge, v0x63a28dc9b490_5255, v0x63a28dc9b490_5256, v0x63a28dc9b490_5257, v0x63a28dc9b490_5258;
v0x63a28dc9b490_5259 .array/port v0x63a28dc9b490, 5259;
v0x63a28dc9b490_5260 .array/port v0x63a28dc9b490, 5260;
v0x63a28dc9b490_5261 .array/port v0x63a28dc9b490, 5261;
v0x63a28dc9b490_5262 .array/port v0x63a28dc9b490, 5262;
E_0x63a28dcbf3d0/1315 .event anyedge, v0x63a28dc9b490_5259, v0x63a28dc9b490_5260, v0x63a28dc9b490_5261, v0x63a28dc9b490_5262;
v0x63a28dc9b490_5263 .array/port v0x63a28dc9b490, 5263;
v0x63a28dc9b490_5264 .array/port v0x63a28dc9b490, 5264;
v0x63a28dc9b490_5265 .array/port v0x63a28dc9b490, 5265;
v0x63a28dc9b490_5266 .array/port v0x63a28dc9b490, 5266;
E_0x63a28dcbf3d0/1316 .event anyedge, v0x63a28dc9b490_5263, v0x63a28dc9b490_5264, v0x63a28dc9b490_5265, v0x63a28dc9b490_5266;
v0x63a28dc9b490_5267 .array/port v0x63a28dc9b490, 5267;
v0x63a28dc9b490_5268 .array/port v0x63a28dc9b490, 5268;
v0x63a28dc9b490_5269 .array/port v0x63a28dc9b490, 5269;
v0x63a28dc9b490_5270 .array/port v0x63a28dc9b490, 5270;
E_0x63a28dcbf3d0/1317 .event anyedge, v0x63a28dc9b490_5267, v0x63a28dc9b490_5268, v0x63a28dc9b490_5269, v0x63a28dc9b490_5270;
v0x63a28dc9b490_5271 .array/port v0x63a28dc9b490, 5271;
v0x63a28dc9b490_5272 .array/port v0x63a28dc9b490, 5272;
v0x63a28dc9b490_5273 .array/port v0x63a28dc9b490, 5273;
v0x63a28dc9b490_5274 .array/port v0x63a28dc9b490, 5274;
E_0x63a28dcbf3d0/1318 .event anyedge, v0x63a28dc9b490_5271, v0x63a28dc9b490_5272, v0x63a28dc9b490_5273, v0x63a28dc9b490_5274;
v0x63a28dc9b490_5275 .array/port v0x63a28dc9b490, 5275;
v0x63a28dc9b490_5276 .array/port v0x63a28dc9b490, 5276;
v0x63a28dc9b490_5277 .array/port v0x63a28dc9b490, 5277;
v0x63a28dc9b490_5278 .array/port v0x63a28dc9b490, 5278;
E_0x63a28dcbf3d0/1319 .event anyedge, v0x63a28dc9b490_5275, v0x63a28dc9b490_5276, v0x63a28dc9b490_5277, v0x63a28dc9b490_5278;
v0x63a28dc9b490_5279 .array/port v0x63a28dc9b490, 5279;
v0x63a28dc9b490_5280 .array/port v0x63a28dc9b490, 5280;
v0x63a28dc9b490_5281 .array/port v0x63a28dc9b490, 5281;
v0x63a28dc9b490_5282 .array/port v0x63a28dc9b490, 5282;
E_0x63a28dcbf3d0/1320 .event anyedge, v0x63a28dc9b490_5279, v0x63a28dc9b490_5280, v0x63a28dc9b490_5281, v0x63a28dc9b490_5282;
v0x63a28dc9b490_5283 .array/port v0x63a28dc9b490, 5283;
v0x63a28dc9b490_5284 .array/port v0x63a28dc9b490, 5284;
v0x63a28dc9b490_5285 .array/port v0x63a28dc9b490, 5285;
v0x63a28dc9b490_5286 .array/port v0x63a28dc9b490, 5286;
E_0x63a28dcbf3d0/1321 .event anyedge, v0x63a28dc9b490_5283, v0x63a28dc9b490_5284, v0x63a28dc9b490_5285, v0x63a28dc9b490_5286;
v0x63a28dc9b490_5287 .array/port v0x63a28dc9b490, 5287;
v0x63a28dc9b490_5288 .array/port v0x63a28dc9b490, 5288;
v0x63a28dc9b490_5289 .array/port v0x63a28dc9b490, 5289;
v0x63a28dc9b490_5290 .array/port v0x63a28dc9b490, 5290;
E_0x63a28dcbf3d0/1322 .event anyedge, v0x63a28dc9b490_5287, v0x63a28dc9b490_5288, v0x63a28dc9b490_5289, v0x63a28dc9b490_5290;
v0x63a28dc9b490_5291 .array/port v0x63a28dc9b490, 5291;
v0x63a28dc9b490_5292 .array/port v0x63a28dc9b490, 5292;
v0x63a28dc9b490_5293 .array/port v0x63a28dc9b490, 5293;
v0x63a28dc9b490_5294 .array/port v0x63a28dc9b490, 5294;
E_0x63a28dcbf3d0/1323 .event anyedge, v0x63a28dc9b490_5291, v0x63a28dc9b490_5292, v0x63a28dc9b490_5293, v0x63a28dc9b490_5294;
v0x63a28dc9b490_5295 .array/port v0x63a28dc9b490, 5295;
v0x63a28dc9b490_5296 .array/port v0x63a28dc9b490, 5296;
v0x63a28dc9b490_5297 .array/port v0x63a28dc9b490, 5297;
v0x63a28dc9b490_5298 .array/port v0x63a28dc9b490, 5298;
E_0x63a28dcbf3d0/1324 .event anyedge, v0x63a28dc9b490_5295, v0x63a28dc9b490_5296, v0x63a28dc9b490_5297, v0x63a28dc9b490_5298;
v0x63a28dc9b490_5299 .array/port v0x63a28dc9b490, 5299;
v0x63a28dc9b490_5300 .array/port v0x63a28dc9b490, 5300;
v0x63a28dc9b490_5301 .array/port v0x63a28dc9b490, 5301;
v0x63a28dc9b490_5302 .array/port v0x63a28dc9b490, 5302;
E_0x63a28dcbf3d0/1325 .event anyedge, v0x63a28dc9b490_5299, v0x63a28dc9b490_5300, v0x63a28dc9b490_5301, v0x63a28dc9b490_5302;
v0x63a28dc9b490_5303 .array/port v0x63a28dc9b490, 5303;
v0x63a28dc9b490_5304 .array/port v0x63a28dc9b490, 5304;
v0x63a28dc9b490_5305 .array/port v0x63a28dc9b490, 5305;
v0x63a28dc9b490_5306 .array/port v0x63a28dc9b490, 5306;
E_0x63a28dcbf3d0/1326 .event anyedge, v0x63a28dc9b490_5303, v0x63a28dc9b490_5304, v0x63a28dc9b490_5305, v0x63a28dc9b490_5306;
v0x63a28dc9b490_5307 .array/port v0x63a28dc9b490, 5307;
v0x63a28dc9b490_5308 .array/port v0x63a28dc9b490, 5308;
v0x63a28dc9b490_5309 .array/port v0x63a28dc9b490, 5309;
v0x63a28dc9b490_5310 .array/port v0x63a28dc9b490, 5310;
E_0x63a28dcbf3d0/1327 .event anyedge, v0x63a28dc9b490_5307, v0x63a28dc9b490_5308, v0x63a28dc9b490_5309, v0x63a28dc9b490_5310;
v0x63a28dc9b490_5311 .array/port v0x63a28dc9b490, 5311;
v0x63a28dc9b490_5312 .array/port v0x63a28dc9b490, 5312;
v0x63a28dc9b490_5313 .array/port v0x63a28dc9b490, 5313;
v0x63a28dc9b490_5314 .array/port v0x63a28dc9b490, 5314;
E_0x63a28dcbf3d0/1328 .event anyedge, v0x63a28dc9b490_5311, v0x63a28dc9b490_5312, v0x63a28dc9b490_5313, v0x63a28dc9b490_5314;
v0x63a28dc9b490_5315 .array/port v0x63a28dc9b490, 5315;
v0x63a28dc9b490_5316 .array/port v0x63a28dc9b490, 5316;
v0x63a28dc9b490_5317 .array/port v0x63a28dc9b490, 5317;
v0x63a28dc9b490_5318 .array/port v0x63a28dc9b490, 5318;
E_0x63a28dcbf3d0/1329 .event anyedge, v0x63a28dc9b490_5315, v0x63a28dc9b490_5316, v0x63a28dc9b490_5317, v0x63a28dc9b490_5318;
v0x63a28dc9b490_5319 .array/port v0x63a28dc9b490, 5319;
v0x63a28dc9b490_5320 .array/port v0x63a28dc9b490, 5320;
v0x63a28dc9b490_5321 .array/port v0x63a28dc9b490, 5321;
v0x63a28dc9b490_5322 .array/port v0x63a28dc9b490, 5322;
E_0x63a28dcbf3d0/1330 .event anyedge, v0x63a28dc9b490_5319, v0x63a28dc9b490_5320, v0x63a28dc9b490_5321, v0x63a28dc9b490_5322;
v0x63a28dc9b490_5323 .array/port v0x63a28dc9b490, 5323;
v0x63a28dc9b490_5324 .array/port v0x63a28dc9b490, 5324;
v0x63a28dc9b490_5325 .array/port v0x63a28dc9b490, 5325;
v0x63a28dc9b490_5326 .array/port v0x63a28dc9b490, 5326;
E_0x63a28dcbf3d0/1331 .event anyedge, v0x63a28dc9b490_5323, v0x63a28dc9b490_5324, v0x63a28dc9b490_5325, v0x63a28dc9b490_5326;
v0x63a28dc9b490_5327 .array/port v0x63a28dc9b490, 5327;
v0x63a28dc9b490_5328 .array/port v0x63a28dc9b490, 5328;
v0x63a28dc9b490_5329 .array/port v0x63a28dc9b490, 5329;
v0x63a28dc9b490_5330 .array/port v0x63a28dc9b490, 5330;
E_0x63a28dcbf3d0/1332 .event anyedge, v0x63a28dc9b490_5327, v0x63a28dc9b490_5328, v0x63a28dc9b490_5329, v0x63a28dc9b490_5330;
v0x63a28dc9b490_5331 .array/port v0x63a28dc9b490, 5331;
v0x63a28dc9b490_5332 .array/port v0x63a28dc9b490, 5332;
v0x63a28dc9b490_5333 .array/port v0x63a28dc9b490, 5333;
v0x63a28dc9b490_5334 .array/port v0x63a28dc9b490, 5334;
E_0x63a28dcbf3d0/1333 .event anyedge, v0x63a28dc9b490_5331, v0x63a28dc9b490_5332, v0x63a28dc9b490_5333, v0x63a28dc9b490_5334;
v0x63a28dc9b490_5335 .array/port v0x63a28dc9b490, 5335;
v0x63a28dc9b490_5336 .array/port v0x63a28dc9b490, 5336;
v0x63a28dc9b490_5337 .array/port v0x63a28dc9b490, 5337;
v0x63a28dc9b490_5338 .array/port v0x63a28dc9b490, 5338;
E_0x63a28dcbf3d0/1334 .event anyedge, v0x63a28dc9b490_5335, v0x63a28dc9b490_5336, v0x63a28dc9b490_5337, v0x63a28dc9b490_5338;
v0x63a28dc9b490_5339 .array/port v0x63a28dc9b490, 5339;
v0x63a28dc9b490_5340 .array/port v0x63a28dc9b490, 5340;
v0x63a28dc9b490_5341 .array/port v0x63a28dc9b490, 5341;
v0x63a28dc9b490_5342 .array/port v0x63a28dc9b490, 5342;
E_0x63a28dcbf3d0/1335 .event anyedge, v0x63a28dc9b490_5339, v0x63a28dc9b490_5340, v0x63a28dc9b490_5341, v0x63a28dc9b490_5342;
v0x63a28dc9b490_5343 .array/port v0x63a28dc9b490, 5343;
v0x63a28dc9b490_5344 .array/port v0x63a28dc9b490, 5344;
v0x63a28dc9b490_5345 .array/port v0x63a28dc9b490, 5345;
v0x63a28dc9b490_5346 .array/port v0x63a28dc9b490, 5346;
E_0x63a28dcbf3d0/1336 .event anyedge, v0x63a28dc9b490_5343, v0x63a28dc9b490_5344, v0x63a28dc9b490_5345, v0x63a28dc9b490_5346;
v0x63a28dc9b490_5347 .array/port v0x63a28dc9b490, 5347;
v0x63a28dc9b490_5348 .array/port v0x63a28dc9b490, 5348;
v0x63a28dc9b490_5349 .array/port v0x63a28dc9b490, 5349;
v0x63a28dc9b490_5350 .array/port v0x63a28dc9b490, 5350;
E_0x63a28dcbf3d0/1337 .event anyedge, v0x63a28dc9b490_5347, v0x63a28dc9b490_5348, v0x63a28dc9b490_5349, v0x63a28dc9b490_5350;
v0x63a28dc9b490_5351 .array/port v0x63a28dc9b490, 5351;
v0x63a28dc9b490_5352 .array/port v0x63a28dc9b490, 5352;
v0x63a28dc9b490_5353 .array/port v0x63a28dc9b490, 5353;
v0x63a28dc9b490_5354 .array/port v0x63a28dc9b490, 5354;
E_0x63a28dcbf3d0/1338 .event anyedge, v0x63a28dc9b490_5351, v0x63a28dc9b490_5352, v0x63a28dc9b490_5353, v0x63a28dc9b490_5354;
v0x63a28dc9b490_5355 .array/port v0x63a28dc9b490, 5355;
v0x63a28dc9b490_5356 .array/port v0x63a28dc9b490, 5356;
v0x63a28dc9b490_5357 .array/port v0x63a28dc9b490, 5357;
v0x63a28dc9b490_5358 .array/port v0x63a28dc9b490, 5358;
E_0x63a28dcbf3d0/1339 .event anyedge, v0x63a28dc9b490_5355, v0x63a28dc9b490_5356, v0x63a28dc9b490_5357, v0x63a28dc9b490_5358;
v0x63a28dc9b490_5359 .array/port v0x63a28dc9b490, 5359;
v0x63a28dc9b490_5360 .array/port v0x63a28dc9b490, 5360;
v0x63a28dc9b490_5361 .array/port v0x63a28dc9b490, 5361;
v0x63a28dc9b490_5362 .array/port v0x63a28dc9b490, 5362;
E_0x63a28dcbf3d0/1340 .event anyedge, v0x63a28dc9b490_5359, v0x63a28dc9b490_5360, v0x63a28dc9b490_5361, v0x63a28dc9b490_5362;
v0x63a28dc9b490_5363 .array/port v0x63a28dc9b490, 5363;
v0x63a28dc9b490_5364 .array/port v0x63a28dc9b490, 5364;
v0x63a28dc9b490_5365 .array/port v0x63a28dc9b490, 5365;
v0x63a28dc9b490_5366 .array/port v0x63a28dc9b490, 5366;
E_0x63a28dcbf3d0/1341 .event anyedge, v0x63a28dc9b490_5363, v0x63a28dc9b490_5364, v0x63a28dc9b490_5365, v0x63a28dc9b490_5366;
v0x63a28dc9b490_5367 .array/port v0x63a28dc9b490, 5367;
v0x63a28dc9b490_5368 .array/port v0x63a28dc9b490, 5368;
v0x63a28dc9b490_5369 .array/port v0x63a28dc9b490, 5369;
v0x63a28dc9b490_5370 .array/port v0x63a28dc9b490, 5370;
E_0x63a28dcbf3d0/1342 .event anyedge, v0x63a28dc9b490_5367, v0x63a28dc9b490_5368, v0x63a28dc9b490_5369, v0x63a28dc9b490_5370;
v0x63a28dc9b490_5371 .array/port v0x63a28dc9b490, 5371;
v0x63a28dc9b490_5372 .array/port v0x63a28dc9b490, 5372;
v0x63a28dc9b490_5373 .array/port v0x63a28dc9b490, 5373;
v0x63a28dc9b490_5374 .array/port v0x63a28dc9b490, 5374;
E_0x63a28dcbf3d0/1343 .event anyedge, v0x63a28dc9b490_5371, v0x63a28dc9b490_5372, v0x63a28dc9b490_5373, v0x63a28dc9b490_5374;
v0x63a28dc9b490_5375 .array/port v0x63a28dc9b490, 5375;
v0x63a28dc9b490_5376 .array/port v0x63a28dc9b490, 5376;
v0x63a28dc9b490_5377 .array/port v0x63a28dc9b490, 5377;
v0x63a28dc9b490_5378 .array/port v0x63a28dc9b490, 5378;
E_0x63a28dcbf3d0/1344 .event anyedge, v0x63a28dc9b490_5375, v0x63a28dc9b490_5376, v0x63a28dc9b490_5377, v0x63a28dc9b490_5378;
v0x63a28dc9b490_5379 .array/port v0x63a28dc9b490, 5379;
v0x63a28dc9b490_5380 .array/port v0x63a28dc9b490, 5380;
v0x63a28dc9b490_5381 .array/port v0x63a28dc9b490, 5381;
v0x63a28dc9b490_5382 .array/port v0x63a28dc9b490, 5382;
E_0x63a28dcbf3d0/1345 .event anyedge, v0x63a28dc9b490_5379, v0x63a28dc9b490_5380, v0x63a28dc9b490_5381, v0x63a28dc9b490_5382;
v0x63a28dc9b490_5383 .array/port v0x63a28dc9b490, 5383;
v0x63a28dc9b490_5384 .array/port v0x63a28dc9b490, 5384;
v0x63a28dc9b490_5385 .array/port v0x63a28dc9b490, 5385;
v0x63a28dc9b490_5386 .array/port v0x63a28dc9b490, 5386;
E_0x63a28dcbf3d0/1346 .event anyedge, v0x63a28dc9b490_5383, v0x63a28dc9b490_5384, v0x63a28dc9b490_5385, v0x63a28dc9b490_5386;
v0x63a28dc9b490_5387 .array/port v0x63a28dc9b490, 5387;
v0x63a28dc9b490_5388 .array/port v0x63a28dc9b490, 5388;
v0x63a28dc9b490_5389 .array/port v0x63a28dc9b490, 5389;
v0x63a28dc9b490_5390 .array/port v0x63a28dc9b490, 5390;
E_0x63a28dcbf3d0/1347 .event anyedge, v0x63a28dc9b490_5387, v0x63a28dc9b490_5388, v0x63a28dc9b490_5389, v0x63a28dc9b490_5390;
v0x63a28dc9b490_5391 .array/port v0x63a28dc9b490, 5391;
v0x63a28dc9b490_5392 .array/port v0x63a28dc9b490, 5392;
v0x63a28dc9b490_5393 .array/port v0x63a28dc9b490, 5393;
v0x63a28dc9b490_5394 .array/port v0x63a28dc9b490, 5394;
E_0x63a28dcbf3d0/1348 .event anyedge, v0x63a28dc9b490_5391, v0x63a28dc9b490_5392, v0x63a28dc9b490_5393, v0x63a28dc9b490_5394;
v0x63a28dc9b490_5395 .array/port v0x63a28dc9b490, 5395;
v0x63a28dc9b490_5396 .array/port v0x63a28dc9b490, 5396;
v0x63a28dc9b490_5397 .array/port v0x63a28dc9b490, 5397;
v0x63a28dc9b490_5398 .array/port v0x63a28dc9b490, 5398;
E_0x63a28dcbf3d0/1349 .event anyedge, v0x63a28dc9b490_5395, v0x63a28dc9b490_5396, v0x63a28dc9b490_5397, v0x63a28dc9b490_5398;
v0x63a28dc9b490_5399 .array/port v0x63a28dc9b490, 5399;
v0x63a28dc9b490_5400 .array/port v0x63a28dc9b490, 5400;
v0x63a28dc9b490_5401 .array/port v0x63a28dc9b490, 5401;
v0x63a28dc9b490_5402 .array/port v0x63a28dc9b490, 5402;
E_0x63a28dcbf3d0/1350 .event anyedge, v0x63a28dc9b490_5399, v0x63a28dc9b490_5400, v0x63a28dc9b490_5401, v0x63a28dc9b490_5402;
v0x63a28dc9b490_5403 .array/port v0x63a28dc9b490, 5403;
v0x63a28dc9b490_5404 .array/port v0x63a28dc9b490, 5404;
v0x63a28dc9b490_5405 .array/port v0x63a28dc9b490, 5405;
v0x63a28dc9b490_5406 .array/port v0x63a28dc9b490, 5406;
E_0x63a28dcbf3d0/1351 .event anyedge, v0x63a28dc9b490_5403, v0x63a28dc9b490_5404, v0x63a28dc9b490_5405, v0x63a28dc9b490_5406;
v0x63a28dc9b490_5407 .array/port v0x63a28dc9b490, 5407;
v0x63a28dc9b490_5408 .array/port v0x63a28dc9b490, 5408;
v0x63a28dc9b490_5409 .array/port v0x63a28dc9b490, 5409;
v0x63a28dc9b490_5410 .array/port v0x63a28dc9b490, 5410;
E_0x63a28dcbf3d0/1352 .event anyedge, v0x63a28dc9b490_5407, v0x63a28dc9b490_5408, v0x63a28dc9b490_5409, v0x63a28dc9b490_5410;
v0x63a28dc9b490_5411 .array/port v0x63a28dc9b490, 5411;
v0x63a28dc9b490_5412 .array/port v0x63a28dc9b490, 5412;
v0x63a28dc9b490_5413 .array/port v0x63a28dc9b490, 5413;
v0x63a28dc9b490_5414 .array/port v0x63a28dc9b490, 5414;
E_0x63a28dcbf3d0/1353 .event anyedge, v0x63a28dc9b490_5411, v0x63a28dc9b490_5412, v0x63a28dc9b490_5413, v0x63a28dc9b490_5414;
v0x63a28dc9b490_5415 .array/port v0x63a28dc9b490, 5415;
v0x63a28dc9b490_5416 .array/port v0x63a28dc9b490, 5416;
v0x63a28dc9b490_5417 .array/port v0x63a28dc9b490, 5417;
v0x63a28dc9b490_5418 .array/port v0x63a28dc9b490, 5418;
E_0x63a28dcbf3d0/1354 .event anyedge, v0x63a28dc9b490_5415, v0x63a28dc9b490_5416, v0x63a28dc9b490_5417, v0x63a28dc9b490_5418;
v0x63a28dc9b490_5419 .array/port v0x63a28dc9b490, 5419;
v0x63a28dc9b490_5420 .array/port v0x63a28dc9b490, 5420;
v0x63a28dc9b490_5421 .array/port v0x63a28dc9b490, 5421;
v0x63a28dc9b490_5422 .array/port v0x63a28dc9b490, 5422;
E_0x63a28dcbf3d0/1355 .event anyedge, v0x63a28dc9b490_5419, v0x63a28dc9b490_5420, v0x63a28dc9b490_5421, v0x63a28dc9b490_5422;
v0x63a28dc9b490_5423 .array/port v0x63a28dc9b490, 5423;
v0x63a28dc9b490_5424 .array/port v0x63a28dc9b490, 5424;
v0x63a28dc9b490_5425 .array/port v0x63a28dc9b490, 5425;
v0x63a28dc9b490_5426 .array/port v0x63a28dc9b490, 5426;
E_0x63a28dcbf3d0/1356 .event anyedge, v0x63a28dc9b490_5423, v0x63a28dc9b490_5424, v0x63a28dc9b490_5425, v0x63a28dc9b490_5426;
v0x63a28dc9b490_5427 .array/port v0x63a28dc9b490, 5427;
v0x63a28dc9b490_5428 .array/port v0x63a28dc9b490, 5428;
v0x63a28dc9b490_5429 .array/port v0x63a28dc9b490, 5429;
v0x63a28dc9b490_5430 .array/port v0x63a28dc9b490, 5430;
E_0x63a28dcbf3d0/1357 .event anyedge, v0x63a28dc9b490_5427, v0x63a28dc9b490_5428, v0x63a28dc9b490_5429, v0x63a28dc9b490_5430;
v0x63a28dc9b490_5431 .array/port v0x63a28dc9b490, 5431;
v0x63a28dc9b490_5432 .array/port v0x63a28dc9b490, 5432;
v0x63a28dc9b490_5433 .array/port v0x63a28dc9b490, 5433;
v0x63a28dc9b490_5434 .array/port v0x63a28dc9b490, 5434;
E_0x63a28dcbf3d0/1358 .event anyedge, v0x63a28dc9b490_5431, v0x63a28dc9b490_5432, v0x63a28dc9b490_5433, v0x63a28dc9b490_5434;
v0x63a28dc9b490_5435 .array/port v0x63a28dc9b490, 5435;
v0x63a28dc9b490_5436 .array/port v0x63a28dc9b490, 5436;
v0x63a28dc9b490_5437 .array/port v0x63a28dc9b490, 5437;
v0x63a28dc9b490_5438 .array/port v0x63a28dc9b490, 5438;
E_0x63a28dcbf3d0/1359 .event anyedge, v0x63a28dc9b490_5435, v0x63a28dc9b490_5436, v0x63a28dc9b490_5437, v0x63a28dc9b490_5438;
v0x63a28dc9b490_5439 .array/port v0x63a28dc9b490, 5439;
v0x63a28dc9b490_5440 .array/port v0x63a28dc9b490, 5440;
v0x63a28dc9b490_5441 .array/port v0x63a28dc9b490, 5441;
v0x63a28dc9b490_5442 .array/port v0x63a28dc9b490, 5442;
E_0x63a28dcbf3d0/1360 .event anyedge, v0x63a28dc9b490_5439, v0x63a28dc9b490_5440, v0x63a28dc9b490_5441, v0x63a28dc9b490_5442;
v0x63a28dc9b490_5443 .array/port v0x63a28dc9b490, 5443;
v0x63a28dc9b490_5444 .array/port v0x63a28dc9b490, 5444;
v0x63a28dc9b490_5445 .array/port v0x63a28dc9b490, 5445;
v0x63a28dc9b490_5446 .array/port v0x63a28dc9b490, 5446;
E_0x63a28dcbf3d0/1361 .event anyedge, v0x63a28dc9b490_5443, v0x63a28dc9b490_5444, v0x63a28dc9b490_5445, v0x63a28dc9b490_5446;
v0x63a28dc9b490_5447 .array/port v0x63a28dc9b490, 5447;
v0x63a28dc9b490_5448 .array/port v0x63a28dc9b490, 5448;
v0x63a28dc9b490_5449 .array/port v0x63a28dc9b490, 5449;
v0x63a28dc9b490_5450 .array/port v0x63a28dc9b490, 5450;
E_0x63a28dcbf3d0/1362 .event anyedge, v0x63a28dc9b490_5447, v0x63a28dc9b490_5448, v0x63a28dc9b490_5449, v0x63a28dc9b490_5450;
v0x63a28dc9b490_5451 .array/port v0x63a28dc9b490, 5451;
v0x63a28dc9b490_5452 .array/port v0x63a28dc9b490, 5452;
v0x63a28dc9b490_5453 .array/port v0x63a28dc9b490, 5453;
v0x63a28dc9b490_5454 .array/port v0x63a28dc9b490, 5454;
E_0x63a28dcbf3d0/1363 .event anyedge, v0x63a28dc9b490_5451, v0x63a28dc9b490_5452, v0x63a28dc9b490_5453, v0x63a28dc9b490_5454;
v0x63a28dc9b490_5455 .array/port v0x63a28dc9b490, 5455;
v0x63a28dc9b490_5456 .array/port v0x63a28dc9b490, 5456;
v0x63a28dc9b490_5457 .array/port v0x63a28dc9b490, 5457;
v0x63a28dc9b490_5458 .array/port v0x63a28dc9b490, 5458;
E_0x63a28dcbf3d0/1364 .event anyedge, v0x63a28dc9b490_5455, v0x63a28dc9b490_5456, v0x63a28dc9b490_5457, v0x63a28dc9b490_5458;
v0x63a28dc9b490_5459 .array/port v0x63a28dc9b490, 5459;
v0x63a28dc9b490_5460 .array/port v0x63a28dc9b490, 5460;
v0x63a28dc9b490_5461 .array/port v0x63a28dc9b490, 5461;
v0x63a28dc9b490_5462 .array/port v0x63a28dc9b490, 5462;
E_0x63a28dcbf3d0/1365 .event anyedge, v0x63a28dc9b490_5459, v0x63a28dc9b490_5460, v0x63a28dc9b490_5461, v0x63a28dc9b490_5462;
v0x63a28dc9b490_5463 .array/port v0x63a28dc9b490, 5463;
v0x63a28dc9b490_5464 .array/port v0x63a28dc9b490, 5464;
v0x63a28dc9b490_5465 .array/port v0x63a28dc9b490, 5465;
v0x63a28dc9b490_5466 .array/port v0x63a28dc9b490, 5466;
E_0x63a28dcbf3d0/1366 .event anyedge, v0x63a28dc9b490_5463, v0x63a28dc9b490_5464, v0x63a28dc9b490_5465, v0x63a28dc9b490_5466;
v0x63a28dc9b490_5467 .array/port v0x63a28dc9b490, 5467;
v0x63a28dc9b490_5468 .array/port v0x63a28dc9b490, 5468;
v0x63a28dc9b490_5469 .array/port v0x63a28dc9b490, 5469;
v0x63a28dc9b490_5470 .array/port v0x63a28dc9b490, 5470;
E_0x63a28dcbf3d0/1367 .event anyedge, v0x63a28dc9b490_5467, v0x63a28dc9b490_5468, v0x63a28dc9b490_5469, v0x63a28dc9b490_5470;
v0x63a28dc9b490_5471 .array/port v0x63a28dc9b490, 5471;
v0x63a28dc9b490_5472 .array/port v0x63a28dc9b490, 5472;
v0x63a28dc9b490_5473 .array/port v0x63a28dc9b490, 5473;
v0x63a28dc9b490_5474 .array/port v0x63a28dc9b490, 5474;
E_0x63a28dcbf3d0/1368 .event anyedge, v0x63a28dc9b490_5471, v0x63a28dc9b490_5472, v0x63a28dc9b490_5473, v0x63a28dc9b490_5474;
v0x63a28dc9b490_5475 .array/port v0x63a28dc9b490, 5475;
v0x63a28dc9b490_5476 .array/port v0x63a28dc9b490, 5476;
v0x63a28dc9b490_5477 .array/port v0x63a28dc9b490, 5477;
v0x63a28dc9b490_5478 .array/port v0x63a28dc9b490, 5478;
E_0x63a28dcbf3d0/1369 .event anyedge, v0x63a28dc9b490_5475, v0x63a28dc9b490_5476, v0x63a28dc9b490_5477, v0x63a28dc9b490_5478;
v0x63a28dc9b490_5479 .array/port v0x63a28dc9b490, 5479;
v0x63a28dc9b490_5480 .array/port v0x63a28dc9b490, 5480;
v0x63a28dc9b490_5481 .array/port v0x63a28dc9b490, 5481;
v0x63a28dc9b490_5482 .array/port v0x63a28dc9b490, 5482;
E_0x63a28dcbf3d0/1370 .event anyedge, v0x63a28dc9b490_5479, v0x63a28dc9b490_5480, v0x63a28dc9b490_5481, v0x63a28dc9b490_5482;
v0x63a28dc9b490_5483 .array/port v0x63a28dc9b490, 5483;
v0x63a28dc9b490_5484 .array/port v0x63a28dc9b490, 5484;
v0x63a28dc9b490_5485 .array/port v0x63a28dc9b490, 5485;
v0x63a28dc9b490_5486 .array/port v0x63a28dc9b490, 5486;
E_0x63a28dcbf3d0/1371 .event anyedge, v0x63a28dc9b490_5483, v0x63a28dc9b490_5484, v0x63a28dc9b490_5485, v0x63a28dc9b490_5486;
v0x63a28dc9b490_5487 .array/port v0x63a28dc9b490, 5487;
v0x63a28dc9b490_5488 .array/port v0x63a28dc9b490, 5488;
v0x63a28dc9b490_5489 .array/port v0x63a28dc9b490, 5489;
v0x63a28dc9b490_5490 .array/port v0x63a28dc9b490, 5490;
E_0x63a28dcbf3d0/1372 .event anyedge, v0x63a28dc9b490_5487, v0x63a28dc9b490_5488, v0x63a28dc9b490_5489, v0x63a28dc9b490_5490;
v0x63a28dc9b490_5491 .array/port v0x63a28dc9b490, 5491;
v0x63a28dc9b490_5492 .array/port v0x63a28dc9b490, 5492;
v0x63a28dc9b490_5493 .array/port v0x63a28dc9b490, 5493;
v0x63a28dc9b490_5494 .array/port v0x63a28dc9b490, 5494;
E_0x63a28dcbf3d0/1373 .event anyedge, v0x63a28dc9b490_5491, v0x63a28dc9b490_5492, v0x63a28dc9b490_5493, v0x63a28dc9b490_5494;
v0x63a28dc9b490_5495 .array/port v0x63a28dc9b490, 5495;
v0x63a28dc9b490_5496 .array/port v0x63a28dc9b490, 5496;
v0x63a28dc9b490_5497 .array/port v0x63a28dc9b490, 5497;
v0x63a28dc9b490_5498 .array/port v0x63a28dc9b490, 5498;
E_0x63a28dcbf3d0/1374 .event anyedge, v0x63a28dc9b490_5495, v0x63a28dc9b490_5496, v0x63a28dc9b490_5497, v0x63a28dc9b490_5498;
v0x63a28dc9b490_5499 .array/port v0x63a28dc9b490, 5499;
v0x63a28dc9b490_5500 .array/port v0x63a28dc9b490, 5500;
v0x63a28dc9b490_5501 .array/port v0x63a28dc9b490, 5501;
v0x63a28dc9b490_5502 .array/port v0x63a28dc9b490, 5502;
E_0x63a28dcbf3d0/1375 .event anyedge, v0x63a28dc9b490_5499, v0x63a28dc9b490_5500, v0x63a28dc9b490_5501, v0x63a28dc9b490_5502;
v0x63a28dc9b490_5503 .array/port v0x63a28dc9b490, 5503;
v0x63a28dc9b490_5504 .array/port v0x63a28dc9b490, 5504;
v0x63a28dc9b490_5505 .array/port v0x63a28dc9b490, 5505;
v0x63a28dc9b490_5506 .array/port v0x63a28dc9b490, 5506;
E_0x63a28dcbf3d0/1376 .event anyedge, v0x63a28dc9b490_5503, v0x63a28dc9b490_5504, v0x63a28dc9b490_5505, v0x63a28dc9b490_5506;
v0x63a28dc9b490_5507 .array/port v0x63a28dc9b490, 5507;
v0x63a28dc9b490_5508 .array/port v0x63a28dc9b490, 5508;
v0x63a28dc9b490_5509 .array/port v0x63a28dc9b490, 5509;
v0x63a28dc9b490_5510 .array/port v0x63a28dc9b490, 5510;
E_0x63a28dcbf3d0/1377 .event anyedge, v0x63a28dc9b490_5507, v0x63a28dc9b490_5508, v0x63a28dc9b490_5509, v0x63a28dc9b490_5510;
v0x63a28dc9b490_5511 .array/port v0x63a28dc9b490, 5511;
v0x63a28dc9b490_5512 .array/port v0x63a28dc9b490, 5512;
v0x63a28dc9b490_5513 .array/port v0x63a28dc9b490, 5513;
v0x63a28dc9b490_5514 .array/port v0x63a28dc9b490, 5514;
E_0x63a28dcbf3d0/1378 .event anyedge, v0x63a28dc9b490_5511, v0x63a28dc9b490_5512, v0x63a28dc9b490_5513, v0x63a28dc9b490_5514;
v0x63a28dc9b490_5515 .array/port v0x63a28dc9b490, 5515;
v0x63a28dc9b490_5516 .array/port v0x63a28dc9b490, 5516;
v0x63a28dc9b490_5517 .array/port v0x63a28dc9b490, 5517;
v0x63a28dc9b490_5518 .array/port v0x63a28dc9b490, 5518;
E_0x63a28dcbf3d0/1379 .event anyedge, v0x63a28dc9b490_5515, v0x63a28dc9b490_5516, v0x63a28dc9b490_5517, v0x63a28dc9b490_5518;
v0x63a28dc9b490_5519 .array/port v0x63a28dc9b490, 5519;
v0x63a28dc9b490_5520 .array/port v0x63a28dc9b490, 5520;
v0x63a28dc9b490_5521 .array/port v0x63a28dc9b490, 5521;
v0x63a28dc9b490_5522 .array/port v0x63a28dc9b490, 5522;
E_0x63a28dcbf3d0/1380 .event anyedge, v0x63a28dc9b490_5519, v0x63a28dc9b490_5520, v0x63a28dc9b490_5521, v0x63a28dc9b490_5522;
v0x63a28dc9b490_5523 .array/port v0x63a28dc9b490, 5523;
v0x63a28dc9b490_5524 .array/port v0x63a28dc9b490, 5524;
v0x63a28dc9b490_5525 .array/port v0x63a28dc9b490, 5525;
v0x63a28dc9b490_5526 .array/port v0x63a28dc9b490, 5526;
E_0x63a28dcbf3d0/1381 .event anyedge, v0x63a28dc9b490_5523, v0x63a28dc9b490_5524, v0x63a28dc9b490_5525, v0x63a28dc9b490_5526;
v0x63a28dc9b490_5527 .array/port v0x63a28dc9b490, 5527;
v0x63a28dc9b490_5528 .array/port v0x63a28dc9b490, 5528;
v0x63a28dc9b490_5529 .array/port v0x63a28dc9b490, 5529;
v0x63a28dc9b490_5530 .array/port v0x63a28dc9b490, 5530;
E_0x63a28dcbf3d0/1382 .event anyedge, v0x63a28dc9b490_5527, v0x63a28dc9b490_5528, v0x63a28dc9b490_5529, v0x63a28dc9b490_5530;
v0x63a28dc9b490_5531 .array/port v0x63a28dc9b490, 5531;
v0x63a28dc9b490_5532 .array/port v0x63a28dc9b490, 5532;
v0x63a28dc9b490_5533 .array/port v0x63a28dc9b490, 5533;
v0x63a28dc9b490_5534 .array/port v0x63a28dc9b490, 5534;
E_0x63a28dcbf3d0/1383 .event anyedge, v0x63a28dc9b490_5531, v0x63a28dc9b490_5532, v0x63a28dc9b490_5533, v0x63a28dc9b490_5534;
v0x63a28dc9b490_5535 .array/port v0x63a28dc9b490, 5535;
v0x63a28dc9b490_5536 .array/port v0x63a28dc9b490, 5536;
v0x63a28dc9b490_5537 .array/port v0x63a28dc9b490, 5537;
v0x63a28dc9b490_5538 .array/port v0x63a28dc9b490, 5538;
E_0x63a28dcbf3d0/1384 .event anyedge, v0x63a28dc9b490_5535, v0x63a28dc9b490_5536, v0x63a28dc9b490_5537, v0x63a28dc9b490_5538;
v0x63a28dc9b490_5539 .array/port v0x63a28dc9b490, 5539;
v0x63a28dc9b490_5540 .array/port v0x63a28dc9b490, 5540;
v0x63a28dc9b490_5541 .array/port v0x63a28dc9b490, 5541;
v0x63a28dc9b490_5542 .array/port v0x63a28dc9b490, 5542;
E_0x63a28dcbf3d0/1385 .event anyedge, v0x63a28dc9b490_5539, v0x63a28dc9b490_5540, v0x63a28dc9b490_5541, v0x63a28dc9b490_5542;
v0x63a28dc9b490_5543 .array/port v0x63a28dc9b490, 5543;
v0x63a28dc9b490_5544 .array/port v0x63a28dc9b490, 5544;
v0x63a28dc9b490_5545 .array/port v0x63a28dc9b490, 5545;
v0x63a28dc9b490_5546 .array/port v0x63a28dc9b490, 5546;
E_0x63a28dcbf3d0/1386 .event anyedge, v0x63a28dc9b490_5543, v0x63a28dc9b490_5544, v0x63a28dc9b490_5545, v0x63a28dc9b490_5546;
v0x63a28dc9b490_5547 .array/port v0x63a28dc9b490, 5547;
v0x63a28dc9b490_5548 .array/port v0x63a28dc9b490, 5548;
v0x63a28dc9b490_5549 .array/port v0x63a28dc9b490, 5549;
v0x63a28dc9b490_5550 .array/port v0x63a28dc9b490, 5550;
E_0x63a28dcbf3d0/1387 .event anyedge, v0x63a28dc9b490_5547, v0x63a28dc9b490_5548, v0x63a28dc9b490_5549, v0x63a28dc9b490_5550;
v0x63a28dc9b490_5551 .array/port v0x63a28dc9b490, 5551;
v0x63a28dc9b490_5552 .array/port v0x63a28dc9b490, 5552;
v0x63a28dc9b490_5553 .array/port v0x63a28dc9b490, 5553;
v0x63a28dc9b490_5554 .array/port v0x63a28dc9b490, 5554;
E_0x63a28dcbf3d0/1388 .event anyedge, v0x63a28dc9b490_5551, v0x63a28dc9b490_5552, v0x63a28dc9b490_5553, v0x63a28dc9b490_5554;
v0x63a28dc9b490_5555 .array/port v0x63a28dc9b490, 5555;
v0x63a28dc9b490_5556 .array/port v0x63a28dc9b490, 5556;
v0x63a28dc9b490_5557 .array/port v0x63a28dc9b490, 5557;
v0x63a28dc9b490_5558 .array/port v0x63a28dc9b490, 5558;
E_0x63a28dcbf3d0/1389 .event anyedge, v0x63a28dc9b490_5555, v0x63a28dc9b490_5556, v0x63a28dc9b490_5557, v0x63a28dc9b490_5558;
v0x63a28dc9b490_5559 .array/port v0x63a28dc9b490, 5559;
v0x63a28dc9b490_5560 .array/port v0x63a28dc9b490, 5560;
v0x63a28dc9b490_5561 .array/port v0x63a28dc9b490, 5561;
v0x63a28dc9b490_5562 .array/port v0x63a28dc9b490, 5562;
E_0x63a28dcbf3d0/1390 .event anyedge, v0x63a28dc9b490_5559, v0x63a28dc9b490_5560, v0x63a28dc9b490_5561, v0x63a28dc9b490_5562;
v0x63a28dc9b490_5563 .array/port v0x63a28dc9b490, 5563;
v0x63a28dc9b490_5564 .array/port v0x63a28dc9b490, 5564;
v0x63a28dc9b490_5565 .array/port v0x63a28dc9b490, 5565;
v0x63a28dc9b490_5566 .array/port v0x63a28dc9b490, 5566;
E_0x63a28dcbf3d0/1391 .event anyedge, v0x63a28dc9b490_5563, v0x63a28dc9b490_5564, v0x63a28dc9b490_5565, v0x63a28dc9b490_5566;
v0x63a28dc9b490_5567 .array/port v0x63a28dc9b490, 5567;
v0x63a28dc9b490_5568 .array/port v0x63a28dc9b490, 5568;
v0x63a28dc9b490_5569 .array/port v0x63a28dc9b490, 5569;
v0x63a28dc9b490_5570 .array/port v0x63a28dc9b490, 5570;
E_0x63a28dcbf3d0/1392 .event anyedge, v0x63a28dc9b490_5567, v0x63a28dc9b490_5568, v0x63a28dc9b490_5569, v0x63a28dc9b490_5570;
v0x63a28dc9b490_5571 .array/port v0x63a28dc9b490, 5571;
v0x63a28dc9b490_5572 .array/port v0x63a28dc9b490, 5572;
v0x63a28dc9b490_5573 .array/port v0x63a28dc9b490, 5573;
v0x63a28dc9b490_5574 .array/port v0x63a28dc9b490, 5574;
E_0x63a28dcbf3d0/1393 .event anyedge, v0x63a28dc9b490_5571, v0x63a28dc9b490_5572, v0x63a28dc9b490_5573, v0x63a28dc9b490_5574;
v0x63a28dc9b490_5575 .array/port v0x63a28dc9b490, 5575;
v0x63a28dc9b490_5576 .array/port v0x63a28dc9b490, 5576;
v0x63a28dc9b490_5577 .array/port v0x63a28dc9b490, 5577;
v0x63a28dc9b490_5578 .array/port v0x63a28dc9b490, 5578;
E_0x63a28dcbf3d0/1394 .event anyedge, v0x63a28dc9b490_5575, v0x63a28dc9b490_5576, v0x63a28dc9b490_5577, v0x63a28dc9b490_5578;
v0x63a28dc9b490_5579 .array/port v0x63a28dc9b490, 5579;
v0x63a28dc9b490_5580 .array/port v0x63a28dc9b490, 5580;
v0x63a28dc9b490_5581 .array/port v0x63a28dc9b490, 5581;
v0x63a28dc9b490_5582 .array/port v0x63a28dc9b490, 5582;
E_0x63a28dcbf3d0/1395 .event anyedge, v0x63a28dc9b490_5579, v0x63a28dc9b490_5580, v0x63a28dc9b490_5581, v0x63a28dc9b490_5582;
v0x63a28dc9b490_5583 .array/port v0x63a28dc9b490, 5583;
v0x63a28dc9b490_5584 .array/port v0x63a28dc9b490, 5584;
v0x63a28dc9b490_5585 .array/port v0x63a28dc9b490, 5585;
v0x63a28dc9b490_5586 .array/port v0x63a28dc9b490, 5586;
E_0x63a28dcbf3d0/1396 .event anyedge, v0x63a28dc9b490_5583, v0x63a28dc9b490_5584, v0x63a28dc9b490_5585, v0x63a28dc9b490_5586;
v0x63a28dc9b490_5587 .array/port v0x63a28dc9b490, 5587;
v0x63a28dc9b490_5588 .array/port v0x63a28dc9b490, 5588;
v0x63a28dc9b490_5589 .array/port v0x63a28dc9b490, 5589;
v0x63a28dc9b490_5590 .array/port v0x63a28dc9b490, 5590;
E_0x63a28dcbf3d0/1397 .event anyedge, v0x63a28dc9b490_5587, v0x63a28dc9b490_5588, v0x63a28dc9b490_5589, v0x63a28dc9b490_5590;
v0x63a28dc9b490_5591 .array/port v0x63a28dc9b490, 5591;
v0x63a28dc9b490_5592 .array/port v0x63a28dc9b490, 5592;
v0x63a28dc9b490_5593 .array/port v0x63a28dc9b490, 5593;
v0x63a28dc9b490_5594 .array/port v0x63a28dc9b490, 5594;
E_0x63a28dcbf3d0/1398 .event anyedge, v0x63a28dc9b490_5591, v0x63a28dc9b490_5592, v0x63a28dc9b490_5593, v0x63a28dc9b490_5594;
v0x63a28dc9b490_5595 .array/port v0x63a28dc9b490, 5595;
v0x63a28dc9b490_5596 .array/port v0x63a28dc9b490, 5596;
v0x63a28dc9b490_5597 .array/port v0x63a28dc9b490, 5597;
v0x63a28dc9b490_5598 .array/port v0x63a28dc9b490, 5598;
E_0x63a28dcbf3d0/1399 .event anyedge, v0x63a28dc9b490_5595, v0x63a28dc9b490_5596, v0x63a28dc9b490_5597, v0x63a28dc9b490_5598;
v0x63a28dc9b490_5599 .array/port v0x63a28dc9b490, 5599;
v0x63a28dc9b490_5600 .array/port v0x63a28dc9b490, 5600;
v0x63a28dc9b490_5601 .array/port v0x63a28dc9b490, 5601;
v0x63a28dc9b490_5602 .array/port v0x63a28dc9b490, 5602;
E_0x63a28dcbf3d0/1400 .event anyedge, v0x63a28dc9b490_5599, v0x63a28dc9b490_5600, v0x63a28dc9b490_5601, v0x63a28dc9b490_5602;
v0x63a28dc9b490_5603 .array/port v0x63a28dc9b490, 5603;
v0x63a28dc9b490_5604 .array/port v0x63a28dc9b490, 5604;
v0x63a28dc9b490_5605 .array/port v0x63a28dc9b490, 5605;
v0x63a28dc9b490_5606 .array/port v0x63a28dc9b490, 5606;
E_0x63a28dcbf3d0/1401 .event anyedge, v0x63a28dc9b490_5603, v0x63a28dc9b490_5604, v0x63a28dc9b490_5605, v0x63a28dc9b490_5606;
v0x63a28dc9b490_5607 .array/port v0x63a28dc9b490, 5607;
v0x63a28dc9b490_5608 .array/port v0x63a28dc9b490, 5608;
v0x63a28dc9b490_5609 .array/port v0x63a28dc9b490, 5609;
v0x63a28dc9b490_5610 .array/port v0x63a28dc9b490, 5610;
E_0x63a28dcbf3d0/1402 .event anyedge, v0x63a28dc9b490_5607, v0x63a28dc9b490_5608, v0x63a28dc9b490_5609, v0x63a28dc9b490_5610;
v0x63a28dc9b490_5611 .array/port v0x63a28dc9b490, 5611;
v0x63a28dc9b490_5612 .array/port v0x63a28dc9b490, 5612;
v0x63a28dc9b490_5613 .array/port v0x63a28dc9b490, 5613;
v0x63a28dc9b490_5614 .array/port v0x63a28dc9b490, 5614;
E_0x63a28dcbf3d0/1403 .event anyedge, v0x63a28dc9b490_5611, v0x63a28dc9b490_5612, v0x63a28dc9b490_5613, v0x63a28dc9b490_5614;
v0x63a28dc9b490_5615 .array/port v0x63a28dc9b490, 5615;
v0x63a28dc9b490_5616 .array/port v0x63a28dc9b490, 5616;
v0x63a28dc9b490_5617 .array/port v0x63a28dc9b490, 5617;
v0x63a28dc9b490_5618 .array/port v0x63a28dc9b490, 5618;
E_0x63a28dcbf3d0/1404 .event anyedge, v0x63a28dc9b490_5615, v0x63a28dc9b490_5616, v0x63a28dc9b490_5617, v0x63a28dc9b490_5618;
v0x63a28dc9b490_5619 .array/port v0x63a28dc9b490, 5619;
v0x63a28dc9b490_5620 .array/port v0x63a28dc9b490, 5620;
v0x63a28dc9b490_5621 .array/port v0x63a28dc9b490, 5621;
v0x63a28dc9b490_5622 .array/port v0x63a28dc9b490, 5622;
E_0x63a28dcbf3d0/1405 .event anyedge, v0x63a28dc9b490_5619, v0x63a28dc9b490_5620, v0x63a28dc9b490_5621, v0x63a28dc9b490_5622;
v0x63a28dc9b490_5623 .array/port v0x63a28dc9b490, 5623;
v0x63a28dc9b490_5624 .array/port v0x63a28dc9b490, 5624;
v0x63a28dc9b490_5625 .array/port v0x63a28dc9b490, 5625;
v0x63a28dc9b490_5626 .array/port v0x63a28dc9b490, 5626;
E_0x63a28dcbf3d0/1406 .event anyedge, v0x63a28dc9b490_5623, v0x63a28dc9b490_5624, v0x63a28dc9b490_5625, v0x63a28dc9b490_5626;
v0x63a28dc9b490_5627 .array/port v0x63a28dc9b490, 5627;
v0x63a28dc9b490_5628 .array/port v0x63a28dc9b490, 5628;
v0x63a28dc9b490_5629 .array/port v0x63a28dc9b490, 5629;
v0x63a28dc9b490_5630 .array/port v0x63a28dc9b490, 5630;
E_0x63a28dcbf3d0/1407 .event anyedge, v0x63a28dc9b490_5627, v0x63a28dc9b490_5628, v0x63a28dc9b490_5629, v0x63a28dc9b490_5630;
v0x63a28dc9b490_5631 .array/port v0x63a28dc9b490, 5631;
v0x63a28dc9b490_5632 .array/port v0x63a28dc9b490, 5632;
v0x63a28dc9b490_5633 .array/port v0x63a28dc9b490, 5633;
v0x63a28dc9b490_5634 .array/port v0x63a28dc9b490, 5634;
E_0x63a28dcbf3d0/1408 .event anyedge, v0x63a28dc9b490_5631, v0x63a28dc9b490_5632, v0x63a28dc9b490_5633, v0x63a28dc9b490_5634;
v0x63a28dc9b490_5635 .array/port v0x63a28dc9b490, 5635;
v0x63a28dc9b490_5636 .array/port v0x63a28dc9b490, 5636;
v0x63a28dc9b490_5637 .array/port v0x63a28dc9b490, 5637;
v0x63a28dc9b490_5638 .array/port v0x63a28dc9b490, 5638;
E_0x63a28dcbf3d0/1409 .event anyedge, v0x63a28dc9b490_5635, v0x63a28dc9b490_5636, v0x63a28dc9b490_5637, v0x63a28dc9b490_5638;
v0x63a28dc9b490_5639 .array/port v0x63a28dc9b490, 5639;
v0x63a28dc9b490_5640 .array/port v0x63a28dc9b490, 5640;
v0x63a28dc9b490_5641 .array/port v0x63a28dc9b490, 5641;
v0x63a28dc9b490_5642 .array/port v0x63a28dc9b490, 5642;
E_0x63a28dcbf3d0/1410 .event anyedge, v0x63a28dc9b490_5639, v0x63a28dc9b490_5640, v0x63a28dc9b490_5641, v0x63a28dc9b490_5642;
v0x63a28dc9b490_5643 .array/port v0x63a28dc9b490, 5643;
v0x63a28dc9b490_5644 .array/port v0x63a28dc9b490, 5644;
v0x63a28dc9b490_5645 .array/port v0x63a28dc9b490, 5645;
v0x63a28dc9b490_5646 .array/port v0x63a28dc9b490, 5646;
E_0x63a28dcbf3d0/1411 .event anyedge, v0x63a28dc9b490_5643, v0x63a28dc9b490_5644, v0x63a28dc9b490_5645, v0x63a28dc9b490_5646;
v0x63a28dc9b490_5647 .array/port v0x63a28dc9b490, 5647;
v0x63a28dc9b490_5648 .array/port v0x63a28dc9b490, 5648;
v0x63a28dc9b490_5649 .array/port v0x63a28dc9b490, 5649;
v0x63a28dc9b490_5650 .array/port v0x63a28dc9b490, 5650;
E_0x63a28dcbf3d0/1412 .event anyedge, v0x63a28dc9b490_5647, v0x63a28dc9b490_5648, v0x63a28dc9b490_5649, v0x63a28dc9b490_5650;
v0x63a28dc9b490_5651 .array/port v0x63a28dc9b490, 5651;
v0x63a28dc9b490_5652 .array/port v0x63a28dc9b490, 5652;
v0x63a28dc9b490_5653 .array/port v0x63a28dc9b490, 5653;
v0x63a28dc9b490_5654 .array/port v0x63a28dc9b490, 5654;
E_0x63a28dcbf3d0/1413 .event anyedge, v0x63a28dc9b490_5651, v0x63a28dc9b490_5652, v0x63a28dc9b490_5653, v0x63a28dc9b490_5654;
v0x63a28dc9b490_5655 .array/port v0x63a28dc9b490, 5655;
v0x63a28dc9b490_5656 .array/port v0x63a28dc9b490, 5656;
v0x63a28dc9b490_5657 .array/port v0x63a28dc9b490, 5657;
v0x63a28dc9b490_5658 .array/port v0x63a28dc9b490, 5658;
E_0x63a28dcbf3d0/1414 .event anyedge, v0x63a28dc9b490_5655, v0x63a28dc9b490_5656, v0x63a28dc9b490_5657, v0x63a28dc9b490_5658;
v0x63a28dc9b490_5659 .array/port v0x63a28dc9b490, 5659;
v0x63a28dc9b490_5660 .array/port v0x63a28dc9b490, 5660;
v0x63a28dc9b490_5661 .array/port v0x63a28dc9b490, 5661;
v0x63a28dc9b490_5662 .array/port v0x63a28dc9b490, 5662;
E_0x63a28dcbf3d0/1415 .event anyedge, v0x63a28dc9b490_5659, v0x63a28dc9b490_5660, v0x63a28dc9b490_5661, v0x63a28dc9b490_5662;
v0x63a28dc9b490_5663 .array/port v0x63a28dc9b490, 5663;
v0x63a28dc9b490_5664 .array/port v0x63a28dc9b490, 5664;
v0x63a28dc9b490_5665 .array/port v0x63a28dc9b490, 5665;
v0x63a28dc9b490_5666 .array/port v0x63a28dc9b490, 5666;
E_0x63a28dcbf3d0/1416 .event anyedge, v0x63a28dc9b490_5663, v0x63a28dc9b490_5664, v0x63a28dc9b490_5665, v0x63a28dc9b490_5666;
v0x63a28dc9b490_5667 .array/port v0x63a28dc9b490, 5667;
v0x63a28dc9b490_5668 .array/port v0x63a28dc9b490, 5668;
v0x63a28dc9b490_5669 .array/port v0x63a28dc9b490, 5669;
v0x63a28dc9b490_5670 .array/port v0x63a28dc9b490, 5670;
E_0x63a28dcbf3d0/1417 .event anyedge, v0x63a28dc9b490_5667, v0x63a28dc9b490_5668, v0x63a28dc9b490_5669, v0x63a28dc9b490_5670;
v0x63a28dc9b490_5671 .array/port v0x63a28dc9b490, 5671;
v0x63a28dc9b490_5672 .array/port v0x63a28dc9b490, 5672;
v0x63a28dc9b490_5673 .array/port v0x63a28dc9b490, 5673;
v0x63a28dc9b490_5674 .array/port v0x63a28dc9b490, 5674;
E_0x63a28dcbf3d0/1418 .event anyedge, v0x63a28dc9b490_5671, v0x63a28dc9b490_5672, v0x63a28dc9b490_5673, v0x63a28dc9b490_5674;
v0x63a28dc9b490_5675 .array/port v0x63a28dc9b490, 5675;
v0x63a28dc9b490_5676 .array/port v0x63a28dc9b490, 5676;
v0x63a28dc9b490_5677 .array/port v0x63a28dc9b490, 5677;
v0x63a28dc9b490_5678 .array/port v0x63a28dc9b490, 5678;
E_0x63a28dcbf3d0/1419 .event anyedge, v0x63a28dc9b490_5675, v0x63a28dc9b490_5676, v0x63a28dc9b490_5677, v0x63a28dc9b490_5678;
v0x63a28dc9b490_5679 .array/port v0x63a28dc9b490, 5679;
v0x63a28dc9b490_5680 .array/port v0x63a28dc9b490, 5680;
v0x63a28dc9b490_5681 .array/port v0x63a28dc9b490, 5681;
v0x63a28dc9b490_5682 .array/port v0x63a28dc9b490, 5682;
E_0x63a28dcbf3d0/1420 .event anyedge, v0x63a28dc9b490_5679, v0x63a28dc9b490_5680, v0x63a28dc9b490_5681, v0x63a28dc9b490_5682;
v0x63a28dc9b490_5683 .array/port v0x63a28dc9b490, 5683;
v0x63a28dc9b490_5684 .array/port v0x63a28dc9b490, 5684;
v0x63a28dc9b490_5685 .array/port v0x63a28dc9b490, 5685;
v0x63a28dc9b490_5686 .array/port v0x63a28dc9b490, 5686;
E_0x63a28dcbf3d0/1421 .event anyedge, v0x63a28dc9b490_5683, v0x63a28dc9b490_5684, v0x63a28dc9b490_5685, v0x63a28dc9b490_5686;
v0x63a28dc9b490_5687 .array/port v0x63a28dc9b490, 5687;
v0x63a28dc9b490_5688 .array/port v0x63a28dc9b490, 5688;
v0x63a28dc9b490_5689 .array/port v0x63a28dc9b490, 5689;
v0x63a28dc9b490_5690 .array/port v0x63a28dc9b490, 5690;
E_0x63a28dcbf3d0/1422 .event anyedge, v0x63a28dc9b490_5687, v0x63a28dc9b490_5688, v0x63a28dc9b490_5689, v0x63a28dc9b490_5690;
v0x63a28dc9b490_5691 .array/port v0x63a28dc9b490, 5691;
v0x63a28dc9b490_5692 .array/port v0x63a28dc9b490, 5692;
v0x63a28dc9b490_5693 .array/port v0x63a28dc9b490, 5693;
v0x63a28dc9b490_5694 .array/port v0x63a28dc9b490, 5694;
E_0x63a28dcbf3d0/1423 .event anyedge, v0x63a28dc9b490_5691, v0x63a28dc9b490_5692, v0x63a28dc9b490_5693, v0x63a28dc9b490_5694;
v0x63a28dc9b490_5695 .array/port v0x63a28dc9b490, 5695;
v0x63a28dc9b490_5696 .array/port v0x63a28dc9b490, 5696;
v0x63a28dc9b490_5697 .array/port v0x63a28dc9b490, 5697;
v0x63a28dc9b490_5698 .array/port v0x63a28dc9b490, 5698;
E_0x63a28dcbf3d0/1424 .event anyedge, v0x63a28dc9b490_5695, v0x63a28dc9b490_5696, v0x63a28dc9b490_5697, v0x63a28dc9b490_5698;
v0x63a28dc9b490_5699 .array/port v0x63a28dc9b490, 5699;
v0x63a28dc9b490_5700 .array/port v0x63a28dc9b490, 5700;
v0x63a28dc9b490_5701 .array/port v0x63a28dc9b490, 5701;
v0x63a28dc9b490_5702 .array/port v0x63a28dc9b490, 5702;
E_0x63a28dcbf3d0/1425 .event anyedge, v0x63a28dc9b490_5699, v0x63a28dc9b490_5700, v0x63a28dc9b490_5701, v0x63a28dc9b490_5702;
v0x63a28dc9b490_5703 .array/port v0x63a28dc9b490, 5703;
v0x63a28dc9b490_5704 .array/port v0x63a28dc9b490, 5704;
v0x63a28dc9b490_5705 .array/port v0x63a28dc9b490, 5705;
v0x63a28dc9b490_5706 .array/port v0x63a28dc9b490, 5706;
E_0x63a28dcbf3d0/1426 .event anyedge, v0x63a28dc9b490_5703, v0x63a28dc9b490_5704, v0x63a28dc9b490_5705, v0x63a28dc9b490_5706;
v0x63a28dc9b490_5707 .array/port v0x63a28dc9b490, 5707;
v0x63a28dc9b490_5708 .array/port v0x63a28dc9b490, 5708;
v0x63a28dc9b490_5709 .array/port v0x63a28dc9b490, 5709;
v0x63a28dc9b490_5710 .array/port v0x63a28dc9b490, 5710;
E_0x63a28dcbf3d0/1427 .event anyedge, v0x63a28dc9b490_5707, v0x63a28dc9b490_5708, v0x63a28dc9b490_5709, v0x63a28dc9b490_5710;
v0x63a28dc9b490_5711 .array/port v0x63a28dc9b490, 5711;
v0x63a28dc9b490_5712 .array/port v0x63a28dc9b490, 5712;
v0x63a28dc9b490_5713 .array/port v0x63a28dc9b490, 5713;
v0x63a28dc9b490_5714 .array/port v0x63a28dc9b490, 5714;
E_0x63a28dcbf3d0/1428 .event anyedge, v0x63a28dc9b490_5711, v0x63a28dc9b490_5712, v0x63a28dc9b490_5713, v0x63a28dc9b490_5714;
v0x63a28dc9b490_5715 .array/port v0x63a28dc9b490, 5715;
v0x63a28dc9b490_5716 .array/port v0x63a28dc9b490, 5716;
v0x63a28dc9b490_5717 .array/port v0x63a28dc9b490, 5717;
v0x63a28dc9b490_5718 .array/port v0x63a28dc9b490, 5718;
E_0x63a28dcbf3d0/1429 .event anyedge, v0x63a28dc9b490_5715, v0x63a28dc9b490_5716, v0x63a28dc9b490_5717, v0x63a28dc9b490_5718;
v0x63a28dc9b490_5719 .array/port v0x63a28dc9b490, 5719;
v0x63a28dc9b490_5720 .array/port v0x63a28dc9b490, 5720;
v0x63a28dc9b490_5721 .array/port v0x63a28dc9b490, 5721;
v0x63a28dc9b490_5722 .array/port v0x63a28dc9b490, 5722;
E_0x63a28dcbf3d0/1430 .event anyedge, v0x63a28dc9b490_5719, v0x63a28dc9b490_5720, v0x63a28dc9b490_5721, v0x63a28dc9b490_5722;
v0x63a28dc9b490_5723 .array/port v0x63a28dc9b490, 5723;
v0x63a28dc9b490_5724 .array/port v0x63a28dc9b490, 5724;
v0x63a28dc9b490_5725 .array/port v0x63a28dc9b490, 5725;
v0x63a28dc9b490_5726 .array/port v0x63a28dc9b490, 5726;
E_0x63a28dcbf3d0/1431 .event anyedge, v0x63a28dc9b490_5723, v0x63a28dc9b490_5724, v0x63a28dc9b490_5725, v0x63a28dc9b490_5726;
v0x63a28dc9b490_5727 .array/port v0x63a28dc9b490, 5727;
v0x63a28dc9b490_5728 .array/port v0x63a28dc9b490, 5728;
v0x63a28dc9b490_5729 .array/port v0x63a28dc9b490, 5729;
v0x63a28dc9b490_5730 .array/port v0x63a28dc9b490, 5730;
E_0x63a28dcbf3d0/1432 .event anyedge, v0x63a28dc9b490_5727, v0x63a28dc9b490_5728, v0x63a28dc9b490_5729, v0x63a28dc9b490_5730;
v0x63a28dc9b490_5731 .array/port v0x63a28dc9b490, 5731;
v0x63a28dc9b490_5732 .array/port v0x63a28dc9b490, 5732;
v0x63a28dc9b490_5733 .array/port v0x63a28dc9b490, 5733;
v0x63a28dc9b490_5734 .array/port v0x63a28dc9b490, 5734;
E_0x63a28dcbf3d0/1433 .event anyedge, v0x63a28dc9b490_5731, v0x63a28dc9b490_5732, v0x63a28dc9b490_5733, v0x63a28dc9b490_5734;
v0x63a28dc9b490_5735 .array/port v0x63a28dc9b490, 5735;
v0x63a28dc9b490_5736 .array/port v0x63a28dc9b490, 5736;
v0x63a28dc9b490_5737 .array/port v0x63a28dc9b490, 5737;
v0x63a28dc9b490_5738 .array/port v0x63a28dc9b490, 5738;
E_0x63a28dcbf3d0/1434 .event anyedge, v0x63a28dc9b490_5735, v0x63a28dc9b490_5736, v0x63a28dc9b490_5737, v0x63a28dc9b490_5738;
v0x63a28dc9b490_5739 .array/port v0x63a28dc9b490, 5739;
v0x63a28dc9b490_5740 .array/port v0x63a28dc9b490, 5740;
v0x63a28dc9b490_5741 .array/port v0x63a28dc9b490, 5741;
v0x63a28dc9b490_5742 .array/port v0x63a28dc9b490, 5742;
E_0x63a28dcbf3d0/1435 .event anyedge, v0x63a28dc9b490_5739, v0x63a28dc9b490_5740, v0x63a28dc9b490_5741, v0x63a28dc9b490_5742;
v0x63a28dc9b490_5743 .array/port v0x63a28dc9b490, 5743;
v0x63a28dc9b490_5744 .array/port v0x63a28dc9b490, 5744;
v0x63a28dc9b490_5745 .array/port v0x63a28dc9b490, 5745;
v0x63a28dc9b490_5746 .array/port v0x63a28dc9b490, 5746;
E_0x63a28dcbf3d0/1436 .event anyedge, v0x63a28dc9b490_5743, v0x63a28dc9b490_5744, v0x63a28dc9b490_5745, v0x63a28dc9b490_5746;
v0x63a28dc9b490_5747 .array/port v0x63a28dc9b490, 5747;
v0x63a28dc9b490_5748 .array/port v0x63a28dc9b490, 5748;
v0x63a28dc9b490_5749 .array/port v0x63a28dc9b490, 5749;
v0x63a28dc9b490_5750 .array/port v0x63a28dc9b490, 5750;
E_0x63a28dcbf3d0/1437 .event anyedge, v0x63a28dc9b490_5747, v0x63a28dc9b490_5748, v0x63a28dc9b490_5749, v0x63a28dc9b490_5750;
v0x63a28dc9b490_5751 .array/port v0x63a28dc9b490, 5751;
v0x63a28dc9b490_5752 .array/port v0x63a28dc9b490, 5752;
v0x63a28dc9b490_5753 .array/port v0x63a28dc9b490, 5753;
v0x63a28dc9b490_5754 .array/port v0x63a28dc9b490, 5754;
E_0x63a28dcbf3d0/1438 .event anyedge, v0x63a28dc9b490_5751, v0x63a28dc9b490_5752, v0x63a28dc9b490_5753, v0x63a28dc9b490_5754;
v0x63a28dc9b490_5755 .array/port v0x63a28dc9b490, 5755;
v0x63a28dc9b490_5756 .array/port v0x63a28dc9b490, 5756;
v0x63a28dc9b490_5757 .array/port v0x63a28dc9b490, 5757;
v0x63a28dc9b490_5758 .array/port v0x63a28dc9b490, 5758;
E_0x63a28dcbf3d0/1439 .event anyedge, v0x63a28dc9b490_5755, v0x63a28dc9b490_5756, v0x63a28dc9b490_5757, v0x63a28dc9b490_5758;
v0x63a28dc9b490_5759 .array/port v0x63a28dc9b490, 5759;
v0x63a28dc9b490_5760 .array/port v0x63a28dc9b490, 5760;
v0x63a28dc9b490_5761 .array/port v0x63a28dc9b490, 5761;
v0x63a28dc9b490_5762 .array/port v0x63a28dc9b490, 5762;
E_0x63a28dcbf3d0/1440 .event anyedge, v0x63a28dc9b490_5759, v0x63a28dc9b490_5760, v0x63a28dc9b490_5761, v0x63a28dc9b490_5762;
v0x63a28dc9b490_5763 .array/port v0x63a28dc9b490, 5763;
v0x63a28dc9b490_5764 .array/port v0x63a28dc9b490, 5764;
v0x63a28dc9b490_5765 .array/port v0x63a28dc9b490, 5765;
v0x63a28dc9b490_5766 .array/port v0x63a28dc9b490, 5766;
E_0x63a28dcbf3d0/1441 .event anyedge, v0x63a28dc9b490_5763, v0x63a28dc9b490_5764, v0x63a28dc9b490_5765, v0x63a28dc9b490_5766;
v0x63a28dc9b490_5767 .array/port v0x63a28dc9b490, 5767;
v0x63a28dc9b490_5768 .array/port v0x63a28dc9b490, 5768;
v0x63a28dc9b490_5769 .array/port v0x63a28dc9b490, 5769;
v0x63a28dc9b490_5770 .array/port v0x63a28dc9b490, 5770;
E_0x63a28dcbf3d0/1442 .event anyedge, v0x63a28dc9b490_5767, v0x63a28dc9b490_5768, v0x63a28dc9b490_5769, v0x63a28dc9b490_5770;
v0x63a28dc9b490_5771 .array/port v0x63a28dc9b490, 5771;
v0x63a28dc9b490_5772 .array/port v0x63a28dc9b490, 5772;
v0x63a28dc9b490_5773 .array/port v0x63a28dc9b490, 5773;
v0x63a28dc9b490_5774 .array/port v0x63a28dc9b490, 5774;
E_0x63a28dcbf3d0/1443 .event anyedge, v0x63a28dc9b490_5771, v0x63a28dc9b490_5772, v0x63a28dc9b490_5773, v0x63a28dc9b490_5774;
v0x63a28dc9b490_5775 .array/port v0x63a28dc9b490, 5775;
v0x63a28dc9b490_5776 .array/port v0x63a28dc9b490, 5776;
v0x63a28dc9b490_5777 .array/port v0x63a28dc9b490, 5777;
v0x63a28dc9b490_5778 .array/port v0x63a28dc9b490, 5778;
E_0x63a28dcbf3d0/1444 .event anyedge, v0x63a28dc9b490_5775, v0x63a28dc9b490_5776, v0x63a28dc9b490_5777, v0x63a28dc9b490_5778;
v0x63a28dc9b490_5779 .array/port v0x63a28dc9b490, 5779;
v0x63a28dc9b490_5780 .array/port v0x63a28dc9b490, 5780;
v0x63a28dc9b490_5781 .array/port v0x63a28dc9b490, 5781;
v0x63a28dc9b490_5782 .array/port v0x63a28dc9b490, 5782;
E_0x63a28dcbf3d0/1445 .event anyedge, v0x63a28dc9b490_5779, v0x63a28dc9b490_5780, v0x63a28dc9b490_5781, v0x63a28dc9b490_5782;
v0x63a28dc9b490_5783 .array/port v0x63a28dc9b490, 5783;
v0x63a28dc9b490_5784 .array/port v0x63a28dc9b490, 5784;
v0x63a28dc9b490_5785 .array/port v0x63a28dc9b490, 5785;
v0x63a28dc9b490_5786 .array/port v0x63a28dc9b490, 5786;
E_0x63a28dcbf3d0/1446 .event anyedge, v0x63a28dc9b490_5783, v0x63a28dc9b490_5784, v0x63a28dc9b490_5785, v0x63a28dc9b490_5786;
v0x63a28dc9b490_5787 .array/port v0x63a28dc9b490, 5787;
v0x63a28dc9b490_5788 .array/port v0x63a28dc9b490, 5788;
v0x63a28dc9b490_5789 .array/port v0x63a28dc9b490, 5789;
v0x63a28dc9b490_5790 .array/port v0x63a28dc9b490, 5790;
E_0x63a28dcbf3d0/1447 .event anyedge, v0x63a28dc9b490_5787, v0x63a28dc9b490_5788, v0x63a28dc9b490_5789, v0x63a28dc9b490_5790;
v0x63a28dc9b490_5791 .array/port v0x63a28dc9b490, 5791;
v0x63a28dc9b490_5792 .array/port v0x63a28dc9b490, 5792;
v0x63a28dc9b490_5793 .array/port v0x63a28dc9b490, 5793;
v0x63a28dc9b490_5794 .array/port v0x63a28dc9b490, 5794;
E_0x63a28dcbf3d0/1448 .event anyedge, v0x63a28dc9b490_5791, v0x63a28dc9b490_5792, v0x63a28dc9b490_5793, v0x63a28dc9b490_5794;
v0x63a28dc9b490_5795 .array/port v0x63a28dc9b490, 5795;
v0x63a28dc9b490_5796 .array/port v0x63a28dc9b490, 5796;
v0x63a28dc9b490_5797 .array/port v0x63a28dc9b490, 5797;
v0x63a28dc9b490_5798 .array/port v0x63a28dc9b490, 5798;
E_0x63a28dcbf3d0/1449 .event anyedge, v0x63a28dc9b490_5795, v0x63a28dc9b490_5796, v0x63a28dc9b490_5797, v0x63a28dc9b490_5798;
v0x63a28dc9b490_5799 .array/port v0x63a28dc9b490, 5799;
v0x63a28dc9b490_5800 .array/port v0x63a28dc9b490, 5800;
v0x63a28dc9b490_5801 .array/port v0x63a28dc9b490, 5801;
v0x63a28dc9b490_5802 .array/port v0x63a28dc9b490, 5802;
E_0x63a28dcbf3d0/1450 .event anyedge, v0x63a28dc9b490_5799, v0x63a28dc9b490_5800, v0x63a28dc9b490_5801, v0x63a28dc9b490_5802;
v0x63a28dc9b490_5803 .array/port v0x63a28dc9b490, 5803;
v0x63a28dc9b490_5804 .array/port v0x63a28dc9b490, 5804;
v0x63a28dc9b490_5805 .array/port v0x63a28dc9b490, 5805;
v0x63a28dc9b490_5806 .array/port v0x63a28dc9b490, 5806;
E_0x63a28dcbf3d0/1451 .event anyedge, v0x63a28dc9b490_5803, v0x63a28dc9b490_5804, v0x63a28dc9b490_5805, v0x63a28dc9b490_5806;
v0x63a28dc9b490_5807 .array/port v0x63a28dc9b490, 5807;
v0x63a28dc9b490_5808 .array/port v0x63a28dc9b490, 5808;
v0x63a28dc9b490_5809 .array/port v0x63a28dc9b490, 5809;
v0x63a28dc9b490_5810 .array/port v0x63a28dc9b490, 5810;
E_0x63a28dcbf3d0/1452 .event anyedge, v0x63a28dc9b490_5807, v0x63a28dc9b490_5808, v0x63a28dc9b490_5809, v0x63a28dc9b490_5810;
v0x63a28dc9b490_5811 .array/port v0x63a28dc9b490, 5811;
v0x63a28dc9b490_5812 .array/port v0x63a28dc9b490, 5812;
v0x63a28dc9b490_5813 .array/port v0x63a28dc9b490, 5813;
v0x63a28dc9b490_5814 .array/port v0x63a28dc9b490, 5814;
E_0x63a28dcbf3d0/1453 .event anyedge, v0x63a28dc9b490_5811, v0x63a28dc9b490_5812, v0x63a28dc9b490_5813, v0x63a28dc9b490_5814;
v0x63a28dc9b490_5815 .array/port v0x63a28dc9b490, 5815;
v0x63a28dc9b490_5816 .array/port v0x63a28dc9b490, 5816;
v0x63a28dc9b490_5817 .array/port v0x63a28dc9b490, 5817;
v0x63a28dc9b490_5818 .array/port v0x63a28dc9b490, 5818;
E_0x63a28dcbf3d0/1454 .event anyedge, v0x63a28dc9b490_5815, v0x63a28dc9b490_5816, v0x63a28dc9b490_5817, v0x63a28dc9b490_5818;
v0x63a28dc9b490_5819 .array/port v0x63a28dc9b490, 5819;
v0x63a28dc9b490_5820 .array/port v0x63a28dc9b490, 5820;
v0x63a28dc9b490_5821 .array/port v0x63a28dc9b490, 5821;
v0x63a28dc9b490_5822 .array/port v0x63a28dc9b490, 5822;
E_0x63a28dcbf3d0/1455 .event anyedge, v0x63a28dc9b490_5819, v0x63a28dc9b490_5820, v0x63a28dc9b490_5821, v0x63a28dc9b490_5822;
v0x63a28dc9b490_5823 .array/port v0x63a28dc9b490, 5823;
v0x63a28dc9b490_5824 .array/port v0x63a28dc9b490, 5824;
v0x63a28dc9b490_5825 .array/port v0x63a28dc9b490, 5825;
v0x63a28dc9b490_5826 .array/port v0x63a28dc9b490, 5826;
E_0x63a28dcbf3d0/1456 .event anyedge, v0x63a28dc9b490_5823, v0x63a28dc9b490_5824, v0x63a28dc9b490_5825, v0x63a28dc9b490_5826;
v0x63a28dc9b490_5827 .array/port v0x63a28dc9b490, 5827;
v0x63a28dc9b490_5828 .array/port v0x63a28dc9b490, 5828;
v0x63a28dc9b490_5829 .array/port v0x63a28dc9b490, 5829;
v0x63a28dc9b490_5830 .array/port v0x63a28dc9b490, 5830;
E_0x63a28dcbf3d0/1457 .event anyedge, v0x63a28dc9b490_5827, v0x63a28dc9b490_5828, v0x63a28dc9b490_5829, v0x63a28dc9b490_5830;
v0x63a28dc9b490_5831 .array/port v0x63a28dc9b490, 5831;
v0x63a28dc9b490_5832 .array/port v0x63a28dc9b490, 5832;
v0x63a28dc9b490_5833 .array/port v0x63a28dc9b490, 5833;
v0x63a28dc9b490_5834 .array/port v0x63a28dc9b490, 5834;
E_0x63a28dcbf3d0/1458 .event anyedge, v0x63a28dc9b490_5831, v0x63a28dc9b490_5832, v0x63a28dc9b490_5833, v0x63a28dc9b490_5834;
v0x63a28dc9b490_5835 .array/port v0x63a28dc9b490, 5835;
v0x63a28dc9b490_5836 .array/port v0x63a28dc9b490, 5836;
v0x63a28dc9b490_5837 .array/port v0x63a28dc9b490, 5837;
v0x63a28dc9b490_5838 .array/port v0x63a28dc9b490, 5838;
E_0x63a28dcbf3d0/1459 .event anyedge, v0x63a28dc9b490_5835, v0x63a28dc9b490_5836, v0x63a28dc9b490_5837, v0x63a28dc9b490_5838;
v0x63a28dc9b490_5839 .array/port v0x63a28dc9b490, 5839;
v0x63a28dc9b490_5840 .array/port v0x63a28dc9b490, 5840;
v0x63a28dc9b490_5841 .array/port v0x63a28dc9b490, 5841;
v0x63a28dc9b490_5842 .array/port v0x63a28dc9b490, 5842;
E_0x63a28dcbf3d0/1460 .event anyedge, v0x63a28dc9b490_5839, v0x63a28dc9b490_5840, v0x63a28dc9b490_5841, v0x63a28dc9b490_5842;
v0x63a28dc9b490_5843 .array/port v0x63a28dc9b490, 5843;
v0x63a28dc9b490_5844 .array/port v0x63a28dc9b490, 5844;
v0x63a28dc9b490_5845 .array/port v0x63a28dc9b490, 5845;
v0x63a28dc9b490_5846 .array/port v0x63a28dc9b490, 5846;
E_0x63a28dcbf3d0/1461 .event anyedge, v0x63a28dc9b490_5843, v0x63a28dc9b490_5844, v0x63a28dc9b490_5845, v0x63a28dc9b490_5846;
v0x63a28dc9b490_5847 .array/port v0x63a28dc9b490, 5847;
v0x63a28dc9b490_5848 .array/port v0x63a28dc9b490, 5848;
v0x63a28dc9b490_5849 .array/port v0x63a28dc9b490, 5849;
v0x63a28dc9b490_5850 .array/port v0x63a28dc9b490, 5850;
E_0x63a28dcbf3d0/1462 .event anyedge, v0x63a28dc9b490_5847, v0x63a28dc9b490_5848, v0x63a28dc9b490_5849, v0x63a28dc9b490_5850;
v0x63a28dc9b490_5851 .array/port v0x63a28dc9b490, 5851;
v0x63a28dc9b490_5852 .array/port v0x63a28dc9b490, 5852;
v0x63a28dc9b490_5853 .array/port v0x63a28dc9b490, 5853;
v0x63a28dc9b490_5854 .array/port v0x63a28dc9b490, 5854;
E_0x63a28dcbf3d0/1463 .event anyedge, v0x63a28dc9b490_5851, v0x63a28dc9b490_5852, v0x63a28dc9b490_5853, v0x63a28dc9b490_5854;
v0x63a28dc9b490_5855 .array/port v0x63a28dc9b490, 5855;
v0x63a28dc9b490_5856 .array/port v0x63a28dc9b490, 5856;
v0x63a28dc9b490_5857 .array/port v0x63a28dc9b490, 5857;
v0x63a28dc9b490_5858 .array/port v0x63a28dc9b490, 5858;
E_0x63a28dcbf3d0/1464 .event anyedge, v0x63a28dc9b490_5855, v0x63a28dc9b490_5856, v0x63a28dc9b490_5857, v0x63a28dc9b490_5858;
v0x63a28dc9b490_5859 .array/port v0x63a28dc9b490, 5859;
v0x63a28dc9b490_5860 .array/port v0x63a28dc9b490, 5860;
v0x63a28dc9b490_5861 .array/port v0x63a28dc9b490, 5861;
v0x63a28dc9b490_5862 .array/port v0x63a28dc9b490, 5862;
E_0x63a28dcbf3d0/1465 .event anyedge, v0x63a28dc9b490_5859, v0x63a28dc9b490_5860, v0x63a28dc9b490_5861, v0x63a28dc9b490_5862;
v0x63a28dc9b490_5863 .array/port v0x63a28dc9b490, 5863;
v0x63a28dc9b490_5864 .array/port v0x63a28dc9b490, 5864;
v0x63a28dc9b490_5865 .array/port v0x63a28dc9b490, 5865;
v0x63a28dc9b490_5866 .array/port v0x63a28dc9b490, 5866;
E_0x63a28dcbf3d0/1466 .event anyedge, v0x63a28dc9b490_5863, v0x63a28dc9b490_5864, v0x63a28dc9b490_5865, v0x63a28dc9b490_5866;
v0x63a28dc9b490_5867 .array/port v0x63a28dc9b490, 5867;
v0x63a28dc9b490_5868 .array/port v0x63a28dc9b490, 5868;
v0x63a28dc9b490_5869 .array/port v0x63a28dc9b490, 5869;
v0x63a28dc9b490_5870 .array/port v0x63a28dc9b490, 5870;
E_0x63a28dcbf3d0/1467 .event anyedge, v0x63a28dc9b490_5867, v0x63a28dc9b490_5868, v0x63a28dc9b490_5869, v0x63a28dc9b490_5870;
v0x63a28dc9b490_5871 .array/port v0x63a28dc9b490, 5871;
v0x63a28dc9b490_5872 .array/port v0x63a28dc9b490, 5872;
v0x63a28dc9b490_5873 .array/port v0x63a28dc9b490, 5873;
v0x63a28dc9b490_5874 .array/port v0x63a28dc9b490, 5874;
E_0x63a28dcbf3d0/1468 .event anyedge, v0x63a28dc9b490_5871, v0x63a28dc9b490_5872, v0x63a28dc9b490_5873, v0x63a28dc9b490_5874;
v0x63a28dc9b490_5875 .array/port v0x63a28dc9b490, 5875;
v0x63a28dc9b490_5876 .array/port v0x63a28dc9b490, 5876;
v0x63a28dc9b490_5877 .array/port v0x63a28dc9b490, 5877;
v0x63a28dc9b490_5878 .array/port v0x63a28dc9b490, 5878;
E_0x63a28dcbf3d0/1469 .event anyedge, v0x63a28dc9b490_5875, v0x63a28dc9b490_5876, v0x63a28dc9b490_5877, v0x63a28dc9b490_5878;
v0x63a28dc9b490_5879 .array/port v0x63a28dc9b490, 5879;
v0x63a28dc9b490_5880 .array/port v0x63a28dc9b490, 5880;
v0x63a28dc9b490_5881 .array/port v0x63a28dc9b490, 5881;
v0x63a28dc9b490_5882 .array/port v0x63a28dc9b490, 5882;
E_0x63a28dcbf3d0/1470 .event anyedge, v0x63a28dc9b490_5879, v0x63a28dc9b490_5880, v0x63a28dc9b490_5881, v0x63a28dc9b490_5882;
v0x63a28dc9b490_5883 .array/port v0x63a28dc9b490, 5883;
v0x63a28dc9b490_5884 .array/port v0x63a28dc9b490, 5884;
v0x63a28dc9b490_5885 .array/port v0x63a28dc9b490, 5885;
v0x63a28dc9b490_5886 .array/port v0x63a28dc9b490, 5886;
E_0x63a28dcbf3d0/1471 .event anyedge, v0x63a28dc9b490_5883, v0x63a28dc9b490_5884, v0x63a28dc9b490_5885, v0x63a28dc9b490_5886;
v0x63a28dc9b490_5887 .array/port v0x63a28dc9b490, 5887;
v0x63a28dc9b490_5888 .array/port v0x63a28dc9b490, 5888;
v0x63a28dc9b490_5889 .array/port v0x63a28dc9b490, 5889;
v0x63a28dc9b490_5890 .array/port v0x63a28dc9b490, 5890;
E_0x63a28dcbf3d0/1472 .event anyedge, v0x63a28dc9b490_5887, v0x63a28dc9b490_5888, v0x63a28dc9b490_5889, v0x63a28dc9b490_5890;
v0x63a28dc9b490_5891 .array/port v0x63a28dc9b490, 5891;
v0x63a28dc9b490_5892 .array/port v0x63a28dc9b490, 5892;
v0x63a28dc9b490_5893 .array/port v0x63a28dc9b490, 5893;
v0x63a28dc9b490_5894 .array/port v0x63a28dc9b490, 5894;
E_0x63a28dcbf3d0/1473 .event anyedge, v0x63a28dc9b490_5891, v0x63a28dc9b490_5892, v0x63a28dc9b490_5893, v0x63a28dc9b490_5894;
v0x63a28dc9b490_5895 .array/port v0x63a28dc9b490, 5895;
v0x63a28dc9b490_5896 .array/port v0x63a28dc9b490, 5896;
v0x63a28dc9b490_5897 .array/port v0x63a28dc9b490, 5897;
v0x63a28dc9b490_5898 .array/port v0x63a28dc9b490, 5898;
E_0x63a28dcbf3d0/1474 .event anyedge, v0x63a28dc9b490_5895, v0x63a28dc9b490_5896, v0x63a28dc9b490_5897, v0x63a28dc9b490_5898;
v0x63a28dc9b490_5899 .array/port v0x63a28dc9b490, 5899;
v0x63a28dc9b490_5900 .array/port v0x63a28dc9b490, 5900;
v0x63a28dc9b490_5901 .array/port v0x63a28dc9b490, 5901;
v0x63a28dc9b490_5902 .array/port v0x63a28dc9b490, 5902;
E_0x63a28dcbf3d0/1475 .event anyedge, v0x63a28dc9b490_5899, v0x63a28dc9b490_5900, v0x63a28dc9b490_5901, v0x63a28dc9b490_5902;
v0x63a28dc9b490_5903 .array/port v0x63a28dc9b490, 5903;
v0x63a28dc9b490_5904 .array/port v0x63a28dc9b490, 5904;
v0x63a28dc9b490_5905 .array/port v0x63a28dc9b490, 5905;
v0x63a28dc9b490_5906 .array/port v0x63a28dc9b490, 5906;
E_0x63a28dcbf3d0/1476 .event anyedge, v0x63a28dc9b490_5903, v0x63a28dc9b490_5904, v0x63a28dc9b490_5905, v0x63a28dc9b490_5906;
v0x63a28dc9b490_5907 .array/port v0x63a28dc9b490, 5907;
v0x63a28dc9b490_5908 .array/port v0x63a28dc9b490, 5908;
v0x63a28dc9b490_5909 .array/port v0x63a28dc9b490, 5909;
v0x63a28dc9b490_5910 .array/port v0x63a28dc9b490, 5910;
E_0x63a28dcbf3d0/1477 .event anyedge, v0x63a28dc9b490_5907, v0x63a28dc9b490_5908, v0x63a28dc9b490_5909, v0x63a28dc9b490_5910;
v0x63a28dc9b490_5911 .array/port v0x63a28dc9b490, 5911;
v0x63a28dc9b490_5912 .array/port v0x63a28dc9b490, 5912;
v0x63a28dc9b490_5913 .array/port v0x63a28dc9b490, 5913;
v0x63a28dc9b490_5914 .array/port v0x63a28dc9b490, 5914;
E_0x63a28dcbf3d0/1478 .event anyedge, v0x63a28dc9b490_5911, v0x63a28dc9b490_5912, v0x63a28dc9b490_5913, v0x63a28dc9b490_5914;
v0x63a28dc9b490_5915 .array/port v0x63a28dc9b490, 5915;
v0x63a28dc9b490_5916 .array/port v0x63a28dc9b490, 5916;
v0x63a28dc9b490_5917 .array/port v0x63a28dc9b490, 5917;
v0x63a28dc9b490_5918 .array/port v0x63a28dc9b490, 5918;
E_0x63a28dcbf3d0/1479 .event anyedge, v0x63a28dc9b490_5915, v0x63a28dc9b490_5916, v0x63a28dc9b490_5917, v0x63a28dc9b490_5918;
v0x63a28dc9b490_5919 .array/port v0x63a28dc9b490, 5919;
v0x63a28dc9b490_5920 .array/port v0x63a28dc9b490, 5920;
v0x63a28dc9b490_5921 .array/port v0x63a28dc9b490, 5921;
v0x63a28dc9b490_5922 .array/port v0x63a28dc9b490, 5922;
E_0x63a28dcbf3d0/1480 .event anyedge, v0x63a28dc9b490_5919, v0x63a28dc9b490_5920, v0x63a28dc9b490_5921, v0x63a28dc9b490_5922;
v0x63a28dc9b490_5923 .array/port v0x63a28dc9b490, 5923;
v0x63a28dc9b490_5924 .array/port v0x63a28dc9b490, 5924;
v0x63a28dc9b490_5925 .array/port v0x63a28dc9b490, 5925;
v0x63a28dc9b490_5926 .array/port v0x63a28dc9b490, 5926;
E_0x63a28dcbf3d0/1481 .event anyedge, v0x63a28dc9b490_5923, v0x63a28dc9b490_5924, v0x63a28dc9b490_5925, v0x63a28dc9b490_5926;
v0x63a28dc9b490_5927 .array/port v0x63a28dc9b490, 5927;
v0x63a28dc9b490_5928 .array/port v0x63a28dc9b490, 5928;
v0x63a28dc9b490_5929 .array/port v0x63a28dc9b490, 5929;
v0x63a28dc9b490_5930 .array/port v0x63a28dc9b490, 5930;
E_0x63a28dcbf3d0/1482 .event anyedge, v0x63a28dc9b490_5927, v0x63a28dc9b490_5928, v0x63a28dc9b490_5929, v0x63a28dc9b490_5930;
v0x63a28dc9b490_5931 .array/port v0x63a28dc9b490, 5931;
v0x63a28dc9b490_5932 .array/port v0x63a28dc9b490, 5932;
v0x63a28dc9b490_5933 .array/port v0x63a28dc9b490, 5933;
v0x63a28dc9b490_5934 .array/port v0x63a28dc9b490, 5934;
E_0x63a28dcbf3d0/1483 .event anyedge, v0x63a28dc9b490_5931, v0x63a28dc9b490_5932, v0x63a28dc9b490_5933, v0x63a28dc9b490_5934;
v0x63a28dc9b490_5935 .array/port v0x63a28dc9b490, 5935;
v0x63a28dc9b490_5936 .array/port v0x63a28dc9b490, 5936;
v0x63a28dc9b490_5937 .array/port v0x63a28dc9b490, 5937;
v0x63a28dc9b490_5938 .array/port v0x63a28dc9b490, 5938;
E_0x63a28dcbf3d0/1484 .event anyedge, v0x63a28dc9b490_5935, v0x63a28dc9b490_5936, v0x63a28dc9b490_5937, v0x63a28dc9b490_5938;
v0x63a28dc9b490_5939 .array/port v0x63a28dc9b490, 5939;
v0x63a28dc9b490_5940 .array/port v0x63a28dc9b490, 5940;
v0x63a28dc9b490_5941 .array/port v0x63a28dc9b490, 5941;
v0x63a28dc9b490_5942 .array/port v0x63a28dc9b490, 5942;
E_0x63a28dcbf3d0/1485 .event anyedge, v0x63a28dc9b490_5939, v0x63a28dc9b490_5940, v0x63a28dc9b490_5941, v0x63a28dc9b490_5942;
v0x63a28dc9b490_5943 .array/port v0x63a28dc9b490, 5943;
v0x63a28dc9b490_5944 .array/port v0x63a28dc9b490, 5944;
v0x63a28dc9b490_5945 .array/port v0x63a28dc9b490, 5945;
v0x63a28dc9b490_5946 .array/port v0x63a28dc9b490, 5946;
E_0x63a28dcbf3d0/1486 .event anyedge, v0x63a28dc9b490_5943, v0x63a28dc9b490_5944, v0x63a28dc9b490_5945, v0x63a28dc9b490_5946;
v0x63a28dc9b490_5947 .array/port v0x63a28dc9b490, 5947;
v0x63a28dc9b490_5948 .array/port v0x63a28dc9b490, 5948;
v0x63a28dc9b490_5949 .array/port v0x63a28dc9b490, 5949;
v0x63a28dc9b490_5950 .array/port v0x63a28dc9b490, 5950;
E_0x63a28dcbf3d0/1487 .event anyedge, v0x63a28dc9b490_5947, v0x63a28dc9b490_5948, v0x63a28dc9b490_5949, v0x63a28dc9b490_5950;
v0x63a28dc9b490_5951 .array/port v0x63a28dc9b490, 5951;
v0x63a28dc9b490_5952 .array/port v0x63a28dc9b490, 5952;
v0x63a28dc9b490_5953 .array/port v0x63a28dc9b490, 5953;
v0x63a28dc9b490_5954 .array/port v0x63a28dc9b490, 5954;
E_0x63a28dcbf3d0/1488 .event anyedge, v0x63a28dc9b490_5951, v0x63a28dc9b490_5952, v0x63a28dc9b490_5953, v0x63a28dc9b490_5954;
v0x63a28dc9b490_5955 .array/port v0x63a28dc9b490, 5955;
v0x63a28dc9b490_5956 .array/port v0x63a28dc9b490, 5956;
v0x63a28dc9b490_5957 .array/port v0x63a28dc9b490, 5957;
v0x63a28dc9b490_5958 .array/port v0x63a28dc9b490, 5958;
E_0x63a28dcbf3d0/1489 .event anyedge, v0x63a28dc9b490_5955, v0x63a28dc9b490_5956, v0x63a28dc9b490_5957, v0x63a28dc9b490_5958;
v0x63a28dc9b490_5959 .array/port v0x63a28dc9b490, 5959;
v0x63a28dc9b490_5960 .array/port v0x63a28dc9b490, 5960;
v0x63a28dc9b490_5961 .array/port v0x63a28dc9b490, 5961;
v0x63a28dc9b490_5962 .array/port v0x63a28dc9b490, 5962;
E_0x63a28dcbf3d0/1490 .event anyedge, v0x63a28dc9b490_5959, v0x63a28dc9b490_5960, v0x63a28dc9b490_5961, v0x63a28dc9b490_5962;
v0x63a28dc9b490_5963 .array/port v0x63a28dc9b490, 5963;
v0x63a28dc9b490_5964 .array/port v0x63a28dc9b490, 5964;
v0x63a28dc9b490_5965 .array/port v0x63a28dc9b490, 5965;
v0x63a28dc9b490_5966 .array/port v0x63a28dc9b490, 5966;
E_0x63a28dcbf3d0/1491 .event anyedge, v0x63a28dc9b490_5963, v0x63a28dc9b490_5964, v0x63a28dc9b490_5965, v0x63a28dc9b490_5966;
v0x63a28dc9b490_5967 .array/port v0x63a28dc9b490, 5967;
v0x63a28dc9b490_5968 .array/port v0x63a28dc9b490, 5968;
v0x63a28dc9b490_5969 .array/port v0x63a28dc9b490, 5969;
v0x63a28dc9b490_5970 .array/port v0x63a28dc9b490, 5970;
E_0x63a28dcbf3d0/1492 .event anyedge, v0x63a28dc9b490_5967, v0x63a28dc9b490_5968, v0x63a28dc9b490_5969, v0x63a28dc9b490_5970;
v0x63a28dc9b490_5971 .array/port v0x63a28dc9b490, 5971;
v0x63a28dc9b490_5972 .array/port v0x63a28dc9b490, 5972;
v0x63a28dc9b490_5973 .array/port v0x63a28dc9b490, 5973;
v0x63a28dc9b490_5974 .array/port v0x63a28dc9b490, 5974;
E_0x63a28dcbf3d0/1493 .event anyedge, v0x63a28dc9b490_5971, v0x63a28dc9b490_5972, v0x63a28dc9b490_5973, v0x63a28dc9b490_5974;
v0x63a28dc9b490_5975 .array/port v0x63a28dc9b490, 5975;
v0x63a28dc9b490_5976 .array/port v0x63a28dc9b490, 5976;
v0x63a28dc9b490_5977 .array/port v0x63a28dc9b490, 5977;
v0x63a28dc9b490_5978 .array/port v0x63a28dc9b490, 5978;
E_0x63a28dcbf3d0/1494 .event anyedge, v0x63a28dc9b490_5975, v0x63a28dc9b490_5976, v0x63a28dc9b490_5977, v0x63a28dc9b490_5978;
v0x63a28dc9b490_5979 .array/port v0x63a28dc9b490, 5979;
v0x63a28dc9b490_5980 .array/port v0x63a28dc9b490, 5980;
v0x63a28dc9b490_5981 .array/port v0x63a28dc9b490, 5981;
v0x63a28dc9b490_5982 .array/port v0x63a28dc9b490, 5982;
E_0x63a28dcbf3d0/1495 .event anyedge, v0x63a28dc9b490_5979, v0x63a28dc9b490_5980, v0x63a28dc9b490_5981, v0x63a28dc9b490_5982;
v0x63a28dc9b490_5983 .array/port v0x63a28dc9b490, 5983;
v0x63a28dc9b490_5984 .array/port v0x63a28dc9b490, 5984;
v0x63a28dc9b490_5985 .array/port v0x63a28dc9b490, 5985;
v0x63a28dc9b490_5986 .array/port v0x63a28dc9b490, 5986;
E_0x63a28dcbf3d0/1496 .event anyedge, v0x63a28dc9b490_5983, v0x63a28dc9b490_5984, v0x63a28dc9b490_5985, v0x63a28dc9b490_5986;
v0x63a28dc9b490_5987 .array/port v0x63a28dc9b490, 5987;
v0x63a28dc9b490_5988 .array/port v0x63a28dc9b490, 5988;
v0x63a28dc9b490_5989 .array/port v0x63a28dc9b490, 5989;
v0x63a28dc9b490_5990 .array/port v0x63a28dc9b490, 5990;
E_0x63a28dcbf3d0/1497 .event anyedge, v0x63a28dc9b490_5987, v0x63a28dc9b490_5988, v0x63a28dc9b490_5989, v0x63a28dc9b490_5990;
v0x63a28dc9b490_5991 .array/port v0x63a28dc9b490, 5991;
v0x63a28dc9b490_5992 .array/port v0x63a28dc9b490, 5992;
v0x63a28dc9b490_5993 .array/port v0x63a28dc9b490, 5993;
v0x63a28dc9b490_5994 .array/port v0x63a28dc9b490, 5994;
E_0x63a28dcbf3d0/1498 .event anyedge, v0x63a28dc9b490_5991, v0x63a28dc9b490_5992, v0x63a28dc9b490_5993, v0x63a28dc9b490_5994;
v0x63a28dc9b490_5995 .array/port v0x63a28dc9b490, 5995;
v0x63a28dc9b490_5996 .array/port v0x63a28dc9b490, 5996;
v0x63a28dc9b490_5997 .array/port v0x63a28dc9b490, 5997;
v0x63a28dc9b490_5998 .array/port v0x63a28dc9b490, 5998;
E_0x63a28dcbf3d0/1499 .event anyedge, v0x63a28dc9b490_5995, v0x63a28dc9b490_5996, v0x63a28dc9b490_5997, v0x63a28dc9b490_5998;
v0x63a28dc9b490_5999 .array/port v0x63a28dc9b490, 5999;
v0x63a28dc9b490_6000 .array/port v0x63a28dc9b490, 6000;
v0x63a28dc9b490_6001 .array/port v0x63a28dc9b490, 6001;
v0x63a28dc9b490_6002 .array/port v0x63a28dc9b490, 6002;
E_0x63a28dcbf3d0/1500 .event anyedge, v0x63a28dc9b490_5999, v0x63a28dc9b490_6000, v0x63a28dc9b490_6001, v0x63a28dc9b490_6002;
v0x63a28dc9b490_6003 .array/port v0x63a28dc9b490, 6003;
v0x63a28dc9b490_6004 .array/port v0x63a28dc9b490, 6004;
v0x63a28dc9b490_6005 .array/port v0x63a28dc9b490, 6005;
v0x63a28dc9b490_6006 .array/port v0x63a28dc9b490, 6006;
E_0x63a28dcbf3d0/1501 .event anyedge, v0x63a28dc9b490_6003, v0x63a28dc9b490_6004, v0x63a28dc9b490_6005, v0x63a28dc9b490_6006;
v0x63a28dc9b490_6007 .array/port v0x63a28dc9b490, 6007;
v0x63a28dc9b490_6008 .array/port v0x63a28dc9b490, 6008;
v0x63a28dc9b490_6009 .array/port v0x63a28dc9b490, 6009;
v0x63a28dc9b490_6010 .array/port v0x63a28dc9b490, 6010;
E_0x63a28dcbf3d0/1502 .event anyedge, v0x63a28dc9b490_6007, v0x63a28dc9b490_6008, v0x63a28dc9b490_6009, v0x63a28dc9b490_6010;
v0x63a28dc9b490_6011 .array/port v0x63a28dc9b490, 6011;
v0x63a28dc9b490_6012 .array/port v0x63a28dc9b490, 6012;
v0x63a28dc9b490_6013 .array/port v0x63a28dc9b490, 6013;
v0x63a28dc9b490_6014 .array/port v0x63a28dc9b490, 6014;
E_0x63a28dcbf3d0/1503 .event anyedge, v0x63a28dc9b490_6011, v0x63a28dc9b490_6012, v0x63a28dc9b490_6013, v0x63a28dc9b490_6014;
v0x63a28dc9b490_6015 .array/port v0x63a28dc9b490, 6015;
v0x63a28dc9b490_6016 .array/port v0x63a28dc9b490, 6016;
v0x63a28dc9b490_6017 .array/port v0x63a28dc9b490, 6017;
v0x63a28dc9b490_6018 .array/port v0x63a28dc9b490, 6018;
E_0x63a28dcbf3d0/1504 .event anyedge, v0x63a28dc9b490_6015, v0x63a28dc9b490_6016, v0x63a28dc9b490_6017, v0x63a28dc9b490_6018;
v0x63a28dc9b490_6019 .array/port v0x63a28dc9b490, 6019;
v0x63a28dc9b490_6020 .array/port v0x63a28dc9b490, 6020;
v0x63a28dc9b490_6021 .array/port v0x63a28dc9b490, 6021;
v0x63a28dc9b490_6022 .array/port v0x63a28dc9b490, 6022;
E_0x63a28dcbf3d0/1505 .event anyedge, v0x63a28dc9b490_6019, v0x63a28dc9b490_6020, v0x63a28dc9b490_6021, v0x63a28dc9b490_6022;
v0x63a28dc9b490_6023 .array/port v0x63a28dc9b490, 6023;
v0x63a28dc9b490_6024 .array/port v0x63a28dc9b490, 6024;
v0x63a28dc9b490_6025 .array/port v0x63a28dc9b490, 6025;
v0x63a28dc9b490_6026 .array/port v0x63a28dc9b490, 6026;
E_0x63a28dcbf3d0/1506 .event anyedge, v0x63a28dc9b490_6023, v0x63a28dc9b490_6024, v0x63a28dc9b490_6025, v0x63a28dc9b490_6026;
v0x63a28dc9b490_6027 .array/port v0x63a28dc9b490, 6027;
v0x63a28dc9b490_6028 .array/port v0x63a28dc9b490, 6028;
v0x63a28dc9b490_6029 .array/port v0x63a28dc9b490, 6029;
v0x63a28dc9b490_6030 .array/port v0x63a28dc9b490, 6030;
E_0x63a28dcbf3d0/1507 .event anyedge, v0x63a28dc9b490_6027, v0x63a28dc9b490_6028, v0x63a28dc9b490_6029, v0x63a28dc9b490_6030;
v0x63a28dc9b490_6031 .array/port v0x63a28dc9b490, 6031;
v0x63a28dc9b490_6032 .array/port v0x63a28dc9b490, 6032;
v0x63a28dc9b490_6033 .array/port v0x63a28dc9b490, 6033;
v0x63a28dc9b490_6034 .array/port v0x63a28dc9b490, 6034;
E_0x63a28dcbf3d0/1508 .event anyedge, v0x63a28dc9b490_6031, v0x63a28dc9b490_6032, v0x63a28dc9b490_6033, v0x63a28dc9b490_6034;
v0x63a28dc9b490_6035 .array/port v0x63a28dc9b490, 6035;
v0x63a28dc9b490_6036 .array/port v0x63a28dc9b490, 6036;
v0x63a28dc9b490_6037 .array/port v0x63a28dc9b490, 6037;
v0x63a28dc9b490_6038 .array/port v0x63a28dc9b490, 6038;
E_0x63a28dcbf3d0/1509 .event anyedge, v0x63a28dc9b490_6035, v0x63a28dc9b490_6036, v0x63a28dc9b490_6037, v0x63a28dc9b490_6038;
v0x63a28dc9b490_6039 .array/port v0x63a28dc9b490, 6039;
v0x63a28dc9b490_6040 .array/port v0x63a28dc9b490, 6040;
v0x63a28dc9b490_6041 .array/port v0x63a28dc9b490, 6041;
v0x63a28dc9b490_6042 .array/port v0x63a28dc9b490, 6042;
E_0x63a28dcbf3d0/1510 .event anyedge, v0x63a28dc9b490_6039, v0x63a28dc9b490_6040, v0x63a28dc9b490_6041, v0x63a28dc9b490_6042;
v0x63a28dc9b490_6043 .array/port v0x63a28dc9b490, 6043;
v0x63a28dc9b490_6044 .array/port v0x63a28dc9b490, 6044;
v0x63a28dc9b490_6045 .array/port v0x63a28dc9b490, 6045;
v0x63a28dc9b490_6046 .array/port v0x63a28dc9b490, 6046;
E_0x63a28dcbf3d0/1511 .event anyedge, v0x63a28dc9b490_6043, v0x63a28dc9b490_6044, v0x63a28dc9b490_6045, v0x63a28dc9b490_6046;
v0x63a28dc9b490_6047 .array/port v0x63a28dc9b490, 6047;
v0x63a28dc9b490_6048 .array/port v0x63a28dc9b490, 6048;
v0x63a28dc9b490_6049 .array/port v0x63a28dc9b490, 6049;
v0x63a28dc9b490_6050 .array/port v0x63a28dc9b490, 6050;
E_0x63a28dcbf3d0/1512 .event anyedge, v0x63a28dc9b490_6047, v0x63a28dc9b490_6048, v0x63a28dc9b490_6049, v0x63a28dc9b490_6050;
v0x63a28dc9b490_6051 .array/port v0x63a28dc9b490, 6051;
v0x63a28dc9b490_6052 .array/port v0x63a28dc9b490, 6052;
v0x63a28dc9b490_6053 .array/port v0x63a28dc9b490, 6053;
v0x63a28dc9b490_6054 .array/port v0x63a28dc9b490, 6054;
E_0x63a28dcbf3d0/1513 .event anyedge, v0x63a28dc9b490_6051, v0x63a28dc9b490_6052, v0x63a28dc9b490_6053, v0x63a28dc9b490_6054;
v0x63a28dc9b490_6055 .array/port v0x63a28dc9b490, 6055;
v0x63a28dc9b490_6056 .array/port v0x63a28dc9b490, 6056;
v0x63a28dc9b490_6057 .array/port v0x63a28dc9b490, 6057;
v0x63a28dc9b490_6058 .array/port v0x63a28dc9b490, 6058;
E_0x63a28dcbf3d0/1514 .event anyedge, v0x63a28dc9b490_6055, v0x63a28dc9b490_6056, v0x63a28dc9b490_6057, v0x63a28dc9b490_6058;
v0x63a28dc9b490_6059 .array/port v0x63a28dc9b490, 6059;
v0x63a28dc9b490_6060 .array/port v0x63a28dc9b490, 6060;
v0x63a28dc9b490_6061 .array/port v0x63a28dc9b490, 6061;
v0x63a28dc9b490_6062 .array/port v0x63a28dc9b490, 6062;
E_0x63a28dcbf3d0/1515 .event anyedge, v0x63a28dc9b490_6059, v0x63a28dc9b490_6060, v0x63a28dc9b490_6061, v0x63a28dc9b490_6062;
v0x63a28dc9b490_6063 .array/port v0x63a28dc9b490, 6063;
v0x63a28dc9b490_6064 .array/port v0x63a28dc9b490, 6064;
v0x63a28dc9b490_6065 .array/port v0x63a28dc9b490, 6065;
v0x63a28dc9b490_6066 .array/port v0x63a28dc9b490, 6066;
E_0x63a28dcbf3d0/1516 .event anyedge, v0x63a28dc9b490_6063, v0x63a28dc9b490_6064, v0x63a28dc9b490_6065, v0x63a28dc9b490_6066;
v0x63a28dc9b490_6067 .array/port v0x63a28dc9b490, 6067;
v0x63a28dc9b490_6068 .array/port v0x63a28dc9b490, 6068;
v0x63a28dc9b490_6069 .array/port v0x63a28dc9b490, 6069;
v0x63a28dc9b490_6070 .array/port v0x63a28dc9b490, 6070;
E_0x63a28dcbf3d0/1517 .event anyedge, v0x63a28dc9b490_6067, v0x63a28dc9b490_6068, v0x63a28dc9b490_6069, v0x63a28dc9b490_6070;
v0x63a28dc9b490_6071 .array/port v0x63a28dc9b490, 6071;
v0x63a28dc9b490_6072 .array/port v0x63a28dc9b490, 6072;
v0x63a28dc9b490_6073 .array/port v0x63a28dc9b490, 6073;
v0x63a28dc9b490_6074 .array/port v0x63a28dc9b490, 6074;
E_0x63a28dcbf3d0/1518 .event anyedge, v0x63a28dc9b490_6071, v0x63a28dc9b490_6072, v0x63a28dc9b490_6073, v0x63a28dc9b490_6074;
v0x63a28dc9b490_6075 .array/port v0x63a28dc9b490, 6075;
v0x63a28dc9b490_6076 .array/port v0x63a28dc9b490, 6076;
v0x63a28dc9b490_6077 .array/port v0x63a28dc9b490, 6077;
v0x63a28dc9b490_6078 .array/port v0x63a28dc9b490, 6078;
E_0x63a28dcbf3d0/1519 .event anyedge, v0x63a28dc9b490_6075, v0x63a28dc9b490_6076, v0x63a28dc9b490_6077, v0x63a28dc9b490_6078;
v0x63a28dc9b490_6079 .array/port v0x63a28dc9b490, 6079;
v0x63a28dc9b490_6080 .array/port v0x63a28dc9b490, 6080;
v0x63a28dc9b490_6081 .array/port v0x63a28dc9b490, 6081;
v0x63a28dc9b490_6082 .array/port v0x63a28dc9b490, 6082;
E_0x63a28dcbf3d0/1520 .event anyedge, v0x63a28dc9b490_6079, v0x63a28dc9b490_6080, v0x63a28dc9b490_6081, v0x63a28dc9b490_6082;
v0x63a28dc9b490_6083 .array/port v0x63a28dc9b490, 6083;
v0x63a28dc9b490_6084 .array/port v0x63a28dc9b490, 6084;
v0x63a28dc9b490_6085 .array/port v0x63a28dc9b490, 6085;
v0x63a28dc9b490_6086 .array/port v0x63a28dc9b490, 6086;
E_0x63a28dcbf3d0/1521 .event anyedge, v0x63a28dc9b490_6083, v0x63a28dc9b490_6084, v0x63a28dc9b490_6085, v0x63a28dc9b490_6086;
v0x63a28dc9b490_6087 .array/port v0x63a28dc9b490, 6087;
v0x63a28dc9b490_6088 .array/port v0x63a28dc9b490, 6088;
v0x63a28dc9b490_6089 .array/port v0x63a28dc9b490, 6089;
v0x63a28dc9b490_6090 .array/port v0x63a28dc9b490, 6090;
E_0x63a28dcbf3d0/1522 .event anyedge, v0x63a28dc9b490_6087, v0x63a28dc9b490_6088, v0x63a28dc9b490_6089, v0x63a28dc9b490_6090;
v0x63a28dc9b490_6091 .array/port v0x63a28dc9b490, 6091;
v0x63a28dc9b490_6092 .array/port v0x63a28dc9b490, 6092;
v0x63a28dc9b490_6093 .array/port v0x63a28dc9b490, 6093;
v0x63a28dc9b490_6094 .array/port v0x63a28dc9b490, 6094;
E_0x63a28dcbf3d0/1523 .event anyedge, v0x63a28dc9b490_6091, v0x63a28dc9b490_6092, v0x63a28dc9b490_6093, v0x63a28dc9b490_6094;
v0x63a28dc9b490_6095 .array/port v0x63a28dc9b490, 6095;
v0x63a28dc9b490_6096 .array/port v0x63a28dc9b490, 6096;
v0x63a28dc9b490_6097 .array/port v0x63a28dc9b490, 6097;
v0x63a28dc9b490_6098 .array/port v0x63a28dc9b490, 6098;
E_0x63a28dcbf3d0/1524 .event anyedge, v0x63a28dc9b490_6095, v0x63a28dc9b490_6096, v0x63a28dc9b490_6097, v0x63a28dc9b490_6098;
v0x63a28dc9b490_6099 .array/port v0x63a28dc9b490, 6099;
v0x63a28dc9b490_6100 .array/port v0x63a28dc9b490, 6100;
v0x63a28dc9b490_6101 .array/port v0x63a28dc9b490, 6101;
v0x63a28dc9b490_6102 .array/port v0x63a28dc9b490, 6102;
E_0x63a28dcbf3d0/1525 .event anyedge, v0x63a28dc9b490_6099, v0x63a28dc9b490_6100, v0x63a28dc9b490_6101, v0x63a28dc9b490_6102;
v0x63a28dc9b490_6103 .array/port v0x63a28dc9b490, 6103;
v0x63a28dc9b490_6104 .array/port v0x63a28dc9b490, 6104;
v0x63a28dc9b490_6105 .array/port v0x63a28dc9b490, 6105;
v0x63a28dc9b490_6106 .array/port v0x63a28dc9b490, 6106;
E_0x63a28dcbf3d0/1526 .event anyedge, v0x63a28dc9b490_6103, v0x63a28dc9b490_6104, v0x63a28dc9b490_6105, v0x63a28dc9b490_6106;
v0x63a28dc9b490_6107 .array/port v0x63a28dc9b490, 6107;
v0x63a28dc9b490_6108 .array/port v0x63a28dc9b490, 6108;
v0x63a28dc9b490_6109 .array/port v0x63a28dc9b490, 6109;
v0x63a28dc9b490_6110 .array/port v0x63a28dc9b490, 6110;
E_0x63a28dcbf3d0/1527 .event anyedge, v0x63a28dc9b490_6107, v0x63a28dc9b490_6108, v0x63a28dc9b490_6109, v0x63a28dc9b490_6110;
v0x63a28dc9b490_6111 .array/port v0x63a28dc9b490, 6111;
v0x63a28dc9b490_6112 .array/port v0x63a28dc9b490, 6112;
v0x63a28dc9b490_6113 .array/port v0x63a28dc9b490, 6113;
v0x63a28dc9b490_6114 .array/port v0x63a28dc9b490, 6114;
E_0x63a28dcbf3d0/1528 .event anyedge, v0x63a28dc9b490_6111, v0x63a28dc9b490_6112, v0x63a28dc9b490_6113, v0x63a28dc9b490_6114;
v0x63a28dc9b490_6115 .array/port v0x63a28dc9b490, 6115;
v0x63a28dc9b490_6116 .array/port v0x63a28dc9b490, 6116;
v0x63a28dc9b490_6117 .array/port v0x63a28dc9b490, 6117;
v0x63a28dc9b490_6118 .array/port v0x63a28dc9b490, 6118;
E_0x63a28dcbf3d0/1529 .event anyedge, v0x63a28dc9b490_6115, v0x63a28dc9b490_6116, v0x63a28dc9b490_6117, v0x63a28dc9b490_6118;
v0x63a28dc9b490_6119 .array/port v0x63a28dc9b490, 6119;
v0x63a28dc9b490_6120 .array/port v0x63a28dc9b490, 6120;
v0x63a28dc9b490_6121 .array/port v0x63a28dc9b490, 6121;
v0x63a28dc9b490_6122 .array/port v0x63a28dc9b490, 6122;
E_0x63a28dcbf3d0/1530 .event anyedge, v0x63a28dc9b490_6119, v0x63a28dc9b490_6120, v0x63a28dc9b490_6121, v0x63a28dc9b490_6122;
v0x63a28dc9b490_6123 .array/port v0x63a28dc9b490, 6123;
v0x63a28dc9b490_6124 .array/port v0x63a28dc9b490, 6124;
v0x63a28dc9b490_6125 .array/port v0x63a28dc9b490, 6125;
v0x63a28dc9b490_6126 .array/port v0x63a28dc9b490, 6126;
E_0x63a28dcbf3d0/1531 .event anyedge, v0x63a28dc9b490_6123, v0x63a28dc9b490_6124, v0x63a28dc9b490_6125, v0x63a28dc9b490_6126;
v0x63a28dc9b490_6127 .array/port v0x63a28dc9b490, 6127;
v0x63a28dc9b490_6128 .array/port v0x63a28dc9b490, 6128;
v0x63a28dc9b490_6129 .array/port v0x63a28dc9b490, 6129;
v0x63a28dc9b490_6130 .array/port v0x63a28dc9b490, 6130;
E_0x63a28dcbf3d0/1532 .event anyedge, v0x63a28dc9b490_6127, v0x63a28dc9b490_6128, v0x63a28dc9b490_6129, v0x63a28dc9b490_6130;
v0x63a28dc9b490_6131 .array/port v0x63a28dc9b490, 6131;
v0x63a28dc9b490_6132 .array/port v0x63a28dc9b490, 6132;
v0x63a28dc9b490_6133 .array/port v0x63a28dc9b490, 6133;
v0x63a28dc9b490_6134 .array/port v0x63a28dc9b490, 6134;
E_0x63a28dcbf3d0/1533 .event anyedge, v0x63a28dc9b490_6131, v0x63a28dc9b490_6132, v0x63a28dc9b490_6133, v0x63a28dc9b490_6134;
v0x63a28dc9b490_6135 .array/port v0x63a28dc9b490, 6135;
v0x63a28dc9b490_6136 .array/port v0x63a28dc9b490, 6136;
v0x63a28dc9b490_6137 .array/port v0x63a28dc9b490, 6137;
v0x63a28dc9b490_6138 .array/port v0x63a28dc9b490, 6138;
E_0x63a28dcbf3d0/1534 .event anyedge, v0x63a28dc9b490_6135, v0x63a28dc9b490_6136, v0x63a28dc9b490_6137, v0x63a28dc9b490_6138;
v0x63a28dc9b490_6139 .array/port v0x63a28dc9b490, 6139;
v0x63a28dc9b490_6140 .array/port v0x63a28dc9b490, 6140;
v0x63a28dc9b490_6141 .array/port v0x63a28dc9b490, 6141;
v0x63a28dc9b490_6142 .array/port v0x63a28dc9b490, 6142;
E_0x63a28dcbf3d0/1535 .event anyedge, v0x63a28dc9b490_6139, v0x63a28dc9b490_6140, v0x63a28dc9b490_6141, v0x63a28dc9b490_6142;
v0x63a28dc9b490_6143 .array/port v0x63a28dc9b490, 6143;
v0x63a28dc9b490_6144 .array/port v0x63a28dc9b490, 6144;
v0x63a28dc9b490_6145 .array/port v0x63a28dc9b490, 6145;
v0x63a28dc9b490_6146 .array/port v0x63a28dc9b490, 6146;
E_0x63a28dcbf3d0/1536 .event anyedge, v0x63a28dc9b490_6143, v0x63a28dc9b490_6144, v0x63a28dc9b490_6145, v0x63a28dc9b490_6146;
v0x63a28dc9b490_6147 .array/port v0x63a28dc9b490, 6147;
v0x63a28dc9b490_6148 .array/port v0x63a28dc9b490, 6148;
v0x63a28dc9b490_6149 .array/port v0x63a28dc9b490, 6149;
v0x63a28dc9b490_6150 .array/port v0x63a28dc9b490, 6150;
E_0x63a28dcbf3d0/1537 .event anyedge, v0x63a28dc9b490_6147, v0x63a28dc9b490_6148, v0x63a28dc9b490_6149, v0x63a28dc9b490_6150;
v0x63a28dc9b490_6151 .array/port v0x63a28dc9b490, 6151;
v0x63a28dc9b490_6152 .array/port v0x63a28dc9b490, 6152;
v0x63a28dc9b490_6153 .array/port v0x63a28dc9b490, 6153;
v0x63a28dc9b490_6154 .array/port v0x63a28dc9b490, 6154;
E_0x63a28dcbf3d0/1538 .event anyedge, v0x63a28dc9b490_6151, v0x63a28dc9b490_6152, v0x63a28dc9b490_6153, v0x63a28dc9b490_6154;
v0x63a28dc9b490_6155 .array/port v0x63a28dc9b490, 6155;
v0x63a28dc9b490_6156 .array/port v0x63a28dc9b490, 6156;
v0x63a28dc9b490_6157 .array/port v0x63a28dc9b490, 6157;
v0x63a28dc9b490_6158 .array/port v0x63a28dc9b490, 6158;
E_0x63a28dcbf3d0/1539 .event anyedge, v0x63a28dc9b490_6155, v0x63a28dc9b490_6156, v0x63a28dc9b490_6157, v0x63a28dc9b490_6158;
v0x63a28dc9b490_6159 .array/port v0x63a28dc9b490, 6159;
v0x63a28dc9b490_6160 .array/port v0x63a28dc9b490, 6160;
v0x63a28dc9b490_6161 .array/port v0x63a28dc9b490, 6161;
v0x63a28dc9b490_6162 .array/port v0x63a28dc9b490, 6162;
E_0x63a28dcbf3d0/1540 .event anyedge, v0x63a28dc9b490_6159, v0x63a28dc9b490_6160, v0x63a28dc9b490_6161, v0x63a28dc9b490_6162;
v0x63a28dc9b490_6163 .array/port v0x63a28dc9b490, 6163;
v0x63a28dc9b490_6164 .array/port v0x63a28dc9b490, 6164;
v0x63a28dc9b490_6165 .array/port v0x63a28dc9b490, 6165;
v0x63a28dc9b490_6166 .array/port v0x63a28dc9b490, 6166;
E_0x63a28dcbf3d0/1541 .event anyedge, v0x63a28dc9b490_6163, v0x63a28dc9b490_6164, v0x63a28dc9b490_6165, v0x63a28dc9b490_6166;
v0x63a28dc9b490_6167 .array/port v0x63a28dc9b490, 6167;
v0x63a28dc9b490_6168 .array/port v0x63a28dc9b490, 6168;
v0x63a28dc9b490_6169 .array/port v0x63a28dc9b490, 6169;
v0x63a28dc9b490_6170 .array/port v0x63a28dc9b490, 6170;
E_0x63a28dcbf3d0/1542 .event anyedge, v0x63a28dc9b490_6167, v0x63a28dc9b490_6168, v0x63a28dc9b490_6169, v0x63a28dc9b490_6170;
v0x63a28dc9b490_6171 .array/port v0x63a28dc9b490, 6171;
v0x63a28dc9b490_6172 .array/port v0x63a28dc9b490, 6172;
v0x63a28dc9b490_6173 .array/port v0x63a28dc9b490, 6173;
v0x63a28dc9b490_6174 .array/port v0x63a28dc9b490, 6174;
E_0x63a28dcbf3d0/1543 .event anyedge, v0x63a28dc9b490_6171, v0x63a28dc9b490_6172, v0x63a28dc9b490_6173, v0x63a28dc9b490_6174;
v0x63a28dc9b490_6175 .array/port v0x63a28dc9b490, 6175;
v0x63a28dc9b490_6176 .array/port v0x63a28dc9b490, 6176;
v0x63a28dc9b490_6177 .array/port v0x63a28dc9b490, 6177;
v0x63a28dc9b490_6178 .array/port v0x63a28dc9b490, 6178;
E_0x63a28dcbf3d0/1544 .event anyedge, v0x63a28dc9b490_6175, v0x63a28dc9b490_6176, v0x63a28dc9b490_6177, v0x63a28dc9b490_6178;
v0x63a28dc9b490_6179 .array/port v0x63a28dc9b490, 6179;
v0x63a28dc9b490_6180 .array/port v0x63a28dc9b490, 6180;
v0x63a28dc9b490_6181 .array/port v0x63a28dc9b490, 6181;
v0x63a28dc9b490_6182 .array/port v0x63a28dc9b490, 6182;
E_0x63a28dcbf3d0/1545 .event anyedge, v0x63a28dc9b490_6179, v0x63a28dc9b490_6180, v0x63a28dc9b490_6181, v0x63a28dc9b490_6182;
v0x63a28dc9b490_6183 .array/port v0x63a28dc9b490, 6183;
v0x63a28dc9b490_6184 .array/port v0x63a28dc9b490, 6184;
v0x63a28dc9b490_6185 .array/port v0x63a28dc9b490, 6185;
v0x63a28dc9b490_6186 .array/port v0x63a28dc9b490, 6186;
E_0x63a28dcbf3d0/1546 .event anyedge, v0x63a28dc9b490_6183, v0x63a28dc9b490_6184, v0x63a28dc9b490_6185, v0x63a28dc9b490_6186;
v0x63a28dc9b490_6187 .array/port v0x63a28dc9b490, 6187;
v0x63a28dc9b490_6188 .array/port v0x63a28dc9b490, 6188;
v0x63a28dc9b490_6189 .array/port v0x63a28dc9b490, 6189;
v0x63a28dc9b490_6190 .array/port v0x63a28dc9b490, 6190;
E_0x63a28dcbf3d0/1547 .event anyedge, v0x63a28dc9b490_6187, v0x63a28dc9b490_6188, v0x63a28dc9b490_6189, v0x63a28dc9b490_6190;
v0x63a28dc9b490_6191 .array/port v0x63a28dc9b490, 6191;
v0x63a28dc9b490_6192 .array/port v0x63a28dc9b490, 6192;
v0x63a28dc9b490_6193 .array/port v0x63a28dc9b490, 6193;
v0x63a28dc9b490_6194 .array/port v0x63a28dc9b490, 6194;
E_0x63a28dcbf3d0/1548 .event anyedge, v0x63a28dc9b490_6191, v0x63a28dc9b490_6192, v0x63a28dc9b490_6193, v0x63a28dc9b490_6194;
v0x63a28dc9b490_6195 .array/port v0x63a28dc9b490, 6195;
v0x63a28dc9b490_6196 .array/port v0x63a28dc9b490, 6196;
v0x63a28dc9b490_6197 .array/port v0x63a28dc9b490, 6197;
v0x63a28dc9b490_6198 .array/port v0x63a28dc9b490, 6198;
E_0x63a28dcbf3d0/1549 .event anyedge, v0x63a28dc9b490_6195, v0x63a28dc9b490_6196, v0x63a28dc9b490_6197, v0x63a28dc9b490_6198;
v0x63a28dc9b490_6199 .array/port v0x63a28dc9b490, 6199;
v0x63a28dc9b490_6200 .array/port v0x63a28dc9b490, 6200;
v0x63a28dc9b490_6201 .array/port v0x63a28dc9b490, 6201;
v0x63a28dc9b490_6202 .array/port v0x63a28dc9b490, 6202;
E_0x63a28dcbf3d0/1550 .event anyedge, v0x63a28dc9b490_6199, v0x63a28dc9b490_6200, v0x63a28dc9b490_6201, v0x63a28dc9b490_6202;
v0x63a28dc9b490_6203 .array/port v0x63a28dc9b490, 6203;
v0x63a28dc9b490_6204 .array/port v0x63a28dc9b490, 6204;
v0x63a28dc9b490_6205 .array/port v0x63a28dc9b490, 6205;
v0x63a28dc9b490_6206 .array/port v0x63a28dc9b490, 6206;
E_0x63a28dcbf3d0/1551 .event anyedge, v0x63a28dc9b490_6203, v0x63a28dc9b490_6204, v0x63a28dc9b490_6205, v0x63a28dc9b490_6206;
v0x63a28dc9b490_6207 .array/port v0x63a28dc9b490, 6207;
v0x63a28dc9b490_6208 .array/port v0x63a28dc9b490, 6208;
v0x63a28dc9b490_6209 .array/port v0x63a28dc9b490, 6209;
v0x63a28dc9b490_6210 .array/port v0x63a28dc9b490, 6210;
E_0x63a28dcbf3d0/1552 .event anyedge, v0x63a28dc9b490_6207, v0x63a28dc9b490_6208, v0x63a28dc9b490_6209, v0x63a28dc9b490_6210;
v0x63a28dc9b490_6211 .array/port v0x63a28dc9b490, 6211;
v0x63a28dc9b490_6212 .array/port v0x63a28dc9b490, 6212;
v0x63a28dc9b490_6213 .array/port v0x63a28dc9b490, 6213;
v0x63a28dc9b490_6214 .array/port v0x63a28dc9b490, 6214;
E_0x63a28dcbf3d0/1553 .event anyedge, v0x63a28dc9b490_6211, v0x63a28dc9b490_6212, v0x63a28dc9b490_6213, v0x63a28dc9b490_6214;
v0x63a28dc9b490_6215 .array/port v0x63a28dc9b490, 6215;
v0x63a28dc9b490_6216 .array/port v0x63a28dc9b490, 6216;
v0x63a28dc9b490_6217 .array/port v0x63a28dc9b490, 6217;
v0x63a28dc9b490_6218 .array/port v0x63a28dc9b490, 6218;
E_0x63a28dcbf3d0/1554 .event anyedge, v0x63a28dc9b490_6215, v0x63a28dc9b490_6216, v0x63a28dc9b490_6217, v0x63a28dc9b490_6218;
v0x63a28dc9b490_6219 .array/port v0x63a28dc9b490, 6219;
v0x63a28dc9b490_6220 .array/port v0x63a28dc9b490, 6220;
v0x63a28dc9b490_6221 .array/port v0x63a28dc9b490, 6221;
v0x63a28dc9b490_6222 .array/port v0x63a28dc9b490, 6222;
E_0x63a28dcbf3d0/1555 .event anyedge, v0x63a28dc9b490_6219, v0x63a28dc9b490_6220, v0x63a28dc9b490_6221, v0x63a28dc9b490_6222;
v0x63a28dc9b490_6223 .array/port v0x63a28dc9b490, 6223;
v0x63a28dc9b490_6224 .array/port v0x63a28dc9b490, 6224;
v0x63a28dc9b490_6225 .array/port v0x63a28dc9b490, 6225;
v0x63a28dc9b490_6226 .array/port v0x63a28dc9b490, 6226;
E_0x63a28dcbf3d0/1556 .event anyedge, v0x63a28dc9b490_6223, v0x63a28dc9b490_6224, v0x63a28dc9b490_6225, v0x63a28dc9b490_6226;
v0x63a28dc9b490_6227 .array/port v0x63a28dc9b490, 6227;
v0x63a28dc9b490_6228 .array/port v0x63a28dc9b490, 6228;
v0x63a28dc9b490_6229 .array/port v0x63a28dc9b490, 6229;
v0x63a28dc9b490_6230 .array/port v0x63a28dc9b490, 6230;
E_0x63a28dcbf3d0/1557 .event anyedge, v0x63a28dc9b490_6227, v0x63a28dc9b490_6228, v0x63a28dc9b490_6229, v0x63a28dc9b490_6230;
v0x63a28dc9b490_6231 .array/port v0x63a28dc9b490, 6231;
v0x63a28dc9b490_6232 .array/port v0x63a28dc9b490, 6232;
v0x63a28dc9b490_6233 .array/port v0x63a28dc9b490, 6233;
v0x63a28dc9b490_6234 .array/port v0x63a28dc9b490, 6234;
E_0x63a28dcbf3d0/1558 .event anyedge, v0x63a28dc9b490_6231, v0x63a28dc9b490_6232, v0x63a28dc9b490_6233, v0x63a28dc9b490_6234;
v0x63a28dc9b490_6235 .array/port v0x63a28dc9b490, 6235;
v0x63a28dc9b490_6236 .array/port v0x63a28dc9b490, 6236;
v0x63a28dc9b490_6237 .array/port v0x63a28dc9b490, 6237;
v0x63a28dc9b490_6238 .array/port v0x63a28dc9b490, 6238;
E_0x63a28dcbf3d0/1559 .event anyedge, v0x63a28dc9b490_6235, v0x63a28dc9b490_6236, v0x63a28dc9b490_6237, v0x63a28dc9b490_6238;
v0x63a28dc9b490_6239 .array/port v0x63a28dc9b490, 6239;
v0x63a28dc9b490_6240 .array/port v0x63a28dc9b490, 6240;
v0x63a28dc9b490_6241 .array/port v0x63a28dc9b490, 6241;
v0x63a28dc9b490_6242 .array/port v0x63a28dc9b490, 6242;
E_0x63a28dcbf3d0/1560 .event anyedge, v0x63a28dc9b490_6239, v0x63a28dc9b490_6240, v0x63a28dc9b490_6241, v0x63a28dc9b490_6242;
v0x63a28dc9b490_6243 .array/port v0x63a28dc9b490, 6243;
v0x63a28dc9b490_6244 .array/port v0x63a28dc9b490, 6244;
v0x63a28dc9b490_6245 .array/port v0x63a28dc9b490, 6245;
v0x63a28dc9b490_6246 .array/port v0x63a28dc9b490, 6246;
E_0x63a28dcbf3d0/1561 .event anyedge, v0x63a28dc9b490_6243, v0x63a28dc9b490_6244, v0x63a28dc9b490_6245, v0x63a28dc9b490_6246;
v0x63a28dc9b490_6247 .array/port v0x63a28dc9b490, 6247;
v0x63a28dc9b490_6248 .array/port v0x63a28dc9b490, 6248;
v0x63a28dc9b490_6249 .array/port v0x63a28dc9b490, 6249;
v0x63a28dc9b490_6250 .array/port v0x63a28dc9b490, 6250;
E_0x63a28dcbf3d0/1562 .event anyedge, v0x63a28dc9b490_6247, v0x63a28dc9b490_6248, v0x63a28dc9b490_6249, v0x63a28dc9b490_6250;
v0x63a28dc9b490_6251 .array/port v0x63a28dc9b490, 6251;
v0x63a28dc9b490_6252 .array/port v0x63a28dc9b490, 6252;
v0x63a28dc9b490_6253 .array/port v0x63a28dc9b490, 6253;
v0x63a28dc9b490_6254 .array/port v0x63a28dc9b490, 6254;
E_0x63a28dcbf3d0/1563 .event anyedge, v0x63a28dc9b490_6251, v0x63a28dc9b490_6252, v0x63a28dc9b490_6253, v0x63a28dc9b490_6254;
v0x63a28dc9b490_6255 .array/port v0x63a28dc9b490, 6255;
v0x63a28dc9b490_6256 .array/port v0x63a28dc9b490, 6256;
v0x63a28dc9b490_6257 .array/port v0x63a28dc9b490, 6257;
v0x63a28dc9b490_6258 .array/port v0x63a28dc9b490, 6258;
E_0x63a28dcbf3d0/1564 .event anyedge, v0x63a28dc9b490_6255, v0x63a28dc9b490_6256, v0x63a28dc9b490_6257, v0x63a28dc9b490_6258;
v0x63a28dc9b490_6259 .array/port v0x63a28dc9b490, 6259;
v0x63a28dc9b490_6260 .array/port v0x63a28dc9b490, 6260;
v0x63a28dc9b490_6261 .array/port v0x63a28dc9b490, 6261;
v0x63a28dc9b490_6262 .array/port v0x63a28dc9b490, 6262;
E_0x63a28dcbf3d0/1565 .event anyedge, v0x63a28dc9b490_6259, v0x63a28dc9b490_6260, v0x63a28dc9b490_6261, v0x63a28dc9b490_6262;
v0x63a28dc9b490_6263 .array/port v0x63a28dc9b490, 6263;
v0x63a28dc9b490_6264 .array/port v0x63a28dc9b490, 6264;
v0x63a28dc9b490_6265 .array/port v0x63a28dc9b490, 6265;
v0x63a28dc9b490_6266 .array/port v0x63a28dc9b490, 6266;
E_0x63a28dcbf3d0/1566 .event anyedge, v0x63a28dc9b490_6263, v0x63a28dc9b490_6264, v0x63a28dc9b490_6265, v0x63a28dc9b490_6266;
v0x63a28dc9b490_6267 .array/port v0x63a28dc9b490, 6267;
v0x63a28dc9b490_6268 .array/port v0x63a28dc9b490, 6268;
v0x63a28dc9b490_6269 .array/port v0x63a28dc9b490, 6269;
v0x63a28dc9b490_6270 .array/port v0x63a28dc9b490, 6270;
E_0x63a28dcbf3d0/1567 .event anyedge, v0x63a28dc9b490_6267, v0x63a28dc9b490_6268, v0x63a28dc9b490_6269, v0x63a28dc9b490_6270;
v0x63a28dc9b490_6271 .array/port v0x63a28dc9b490, 6271;
v0x63a28dc9b490_6272 .array/port v0x63a28dc9b490, 6272;
v0x63a28dc9b490_6273 .array/port v0x63a28dc9b490, 6273;
v0x63a28dc9b490_6274 .array/port v0x63a28dc9b490, 6274;
E_0x63a28dcbf3d0/1568 .event anyedge, v0x63a28dc9b490_6271, v0x63a28dc9b490_6272, v0x63a28dc9b490_6273, v0x63a28dc9b490_6274;
v0x63a28dc9b490_6275 .array/port v0x63a28dc9b490, 6275;
v0x63a28dc9b490_6276 .array/port v0x63a28dc9b490, 6276;
v0x63a28dc9b490_6277 .array/port v0x63a28dc9b490, 6277;
v0x63a28dc9b490_6278 .array/port v0x63a28dc9b490, 6278;
E_0x63a28dcbf3d0/1569 .event anyedge, v0x63a28dc9b490_6275, v0x63a28dc9b490_6276, v0x63a28dc9b490_6277, v0x63a28dc9b490_6278;
v0x63a28dc9b490_6279 .array/port v0x63a28dc9b490, 6279;
v0x63a28dc9b490_6280 .array/port v0x63a28dc9b490, 6280;
v0x63a28dc9b490_6281 .array/port v0x63a28dc9b490, 6281;
v0x63a28dc9b490_6282 .array/port v0x63a28dc9b490, 6282;
E_0x63a28dcbf3d0/1570 .event anyedge, v0x63a28dc9b490_6279, v0x63a28dc9b490_6280, v0x63a28dc9b490_6281, v0x63a28dc9b490_6282;
v0x63a28dc9b490_6283 .array/port v0x63a28dc9b490, 6283;
v0x63a28dc9b490_6284 .array/port v0x63a28dc9b490, 6284;
v0x63a28dc9b490_6285 .array/port v0x63a28dc9b490, 6285;
v0x63a28dc9b490_6286 .array/port v0x63a28dc9b490, 6286;
E_0x63a28dcbf3d0/1571 .event anyedge, v0x63a28dc9b490_6283, v0x63a28dc9b490_6284, v0x63a28dc9b490_6285, v0x63a28dc9b490_6286;
v0x63a28dc9b490_6287 .array/port v0x63a28dc9b490, 6287;
v0x63a28dc9b490_6288 .array/port v0x63a28dc9b490, 6288;
v0x63a28dc9b490_6289 .array/port v0x63a28dc9b490, 6289;
v0x63a28dc9b490_6290 .array/port v0x63a28dc9b490, 6290;
E_0x63a28dcbf3d0/1572 .event anyedge, v0x63a28dc9b490_6287, v0x63a28dc9b490_6288, v0x63a28dc9b490_6289, v0x63a28dc9b490_6290;
v0x63a28dc9b490_6291 .array/port v0x63a28dc9b490, 6291;
v0x63a28dc9b490_6292 .array/port v0x63a28dc9b490, 6292;
v0x63a28dc9b490_6293 .array/port v0x63a28dc9b490, 6293;
v0x63a28dc9b490_6294 .array/port v0x63a28dc9b490, 6294;
E_0x63a28dcbf3d0/1573 .event anyedge, v0x63a28dc9b490_6291, v0x63a28dc9b490_6292, v0x63a28dc9b490_6293, v0x63a28dc9b490_6294;
v0x63a28dc9b490_6295 .array/port v0x63a28dc9b490, 6295;
v0x63a28dc9b490_6296 .array/port v0x63a28dc9b490, 6296;
v0x63a28dc9b490_6297 .array/port v0x63a28dc9b490, 6297;
v0x63a28dc9b490_6298 .array/port v0x63a28dc9b490, 6298;
E_0x63a28dcbf3d0/1574 .event anyedge, v0x63a28dc9b490_6295, v0x63a28dc9b490_6296, v0x63a28dc9b490_6297, v0x63a28dc9b490_6298;
v0x63a28dc9b490_6299 .array/port v0x63a28dc9b490, 6299;
v0x63a28dc9b490_6300 .array/port v0x63a28dc9b490, 6300;
v0x63a28dc9b490_6301 .array/port v0x63a28dc9b490, 6301;
v0x63a28dc9b490_6302 .array/port v0x63a28dc9b490, 6302;
E_0x63a28dcbf3d0/1575 .event anyedge, v0x63a28dc9b490_6299, v0x63a28dc9b490_6300, v0x63a28dc9b490_6301, v0x63a28dc9b490_6302;
v0x63a28dc9b490_6303 .array/port v0x63a28dc9b490, 6303;
v0x63a28dc9b490_6304 .array/port v0x63a28dc9b490, 6304;
v0x63a28dc9b490_6305 .array/port v0x63a28dc9b490, 6305;
v0x63a28dc9b490_6306 .array/port v0x63a28dc9b490, 6306;
E_0x63a28dcbf3d0/1576 .event anyedge, v0x63a28dc9b490_6303, v0x63a28dc9b490_6304, v0x63a28dc9b490_6305, v0x63a28dc9b490_6306;
v0x63a28dc9b490_6307 .array/port v0x63a28dc9b490, 6307;
v0x63a28dc9b490_6308 .array/port v0x63a28dc9b490, 6308;
v0x63a28dc9b490_6309 .array/port v0x63a28dc9b490, 6309;
v0x63a28dc9b490_6310 .array/port v0x63a28dc9b490, 6310;
E_0x63a28dcbf3d0/1577 .event anyedge, v0x63a28dc9b490_6307, v0x63a28dc9b490_6308, v0x63a28dc9b490_6309, v0x63a28dc9b490_6310;
v0x63a28dc9b490_6311 .array/port v0x63a28dc9b490, 6311;
v0x63a28dc9b490_6312 .array/port v0x63a28dc9b490, 6312;
v0x63a28dc9b490_6313 .array/port v0x63a28dc9b490, 6313;
v0x63a28dc9b490_6314 .array/port v0x63a28dc9b490, 6314;
E_0x63a28dcbf3d0/1578 .event anyedge, v0x63a28dc9b490_6311, v0x63a28dc9b490_6312, v0x63a28dc9b490_6313, v0x63a28dc9b490_6314;
v0x63a28dc9b490_6315 .array/port v0x63a28dc9b490, 6315;
v0x63a28dc9b490_6316 .array/port v0x63a28dc9b490, 6316;
v0x63a28dc9b490_6317 .array/port v0x63a28dc9b490, 6317;
v0x63a28dc9b490_6318 .array/port v0x63a28dc9b490, 6318;
E_0x63a28dcbf3d0/1579 .event anyedge, v0x63a28dc9b490_6315, v0x63a28dc9b490_6316, v0x63a28dc9b490_6317, v0x63a28dc9b490_6318;
v0x63a28dc9b490_6319 .array/port v0x63a28dc9b490, 6319;
v0x63a28dc9b490_6320 .array/port v0x63a28dc9b490, 6320;
v0x63a28dc9b490_6321 .array/port v0x63a28dc9b490, 6321;
v0x63a28dc9b490_6322 .array/port v0x63a28dc9b490, 6322;
E_0x63a28dcbf3d0/1580 .event anyedge, v0x63a28dc9b490_6319, v0x63a28dc9b490_6320, v0x63a28dc9b490_6321, v0x63a28dc9b490_6322;
v0x63a28dc9b490_6323 .array/port v0x63a28dc9b490, 6323;
v0x63a28dc9b490_6324 .array/port v0x63a28dc9b490, 6324;
v0x63a28dc9b490_6325 .array/port v0x63a28dc9b490, 6325;
v0x63a28dc9b490_6326 .array/port v0x63a28dc9b490, 6326;
E_0x63a28dcbf3d0/1581 .event anyedge, v0x63a28dc9b490_6323, v0x63a28dc9b490_6324, v0x63a28dc9b490_6325, v0x63a28dc9b490_6326;
v0x63a28dc9b490_6327 .array/port v0x63a28dc9b490, 6327;
v0x63a28dc9b490_6328 .array/port v0x63a28dc9b490, 6328;
v0x63a28dc9b490_6329 .array/port v0x63a28dc9b490, 6329;
v0x63a28dc9b490_6330 .array/port v0x63a28dc9b490, 6330;
E_0x63a28dcbf3d0/1582 .event anyedge, v0x63a28dc9b490_6327, v0x63a28dc9b490_6328, v0x63a28dc9b490_6329, v0x63a28dc9b490_6330;
v0x63a28dc9b490_6331 .array/port v0x63a28dc9b490, 6331;
v0x63a28dc9b490_6332 .array/port v0x63a28dc9b490, 6332;
v0x63a28dc9b490_6333 .array/port v0x63a28dc9b490, 6333;
v0x63a28dc9b490_6334 .array/port v0x63a28dc9b490, 6334;
E_0x63a28dcbf3d0/1583 .event anyedge, v0x63a28dc9b490_6331, v0x63a28dc9b490_6332, v0x63a28dc9b490_6333, v0x63a28dc9b490_6334;
v0x63a28dc9b490_6335 .array/port v0x63a28dc9b490, 6335;
v0x63a28dc9b490_6336 .array/port v0x63a28dc9b490, 6336;
v0x63a28dc9b490_6337 .array/port v0x63a28dc9b490, 6337;
v0x63a28dc9b490_6338 .array/port v0x63a28dc9b490, 6338;
E_0x63a28dcbf3d0/1584 .event anyedge, v0x63a28dc9b490_6335, v0x63a28dc9b490_6336, v0x63a28dc9b490_6337, v0x63a28dc9b490_6338;
v0x63a28dc9b490_6339 .array/port v0x63a28dc9b490, 6339;
v0x63a28dc9b490_6340 .array/port v0x63a28dc9b490, 6340;
v0x63a28dc9b490_6341 .array/port v0x63a28dc9b490, 6341;
v0x63a28dc9b490_6342 .array/port v0x63a28dc9b490, 6342;
E_0x63a28dcbf3d0/1585 .event anyedge, v0x63a28dc9b490_6339, v0x63a28dc9b490_6340, v0x63a28dc9b490_6341, v0x63a28dc9b490_6342;
v0x63a28dc9b490_6343 .array/port v0x63a28dc9b490, 6343;
v0x63a28dc9b490_6344 .array/port v0x63a28dc9b490, 6344;
v0x63a28dc9b490_6345 .array/port v0x63a28dc9b490, 6345;
v0x63a28dc9b490_6346 .array/port v0x63a28dc9b490, 6346;
E_0x63a28dcbf3d0/1586 .event anyedge, v0x63a28dc9b490_6343, v0x63a28dc9b490_6344, v0x63a28dc9b490_6345, v0x63a28dc9b490_6346;
v0x63a28dc9b490_6347 .array/port v0x63a28dc9b490, 6347;
v0x63a28dc9b490_6348 .array/port v0x63a28dc9b490, 6348;
v0x63a28dc9b490_6349 .array/port v0x63a28dc9b490, 6349;
v0x63a28dc9b490_6350 .array/port v0x63a28dc9b490, 6350;
E_0x63a28dcbf3d0/1587 .event anyedge, v0x63a28dc9b490_6347, v0x63a28dc9b490_6348, v0x63a28dc9b490_6349, v0x63a28dc9b490_6350;
v0x63a28dc9b490_6351 .array/port v0x63a28dc9b490, 6351;
v0x63a28dc9b490_6352 .array/port v0x63a28dc9b490, 6352;
v0x63a28dc9b490_6353 .array/port v0x63a28dc9b490, 6353;
v0x63a28dc9b490_6354 .array/port v0x63a28dc9b490, 6354;
E_0x63a28dcbf3d0/1588 .event anyedge, v0x63a28dc9b490_6351, v0x63a28dc9b490_6352, v0x63a28dc9b490_6353, v0x63a28dc9b490_6354;
v0x63a28dc9b490_6355 .array/port v0x63a28dc9b490, 6355;
v0x63a28dc9b490_6356 .array/port v0x63a28dc9b490, 6356;
v0x63a28dc9b490_6357 .array/port v0x63a28dc9b490, 6357;
v0x63a28dc9b490_6358 .array/port v0x63a28dc9b490, 6358;
E_0x63a28dcbf3d0/1589 .event anyedge, v0x63a28dc9b490_6355, v0x63a28dc9b490_6356, v0x63a28dc9b490_6357, v0x63a28dc9b490_6358;
v0x63a28dc9b490_6359 .array/port v0x63a28dc9b490, 6359;
v0x63a28dc9b490_6360 .array/port v0x63a28dc9b490, 6360;
v0x63a28dc9b490_6361 .array/port v0x63a28dc9b490, 6361;
v0x63a28dc9b490_6362 .array/port v0x63a28dc9b490, 6362;
E_0x63a28dcbf3d0/1590 .event anyedge, v0x63a28dc9b490_6359, v0x63a28dc9b490_6360, v0x63a28dc9b490_6361, v0x63a28dc9b490_6362;
v0x63a28dc9b490_6363 .array/port v0x63a28dc9b490, 6363;
v0x63a28dc9b490_6364 .array/port v0x63a28dc9b490, 6364;
v0x63a28dc9b490_6365 .array/port v0x63a28dc9b490, 6365;
v0x63a28dc9b490_6366 .array/port v0x63a28dc9b490, 6366;
E_0x63a28dcbf3d0/1591 .event anyedge, v0x63a28dc9b490_6363, v0x63a28dc9b490_6364, v0x63a28dc9b490_6365, v0x63a28dc9b490_6366;
v0x63a28dc9b490_6367 .array/port v0x63a28dc9b490, 6367;
v0x63a28dc9b490_6368 .array/port v0x63a28dc9b490, 6368;
v0x63a28dc9b490_6369 .array/port v0x63a28dc9b490, 6369;
v0x63a28dc9b490_6370 .array/port v0x63a28dc9b490, 6370;
E_0x63a28dcbf3d0/1592 .event anyedge, v0x63a28dc9b490_6367, v0x63a28dc9b490_6368, v0x63a28dc9b490_6369, v0x63a28dc9b490_6370;
v0x63a28dc9b490_6371 .array/port v0x63a28dc9b490, 6371;
v0x63a28dc9b490_6372 .array/port v0x63a28dc9b490, 6372;
v0x63a28dc9b490_6373 .array/port v0x63a28dc9b490, 6373;
v0x63a28dc9b490_6374 .array/port v0x63a28dc9b490, 6374;
E_0x63a28dcbf3d0/1593 .event anyedge, v0x63a28dc9b490_6371, v0x63a28dc9b490_6372, v0x63a28dc9b490_6373, v0x63a28dc9b490_6374;
v0x63a28dc9b490_6375 .array/port v0x63a28dc9b490, 6375;
v0x63a28dc9b490_6376 .array/port v0x63a28dc9b490, 6376;
v0x63a28dc9b490_6377 .array/port v0x63a28dc9b490, 6377;
v0x63a28dc9b490_6378 .array/port v0x63a28dc9b490, 6378;
E_0x63a28dcbf3d0/1594 .event anyedge, v0x63a28dc9b490_6375, v0x63a28dc9b490_6376, v0x63a28dc9b490_6377, v0x63a28dc9b490_6378;
v0x63a28dc9b490_6379 .array/port v0x63a28dc9b490, 6379;
v0x63a28dc9b490_6380 .array/port v0x63a28dc9b490, 6380;
v0x63a28dc9b490_6381 .array/port v0x63a28dc9b490, 6381;
v0x63a28dc9b490_6382 .array/port v0x63a28dc9b490, 6382;
E_0x63a28dcbf3d0/1595 .event anyedge, v0x63a28dc9b490_6379, v0x63a28dc9b490_6380, v0x63a28dc9b490_6381, v0x63a28dc9b490_6382;
v0x63a28dc9b490_6383 .array/port v0x63a28dc9b490, 6383;
v0x63a28dc9b490_6384 .array/port v0x63a28dc9b490, 6384;
v0x63a28dc9b490_6385 .array/port v0x63a28dc9b490, 6385;
v0x63a28dc9b490_6386 .array/port v0x63a28dc9b490, 6386;
E_0x63a28dcbf3d0/1596 .event anyedge, v0x63a28dc9b490_6383, v0x63a28dc9b490_6384, v0x63a28dc9b490_6385, v0x63a28dc9b490_6386;
v0x63a28dc9b490_6387 .array/port v0x63a28dc9b490, 6387;
v0x63a28dc9b490_6388 .array/port v0x63a28dc9b490, 6388;
v0x63a28dc9b490_6389 .array/port v0x63a28dc9b490, 6389;
v0x63a28dc9b490_6390 .array/port v0x63a28dc9b490, 6390;
E_0x63a28dcbf3d0/1597 .event anyedge, v0x63a28dc9b490_6387, v0x63a28dc9b490_6388, v0x63a28dc9b490_6389, v0x63a28dc9b490_6390;
v0x63a28dc9b490_6391 .array/port v0x63a28dc9b490, 6391;
v0x63a28dc9b490_6392 .array/port v0x63a28dc9b490, 6392;
v0x63a28dc9b490_6393 .array/port v0x63a28dc9b490, 6393;
v0x63a28dc9b490_6394 .array/port v0x63a28dc9b490, 6394;
E_0x63a28dcbf3d0/1598 .event anyedge, v0x63a28dc9b490_6391, v0x63a28dc9b490_6392, v0x63a28dc9b490_6393, v0x63a28dc9b490_6394;
v0x63a28dc9b490_6395 .array/port v0x63a28dc9b490, 6395;
v0x63a28dc9b490_6396 .array/port v0x63a28dc9b490, 6396;
v0x63a28dc9b490_6397 .array/port v0x63a28dc9b490, 6397;
v0x63a28dc9b490_6398 .array/port v0x63a28dc9b490, 6398;
E_0x63a28dcbf3d0/1599 .event anyedge, v0x63a28dc9b490_6395, v0x63a28dc9b490_6396, v0x63a28dc9b490_6397, v0x63a28dc9b490_6398;
v0x63a28dc9b490_6399 .array/port v0x63a28dc9b490, 6399;
v0x63a28dc9b490_6400 .array/port v0x63a28dc9b490, 6400;
v0x63a28dc9b490_6401 .array/port v0x63a28dc9b490, 6401;
v0x63a28dc9b490_6402 .array/port v0x63a28dc9b490, 6402;
E_0x63a28dcbf3d0/1600 .event anyedge, v0x63a28dc9b490_6399, v0x63a28dc9b490_6400, v0x63a28dc9b490_6401, v0x63a28dc9b490_6402;
v0x63a28dc9b490_6403 .array/port v0x63a28dc9b490, 6403;
v0x63a28dc9b490_6404 .array/port v0x63a28dc9b490, 6404;
v0x63a28dc9b490_6405 .array/port v0x63a28dc9b490, 6405;
v0x63a28dc9b490_6406 .array/port v0x63a28dc9b490, 6406;
E_0x63a28dcbf3d0/1601 .event anyedge, v0x63a28dc9b490_6403, v0x63a28dc9b490_6404, v0x63a28dc9b490_6405, v0x63a28dc9b490_6406;
v0x63a28dc9b490_6407 .array/port v0x63a28dc9b490, 6407;
v0x63a28dc9b490_6408 .array/port v0x63a28dc9b490, 6408;
v0x63a28dc9b490_6409 .array/port v0x63a28dc9b490, 6409;
v0x63a28dc9b490_6410 .array/port v0x63a28dc9b490, 6410;
E_0x63a28dcbf3d0/1602 .event anyedge, v0x63a28dc9b490_6407, v0x63a28dc9b490_6408, v0x63a28dc9b490_6409, v0x63a28dc9b490_6410;
v0x63a28dc9b490_6411 .array/port v0x63a28dc9b490, 6411;
v0x63a28dc9b490_6412 .array/port v0x63a28dc9b490, 6412;
v0x63a28dc9b490_6413 .array/port v0x63a28dc9b490, 6413;
v0x63a28dc9b490_6414 .array/port v0x63a28dc9b490, 6414;
E_0x63a28dcbf3d0/1603 .event anyedge, v0x63a28dc9b490_6411, v0x63a28dc9b490_6412, v0x63a28dc9b490_6413, v0x63a28dc9b490_6414;
v0x63a28dc9b490_6415 .array/port v0x63a28dc9b490, 6415;
v0x63a28dc9b490_6416 .array/port v0x63a28dc9b490, 6416;
v0x63a28dc9b490_6417 .array/port v0x63a28dc9b490, 6417;
v0x63a28dc9b490_6418 .array/port v0x63a28dc9b490, 6418;
E_0x63a28dcbf3d0/1604 .event anyedge, v0x63a28dc9b490_6415, v0x63a28dc9b490_6416, v0x63a28dc9b490_6417, v0x63a28dc9b490_6418;
v0x63a28dc9b490_6419 .array/port v0x63a28dc9b490, 6419;
v0x63a28dc9b490_6420 .array/port v0x63a28dc9b490, 6420;
v0x63a28dc9b490_6421 .array/port v0x63a28dc9b490, 6421;
v0x63a28dc9b490_6422 .array/port v0x63a28dc9b490, 6422;
E_0x63a28dcbf3d0/1605 .event anyedge, v0x63a28dc9b490_6419, v0x63a28dc9b490_6420, v0x63a28dc9b490_6421, v0x63a28dc9b490_6422;
v0x63a28dc9b490_6423 .array/port v0x63a28dc9b490, 6423;
v0x63a28dc9b490_6424 .array/port v0x63a28dc9b490, 6424;
v0x63a28dc9b490_6425 .array/port v0x63a28dc9b490, 6425;
v0x63a28dc9b490_6426 .array/port v0x63a28dc9b490, 6426;
E_0x63a28dcbf3d0/1606 .event anyedge, v0x63a28dc9b490_6423, v0x63a28dc9b490_6424, v0x63a28dc9b490_6425, v0x63a28dc9b490_6426;
v0x63a28dc9b490_6427 .array/port v0x63a28dc9b490, 6427;
v0x63a28dc9b490_6428 .array/port v0x63a28dc9b490, 6428;
v0x63a28dc9b490_6429 .array/port v0x63a28dc9b490, 6429;
v0x63a28dc9b490_6430 .array/port v0x63a28dc9b490, 6430;
E_0x63a28dcbf3d0/1607 .event anyedge, v0x63a28dc9b490_6427, v0x63a28dc9b490_6428, v0x63a28dc9b490_6429, v0x63a28dc9b490_6430;
v0x63a28dc9b490_6431 .array/port v0x63a28dc9b490, 6431;
v0x63a28dc9b490_6432 .array/port v0x63a28dc9b490, 6432;
v0x63a28dc9b490_6433 .array/port v0x63a28dc9b490, 6433;
v0x63a28dc9b490_6434 .array/port v0x63a28dc9b490, 6434;
E_0x63a28dcbf3d0/1608 .event anyedge, v0x63a28dc9b490_6431, v0x63a28dc9b490_6432, v0x63a28dc9b490_6433, v0x63a28dc9b490_6434;
v0x63a28dc9b490_6435 .array/port v0x63a28dc9b490, 6435;
v0x63a28dc9b490_6436 .array/port v0x63a28dc9b490, 6436;
v0x63a28dc9b490_6437 .array/port v0x63a28dc9b490, 6437;
v0x63a28dc9b490_6438 .array/port v0x63a28dc9b490, 6438;
E_0x63a28dcbf3d0/1609 .event anyedge, v0x63a28dc9b490_6435, v0x63a28dc9b490_6436, v0x63a28dc9b490_6437, v0x63a28dc9b490_6438;
v0x63a28dc9b490_6439 .array/port v0x63a28dc9b490, 6439;
v0x63a28dc9b490_6440 .array/port v0x63a28dc9b490, 6440;
v0x63a28dc9b490_6441 .array/port v0x63a28dc9b490, 6441;
v0x63a28dc9b490_6442 .array/port v0x63a28dc9b490, 6442;
E_0x63a28dcbf3d0/1610 .event anyedge, v0x63a28dc9b490_6439, v0x63a28dc9b490_6440, v0x63a28dc9b490_6441, v0x63a28dc9b490_6442;
v0x63a28dc9b490_6443 .array/port v0x63a28dc9b490, 6443;
v0x63a28dc9b490_6444 .array/port v0x63a28dc9b490, 6444;
v0x63a28dc9b490_6445 .array/port v0x63a28dc9b490, 6445;
v0x63a28dc9b490_6446 .array/port v0x63a28dc9b490, 6446;
E_0x63a28dcbf3d0/1611 .event anyedge, v0x63a28dc9b490_6443, v0x63a28dc9b490_6444, v0x63a28dc9b490_6445, v0x63a28dc9b490_6446;
v0x63a28dc9b490_6447 .array/port v0x63a28dc9b490, 6447;
v0x63a28dc9b490_6448 .array/port v0x63a28dc9b490, 6448;
v0x63a28dc9b490_6449 .array/port v0x63a28dc9b490, 6449;
v0x63a28dc9b490_6450 .array/port v0x63a28dc9b490, 6450;
E_0x63a28dcbf3d0/1612 .event anyedge, v0x63a28dc9b490_6447, v0x63a28dc9b490_6448, v0x63a28dc9b490_6449, v0x63a28dc9b490_6450;
v0x63a28dc9b490_6451 .array/port v0x63a28dc9b490, 6451;
v0x63a28dc9b490_6452 .array/port v0x63a28dc9b490, 6452;
v0x63a28dc9b490_6453 .array/port v0x63a28dc9b490, 6453;
v0x63a28dc9b490_6454 .array/port v0x63a28dc9b490, 6454;
E_0x63a28dcbf3d0/1613 .event anyedge, v0x63a28dc9b490_6451, v0x63a28dc9b490_6452, v0x63a28dc9b490_6453, v0x63a28dc9b490_6454;
v0x63a28dc9b490_6455 .array/port v0x63a28dc9b490, 6455;
v0x63a28dc9b490_6456 .array/port v0x63a28dc9b490, 6456;
v0x63a28dc9b490_6457 .array/port v0x63a28dc9b490, 6457;
v0x63a28dc9b490_6458 .array/port v0x63a28dc9b490, 6458;
E_0x63a28dcbf3d0/1614 .event anyedge, v0x63a28dc9b490_6455, v0x63a28dc9b490_6456, v0x63a28dc9b490_6457, v0x63a28dc9b490_6458;
v0x63a28dc9b490_6459 .array/port v0x63a28dc9b490, 6459;
v0x63a28dc9b490_6460 .array/port v0x63a28dc9b490, 6460;
v0x63a28dc9b490_6461 .array/port v0x63a28dc9b490, 6461;
v0x63a28dc9b490_6462 .array/port v0x63a28dc9b490, 6462;
E_0x63a28dcbf3d0/1615 .event anyedge, v0x63a28dc9b490_6459, v0x63a28dc9b490_6460, v0x63a28dc9b490_6461, v0x63a28dc9b490_6462;
v0x63a28dc9b490_6463 .array/port v0x63a28dc9b490, 6463;
v0x63a28dc9b490_6464 .array/port v0x63a28dc9b490, 6464;
v0x63a28dc9b490_6465 .array/port v0x63a28dc9b490, 6465;
v0x63a28dc9b490_6466 .array/port v0x63a28dc9b490, 6466;
E_0x63a28dcbf3d0/1616 .event anyedge, v0x63a28dc9b490_6463, v0x63a28dc9b490_6464, v0x63a28dc9b490_6465, v0x63a28dc9b490_6466;
v0x63a28dc9b490_6467 .array/port v0x63a28dc9b490, 6467;
v0x63a28dc9b490_6468 .array/port v0x63a28dc9b490, 6468;
v0x63a28dc9b490_6469 .array/port v0x63a28dc9b490, 6469;
v0x63a28dc9b490_6470 .array/port v0x63a28dc9b490, 6470;
E_0x63a28dcbf3d0/1617 .event anyedge, v0x63a28dc9b490_6467, v0x63a28dc9b490_6468, v0x63a28dc9b490_6469, v0x63a28dc9b490_6470;
v0x63a28dc9b490_6471 .array/port v0x63a28dc9b490, 6471;
v0x63a28dc9b490_6472 .array/port v0x63a28dc9b490, 6472;
v0x63a28dc9b490_6473 .array/port v0x63a28dc9b490, 6473;
v0x63a28dc9b490_6474 .array/port v0x63a28dc9b490, 6474;
E_0x63a28dcbf3d0/1618 .event anyedge, v0x63a28dc9b490_6471, v0x63a28dc9b490_6472, v0x63a28dc9b490_6473, v0x63a28dc9b490_6474;
v0x63a28dc9b490_6475 .array/port v0x63a28dc9b490, 6475;
v0x63a28dc9b490_6476 .array/port v0x63a28dc9b490, 6476;
v0x63a28dc9b490_6477 .array/port v0x63a28dc9b490, 6477;
v0x63a28dc9b490_6478 .array/port v0x63a28dc9b490, 6478;
E_0x63a28dcbf3d0/1619 .event anyedge, v0x63a28dc9b490_6475, v0x63a28dc9b490_6476, v0x63a28dc9b490_6477, v0x63a28dc9b490_6478;
v0x63a28dc9b490_6479 .array/port v0x63a28dc9b490, 6479;
v0x63a28dc9b490_6480 .array/port v0x63a28dc9b490, 6480;
v0x63a28dc9b490_6481 .array/port v0x63a28dc9b490, 6481;
v0x63a28dc9b490_6482 .array/port v0x63a28dc9b490, 6482;
E_0x63a28dcbf3d0/1620 .event anyedge, v0x63a28dc9b490_6479, v0x63a28dc9b490_6480, v0x63a28dc9b490_6481, v0x63a28dc9b490_6482;
v0x63a28dc9b490_6483 .array/port v0x63a28dc9b490, 6483;
v0x63a28dc9b490_6484 .array/port v0x63a28dc9b490, 6484;
v0x63a28dc9b490_6485 .array/port v0x63a28dc9b490, 6485;
v0x63a28dc9b490_6486 .array/port v0x63a28dc9b490, 6486;
E_0x63a28dcbf3d0/1621 .event anyedge, v0x63a28dc9b490_6483, v0x63a28dc9b490_6484, v0x63a28dc9b490_6485, v0x63a28dc9b490_6486;
v0x63a28dc9b490_6487 .array/port v0x63a28dc9b490, 6487;
v0x63a28dc9b490_6488 .array/port v0x63a28dc9b490, 6488;
v0x63a28dc9b490_6489 .array/port v0x63a28dc9b490, 6489;
v0x63a28dc9b490_6490 .array/port v0x63a28dc9b490, 6490;
E_0x63a28dcbf3d0/1622 .event anyedge, v0x63a28dc9b490_6487, v0x63a28dc9b490_6488, v0x63a28dc9b490_6489, v0x63a28dc9b490_6490;
v0x63a28dc9b490_6491 .array/port v0x63a28dc9b490, 6491;
v0x63a28dc9b490_6492 .array/port v0x63a28dc9b490, 6492;
v0x63a28dc9b490_6493 .array/port v0x63a28dc9b490, 6493;
v0x63a28dc9b490_6494 .array/port v0x63a28dc9b490, 6494;
E_0x63a28dcbf3d0/1623 .event anyedge, v0x63a28dc9b490_6491, v0x63a28dc9b490_6492, v0x63a28dc9b490_6493, v0x63a28dc9b490_6494;
v0x63a28dc9b490_6495 .array/port v0x63a28dc9b490, 6495;
v0x63a28dc9b490_6496 .array/port v0x63a28dc9b490, 6496;
v0x63a28dc9b490_6497 .array/port v0x63a28dc9b490, 6497;
v0x63a28dc9b490_6498 .array/port v0x63a28dc9b490, 6498;
E_0x63a28dcbf3d0/1624 .event anyedge, v0x63a28dc9b490_6495, v0x63a28dc9b490_6496, v0x63a28dc9b490_6497, v0x63a28dc9b490_6498;
v0x63a28dc9b490_6499 .array/port v0x63a28dc9b490, 6499;
v0x63a28dc9b490_6500 .array/port v0x63a28dc9b490, 6500;
v0x63a28dc9b490_6501 .array/port v0x63a28dc9b490, 6501;
v0x63a28dc9b490_6502 .array/port v0x63a28dc9b490, 6502;
E_0x63a28dcbf3d0/1625 .event anyedge, v0x63a28dc9b490_6499, v0x63a28dc9b490_6500, v0x63a28dc9b490_6501, v0x63a28dc9b490_6502;
v0x63a28dc9b490_6503 .array/port v0x63a28dc9b490, 6503;
v0x63a28dc9b490_6504 .array/port v0x63a28dc9b490, 6504;
v0x63a28dc9b490_6505 .array/port v0x63a28dc9b490, 6505;
v0x63a28dc9b490_6506 .array/port v0x63a28dc9b490, 6506;
E_0x63a28dcbf3d0/1626 .event anyedge, v0x63a28dc9b490_6503, v0x63a28dc9b490_6504, v0x63a28dc9b490_6505, v0x63a28dc9b490_6506;
v0x63a28dc9b490_6507 .array/port v0x63a28dc9b490, 6507;
v0x63a28dc9b490_6508 .array/port v0x63a28dc9b490, 6508;
v0x63a28dc9b490_6509 .array/port v0x63a28dc9b490, 6509;
v0x63a28dc9b490_6510 .array/port v0x63a28dc9b490, 6510;
E_0x63a28dcbf3d0/1627 .event anyedge, v0x63a28dc9b490_6507, v0x63a28dc9b490_6508, v0x63a28dc9b490_6509, v0x63a28dc9b490_6510;
v0x63a28dc9b490_6511 .array/port v0x63a28dc9b490, 6511;
v0x63a28dc9b490_6512 .array/port v0x63a28dc9b490, 6512;
v0x63a28dc9b490_6513 .array/port v0x63a28dc9b490, 6513;
v0x63a28dc9b490_6514 .array/port v0x63a28dc9b490, 6514;
E_0x63a28dcbf3d0/1628 .event anyedge, v0x63a28dc9b490_6511, v0x63a28dc9b490_6512, v0x63a28dc9b490_6513, v0x63a28dc9b490_6514;
v0x63a28dc9b490_6515 .array/port v0x63a28dc9b490, 6515;
v0x63a28dc9b490_6516 .array/port v0x63a28dc9b490, 6516;
v0x63a28dc9b490_6517 .array/port v0x63a28dc9b490, 6517;
v0x63a28dc9b490_6518 .array/port v0x63a28dc9b490, 6518;
E_0x63a28dcbf3d0/1629 .event anyedge, v0x63a28dc9b490_6515, v0x63a28dc9b490_6516, v0x63a28dc9b490_6517, v0x63a28dc9b490_6518;
v0x63a28dc9b490_6519 .array/port v0x63a28dc9b490, 6519;
v0x63a28dc9b490_6520 .array/port v0x63a28dc9b490, 6520;
v0x63a28dc9b490_6521 .array/port v0x63a28dc9b490, 6521;
v0x63a28dc9b490_6522 .array/port v0x63a28dc9b490, 6522;
E_0x63a28dcbf3d0/1630 .event anyedge, v0x63a28dc9b490_6519, v0x63a28dc9b490_6520, v0x63a28dc9b490_6521, v0x63a28dc9b490_6522;
v0x63a28dc9b490_6523 .array/port v0x63a28dc9b490, 6523;
v0x63a28dc9b490_6524 .array/port v0x63a28dc9b490, 6524;
v0x63a28dc9b490_6525 .array/port v0x63a28dc9b490, 6525;
v0x63a28dc9b490_6526 .array/port v0x63a28dc9b490, 6526;
E_0x63a28dcbf3d0/1631 .event anyedge, v0x63a28dc9b490_6523, v0x63a28dc9b490_6524, v0x63a28dc9b490_6525, v0x63a28dc9b490_6526;
v0x63a28dc9b490_6527 .array/port v0x63a28dc9b490, 6527;
v0x63a28dc9b490_6528 .array/port v0x63a28dc9b490, 6528;
v0x63a28dc9b490_6529 .array/port v0x63a28dc9b490, 6529;
v0x63a28dc9b490_6530 .array/port v0x63a28dc9b490, 6530;
E_0x63a28dcbf3d0/1632 .event anyedge, v0x63a28dc9b490_6527, v0x63a28dc9b490_6528, v0x63a28dc9b490_6529, v0x63a28dc9b490_6530;
v0x63a28dc9b490_6531 .array/port v0x63a28dc9b490, 6531;
v0x63a28dc9b490_6532 .array/port v0x63a28dc9b490, 6532;
v0x63a28dc9b490_6533 .array/port v0x63a28dc9b490, 6533;
v0x63a28dc9b490_6534 .array/port v0x63a28dc9b490, 6534;
E_0x63a28dcbf3d0/1633 .event anyedge, v0x63a28dc9b490_6531, v0x63a28dc9b490_6532, v0x63a28dc9b490_6533, v0x63a28dc9b490_6534;
v0x63a28dc9b490_6535 .array/port v0x63a28dc9b490, 6535;
v0x63a28dc9b490_6536 .array/port v0x63a28dc9b490, 6536;
v0x63a28dc9b490_6537 .array/port v0x63a28dc9b490, 6537;
v0x63a28dc9b490_6538 .array/port v0x63a28dc9b490, 6538;
E_0x63a28dcbf3d0/1634 .event anyedge, v0x63a28dc9b490_6535, v0x63a28dc9b490_6536, v0x63a28dc9b490_6537, v0x63a28dc9b490_6538;
v0x63a28dc9b490_6539 .array/port v0x63a28dc9b490, 6539;
v0x63a28dc9b490_6540 .array/port v0x63a28dc9b490, 6540;
v0x63a28dc9b490_6541 .array/port v0x63a28dc9b490, 6541;
v0x63a28dc9b490_6542 .array/port v0x63a28dc9b490, 6542;
E_0x63a28dcbf3d0/1635 .event anyedge, v0x63a28dc9b490_6539, v0x63a28dc9b490_6540, v0x63a28dc9b490_6541, v0x63a28dc9b490_6542;
v0x63a28dc9b490_6543 .array/port v0x63a28dc9b490, 6543;
v0x63a28dc9b490_6544 .array/port v0x63a28dc9b490, 6544;
v0x63a28dc9b490_6545 .array/port v0x63a28dc9b490, 6545;
v0x63a28dc9b490_6546 .array/port v0x63a28dc9b490, 6546;
E_0x63a28dcbf3d0/1636 .event anyedge, v0x63a28dc9b490_6543, v0x63a28dc9b490_6544, v0x63a28dc9b490_6545, v0x63a28dc9b490_6546;
v0x63a28dc9b490_6547 .array/port v0x63a28dc9b490, 6547;
v0x63a28dc9b490_6548 .array/port v0x63a28dc9b490, 6548;
v0x63a28dc9b490_6549 .array/port v0x63a28dc9b490, 6549;
v0x63a28dc9b490_6550 .array/port v0x63a28dc9b490, 6550;
E_0x63a28dcbf3d0/1637 .event anyedge, v0x63a28dc9b490_6547, v0x63a28dc9b490_6548, v0x63a28dc9b490_6549, v0x63a28dc9b490_6550;
v0x63a28dc9b490_6551 .array/port v0x63a28dc9b490, 6551;
v0x63a28dc9b490_6552 .array/port v0x63a28dc9b490, 6552;
v0x63a28dc9b490_6553 .array/port v0x63a28dc9b490, 6553;
v0x63a28dc9b490_6554 .array/port v0x63a28dc9b490, 6554;
E_0x63a28dcbf3d0/1638 .event anyedge, v0x63a28dc9b490_6551, v0x63a28dc9b490_6552, v0x63a28dc9b490_6553, v0x63a28dc9b490_6554;
v0x63a28dc9b490_6555 .array/port v0x63a28dc9b490, 6555;
v0x63a28dc9b490_6556 .array/port v0x63a28dc9b490, 6556;
v0x63a28dc9b490_6557 .array/port v0x63a28dc9b490, 6557;
v0x63a28dc9b490_6558 .array/port v0x63a28dc9b490, 6558;
E_0x63a28dcbf3d0/1639 .event anyedge, v0x63a28dc9b490_6555, v0x63a28dc9b490_6556, v0x63a28dc9b490_6557, v0x63a28dc9b490_6558;
v0x63a28dc9b490_6559 .array/port v0x63a28dc9b490, 6559;
v0x63a28dc9b490_6560 .array/port v0x63a28dc9b490, 6560;
v0x63a28dc9b490_6561 .array/port v0x63a28dc9b490, 6561;
v0x63a28dc9b490_6562 .array/port v0x63a28dc9b490, 6562;
E_0x63a28dcbf3d0/1640 .event anyedge, v0x63a28dc9b490_6559, v0x63a28dc9b490_6560, v0x63a28dc9b490_6561, v0x63a28dc9b490_6562;
v0x63a28dc9b490_6563 .array/port v0x63a28dc9b490, 6563;
v0x63a28dc9b490_6564 .array/port v0x63a28dc9b490, 6564;
v0x63a28dc9b490_6565 .array/port v0x63a28dc9b490, 6565;
v0x63a28dc9b490_6566 .array/port v0x63a28dc9b490, 6566;
E_0x63a28dcbf3d0/1641 .event anyedge, v0x63a28dc9b490_6563, v0x63a28dc9b490_6564, v0x63a28dc9b490_6565, v0x63a28dc9b490_6566;
v0x63a28dc9b490_6567 .array/port v0x63a28dc9b490, 6567;
v0x63a28dc9b490_6568 .array/port v0x63a28dc9b490, 6568;
v0x63a28dc9b490_6569 .array/port v0x63a28dc9b490, 6569;
v0x63a28dc9b490_6570 .array/port v0x63a28dc9b490, 6570;
E_0x63a28dcbf3d0/1642 .event anyedge, v0x63a28dc9b490_6567, v0x63a28dc9b490_6568, v0x63a28dc9b490_6569, v0x63a28dc9b490_6570;
v0x63a28dc9b490_6571 .array/port v0x63a28dc9b490, 6571;
v0x63a28dc9b490_6572 .array/port v0x63a28dc9b490, 6572;
v0x63a28dc9b490_6573 .array/port v0x63a28dc9b490, 6573;
v0x63a28dc9b490_6574 .array/port v0x63a28dc9b490, 6574;
E_0x63a28dcbf3d0/1643 .event anyedge, v0x63a28dc9b490_6571, v0x63a28dc9b490_6572, v0x63a28dc9b490_6573, v0x63a28dc9b490_6574;
v0x63a28dc9b490_6575 .array/port v0x63a28dc9b490, 6575;
v0x63a28dc9b490_6576 .array/port v0x63a28dc9b490, 6576;
v0x63a28dc9b490_6577 .array/port v0x63a28dc9b490, 6577;
v0x63a28dc9b490_6578 .array/port v0x63a28dc9b490, 6578;
E_0x63a28dcbf3d0/1644 .event anyedge, v0x63a28dc9b490_6575, v0x63a28dc9b490_6576, v0x63a28dc9b490_6577, v0x63a28dc9b490_6578;
v0x63a28dc9b490_6579 .array/port v0x63a28dc9b490, 6579;
v0x63a28dc9b490_6580 .array/port v0x63a28dc9b490, 6580;
v0x63a28dc9b490_6581 .array/port v0x63a28dc9b490, 6581;
v0x63a28dc9b490_6582 .array/port v0x63a28dc9b490, 6582;
E_0x63a28dcbf3d0/1645 .event anyedge, v0x63a28dc9b490_6579, v0x63a28dc9b490_6580, v0x63a28dc9b490_6581, v0x63a28dc9b490_6582;
v0x63a28dc9b490_6583 .array/port v0x63a28dc9b490, 6583;
v0x63a28dc9b490_6584 .array/port v0x63a28dc9b490, 6584;
v0x63a28dc9b490_6585 .array/port v0x63a28dc9b490, 6585;
v0x63a28dc9b490_6586 .array/port v0x63a28dc9b490, 6586;
E_0x63a28dcbf3d0/1646 .event anyedge, v0x63a28dc9b490_6583, v0x63a28dc9b490_6584, v0x63a28dc9b490_6585, v0x63a28dc9b490_6586;
v0x63a28dc9b490_6587 .array/port v0x63a28dc9b490, 6587;
v0x63a28dc9b490_6588 .array/port v0x63a28dc9b490, 6588;
v0x63a28dc9b490_6589 .array/port v0x63a28dc9b490, 6589;
v0x63a28dc9b490_6590 .array/port v0x63a28dc9b490, 6590;
E_0x63a28dcbf3d0/1647 .event anyedge, v0x63a28dc9b490_6587, v0x63a28dc9b490_6588, v0x63a28dc9b490_6589, v0x63a28dc9b490_6590;
v0x63a28dc9b490_6591 .array/port v0x63a28dc9b490, 6591;
v0x63a28dc9b490_6592 .array/port v0x63a28dc9b490, 6592;
v0x63a28dc9b490_6593 .array/port v0x63a28dc9b490, 6593;
v0x63a28dc9b490_6594 .array/port v0x63a28dc9b490, 6594;
E_0x63a28dcbf3d0/1648 .event anyedge, v0x63a28dc9b490_6591, v0x63a28dc9b490_6592, v0x63a28dc9b490_6593, v0x63a28dc9b490_6594;
v0x63a28dc9b490_6595 .array/port v0x63a28dc9b490, 6595;
v0x63a28dc9b490_6596 .array/port v0x63a28dc9b490, 6596;
v0x63a28dc9b490_6597 .array/port v0x63a28dc9b490, 6597;
v0x63a28dc9b490_6598 .array/port v0x63a28dc9b490, 6598;
E_0x63a28dcbf3d0/1649 .event anyedge, v0x63a28dc9b490_6595, v0x63a28dc9b490_6596, v0x63a28dc9b490_6597, v0x63a28dc9b490_6598;
v0x63a28dc9b490_6599 .array/port v0x63a28dc9b490, 6599;
v0x63a28dc9b490_6600 .array/port v0x63a28dc9b490, 6600;
v0x63a28dc9b490_6601 .array/port v0x63a28dc9b490, 6601;
v0x63a28dc9b490_6602 .array/port v0x63a28dc9b490, 6602;
E_0x63a28dcbf3d0/1650 .event anyedge, v0x63a28dc9b490_6599, v0x63a28dc9b490_6600, v0x63a28dc9b490_6601, v0x63a28dc9b490_6602;
v0x63a28dc9b490_6603 .array/port v0x63a28dc9b490, 6603;
v0x63a28dc9b490_6604 .array/port v0x63a28dc9b490, 6604;
v0x63a28dc9b490_6605 .array/port v0x63a28dc9b490, 6605;
v0x63a28dc9b490_6606 .array/port v0x63a28dc9b490, 6606;
E_0x63a28dcbf3d0/1651 .event anyedge, v0x63a28dc9b490_6603, v0x63a28dc9b490_6604, v0x63a28dc9b490_6605, v0x63a28dc9b490_6606;
v0x63a28dc9b490_6607 .array/port v0x63a28dc9b490, 6607;
v0x63a28dc9b490_6608 .array/port v0x63a28dc9b490, 6608;
v0x63a28dc9b490_6609 .array/port v0x63a28dc9b490, 6609;
v0x63a28dc9b490_6610 .array/port v0x63a28dc9b490, 6610;
E_0x63a28dcbf3d0/1652 .event anyedge, v0x63a28dc9b490_6607, v0x63a28dc9b490_6608, v0x63a28dc9b490_6609, v0x63a28dc9b490_6610;
v0x63a28dc9b490_6611 .array/port v0x63a28dc9b490, 6611;
v0x63a28dc9b490_6612 .array/port v0x63a28dc9b490, 6612;
v0x63a28dc9b490_6613 .array/port v0x63a28dc9b490, 6613;
v0x63a28dc9b490_6614 .array/port v0x63a28dc9b490, 6614;
E_0x63a28dcbf3d0/1653 .event anyedge, v0x63a28dc9b490_6611, v0x63a28dc9b490_6612, v0x63a28dc9b490_6613, v0x63a28dc9b490_6614;
v0x63a28dc9b490_6615 .array/port v0x63a28dc9b490, 6615;
v0x63a28dc9b490_6616 .array/port v0x63a28dc9b490, 6616;
v0x63a28dc9b490_6617 .array/port v0x63a28dc9b490, 6617;
v0x63a28dc9b490_6618 .array/port v0x63a28dc9b490, 6618;
E_0x63a28dcbf3d0/1654 .event anyedge, v0x63a28dc9b490_6615, v0x63a28dc9b490_6616, v0x63a28dc9b490_6617, v0x63a28dc9b490_6618;
v0x63a28dc9b490_6619 .array/port v0x63a28dc9b490, 6619;
v0x63a28dc9b490_6620 .array/port v0x63a28dc9b490, 6620;
v0x63a28dc9b490_6621 .array/port v0x63a28dc9b490, 6621;
v0x63a28dc9b490_6622 .array/port v0x63a28dc9b490, 6622;
E_0x63a28dcbf3d0/1655 .event anyedge, v0x63a28dc9b490_6619, v0x63a28dc9b490_6620, v0x63a28dc9b490_6621, v0x63a28dc9b490_6622;
v0x63a28dc9b490_6623 .array/port v0x63a28dc9b490, 6623;
v0x63a28dc9b490_6624 .array/port v0x63a28dc9b490, 6624;
v0x63a28dc9b490_6625 .array/port v0x63a28dc9b490, 6625;
v0x63a28dc9b490_6626 .array/port v0x63a28dc9b490, 6626;
E_0x63a28dcbf3d0/1656 .event anyedge, v0x63a28dc9b490_6623, v0x63a28dc9b490_6624, v0x63a28dc9b490_6625, v0x63a28dc9b490_6626;
v0x63a28dc9b490_6627 .array/port v0x63a28dc9b490, 6627;
v0x63a28dc9b490_6628 .array/port v0x63a28dc9b490, 6628;
v0x63a28dc9b490_6629 .array/port v0x63a28dc9b490, 6629;
v0x63a28dc9b490_6630 .array/port v0x63a28dc9b490, 6630;
E_0x63a28dcbf3d0/1657 .event anyedge, v0x63a28dc9b490_6627, v0x63a28dc9b490_6628, v0x63a28dc9b490_6629, v0x63a28dc9b490_6630;
v0x63a28dc9b490_6631 .array/port v0x63a28dc9b490, 6631;
v0x63a28dc9b490_6632 .array/port v0x63a28dc9b490, 6632;
v0x63a28dc9b490_6633 .array/port v0x63a28dc9b490, 6633;
v0x63a28dc9b490_6634 .array/port v0x63a28dc9b490, 6634;
E_0x63a28dcbf3d0/1658 .event anyedge, v0x63a28dc9b490_6631, v0x63a28dc9b490_6632, v0x63a28dc9b490_6633, v0x63a28dc9b490_6634;
v0x63a28dc9b490_6635 .array/port v0x63a28dc9b490, 6635;
v0x63a28dc9b490_6636 .array/port v0x63a28dc9b490, 6636;
v0x63a28dc9b490_6637 .array/port v0x63a28dc9b490, 6637;
v0x63a28dc9b490_6638 .array/port v0x63a28dc9b490, 6638;
E_0x63a28dcbf3d0/1659 .event anyedge, v0x63a28dc9b490_6635, v0x63a28dc9b490_6636, v0x63a28dc9b490_6637, v0x63a28dc9b490_6638;
v0x63a28dc9b490_6639 .array/port v0x63a28dc9b490, 6639;
v0x63a28dc9b490_6640 .array/port v0x63a28dc9b490, 6640;
v0x63a28dc9b490_6641 .array/port v0x63a28dc9b490, 6641;
v0x63a28dc9b490_6642 .array/port v0x63a28dc9b490, 6642;
E_0x63a28dcbf3d0/1660 .event anyedge, v0x63a28dc9b490_6639, v0x63a28dc9b490_6640, v0x63a28dc9b490_6641, v0x63a28dc9b490_6642;
v0x63a28dc9b490_6643 .array/port v0x63a28dc9b490, 6643;
v0x63a28dc9b490_6644 .array/port v0x63a28dc9b490, 6644;
v0x63a28dc9b490_6645 .array/port v0x63a28dc9b490, 6645;
v0x63a28dc9b490_6646 .array/port v0x63a28dc9b490, 6646;
E_0x63a28dcbf3d0/1661 .event anyedge, v0x63a28dc9b490_6643, v0x63a28dc9b490_6644, v0x63a28dc9b490_6645, v0x63a28dc9b490_6646;
v0x63a28dc9b490_6647 .array/port v0x63a28dc9b490, 6647;
v0x63a28dc9b490_6648 .array/port v0x63a28dc9b490, 6648;
v0x63a28dc9b490_6649 .array/port v0x63a28dc9b490, 6649;
v0x63a28dc9b490_6650 .array/port v0x63a28dc9b490, 6650;
E_0x63a28dcbf3d0/1662 .event anyedge, v0x63a28dc9b490_6647, v0x63a28dc9b490_6648, v0x63a28dc9b490_6649, v0x63a28dc9b490_6650;
v0x63a28dc9b490_6651 .array/port v0x63a28dc9b490, 6651;
v0x63a28dc9b490_6652 .array/port v0x63a28dc9b490, 6652;
v0x63a28dc9b490_6653 .array/port v0x63a28dc9b490, 6653;
v0x63a28dc9b490_6654 .array/port v0x63a28dc9b490, 6654;
E_0x63a28dcbf3d0/1663 .event anyedge, v0x63a28dc9b490_6651, v0x63a28dc9b490_6652, v0x63a28dc9b490_6653, v0x63a28dc9b490_6654;
v0x63a28dc9b490_6655 .array/port v0x63a28dc9b490, 6655;
v0x63a28dc9b490_6656 .array/port v0x63a28dc9b490, 6656;
v0x63a28dc9b490_6657 .array/port v0x63a28dc9b490, 6657;
v0x63a28dc9b490_6658 .array/port v0x63a28dc9b490, 6658;
E_0x63a28dcbf3d0/1664 .event anyedge, v0x63a28dc9b490_6655, v0x63a28dc9b490_6656, v0x63a28dc9b490_6657, v0x63a28dc9b490_6658;
v0x63a28dc9b490_6659 .array/port v0x63a28dc9b490, 6659;
v0x63a28dc9b490_6660 .array/port v0x63a28dc9b490, 6660;
v0x63a28dc9b490_6661 .array/port v0x63a28dc9b490, 6661;
v0x63a28dc9b490_6662 .array/port v0x63a28dc9b490, 6662;
E_0x63a28dcbf3d0/1665 .event anyedge, v0x63a28dc9b490_6659, v0x63a28dc9b490_6660, v0x63a28dc9b490_6661, v0x63a28dc9b490_6662;
v0x63a28dc9b490_6663 .array/port v0x63a28dc9b490, 6663;
v0x63a28dc9b490_6664 .array/port v0x63a28dc9b490, 6664;
v0x63a28dc9b490_6665 .array/port v0x63a28dc9b490, 6665;
v0x63a28dc9b490_6666 .array/port v0x63a28dc9b490, 6666;
E_0x63a28dcbf3d0/1666 .event anyedge, v0x63a28dc9b490_6663, v0x63a28dc9b490_6664, v0x63a28dc9b490_6665, v0x63a28dc9b490_6666;
v0x63a28dc9b490_6667 .array/port v0x63a28dc9b490, 6667;
v0x63a28dc9b490_6668 .array/port v0x63a28dc9b490, 6668;
v0x63a28dc9b490_6669 .array/port v0x63a28dc9b490, 6669;
v0x63a28dc9b490_6670 .array/port v0x63a28dc9b490, 6670;
E_0x63a28dcbf3d0/1667 .event anyedge, v0x63a28dc9b490_6667, v0x63a28dc9b490_6668, v0x63a28dc9b490_6669, v0x63a28dc9b490_6670;
v0x63a28dc9b490_6671 .array/port v0x63a28dc9b490, 6671;
v0x63a28dc9b490_6672 .array/port v0x63a28dc9b490, 6672;
v0x63a28dc9b490_6673 .array/port v0x63a28dc9b490, 6673;
v0x63a28dc9b490_6674 .array/port v0x63a28dc9b490, 6674;
E_0x63a28dcbf3d0/1668 .event anyedge, v0x63a28dc9b490_6671, v0x63a28dc9b490_6672, v0x63a28dc9b490_6673, v0x63a28dc9b490_6674;
v0x63a28dc9b490_6675 .array/port v0x63a28dc9b490, 6675;
v0x63a28dc9b490_6676 .array/port v0x63a28dc9b490, 6676;
v0x63a28dc9b490_6677 .array/port v0x63a28dc9b490, 6677;
v0x63a28dc9b490_6678 .array/port v0x63a28dc9b490, 6678;
E_0x63a28dcbf3d0/1669 .event anyedge, v0x63a28dc9b490_6675, v0x63a28dc9b490_6676, v0x63a28dc9b490_6677, v0x63a28dc9b490_6678;
v0x63a28dc9b490_6679 .array/port v0x63a28dc9b490, 6679;
v0x63a28dc9b490_6680 .array/port v0x63a28dc9b490, 6680;
v0x63a28dc9b490_6681 .array/port v0x63a28dc9b490, 6681;
v0x63a28dc9b490_6682 .array/port v0x63a28dc9b490, 6682;
E_0x63a28dcbf3d0/1670 .event anyedge, v0x63a28dc9b490_6679, v0x63a28dc9b490_6680, v0x63a28dc9b490_6681, v0x63a28dc9b490_6682;
v0x63a28dc9b490_6683 .array/port v0x63a28dc9b490, 6683;
v0x63a28dc9b490_6684 .array/port v0x63a28dc9b490, 6684;
v0x63a28dc9b490_6685 .array/port v0x63a28dc9b490, 6685;
v0x63a28dc9b490_6686 .array/port v0x63a28dc9b490, 6686;
E_0x63a28dcbf3d0/1671 .event anyedge, v0x63a28dc9b490_6683, v0x63a28dc9b490_6684, v0x63a28dc9b490_6685, v0x63a28dc9b490_6686;
v0x63a28dc9b490_6687 .array/port v0x63a28dc9b490, 6687;
v0x63a28dc9b490_6688 .array/port v0x63a28dc9b490, 6688;
v0x63a28dc9b490_6689 .array/port v0x63a28dc9b490, 6689;
v0x63a28dc9b490_6690 .array/port v0x63a28dc9b490, 6690;
E_0x63a28dcbf3d0/1672 .event anyedge, v0x63a28dc9b490_6687, v0x63a28dc9b490_6688, v0x63a28dc9b490_6689, v0x63a28dc9b490_6690;
v0x63a28dc9b490_6691 .array/port v0x63a28dc9b490, 6691;
v0x63a28dc9b490_6692 .array/port v0x63a28dc9b490, 6692;
v0x63a28dc9b490_6693 .array/port v0x63a28dc9b490, 6693;
v0x63a28dc9b490_6694 .array/port v0x63a28dc9b490, 6694;
E_0x63a28dcbf3d0/1673 .event anyedge, v0x63a28dc9b490_6691, v0x63a28dc9b490_6692, v0x63a28dc9b490_6693, v0x63a28dc9b490_6694;
v0x63a28dc9b490_6695 .array/port v0x63a28dc9b490, 6695;
v0x63a28dc9b490_6696 .array/port v0x63a28dc9b490, 6696;
v0x63a28dc9b490_6697 .array/port v0x63a28dc9b490, 6697;
v0x63a28dc9b490_6698 .array/port v0x63a28dc9b490, 6698;
E_0x63a28dcbf3d0/1674 .event anyedge, v0x63a28dc9b490_6695, v0x63a28dc9b490_6696, v0x63a28dc9b490_6697, v0x63a28dc9b490_6698;
v0x63a28dc9b490_6699 .array/port v0x63a28dc9b490, 6699;
v0x63a28dc9b490_6700 .array/port v0x63a28dc9b490, 6700;
v0x63a28dc9b490_6701 .array/port v0x63a28dc9b490, 6701;
v0x63a28dc9b490_6702 .array/port v0x63a28dc9b490, 6702;
E_0x63a28dcbf3d0/1675 .event anyedge, v0x63a28dc9b490_6699, v0x63a28dc9b490_6700, v0x63a28dc9b490_6701, v0x63a28dc9b490_6702;
v0x63a28dc9b490_6703 .array/port v0x63a28dc9b490, 6703;
v0x63a28dc9b490_6704 .array/port v0x63a28dc9b490, 6704;
v0x63a28dc9b490_6705 .array/port v0x63a28dc9b490, 6705;
v0x63a28dc9b490_6706 .array/port v0x63a28dc9b490, 6706;
E_0x63a28dcbf3d0/1676 .event anyedge, v0x63a28dc9b490_6703, v0x63a28dc9b490_6704, v0x63a28dc9b490_6705, v0x63a28dc9b490_6706;
v0x63a28dc9b490_6707 .array/port v0x63a28dc9b490, 6707;
v0x63a28dc9b490_6708 .array/port v0x63a28dc9b490, 6708;
v0x63a28dc9b490_6709 .array/port v0x63a28dc9b490, 6709;
v0x63a28dc9b490_6710 .array/port v0x63a28dc9b490, 6710;
E_0x63a28dcbf3d0/1677 .event anyedge, v0x63a28dc9b490_6707, v0x63a28dc9b490_6708, v0x63a28dc9b490_6709, v0x63a28dc9b490_6710;
v0x63a28dc9b490_6711 .array/port v0x63a28dc9b490, 6711;
v0x63a28dc9b490_6712 .array/port v0x63a28dc9b490, 6712;
v0x63a28dc9b490_6713 .array/port v0x63a28dc9b490, 6713;
v0x63a28dc9b490_6714 .array/port v0x63a28dc9b490, 6714;
E_0x63a28dcbf3d0/1678 .event anyedge, v0x63a28dc9b490_6711, v0x63a28dc9b490_6712, v0x63a28dc9b490_6713, v0x63a28dc9b490_6714;
v0x63a28dc9b490_6715 .array/port v0x63a28dc9b490, 6715;
v0x63a28dc9b490_6716 .array/port v0x63a28dc9b490, 6716;
v0x63a28dc9b490_6717 .array/port v0x63a28dc9b490, 6717;
v0x63a28dc9b490_6718 .array/port v0x63a28dc9b490, 6718;
E_0x63a28dcbf3d0/1679 .event anyedge, v0x63a28dc9b490_6715, v0x63a28dc9b490_6716, v0x63a28dc9b490_6717, v0x63a28dc9b490_6718;
v0x63a28dc9b490_6719 .array/port v0x63a28dc9b490, 6719;
v0x63a28dc9b490_6720 .array/port v0x63a28dc9b490, 6720;
v0x63a28dc9b490_6721 .array/port v0x63a28dc9b490, 6721;
v0x63a28dc9b490_6722 .array/port v0x63a28dc9b490, 6722;
E_0x63a28dcbf3d0/1680 .event anyedge, v0x63a28dc9b490_6719, v0x63a28dc9b490_6720, v0x63a28dc9b490_6721, v0x63a28dc9b490_6722;
v0x63a28dc9b490_6723 .array/port v0x63a28dc9b490, 6723;
v0x63a28dc9b490_6724 .array/port v0x63a28dc9b490, 6724;
v0x63a28dc9b490_6725 .array/port v0x63a28dc9b490, 6725;
v0x63a28dc9b490_6726 .array/port v0x63a28dc9b490, 6726;
E_0x63a28dcbf3d0/1681 .event anyedge, v0x63a28dc9b490_6723, v0x63a28dc9b490_6724, v0x63a28dc9b490_6725, v0x63a28dc9b490_6726;
v0x63a28dc9b490_6727 .array/port v0x63a28dc9b490, 6727;
v0x63a28dc9b490_6728 .array/port v0x63a28dc9b490, 6728;
v0x63a28dc9b490_6729 .array/port v0x63a28dc9b490, 6729;
v0x63a28dc9b490_6730 .array/port v0x63a28dc9b490, 6730;
E_0x63a28dcbf3d0/1682 .event anyedge, v0x63a28dc9b490_6727, v0x63a28dc9b490_6728, v0x63a28dc9b490_6729, v0x63a28dc9b490_6730;
v0x63a28dc9b490_6731 .array/port v0x63a28dc9b490, 6731;
v0x63a28dc9b490_6732 .array/port v0x63a28dc9b490, 6732;
v0x63a28dc9b490_6733 .array/port v0x63a28dc9b490, 6733;
v0x63a28dc9b490_6734 .array/port v0x63a28dc9b490, 6734;
E_0x63a28dcbf3d0/1683 .event anyedge, v0x63a28dc9b490_6731, v0x63a28dc9b490_6732, v0x63a28dc9b490_6733, v0x63a28dc9b490_6734;
v0x63a28dc9b490_6735 .array/port v0x63a28dc9b490, 6735;
v0x63a28dc9b490_6736 .array/port v0x63a28dc9b490, 6736;
v0x63a28dc9b490_6737 .array/port v0x63a28dc9b490, 6737;
v0x63a28dc9b490_6738 .array/port v0x63a28dc9b490, 6738;
E_0x63a28dcbf3d0/1684 .event anyedge, v0x63a28dc9b490_6735, v0x63a28dc9b490_6736, v0x63a28dc9b490_6737, v0x63a28dc9b490_6738;
v0x63a28dc9b490_6739 .array/port v0x63a28dc9b490, 6739;
v0x63a28dc9b490_6740 .array/port v0x63a28dc9b490, 6740;
v0x63a28dc9b490_6741 .array/port v0x63a28dc9b490, 6741;
v0x63a28dc9b490_6742 .array/port v0x63a28dc9b490, 6742;
E_0x63a28dcbf3d0/1685 .event anyedge, v0x63a28dc9b490_6739, v0x63a28dc9b490_6740, v0x63a28dc9b490_6741, v0x63a28dc9b490_6742;
v0x63a28dc9b490_6743 .array/port v0x63a28dc9b490, 6743;
v0x63a28dc9b490_6744 .array/port v0x63a28dc9b490, 6744;
v0x63a28dc9b490_6745 .array/port v0x63a28dc9b490, 6745;
v0x63a28dc9b490_6746 .array/port v0x63a28dc9b490, 6746;
E_0x63a28dcbf3d0/1686 .event anyedge, v0x63a28dc9b490_6743, v0x63a28dc9b490_6744, v0x63a28dc9b490_6745, v0x63a28dc9b490_6746;
v0x63a28dc9b490_6747 .array/port v0x63a28dc9b490, 6747;
v0x63a28dc9b490_6748 .array/port v0x63a28dc9b490, 6748;
v0x63a28dc9b490_6749 .array/port v0x63a28dc9b490, 6749;
v0x63a28dc9b490_6750 .array/port v0x63a28dc9b490, 6750;
E_0x63a28dcbf3d0/1687 .event anyedge, v0x63a28dc9b490_6747, v0x63a28dc9b490_6748, v0x63a28dc9b490_6749, v0x63a28dc9b490_6750;
v0x63a28dc9b490_6751 .array/port v0x63a28dc9b490, 6751;
v0x63a28dc9b490_6752 .array/port v0x63a28dc9b490, 6752;
v0x63a28dc9b490_6753 .array/port v0x63a28dc9b490, 6753;
v0x63a28dc9b490_6754 .array/port v0x63a28dc9b490, 6754;
E_0x63a28dcbf3d0/1688 .event anyedge, v0x63a28dc9b490_6751, v0x63a28dc9b490_6752, v0x63a28dc9b490_6753, v0x63a28dc9b490_6754;
v0x63a28dc9b490_6755 .array/port v0x63a28dc9b490, 6755;
v0x63a28dc9b490_6756 .array/port v0x63a28dc9b490, 6756;
v0x63a28dc9b490_6757 .array/port v0x63a28dc9b490, 6757;
v0x63a28dc9b490_6758 .array/port v0x63a28dc9b490, 6758;
E_0x63a28dcbf3d0/1689 .event anyedge, v0x63a28dc9b490_6755, v0x63a28dc9b490_6756, v0x63a28dc9b490_6757, v0x63a28dc9b490_6758;
v0x63a28dc9b490_6759 .array/port v0x63a28dc9b490, 6759;
v0x63a28dc9b490_6760 .array/port v0x63a28dc9b490, 6760;
v0x63a28dc9b490_6761 .array/port v0x63a28dc9b490, 6761;
v0x63a28dc9b490_6762 .array/port v0x63a28dc9b490, 6762;
E_0x63a28dcbf3d0/1690 .event anyedge, v0x63a28dc9b490_6759, v0x63a28dc9b490_6760, v0x63a28dc9b490_6761, v0x63a28dc9b490_6762;
v0x63a28dc9b490_6763 .array/port v0x63a28dc9b490, 6763;
v0x63a28dc9b490_6764 .array/port v0x63a28dc9b490, 6764;
v0x63a28dc9b490_6765 .array/port v0x63a28dc9b490, 6765;
v0x63a28dc9b490_6766 .array/port v0x63a28dc9b490, 6766;
E_0x63a28dcbf3d0/1691 .event anyedge, v0x63a28dc9b490_6763, v0x63a28dc9b490_6764, v0x63a28dc9b490_6765, v0x63a28dc9b490_6766;
v0x63a28dc9b490_6767 .array/port v0x63a28dc9b490, 6767;
v0x63a28dc9b490_6768 .array/port v0x63a28dc9b490, 6768;
v0x63a28dc9b490_6769 .array/port v0x63a28dc9b490, 6769;
v0x63a28dc9b490_6770 .array/port v0x63a28dc9b490, 6770;
E_0x63a28dcbf3d0/1692 .event anyedge, v0x63a28dc9b490_6767, v0x63a28dc9b490_6768, v0x63a28dc9b490_6769, v0x63a28dc9b490_6770;
v0x63a28dc9b490_6771 .array/port v0x63a28dc9b490, 6771;
v0x63a28dc9b490_6772 .array/port v0x63a28dc9b490, 6772;
v0x63a28dc9b490_6773 .array/port v0x63a28dc9b490, 6773;
v0x63a28dc9b490_6774 .array/port v0x63a28dc9b490, 6774;
E_0x63a28dcbf3d0/1693 .event anyedge, v0x63a28dc9b490_6771, v0x63a28dc9b490_6772, v0x63a28dc9b490_6773, v0x63a28dc9b490_6774;
v0x63a28dc9b490_6775 .array/port v0x63a28dc9b490, 6775;
v0x63a28dc9b490_6776 .array/port v0x63a28dc9b490, 6776;
v0x63a28dc9b490_6777 .array/port v0x63a28dc9b490, 6777;
v0x63a28dc9b490_6778 .array/port v0x63a28dc9b490, 6778;
E_0x63a28dcbf3d0/1694 .event anyedge, v0x63a28dc9b490_6775, v0x63a28dc9b490_6776, v0x63a28dc9b490_6777, v0x63a28dc9b490_6778;
v0x63a28dc9b490_6779 .array/port v0x63a28dc9b490, 6779;
v0x63a28dc9b490_6780 .array/port v0x63a28dc9b490, 6780;
v0x63a28dc9b490_6781 .array/port v0x63a28dc9b490, 6781;
v0x63a28dc9b490_6782 .array/port v0x63a28dc9b490, 6782;
E_0x63a28dcbf3d0/1695 .event anyedge, v0x63a28dc9b490_6779, v0x63a28dc9b490_6780, v0x63a28dc9b490_6781, v0x63a28dc9b490_6782;
v0x63a28dc9b490_6783 .array/port v0x63a28dc9b490, 6783;
v0x63a28dc9b490_6784 .array/port v0x63a28dc9b490, 6784;
v0x63a28dc9b490_6785 .array/port v0x63a28dc9b490, 6785;
v0x63a28dc9b490_6786 .array/port v0x63a28dc9b490, 6786;
E_0x63a28dcbf3d0/1696 .event anyedge, v0x63a28dc9b490_6783, v0x63a28dc9b490_6784, v0x63a28dc9b490_6785, v0x63a28dc9b490_6786;
v0x63a28dc9b490_6787 .array/port v0x63a28dc9b490, 6787;
v0x63a28dc9b490_6788 .array/port v0x63a28dc9b490, 6788;
v0x63a28dc9b490_6789 .array/port v0x63a28dc9b490, 6789;
v0x63a28dc9b490_6790 .array/port v0x63a28dc9b490, 6790;
E_0x63a28dcbf3d0/1697 .event anyedge, v0x63a28dc9b490_6787, v0x63a28dc9b490_6788, v0x63a28dc9b490_6789, v0x63a28dc9b490_6790;
v0x63a28dc9b490_6791 .array/port v0x63a28dc9b490, 6791;
v0x63a28dc9b490_6792 .array/port v0x63a28dc9b490, 6792;
v0x63a28dc9b490_6793 .array/port v0x63a28dc9b490, 6793;
v0x63a28dc9b490_6794 .array/port v0x63a28dc9b490, 6794;
E_0x63a28dcbf3d0/1698 .event anyedge, v0x63a28dc9b490_6791, v0x63a28dc9b490_6792, v0x63a28dc9b490_6793, v0x63a28dc9b490_6794;
v0x63a28dc9b490_6795 .array/port v0x63a28dc9b490, 6795;
v0x63a28dc9b490_6796 .array/port v0x63a28dc9b490, 6796;
v0x63a28dc9b490_6797 .array/port v0x63a28dc9b490, 6797;
v0x63a28dc9b490_6798 .array/port v0x63a28dc9b490, 6798;
E_0x63a28dcbf3d0/1699 .event anyedge, v0x63a28dc9b490_6795, v0x63a28dc9b490_6796, v0x63a28dc9b490_6797, v0x63a28dc9b490_6798;
v0x63a28dc9b490_6799 .array/port v0x63a28dc9b490, 6799;
v0x63a28dc9b490_6800 .array/port v0x63a28dc9b490, 6800;
v0x63a28dc9b490_6801 .array/port v0x63a28dc9b490, 6801;
v0x63a28dc9b490_6802 .array/port v0x63a28dc9b490, 6802;
E_0x63a28dcbf3d0/1700 .event anyedge, v0x63a28dc9b490_6799, v0x63a28dc9b490_6800, v0x63a28dc9b490_6801, v0x63a28dc9b490_6802;
v0x63a28dc9b490_6803 .array/port v0x63a28dc9b490, 6803;
v0x63a28dc9b490_6804 .array/port v0x63a28dc9b490, 6804;
v0x63a28dc9b490_6805 .array/port v0x63a28dc9b490, 6805;
v0x63a28dc9b490_6806 .array/port v0x63a28dc9b490, 6806;
E_0x63a28dcbf3d0/1701 .event anyedge, v0x63a28dc9b490_6803, v0x63a28dc9b490_6804, v0x63a28dc9b490_6805, v0x63a28dc9b490_6806;
v0x63a28dc9b490_6807 .array/port v0x63a28dc9b490, 6807;
v0x63a28dc9b490_6808 .array/port v0x63a28dc9b490, 6808;
v0x63a28dc9b490_6809 .array/port v0x63a28dc9b490, 6809;
v0x63a28dc9b490_6810 .array/port v0x63a28dc9b490, 6810;
E_0x63a28dcbf3d0/1702 .event anyedge, v0x63a28dc9b490_6807, v0x63a28dc9b490_6808, v0x63a28dc9b490_6809, v0x63a28dc9b490_6810;
v0x63a28dc9b490_6811 .array/port v0x63a28dc9b490, 6811;
v0x63a28dc9b490_6812 .array/port v0x63a28dc9b490, 6812;
v0x63a28dc9b490_6813 .array/port v0x63a28dc9b490, 6813;
v0x63a28dc9b490_6814 .array/port v0x63a28dc9b490, 6814;
E_0x63a28dcbf3d0/1703 .event anyedge, v0x63a28dc9b490_6811, v0x63a28dc9b490_6812, v0x63a28dc9b490_6813, v0x63a28dc9b490_6814;
v0x63a28dc9b490_6815 .array/port v0x63a28dc9b490, 6815;
v0x63a28dc9b490_6816 .array/port v0x63a28dc9b490, 6816;
v0x63a28dc9b490_6817 .array/port v0x63a28dc9b490, 6817;
v0x63a28dc9b490_6818 .array/port v0x63a28dc9b490, 6818;
E_0x63a28dcbf3d0/1704 .event anyedge, v0x63a28dc9b490_6815, v0x63a28dc9b490_6816, v0x63a28dc9b490_6817, v0x63a28dc9b490_6818;
v0x63a28dc9b490_6819 .array/port v0x63a28dc9b490, 6819;
v0x63a28dc9b490_6820 .array/port v0x63a28dc9b490, 6820;
v0x63a28dc9b490_6821 .array/port v0x63a28dc9b490, 6821;
v0x63a28dc9b490_6822 .array/port v0x63a28dc9b490, 6822;
E_0x63a28dcbf3d0/1705 .event anyedge, v0x63a28dc9b490_6819, v0x63a28dc9b490_6820, v0x63a28dc9b490_6821, v0x63a28dc9b490_6822;
v0x63a28dc9b490_6823 .array/port v0x63a28dc9b490, 6823;
v0x63a28dc9b490_6824 .array/port v0x63a28dc9b490, 6824;
v0x63a28dc9b490_6825 .array/port v0x63a28dc9b490, 6825;
v0x63a28dc9b490_6826 .array/port v0x63a28dc9b490, 6826;
E_0x63a28dcbf3d0/1706 .event anyedge, v0x63a28dc9b490_6823, v0x63a28dc9b490_6824, v0x63a28dc9b490_6825, v0x63a28dc9b490_6826;
v0x63a28dc9b490_6827 .array/port v0x63a28dc9b490, 6827;
v0x63a28dc9b490_6828 .array/port v0x63a28dc9b490, 6828;
v0x63a28dc9b490_6829 .array/port v0x63a28dc9b490, 6829;
v0x63a28dc9b490_6830 .array/port v0x63a28dc9b490, 6830;
E_0x63a28dcbf3d0/1707 .event anyedge, v0x63a28dc9b490_6827, v0x63a28dc9b490_6828, v0x63a28dc9b490_6829, v0x63a28dc9b490_6830;
v0x63a28dc9b490_6831 .array/port v0x63a28dc9b490, 6831;
v0x63a28dc9b490_6832 .array/port v0x63a28dc9b490, 6832;
v0x63a28dc9b490_6833 .array/port v0x63a28dc9b490, 6833;
v0x63a28dc9b490_6834 .array/port v0x63a28dc9b490, 6834;
E_0x63a28dcbf3d0/1708 .event anyedge, v0x63a28dc9b490_6831, v0x63a28dc9b490_6832, v0x63a28dc9b490_6833, v0x63a28dc9b490_6834;
v0x63a28dc9b490_6835 .array/port v0x63a28dc9b490, 6835;
v0x63a28dc9b490_6836 .array/port v0x63a28dc9b490, 6836;
v0x63a28dc9b490_6837 .array/port v0x63a28dc9b490, 6837;
v0x63a28dc9b490_6838 .array/port v0x63a28dc9b490, 6838;
E_0x63a28dcbf3d0/1709 .event anyedge, v0x63a28dc9b490_6835, v0x63a28dc9b490_6836, v0x63a28dc9b490_6837, v0x63a28dc9b490_6838;
v0x63a28dc9b490_6839 .array/port v0x63a28dc9b490, 6839;
v0x63a28dc9b490_6840 .array/port v0x63a28dc9b490, 6840;
v0x63a28dc9b490_6841 .array/port v0x63a28dc9b490, 6841;
v0x63a28dc9b490_6842 .array/port v0x63a28dc9b490, 6842;
E_0x63a28dcbf3d0/1710 .event anyedge, v0x63a28dc9b490_6839, v0x63a28dc9b490_6840, v0x63a28dc9b490_6841, v0x63a28dc9b490_6842;
v0x63a28dc9b490_6843 .array/port v0x63a28dc9b490, 6843;
v0x63a28dc9b490_6844 .array/port v0x63a28dc9b490, 6844;
v0x63a28dc9b490_6845 .array/port v0x63a28dc9b490, 6845;
v0x63a28dc9b490_6846 .array/port v0x63a28dc9b490, 6846;
E_0x63a28dcbf3d0/1711 .event anyedge, v0x63a28dc9b490_6843, v0x63a28dc9b490_6844, v0x63a28dc9b490_6845, v0x63a28dc9b490_6846;
v0x63a28dc9b490_6847 .array/port v0x63a28dc9b490, 6847;
v0x63a28dc9b490_6848 .array/port v0x63a28dc9b490, 6848;
v0x63a28dc9b490_6849 .array/port v0x63a28dc9b490, 6849;
v0x63a28dc9b490_6850 .array/port v0x63a28dc9b490, 6850;
E_0x63a28dcbf3d0/1712 .event anyedge, v0x63a28dc9b490_6847, v0x63a28dc9b490_6848, v0x63a28dc9b490_6849, v0x63a28dc9b490_6850;
v0x63a28dc9b490_6851 .array/port v0x63a28dc9b490, 6851;
v0x63a28dc9b490_6852 .array/port v0x63a28dc9b490, 6852;
v0x63a28dc9b490_6853 .array/port v0x63a28dc9b490, 6853;
v0x63a28dc9b490_6854 .array/port v0x63a28dc9b490, 6854;
E_0x63a28dcbf3d0/1713 .event anyedge, v0x63a28dc9b490_6851, v0x63a28dc9b490_6852, v0x63a28dc9b490_6853, v0x63a28dc9b490_6854;
v0x63a28dc9b490_6855 .array/port v0x63a28dc9b490, 6855;
v0x63a28dc9b490_6856 .array/port v0x63a28dc9b490, 6856;
v0x63a28dc9b490_6857 .array/port v0x63a28dc9b490, 6857;
v0x63a28dc9b490_6858 .array/port v0x63a28dc9b490, 6858;
E_0x63a28dcbf3d0/1714 .event anyedge, v0x63a28dc9b490_6855, v0x63a28dc9b490_6856, v0x63a28dc9b490_6857, v0x63a28dc9b490_6858;
v0x63a28dc9b490_6859 .array/port v0x63a28dc9b490, 6859;
v0x63a28dc9b490_6860 .array/port v0x63a28dc9b490, 6860;
v0x63a28dc9b490_6861 .array/port v0x63a28dc9b490, 6861;
v0x63a28dc9b490_6862 .array/port v0x63a28dc9b490, 6862;
E_0x63a28dcbf3d0/1715 .event anyedge, v0x63a28dc9b490_6859, v0x63a28dc9b490_6860, v0x63a28dc9b490_6861, v0x63a28dc9b490_6862;
v0x63a28dc9b490_6863 .array/port v0x63a28dc9b490, 6863;
v0x63a28dc9b490_6864 .array/port v0x63a28dc9b490, 6864;
v0x63a28dc9b490_6865 .array/port v0x63a28dc9b490, 6865;
v0x63a28dc9b490_6866 .array/port v0x63a28dc9b490, 6866;
E_0x63a28dcbf3d0/1716 .event anyedge, v0x63a28dc9b490_6863, v0x63a28dc9b490_6864, v0x63a28dc9b490_6865, v0x63a28dc9b490_6866;
v0x63a28dc9b490_6867 .array/port v0x63a28dc9b490, 6867;
v0x63a28dc9b490_6868 .array/port v0x63a28dc9b490, 6868;
v0x63a28dc9b490_6869 .array/port v0x63a28dc9b490, 6869;
v0x63a28dc9b490_6870 .array/port v0x63a28dc9b490, 6870;
E_0x63a28dcbf3d0/1717 .event anyedge, v0x63a28dc9b490_6867, v0x63a28dc9b490_6868, v0x63a28dc9b490_6869, v0x63a28dc9b490_6870;
v0x63a28dc9b490_6871 .array/port v0x63a28dc9b490, 6871;
v0x63a28dc9b490_6872 .array/port v0x63a28dc9b490, 6872;
v0x63a28dc9b490_6873 .array/port v0x63a28dc9b490, 6873;
v0x63a28dc9b490_6874 .array/port v0x63a28dc9b490, 6874;
E_0x63a28dcbf3d0/1718 .event anyedge, v0x63a28dc9b490_6871, v0x63a28dc9b490_6872, v0x63a28dc9b490_6873, v0x63a28dc9b490_6874;
v0x63a28dc9b490_6875 .array/port v0x63a28dc9b490, 6875;
v0x63a28dc9b490_6876 .array/port v0x63a28dc9b490, 6876;
v0x63a28dc9b490_6877 .array/port v0x63a28dc9b490, 6877;
v0x63a28dc9b490_6878 .array/port v0x63a28dc9b490, 6878;
E_0x63a28dcbf3d0/1719 .event anyedge, v0x63a28dc9b490_6875, v0x63a28dc9b490_6876, v0x63a28dc9b490_6877, v0x63a28dc9b490_6878;
v0x63a28dc9b490_6879 .array/port v0x63a28dc9b490, 6879;
v0x63a28dc9b490_6880 .array/port v0x63a28dc9b490, 6880;
v0x63a28dc9b490_6881 .array/port v0x63a28dc9b490, 6881;
v0x63a28dc9b490_6882 .array/port v0x63a28dc9b490, 6882;
E_0x63a28dcbf3d0/1720 .event anyedge, v0x63a28dc9b490_6879, v0x63a28dc9b490_6880, v0x63a28dc9b490_6881, v0x63a28dc9b490_6882;
v0x63a28dc9b490_6883 .array/port v0x63a28dc9b490, 6883;
v0x63a28dc9b490_6884 .array/port v0x63a28dc9b490, 6884;
v0x63a28dc9b490_6885 .array/port v0x63a28dc9b490, 6885;
v0x63a28dc9b490_6886 .array/port v0x63a28dc9b490, 6886;
E_0x63a28dcbf3d0/1721 .event anyedge, v0x63a28dc9b490_6883, v0x63a28dc9b490_6884, v0x63a28dc9b490_6885, v0x63a28dc9b490_6886;
v0x63a28dc9b490_6887 .array/port v0x63a28dc9b490, 6887;
v0x63a28dc9b490_6888 .array/port v0x63a28dc9b490, 6888;
v0x63a28dc9b490_6889 .array/port v0x63a28dc9b490, 6889;
v0x63a28dc9b490_6890 .array/port v0x63a28dc9b490, 6890;
E_0x63a28dcbf3d0/1722 .event anyedge, v0x63a28dc9b490_6887, v0x63a28dc9b490_6888, v0x63a28dc9b490_6889, v0x63a28dc9b490_6890;
v0x63a28dc9b490_6891 .array/port v0x63a28dc9b490, 6891;
v0x63a28dc9b490_6892 .array/port v0x63a28dc9b490, 6892;
v0x63a28dc9b490_6893 .array/port v0x63a28dc9b490, 6893;
v0x63a28dc9b490_6894 .array/port v0x63a28dc9b490, 6894;
E_0x63a28dcbf3d0/1723 .event anyedge, v0x63a28dc9b490_6891, v0x63a28dc9b490_6892, v0x63a28dc9b490_6893, v0x63a28dc9b490_6894;
v0x63a28dc9b490_6895 .array/port v0x63a28dc9b490, 6895;
v0x63a28dc9b490_6896 .array/port v0x63a28dc9b490, 6896;
v0x63a28dc9b490_6897 .array/port v0x63a28dc9b490, 6897;
v0x63a28dc9b490_6898 .array/port v0x63a28dc9b490, 6898;
E_0x63a28dcbf3d0/1724 .event anyedge, v0x63a28dc9b490_6895, v0x63a28dc9b490_6896, v0x63a28dc9b490_6897, v0x63a28dc9b490_6898;
v0x63a28dc9b490_6899 .array/port v0x63a28dc9b490, 6899;
v0x63a28dc9b490_6900 .array/port v0x63a28dc9b490, 6900;
v0x63a28dc9b490_6901 .array/port v0x63a28dc9b490, 6901;
v0x63a28dc9b490_6902 .array/port v0x63a28dc9b490, 6902;
E_0x63a28dcbf3d0/1725 .event anyedge, v0x63a28dc9b490_6899, v0x63a28dc9b490_6900, v0x63a28dc9b490_6901, v0x63a28dc9b490_6902;
v0x63a28dc9b490_6903 .array/port v0x63a28dc9b490, 6903;
v0x63a28dc9b490_6904 .array/port v0x63a28dc9b490, 6904;
v0x63a28dc9b490_6905 .array/port v0x63a28dc9b490, 6905;
v0x63a28dc9b490_6906 .array/port v0x63a28dc9b490, 6906;
E_0x63a28dcbf3d0/1726 .event anyedge, v0x63a28dc9b490_6903, v0x63a28dc9b490_6904, v0x63a28dc9b490_6905, v0x63a28dc9b490_6906;
v0x63a28dc9b490_6907 .array/port v0x63a28dc9b490, 6907;
v0x63a28dc9b490_6908 .array/port v0x63a28dc9b490, 6908;
v0x63a28dc9b490_6909 .array/port v0x63a28dc9b490, 6909;
v0x63a28dc9b490_6910 .array/port v0x63a28dc9b490, 6910;
E_0x63a28dcbf3d0/1727 .event anyedge, v0x63a28dc9b490_6907, v0x63a28dc9b490_6908, v0x63a28dc9b490_6909, v0x63a28dc9b490_6910;
v0x63a28dc9b490_6911 .array/port v0x63a28dc9b490, 6911;
v0x63a28dc9b490_6912 .array/port v0x63a28dc9b490, 6912;
v0x63a28dc9b490_6913 .array/port v0x63a28dc9b490, 6913;
v0x63a28dc9b490_6914 .array/port v0x63a28dc9b490, 6914;
E_0x63a28dcbf3d0/1728 .event anyedge, v0x63a28dc9b490_6911, v0x63a28dc9b490_6912, v0x63a28dc9b490_6913, v0x63a28dc9b490_6914;
v0x63a28dc9b490_6915 .array/port v0x63a28dc9b490, 6915;
v0x63a28dc9b490_6916 .array/port v0x63a28dc9b490, 6916;
v0x63a28dc9b490_6917 .array/port v0x63a28dc9b490, 6917;
v0x63a28dc9b490_6918 .array/port v0x63a28dc9b490, 6918;
E_0x63a28dcbf3d0/1729 .event anyedge, v0x63a28dc9b490_6915, v0x63a28dc9b490_6916, v0x63a28dc9b490_6917, v0x63a28dc9b490_6918;
v0x63a28dc9b490_6919 .array/port v0x63a28dc9b490, 6919;
v0x63a28dc9b490_6920 .array/port v0x63a28dc9b490, 6920;
v0x63a28dc9b490_6921 .array/port v0x63a28dc9b490, 6921;
v0x63a28dc9b490_6922 .array/port v0x63a28dc9b490, 6922;
E_0x63a28dcbf3d0/1730 .event anyedge, v0x63a28dc9b490_6919, v0x63a28dc9b490_6920, v0x63a28dc9b490_6921, v0x63a28dc9b490_6922;
v0x63a28dc9b490_6923 .array/port v0x63a28dc9b490, 6923;
v0x63a28dc9b490_6924 .array/port v0x63a28dc9b490, 6924;
v0x63a28dc9b490_6925 .array/port v0x63a28dc9b490, 6925;
v0x63a28dc9b490_6926 .array/port v0x63a28dc9b490, 6926;
E_0x63a28dcbf3d0/1731 .event anyedge, v0x63a28dc9b490_6923, v0x63a28dc9b490_6924, v0x63a28dc9b490_6925, v0x63a28dc9b490_6926;
v0x63a28dc9b490_6927 .array/port v0x63a28dc9b490, 6927;
v0x63a28dc9b490_6928 .array/port v0x63a28dc9b490, 6928;
v0x63a28dc9b490_6929 .array/port v0x63a28dc9b490, 6929;
v0x63a28dc9b490_6930 .array/port v0x63a28dc9b490, 6930;
E_0x63a28dcbf3d0/1732 .event anyedge, v0x63a28dc9b490_6927, v0x63a28dc9b490_6928, v0x63a28dc9b490_6929, v0x63a28dc9b490_6930;
v0x63a28dc9b490_6931 .array/port v0x63a28dc9b490, 6931;
v0x63a28dc9b490_6932 .array/port v0x63a28dc9b490, 6932;
v0x63a28dc9b490_6933 .array/port v0x63a28dc9b490, 6933;
v0x63a28dc9b490_6934 .array/port v0x63a28dc9b490, 6934;
E_0x63a28dcbf3d0/1733 .event anyedge, v0x63a28dc9b490_6931, v0x63a28dc9b490_6932, v0x63a28dc9b490_6933, v0x63a28dc9b490_6934;
v0x63a28dc9b490_6935 .array/port v0x63a28dc9b490, 6935;
v0x63a28dc9b490_6936 .array/port v0x63a28dc9b490, 6936;
v0x63a28dc9b490_6937 .array/port v0x63a28dc9b490, 6937;
v0x63a28dc9b490_6938 .array/port v0x63a28dc9b490, 6938;
E_0x63a28dcbf3d0/1734 .event anyedge, v0x63a28dc9b490_6935, v0x63a28dc9b490_6936, v0x63a28dc9b490_6937, v0x63a28dc9b490_6938;
v0x63a28dc9b490_6939 .array/port v0x63a28dc9b490, 6939;
v0x63a28dc9b490_6940 .array/port v0x63a28dc9b490, 6940;
v0x63a28dc9b490_6941 .array/port v0x63a28dc9b490, 6941;
v0x63a28dc9b490_6942 .array/port v0x63a28dc9b490, 6942;
E_0x63a28dcbf3d0/1735 .event anyedge, v0x63a28dc9b490_6939, v0x63a28dc9b490_6940, v0x63a28dc9b490_6941, v0x63a28dc9b490_6942;
v0x63a28dc9b490_6943 .array/port v0x63a28dc9b490, 6943;
v0x63a28dc9b490_6944 .array/port v0x63a28dc9b490, 6944;
v0x63a28dc9b490_6945 .array/port v0x63a28dc9b490, 6945;
v0x63a28dc9b490_6946 .array/port v0x63a28dc9b490, 6946;
E_0x63a28dcbf3d0/1736 .event anyedge, v0x63a28dc9b490_6943, v0x63a28dc9b490_6944, v0x63a28dc9b490_6945, v0x63a28dc9b490_6946;
v0x63a28dc9b490_6947 .array/port v0x63a28dc9b490, 6947;
v0x63a28dc9b490_6948 .array/port v0x63a28dc9b490, 6948;
v0x63a28dc9b490_6949 .array/port v0x63a28dc9b490, 6949;
v0x63a28dc9b490_6950 .array/port v0x63a28dc9b490, 6950;
E_0x63a28dcbf3d0/1737 .event anyedge, v0x63a28dc9b490_6947, v0x63a28dc9b490_6948, v0x63a28dc9b490_6949, v0x63a28dc9b490_6950;
v0x63a28dc9b490_6951 .array/port v0x63a28dc9b490, 6951;
v0x63a28dc9b490_6952 .array/port v0x63a28dc9b490, 6952;
v0x63a28dc9b490_6953 .array/port v0x63a28dc9b490, 6953;
v0x63a28dc9b490_6954 .array/port v0x63a28dc9b490, 6954;
E_0x63a28dcbf3d0/1738 .event anyedge, v0x63a28dc9b490_6951, v0x63a28dc9b490_6952, v0x63a28dc9b490_6953, v0x63a28dc9b490_6954;
v0x63a28dc9b490_6955 .array/port v0x63a28dc9b490, 6955;
v0x63a28dc9b490_6956 .array/port v0x63a28dc9b490, 6956;
v0x63a28dc9b490_6957 .array/port v0x63a28dc9b490, 6957;
v0x63a28dc9b490_6958 .array/port v0x63a28dc9b490, 6958;
E_0x63a28dcbf3d0/1739 .event anyedge, v0x63a28dc9b490_6955, v0x63a28dc9b490_6956, v0x63a28dc9b490_6957, v0x63a28dc9b490_6958;
v0x63a28dc9b490_6959 .array/port v0x63a28dc9b490, 6959;
v0x63a28dc9b490_6960 .array/port v0x63a28dc9b490, 6960;
v0x63a28dc9b490_6961 .array/port v0x63a28dc9b490, 6961;
v0x63a28dc9b490_6962 .array/port v0x63a28dc9b490, 6962;
E_0x63a28dcbf3d0/1740 .event anyedge, v0x63a28dc9b490_6959, v0x63a28dc9b490_6960, v0x63a28dc9b490_6961, v0x63a28dc9b490_6962;
v0x63a28dc9b490_6963 .array/port v0x63a28dc9b490, 6963;
v0x63a28dc9b490_6964 .array/port v0x63a28dc9b490, 6964;
v0x63a28dc9b490_6965 .array/port v0x63a28dc9b490, 6965;
v0x63a28dc9b490_6966 .array/port v0x63a28dc9b490, 6966;
E_0x63a28dcbf3d0/1741 .event anyedge, v0x63a28dc9b490_6963, v0x63a28dc9b490_6964, v0x63a28dc9b490_6965, v0x63a28dc9b490_6966;
v0x63a28dc9b490_6967 .array/port v0x63a28dc9b490, 6967;
v0x63a28dc9b490_6968 .array/port v0x63a28dc9b490, 6968;
v0x63a28dc9b490_6969 .array/port v0x63a28dc9b490, 6969;
v0x63a28dc9b490_6970 .array/port v0x63a28dc9b490, 6970;
E_0x63a28dcbf3d0/1742 .event anyedge, v0x63a28dc9b490_6967, v0x63a28dc9b490_6968, v0x63a28dc9b490_6969, v0x63a28dc9b490_6970;
v0x63a28dc9b490_6971 .array/port v0x63a28dc9b490, 6971;
v0x63a28dc9b490_6972 .array/port v0x63a28dc9b490, 6972;
v0x63a28dc9b490_6973 .array/port v0x63a28dc9b490, 6973;
v0x63a28dc9b490_6974 .array/port v0x63a28dc9b490, 6974;
E_0x63a28dcbf3d0/1743 .event anyedge, v0x63a28dc9b490_6971, v0x63a28dc9b490_6972, v0x63a28dc9b490_6973, v0x63a28dc9b490_6974;
v0x63a28dc9b490_6975 .array/port v0x63a28dc9b490, 6975;
v0x63a28dc9b490_6976 .array/port v0x63a28dc9b490, 6976;
v0x63a28dc9b490_6977 .array/port v0x63a28dc9b490, 6977;
v0x63a28dc9b490_6978 .array/port v0x63a28dc9b490, 6978;
E_0x63a28dcbf3d0/1744 .event anyedge, v0x63a28dc9b490_6975, v0x63a28dc9b490_6976, v0x63a28dc9b490_6977, v0x63a28dc9b490_6978;
v0x63a28dc9b490_6979 .array/port v0x63a28dc9b490, 6979;
v0x63a28dc9b490_6980 .array/port v0x63a28dc9b490, 6980;
v0x63a28dc9b490_6981 .array/port v0x63a28dc9b490, 6981;
v0x63a28dc9b490_6982 .array/port v0x63a28dc9b490, 6982;
E_0x63a28dcbf3d0/1745 .event anyedge, v0x63a28dc9b490_6979, v0x63a28dc9b490_6980, v0x63a28dc9b490_6981, v0x63a28dc9b490_6982;
v0x63a28dc9b490_6983 .array/port v0x63a28dc9b490, 6983;
v0x63a28dc9b490_6984 .array/port v0x63a28dc9b490, 6984;
v0x63a28dc9b490_6985 .array/port v0x63a28dc9b490, 6985;
v0x63a28dc9b490_6986 .array/port v0x63a28dc9b490, 6986;
E_0x63a28dcbf3d0/1746 .event anyedge, v0x63a28dc9b490_6983, v0x63a28dc9b490_6984, v0x63a28dc9b490_6985, v0x63a28dc9b490_6986;
v0x63a28dc9b490_6987 .array/port v0x63a28dc9b490, 6987;
v0x63a28dc9b490_6988 .array/port v0x63a28dc9b490, 6988;
v0x63a28dc9b490_6989 .array/port v0x63a28dc9b490, 6989;
v0x63a28dc9b490_6990 .array/port v0x63a28dc9b490, 6990;
E_0x63a28dcbf3d0/1747 .event anyedge, v0x63a28dc9b490_6987, v0x63a28dc9b490_6988, v0x63a28dc9b490_6989, v0x63a28dc9b490_6990;
v0x63a28dc9b490_6991 .array/port v0x63a28dc9b490, 6991;
v0x63a28dc9b490_6992 .array/port v0x63a28dc9b490, 6992;
v0x63a28dc9b490_6993 .array/port v0x63a28dc9b490, 6993;
v0x63a28dc9b490_6994 .array/port v0x63a28dc9b490, 6994;
E_0x63a28dcbf3d0/1748 .event anyedge, v0x63a28dc9b490_6991, v0x63a28dc9b490_6992, v0x63a28dc9b490_6993, v0x63a28dc9b490_6994;
v0x63a28dc9b490_6995 .array/port v0x63a28dc9b490, 6995;
v0x63a28dc9b490_6996 .array/port v0x63a28dc9b490, 6996;
v0x63a28dc9b490_6997 .array/port v0x63a28dc9b490, 6997;
v0x63a28dc9b490_6998 .array/port v0x63a28dc9b490, 6998;
E_0x63a28dcbf3d0/1749 .event anyedge, v0x63a28dc9b490_6995, v0x63a28dc9b490_6996, v0x63a28dc9b490_6997, v0x63a28dc9b490_6998;
v0x63a28dc9b490_6999 .array/port v0x63a28dc9b490, 6999;
v0x63a28dc9b490_7000 .array/port v0x63a28dc9b490, 7000;
v0x63a28dc9b490_7001 .array/port v0x63a28dc9b490, 7001;
v0x63a28dc9b490_7002 .array/port v0x63a28dc9b490, 7002;
E_0x63a28dcbf3d0/1750 .event anyedge, v0x63a28dc9b490_6999, v0x63a28dc9b490_7000, v0x63a28dc9b490_7001, v0x63a28dc9b490_7002;
v0x63a28dc9b490_7003 .array/port v0x63a28dc9b490, 7003;
v0x63a28dc9b490_7004 .array/port v0x63a28dc9b490, 7004;
v0x63a28dc9b490_7005 .array/port v0x63a28dc9b490, 7005;
v0x63a28dc9b490_7006 .array/port v0x63a28dc9b490, 7006;
E_0x63a28dcbf3d0/1751 .event anyedge, v0x63a28dc9b490_7003, v0x63a28dc9b490_7004, v0x63a28dc9b490_7005, v0x63a28dc9b490_7006;
v0x63a28dc9b490_7007 .array/port v0x63a28dc9b490, 7007;
v0x63a28dc9b490_7008 .array/port v0x63a28dc9b490, 7008;
v0x63a28dc9b490_7009 .array/port v0x63a28dc9b490, 7009;
v0x63a28dc9b490_7010 .array/port v0x63a28dc9b490, 7010;
E_0x63a28dcbf3d0/1752 .event anyedge, v0x63a28dc9b490_7007, v0x63a28dc9b490_7008, v0x63a28dc9b490_7009, v0x63a28dc9b490_7010;
v0x63a28dc9b490_7011 .array/port v0x63a28dc9b490, 7011;
v0x63a28dc9b490_7012 .array/port v0x63a28dc9b490, 7012;
v0x63a28dc9b490_7013 .array/port v0x63a28dc9b490, 7013;
v0x63a28dc9b490_7014 .array/port v0x63a28dc9b490, 7014;
E_0x63a28dcbf3d0/1753 .event anyedge, v0x63a28dc9b490_7011, v0x63a28dc9b490_7012, v0x63a28dc9b490_7013, v0x63a28dc9b490_7014;
v0x63a28dc9b490_7015 .array/port v0x63a28dc9b490, 7015;
v0x63a28dc9b490_7016 .array/port v0x63a28dc9b490, 7016;
v0x63a28dc9b490_7017 .array/port v0x63a28dc9b490, 7017;
v0x63a28dc9b490_7018 .array/port v0x63a28dc9b490, 7018;
E_0x63a28dcbf3d0/1754 .event anyedge, v0x63a28dc9b490_7015, v0x63a28dc9b490_7016, v0x63a28dc9b490_7017, v0x63a28dc9b490_7018;
v0x63a28dc9b490_7019 .array/port v0x63a28dc9b490, 7019;
v0x63a28dc9b490_7020 .array/port v0x63a28dc9b490, 7020;
v0x63a28dc9b490_7021 .array/port v0x63a28dc9b490, 7021;
v0x63a28dc9b490_7022 .array/port v0x63a28dc9b490, 7022;
E_0x63a28dcbf3d0/1755 .event anyedge, v0x63a28dc9b490_7019, v0x63a28dc9b490_7020, v0x63a28dc9b490_7021, v0x63a28dc9b490_7022;
v0x63a28dc9b490_7023 .array/port v0x63a28dc9b490, 7023;
v0x63a28dc9b490_7024 .array/port v0x63a28dc9b490, 7024;
v0x63a28dc9b490_7025 .array/port v0x63a28dc9b490, 7025;
v0x63a28dc9b490_7026 .array/port v0x63a28dc9b490, 7026;
E_0x63a28dcbf3d0/1756 .event anyedge, v0x63a28dc9b490_7023, v0x63a28dc9b490_7024, v0x63a28dc9b490_7025, v0x63a28dc9b490_7026;
v0x63a28dc9b490_7027 .array/port v0x63a28dc9b490, 7027;
v0x63a28dc9b490_7028 .array/port v0x63a28dc9b490, 7028;
v0x63a28dc9b490_7029 .array/port v0x63a28dc9b490, 7029;
v0x63a28dc9b490_7030 .array/port v0x63a28dc9b490, 7030;
E_0x63a28dcbf3d0/1757 .event anyedge, v0x63a28dc9b490_7027, v0x63a28dc9b490_7028, v0x63a28dc9b490_7029, v0x63a28dc9b490_7030;
v0x63a28dc9b490_7031 .array/port v0x63a28dc9b490, 7031;
v0x63a28dc9b490_7032 .array/port v0x63a28dc9b490, 7032;
v0x63a28dc9b490_7033 .array/port v0x63a28dc9b490, 7033;
v0x63a28dc9b490_7034 .array/port v0x63a28dc9b490, 7034;
E_0x63a28dcbf3d0/1758 .event anyedge, v0x63a28dc9b490_7031, v0x63a28dc9b490_7032, v0x63a28dc9b490_7033, v0x63a28dc9b490_7034;
v0x63a28dc9b490_7035 .array/port v0x63a28dc9b490, 7035;
v0x63a28dc9b490_7036 .array/port v0x63a28dc9b490, 7036;
v0x63a28dc9b490_7037 .array/port v0x63a28dc9b490, 7037;
v0x63a28dc9b490_7038 .array/port v0x63a28dc9b490, 7038;
E_0x63a28dcbf3d0/1759 .event anyedge, v0x63a28dc9b490_7035, v0x63a28dc9b490_7036, v0x63a28dc9b490_7037, v0x63a28dc9b490_7038;
v0x63a28dc9b490_7039 .array/port v0x63a28dc9b490, 7039;
v0x63a28dc9b490_7040 .array/port v0x63a28dc9b490, 7040;
v0x63a28dc9b490_7041 .array/port v0x63a28dc9b490, 7041;
v0x63a28dc9b490_7042 .array/port v0x63a28dc9b490, 7042;
E_0x63a28dcbf3d0/1760 .event anyedge, v0x63a28dc9b490_7039, v0x63a28dc9b490_7040, v0x63a28dc9b490_7041, v0x63a28dc9b490_7042;
v0x63a28dc9b490_7043 .array/port v0x63a28dc9b490, 7043;
v0x63a28dc9b490_7044 .array/port v0x63a28dc9b490, 7044;
v0x63a28dc9b490_7045 .array/port v0x63a28dc9b490, 7045;
v0x63a28dc9b490_7046 .array/port v0x63a28dc9b490, 7046;
E_0x63a28dcbf3d0/1761 .event anyedge, v0x63a28dc9b490_7043, v0x63a28dc9b490_7044, v0x63a28dc9b490_7045, v0x63a28dc9b490_7046;
v0x63a28dc9b490_7047 .array/port v0x63a28dc9b490, 7047;
v0x63a28dc9b490_7048 .array/port v0x63a28dc9b490, 7048;
v0x63a28dc9b490_7049 .array/port v0x63a28dc9b490, 7049;
v0x63a28dc9b490_7050 .array/port v0x63a28dc9b490, 7050;
E_0x63a28dcbf3d0/1762 .event anyedge, v0x63a28dc9b490_7047, v0x63a28dc9b490_7048, v0x63a28dc9b490_7049, v0x63a28dc9b490_7050;
v0x63a28dc9b490_7051 .array/port v0x63a28dc9b490, 7051;
v0x63a28dc9b490_7052 .array/port v0x63a28dc9b490, 7052;
v0x63a28dc9b490_7053 .array/port v0x63a28dc9b490, 7053;
v0x63a28dc9b490_7054 .array/port v0x63a28dc9b490, 7054;
E_0x63a28dcbf3d0/1763 .event anyedge, v0x63a28dc9b490_7051, v0x63a28dc9b490_7052, v0x63a28dc9b490_7053, v0x63a28dc9b490_7054;
v0x63a28dc9b490_7055 .array/port v0x63a28dc9b490, 7055;
v0x63a28dc9b490_7056 .array/port v0x63a28dc9b490, 7056;
v0x63a28dc9b490_7057 .array/port v0x63a28dc9b490, 7057;
v0x63a28dc9b490_7058 .array/port v0x63a28dc9b490, 7058;
E_0x63a28dcbf3d0/1764 .event anyedge, v0x63a28dc9b490_7055, v0x63a28dc9b490_7056, v0x63a28dc9b490_7057, v0x63a28dc9b490_7058;
v0x63a28dc9b490_7059 .array/port v0x63a28dc9b490, 7059;
v0x63a28dc9b490_7060 .array/port v0x63a28dc9b490, 7060;
v0x63a28dc9b490_7061 .array/port v0x63a28dc9b490, 7061;
v0x63a28dc9b490_7062 .array/port v0x63a28dc9b490, 7062;
E_0x63a28dcbf3d0/1765 .event anyedge, v0x63a28dc9b490_7059, v0x63a28dc9b490_7060, v0x63a28dc9b490_7061, v0x63a28dc9b490_7062;
v0x63a28dc9b490_7063 .array/port v0x63a28dc9b490, 7063;
v0x63a28dc9b490_7064 .array/port v0x63a28dc9b490, 7064;
v0x63a28dc9b490_7065 .array/port v0x63a28dc9b490, 7065;
v0x63a28dc9b490_7066 .array/port v0x63a28dc9b490, 7066;
E_0x63a28dcbf3d0/1766 .event anyedge, v0x63a28dc9b490_7063, v0x63a28dc9b490_7064, v0x63a28dc9b490_7065, v0x63a28dc9b490_7066;
v0x63a28dc9b490_7067 .array/port v0x63a28dc9b490, 7067;
v0x63a28dc9b490_7068 .array/port v0x63a28dc9b490, 7068;
v0x63a28dc9b490_7069 .array/port v0x63a28dc9b490, 7069;
v0x63a28dc9b490_7070 .array/port v0x63a28dc9b490, 7070;
E_0x63a28dcbf3d0/1767 .event anyedge, v0x63a28dc9b490_7067, v0x63a28dc9b490_7068, v0x63a28dc9b490_7069, v0x63a28dc9b490_7070;
v0x63a28dc9b490_7071 .array/port v0x63a28dc9b490, 7071;
v0x63a28dc9b490_7072 .array/port v0x63a28dc9b490, 7072;
v0x63a28dc9b490_7073 .array/port v0x63a28dc9b490, 7073;
v0x63a28dc9b490_7074 .array/port v0x63a28dc9b490, 7074;
E_0x63a28dcbf3d0/1768 .event anyedge, v0x63a28dc9b490_7071, v0x63a28dc9b490_7072, v0x63a28dc9b490_7073, v0x63a28dc9b490_7074;
v0x63a28dc9b490_7075 .array/port v0x63a28dc9b490, 7075;
v0x63a28dc9b490_7076 .array/port v0x63a28dc9b490, 7076;
v0x63a28dc9b490_7077 .array/port v0x63a28dc9b490, 7077;
v0x63a28dc9b490_7078 .array/port v0x63a28dc9b490, 7078;
E_0x63a28dcbf3d0/1769 .event anyedge, v0x63a28dc9b490_7075, v0x63a28dc9b490_7076, v0x63a28dc9b490_7077, v0x63a28dc9b490_7078;
v0x63a28dc9b490_7079 .array/port v0x63a28dc9b490, 7079;
v0x63a28dc9b490_7080 .array/port v0x63a28dc9b490, 7080;
v0x63a28dc9b490_7081 .array/port v0x63a28dc9b490, 7081;
v0x63a28dc9b490_7082 .array/port v0x63a28dc9b490, 7082;
E_0x63a28dcbf3d0/1770 .event anyedge, v0x63a28dc9b490_7079, v0x63a28dc9b490_7080, v0x63a28dc9b490_7081, v0x63a28dc9b490_7082;
v0x63a28dc9b490_7083 .array/port v0x63a28dc9b490, 7083;
v0x63a28dc9b490_7084 .array/port v0x63a28dc9b490, 7084;
v0x63a28dc9b490_7085 .array/port v0x63a28dc9b490, 7085;
v0x63a28dc9b490_7086 .array/port v0x63a28dc9b490, 7086;
E_0x63a28dcbf3d0/1771 .event anyedge, v0x63a28dc9b490_7083, v0x63a28dc9b490_7084, v0x63a28dc9b490_7085, v0x63a28dc9b490_7086;
v0x63a28dc9b490_7087 .array/port v0x63a28dc9b490, 7087;
v0x63a28dc9b490_7088 .array/port v0x63a28dc9b490, 7088;
v0x63a28dc9b490_7089 .array/port v0x63a28dc9b490, 7089;
v0x63a28dc9b490_7090 .array/port v0x63a28dc9b490, 7090;
E_0x63a28dcbf3d0/1772 .event anyedge, v0x63a28dc9b490_7087, v0x63a28dc9b490_7088, v0x63a28dc9b490_7089, v0x63a28dc9b490_7090;
v0x63a28dc9b490_7091 .array/port v0x63a28dc9b490, 7091;
v0x63a28dc9b490_7092 .array/port v0x63a28dc9b490, 7092;
v0x63a28dc9b490_7093 .array/port v0x63a28dc9b490, 7093;
v0x63a28dc9b490_7094 .array/port v0x63a28dc9b490, 7094;
E_0x63a28dcbf3d0/1773 .event anyedge, v0x63a28dc9b490_7091, v0x63a28dc9b490_7092, v0x63a28dc9b490_7093, v0x63a28dc9b490_7094;
v0x63a28dc9b490_7095 .array/port v0x63a28dc9b490, 7095;
v0x63a28dc9b490_7096 .array/port v0x63a28dc9b490, 7096;
v0x63a28dc9b490_7097 .array/port v0x63a28dc9b490, 7097;
v0x63a28dc9b490_7098 .array/port v0x63a28dc9b490, 7098;
E_0x63a28dcbf3d0/1774 .event anyedge, v0x63a28dc9b490_7095, v0x63a28dc9b490_7096, v0x63a28dc9b490_7097, v0x63a28dc9b490_7098;
v0x63a28dc9b490_7099 .array/port v0x63a28dc9b490, 7099;
v0x63a28dc9b490_7100 .array/port v0x63a28dc9b490, 7100;
v0x63a28dc9b490_7101 .array/port v0x63a28dc9b490, 7101;
v0x63a28dc9b490_7102 .array/port v0x63a28dc9b490, 7102;
E_0x63a28dcbf3d0/1775 .event anyedge, v0x63a28dc9b490_7099, v0x63a28dc9b490_7100, v0x63a28dc9b490_7101, v0x63a28dc9b490_7102;
v0x63a28dc9b490_7103 .array/port v0x63a28dc9b490, 7103;
v0x63a28dc9b490_7104 .array/port v0x63a28dc9b490, 7104;
v0x63a28dc9b490_7105 .array/port v0x63a28dc9b490, 7105;
v0x63a28dc9b490_7106 .array/port v0x63a28dc9b490, 7106;
E_0x63a28dcbf3d0/1776 .event anyedge, v0x63a28dc9b490_7103, v0x63a28dc9b490_7104, v0x63a28dc9b490_7105, v0x63a28dc9b490_7106;
v0x63a28dc9b490_7107 .array/port v0x63a28dc9b490, 7107;
v0x63a28dc9b490_7108 .array/port v0x63a28dc9b490, 7108;
v0x63a28dc9b490_7109 .array/port v0x63a28dc9b490, 7109;
v0x63a28dc9b490_7110 .array/port v0x63a28dc9b490, 7110;
E_0x63a28dcbf3d0/1777 .event anyedge, v0x63a28dc9b490_7107, v0x63a28dc9b490_7108, v0x63a28dc9b490_7109, v0x63a28dc9b490_7110;
v0x63a28dc9b490_7111 .array/port v0x63a28dc9b490, 7111;
v0x63a28dc9b490_7112 .array/port v0x63a28dc9b490, 7112;
v0x63a28dc9b490_7113 .array/port v0x63a28dc9b490, 7113;
v0x63a28dc9b490_7114 .array/port v0x63a28dc9b490, 7114;
E_0x63a28dcbf3d0/1778 .event anyedge, v0x63a28dc9b490_7111, v0x63a28dc9b490_7112, v0x63a28dc9b490_7113, v0x63a28dc9b490_7114;
v0x63a28dc9b490_7115 .array/port v0x63a28dc9b490, 7115;
v0x63a28dc9b490_7116 .array/port v0x63a28dc9b490, 7116;
v0x63a28dc9b490_7117 .array/port v0x63a28dc9b490, 7117;
v0x63a28dc9b490_7118 .array/port v0x63a28dc9b490, 7118;
E_0x63a28dcbf3d0/1779 .event anyedge, v0x63a28dc9b490_7115, v0x63a28dc9b490_7116, v0x63a28dc9b490_7117, v0x63a28dc9b490_7118;
v0x63a28dc9b490_7119 .array/port v0x63a28dc9b490, 7119;
v0x63a28dc9b490_7120 .array/port v0x63a28dc9b490, 7120;
v0x63a28dc9b490_7121 .array/port v0x63a28dc9b490, 7121;
v0x63a28dc9b490_7122 .array/port v0x63a28dc9b490, 7122;
E_0x63a28dcbf3d0/1780 .event anyedge, v0x63a28dc9b490_7119, v0x63a28dc9b490_7120, v0x63a28dc9b490_7121, v0x63a28dc9b490_7122;
v0x63a28dc9b490_7123 .array/port v0x63a28dc9b490, 7123;
v0x63a28dc9b490_7124 .array/port v0x63a28dc9b490, 7124;
v0x63a28dc9b490_7125 .array/port v0x63a28dc9b490, 7125;
v0x63a28dc9b490_7126 .array/port v0x63a28dc9b490, 7126;
E_0x63a28dcbf3d0/1781 .event anyedge, v0x63a28dc9b490_7123, v0x63a28dc9b490_7124, v0x63a28dc9b490_7125, v0x63a28dc9b490_7126;
v0x63a28dc9b490_7127 .array/port v0x63a28dc9b490, 7127;
v0x63a28dc9b490_7128 .array/port v0x63a28dc9b490, 7128;
v0x63a28dc9b490_7129 .array/port v0x63a28dc9b490, 7129;
v0x63a28dc9b490_7130 .array/port v0x63a28dc9b490, 7130;
E_0x63a28dcbf3d0/1782 .event anyedge, v0x63a28dc9b490_7127, v0x63a28dc9b490_7128, v0x63a28dc9b490_7129, v0x63a28dc9b490_7130;
v0x63a28dc9b490_7131 .array/port v0x63a28dc9b490, 7131;
v0x63a28dc9b490_7132 .array/port v0x63a28dc9b490, 7132;
v0x63a28dc9b490_7133 .array/port v0x63a28dc9b490, 7133;
v0x63a28dc9b490_7134 .array/port v0x63a28dc9b490, 7134;
E_0x63a28dcbf3d0/1783 .event anyedge, v0x63a28dc9b490_7131, v0x63a28dc9b490_7132, v0x63a28dc9b490_7133, v0x63a28dc9b490_7134;
v0x63a28dc9b490_7135 .array/port v0x63a28dc9b490, 7135;
v0x63a28dc9b490_7136 .array/port v0x63a28dc9b490, 7136;
v0x63a28dc9b490_7137 .array/port v0x63a28dc9b490, 7137;
v0x63a28dc9b490_7138 .array/port v0x63a28dc9b490, 7138;
E_0x63a28dcbf3d0/1784 .event anyedge, v0x63a28dc9b490_7135, v0x63a28dc9b490_7136, v0x63a28dc9b490_7137, v0x63a28dc9b490_7138;
v0x63a28dc9b490_7139 .array/port v0x63a28dc9b490, 7139;
v0x63a28dc9b490_7140 .array/port v0x63a28dc9b490, 7140;
v0x63a28dc9b490_7141 .array/port v0x63a28dc9b490, 7141;
v0x63a28dc9b490_7142 .array/port v0x63a28dc9b490, 7142;
E_0x63a28dcbf3d0/1785 .event anyedge, v0x63a28dc9b490_7139, v0x63a28dc9b490_7140, v0x63a28dc9b490_7141, v0x63a28dc9b490_7142;
v0x63a28dc9b490_7143 .array/port v0x63a28dc9b490, 7143;
v0x63a28dc9b490_7144 .array/port v0x63a28dc9b490, 7144;
v0x63a28dc9b490_7145 .array/port v0x63a28dc9b490, 7145;
v0x63a28dc9b490_7146 .array/port v0x63a28dc9b490, 7146;
E_0x63a28dcbf3d0/1786 .event anyedge, v0x63a28dc9b490_7143, v0x63a28dc9b490_7144, v0x63a28dc9b490_7145, v0x63a28dc9b490_7146;
v0x63a28dc9b490_7147 .array/port v0x63a28dc9b490, 7147;
v0x63a28dc9b490_7148 .array/port v0x63a28dc9b490, 7148;
v0x63a28dc9b490_7149 .array/port v0x63a28dc9b490, 7149;
v0x63a28dc9b490_7150 .array/port v0x63a28dc9b490, 7150;
E_0x63a28dcbf3d0/1787 .event anyedge, v0x63a28dc9b490_7147, v0x63a28dc9b490_7148, v0x63a28dc9b490_7149, v0x63a28dc9b490_7150;
v0x63a28dc9b490_7151 .array/port v0x63a28dc9b490, 7151;
v0x63a28dc9b490_7152 .array/port v0x63a28dc9b490, 7152;
v0x63a28dc9b490_7153 .array/port v0x63a28dc9b490, 7153;
v0x63a28dc9b490_7154 .array/port v0x63a28dc9b490, 7154;
E_0x63a28dcbf3d0/1788 .event anyedge, v0x63a28dc9b490_7151, v0x63a28dc9b490_7152, v0x63a28dc9b490_7153, v0x63a28dc9b490_7154;
v0x63a28dc9b490_7155 .array/port v0x63a28dc9b490, 7155;
v0x63a28dc9b490_7156 .array/port v0x63a28dc9b490, 7156;
v0x63a28dc9b490_7157 .array/port v0x63a28dc9b490, 7157;
v0x63a28dc9b490_7158 .array/port v0x63a28dc9b490, 7158;
E_0x63a28dcbf3d0/1789 .event anyedge, v0x63a28dc9b490_7155, v0x63a28dc9b490_7156, v0x63a28dc9b490_7157, v0x63a28dc9b490_7158;
v0x63a28dc9b490_7159 .array/port v0x63a28dc9b490, 7159;
v0x63a28dc9b490_7160 .array/port v0x63a28dc9b490, 7160;
v0x63a28dc9b490_7161 .array/port v0x63a28dc9b490, 7161;
v0x63a28dc9b490_7162 .array/port v0x63a28dc9b490, 7162;
E_0x63a28dcbf3d0/1790 .event anyedge, v0x63a28dc9b490_7159, v0x63a28dc9b490_7160, v0x63a28dc9b490_7161, v0x63a28dc9b490_7162;
v0x63a28dc9b490_7163 .array/port v0x63a28dc9b490, 7163;
v0x63a28dc9b490_7164 .array/port v0x63a28dc9b490, 7164;
v0x63a28dc9b490_7165 .array/port v0x63a28dc9b490, 7165;
v0x63a28dc9b490_7166 .array/port v0x63a28dc9b490, 7166;
E_0x63a28dcbf3d0/1791 .event anyedge, v0x63a28dc9b490_7163, v0x63a28dc9b490_7164, v0x63a28dc9b490_7165, v0x63a28dc9b490_7166;
v0x63a28dc9b490_7167 .array/port v0x63a28dc9b490, 7167;
v0x63a28dc9b490_7168 .array/port v0x63a28dc9b490, 7168;
v0x63a28dc9b490_7169 .array/port v0x63a28dc9b490, 7169;
v0x63a28dc9b490_7170 .array/port v0x63a28dc9b490, 7170;
E_0x63a28dcbf3d0/1792 .event anyedge, v0x63a28dc9b490_7167, v0x63a28dc9b490_7168, v0x63a28dc9b490_7169, v0x63a28dc9b490_7170;
v0x63a28dc9b490_7171 .array/port v0x63a28dc9b490, 7171;
v0x63a28dc9b490_7172 .array/port v0x63a28dc9b490, 7172;
v0x63a28dc9b490_7173 .array/port v0x63a28dc9b490, 7173;
v0x63a28dc9b490_7174 .array/port v0x63a28dc9b490, 7174;
E_0x63a28dcbf3d0/1793 .event anyedge, v0x63a28dc9b490_7171, v0x63a28dc9b490_7172, v0x63a28dc9b490_7173, v0x63a28dc9b490_7174;
v0x63a28dc9b490_7175 .array/port v0x63a28dc9b490, 7175;
v0x63a28dc9b490_7176 .array/port v0x63a28dc9b490, 7176;
v0x63a28dc9b490_7177 .array/port v0x63a28dc9b490, 7177;
v0x63a28dc9b490_7178 .array/port v0x63a28dc9b490, 7178;
E_0x63a28dcbf3d0/1794 .event anyedge, v0x63a28dc9b490_7175, v0x63a28dc9b490_7176, v0x63a28dc9b490_7177, v0x63a28dc9b490_7178;
v0x63a28dc9b490_7179 .array/port v0x63a28dc9b490, 7179;
v0x63a28dc9b490_7180 .array/port v0x63a28dc9b490, 7180;
v0x63a28dc9b490_7181 .array/port v0x63a28dc9b490, 7181;
v0x63a28dc9b490_7182 .array/port v0x63a28dc9b490, 7182;
E_0x63a28dcbf3d0/1795 .event anyedge, v0x63a28dc9b490_7179, v0x63a28dc9b490_7180, v0x63a28dc9b490_7181, v0x63a28dc9b490_7182;
v0x63a28dc9b490_7183 .array/port v0x63a28dc9b490, 7183;
v0x63a28dc9b490_7184 .array/port v0x63a28dc9b490, 7184;
v0x63a28dc9b490_7185 .array/port v0x63a28dc9b490, 7185;
v0x63a28dc9b490_7186 .array/port v0x63a28dc9b490, 7186;
E_0x63a28dcbf3d0/1796 .event anyedge, v0x63a28dc9b490_7183, v0x63a28dc9b490_7184, v0x63a28dc9b490_7185, v0x63a28dc9b490_7186;
v0x63a28dc9b490_7187 .array/port v0x63a28dc9b490, 7187;
v0x63a28dc9b490_7188 .array/port v0x63a28dc9b490, 7188;
v0x63a28dc9b490_7189 .array/port v0x63a28dc9b490, 7189;
v0x63a28dc9b490_7190 .array/port v0x63a28dc9b490, 7190;
E_0x63a28dcbf3d0/1797 .event anyedge, v0x63a28dc9b490_7187, v0x63a28dc9b490_7188, v0x63a28dc9b490_7189, v0x63a28dc9b490_7190;
v0x63a28dc9b490_7191 .array/port v0x63a28dc9b490, 7191;
v0x63a28dc9b490_7192 .array/port v0x63a28dc9b490, 7192;
v0x63a28dc9b490_7193 .array/port v0x63a28dc9b490, 7193;
v0x63a28dc9b490_7194 .array/port v0x63a28dc9b490, 7194;
E_0x63a28dcbf3d0/1798 .event anyedge, v0x63a28dc9b490_7191, v0x63a28dc9b490_7192, v0x63a28dc9b490_7193, v0x63a28dc9b490_7194;
v0x63a28dc9b490_7195 .array/port v0x63a28dc9b490, 7195;
v0x63a28dc9b490_7196 .array/port v0x63a28dc9b490, 7196;
v0x63a28dc9b490_7197 .array/port v0x63a28dc9b490, 7197;
v0x63a28dc9b490_7198 .array/port v0x63a28dc9b490, 7198;
E_0x63a28dcbf3d0/1799 .event anyedge, v0x63a28dc9b490_7195, v0x63a28dc9b490_7196, v0x63a28dc9b490_7197, v0x63a28dc9b490_7198;
v0x63a28dc9b490_7199 .array/port v0x63a28dc9b490, 7199;
v0x63a28dc9b490_7200 .array/port v0x63a28dc9b490, 7200;
v0x63a28dc9b490_7201 .array/port v0x63a28dc9b490, 7201;
v0x63a28dc9b490_7202 .array/port v0x63a28dc9b490, 7202;
E_0x63a28dcbf3d0/1800 .event anyedge, v0x63a28dc9b490_7199, v0x63a28dc9b490_7200, v0x63a28dc9b490_7201, v0x63a28dc9b490_7202;
v0x63a28dc9b490_7203 .array/port v0x63a28dc9b490, 7203;
v0x63a28dc9b490_7204 .array/port v0x63a28dc9b490, 7204;
v0x63a28dc9b490_7205 .array/port v0x63a28dc9b490, 7205;
v0x63a28dc9b490_7206 .array/port v0x63a28dc9b490, 7206;
E_0x63a28dcbf3d0/1801 .event anyedge, v0x63a28dc9b490_7203, v0x63a28dc9b490_7204, v0x63a28dc9b490_7205, v0x63a28dc9b490_7206;
v0x63a28dc9b490_7207 .array/port v0x63a28dc9b490, 7207;
v0x63a28dc9b490_7208 .array/port v0x63a28dc9b490, 7208;
v0x63a28dc9b490_7209 .array/port v0x63a28dc9b490, 7209;
v0x63a28dc9b490_7210 .array/port v0x63a28dc9b490, 7210;
E_0x63a28dcbf3d0/1802 .event anyedge, v0x63a28dc9b490_7207, v0x63a28dc9b490_7208, v0x63a28dc9b490_7209, v0x63a28dc9b490_7210;
v0x63a28dc9b490_7211 .array/port v0x63a28dc9b490, 7211;
v0x63a28dc9b490_7212 .array/port v0x63a28dc9b490, 7212;
v0x63a28dc9b490_7213 .array/port v0x63a28dc9b490, 7213;
v0x63a28dc9b490_7214 .array/port v0x63a28dc9b490, 7214;
E_0x63a28dcbf3d0/1803 .event anyedge, v0x63a28dc9b490_7211, v0x63a28dc9b490_7212, v0x63a28dc9b490_7213, v0x63a28dc9b490_7214;
v0x63a28dc9b490_7215 .array/port v0x63a28dc9b490, 7215;
v0x63a28dc9b490_7216 .array/port v0x63a28dc9b490, 7216;
v0x63a28dc9b490_7217 .array/port v0x63a28dc9b490, 7217;
v0x63a28dc9b490_7218 .array/port v0x63a28dc9b490, 7218;
E_0x63a28dcbf3d0/1804 .event anyedge, v0x63a28dc9b490_7215, v0x63a28dc9b490_7216, v0x63a28dc9b490_7217, v0x63a28dc9b490_7218;
v0x63a28dc9b490_7219 .array/port v0x63a28dc9b490, 7219;
v0x63a28dc9b490_7220 .array/port v0x63a28dc9b490, 7220;
v0x63a28dc9b490_7221 .array/port v0x63a28dc9b490, 7221;
v0x63a28dc9b490_7222 .array/port v0x63a28dc9b490, 7222;
E_0x63a28dcbf3d0/1805 .event anyedge, v0x63a28dc9b490_7219, v0x63a28dc9b490_7220, v0x63a28dc9b490_7221, v0x63a28dc9b490_7222;
v0x63a28dc9b490_7223 .array/port v0x63a28dc9b490, 7223;
v0x63a28dc9b490_7224 .array/port v0x63a28dc9b490, 7224;
v0x63a28dc9b490_7225 .array/port v0x63a28dc9b490, 7225;
v0x63a28dc9b490_7226 .array/port v0x63a28dc9b490, 7226;
E_0x63a28dcbf3d0/1806 .event anyedge, v0x63a28dc9b490_7223, v0x63a28dc9b490_7224, v0x63a28dc9b490_7225, v0x63a28dc9b490_7226;
v0x63a28dc9b490_7227 .array/port v0x63a28dc9b490, 7227;
v0x63a28dc9b490_7228 .array/port v0x63a28dc9b490, 7228;
v0x63a28dc9b490_7229 .array/port v0x63a28dc9b490, 7229;
v0x63a28dc9b490_7230 .array/port v0x63a28dc9b490, 7230;
E_0x63a28dcbf3d0/1807 .event anyedge, v0x63a28dc9b490_7227, v0x63a28dc9b490_7228, v0x63a28dc9b490_7229, v0x63a28dc9b490_7230;
v0x63a28dc9b490_7231 .array/port v0x63a28dc9b490, 7231;
v0x63a28dc9b490_7232 .array/port v0x63a28dc9b490, 7232;
v0x63a28dc9b490_7233 .array/port v0x63a28dc9b490, 7233;
v0x63a28dc9b490_7234 .array/port v0x63a28dc9b490, 7234;
E_0x63a28dcbf3d0/1808 .event anyedge, v0x63a28dc9b490_7231, v0x63a28dc9b490_7232, v0x63a28dc9b490_7233, v0x63a28dc9b490_7234;
v0x63a28dc9b490_7235 .array/port v0x63a28dc9b490, 7235;
v0x63a28dc9b490_7236 .array/port v0x63a28dc9b490, 7236;
v0x63a28dc9b490_7237 .array/port v0x63a28dc9b490, 7237;
v0x63a28dc9b490_7238 .array/port v0x63a28dc9b490, 7238;
E_0x63a28dcbf3d0/1809 .event anyedge, v0x63a28dc9b490_7235, v0x63a28dc9b490_7236, v0x63a28dc9b490_7237, v0x63a28dc9b490_7238;
v0x63a28dc9b490_7239 .array/port v0x63a28dc9b490, 7239;
v0x63a28dc9b490_7240 .array/port v0x63a28dc9b490, 7240;
v0x63a28dc9b490_7241 .array/port v0x63a28dc9b490, 7241;
v0x63a28dc9b490_7242 .array/port v0x63a28dc9b490, 7242;
E_0x63a28dcbf3d0/1810 .event anyedge, v0x63a28dc9b490_7239, v0x63a28dc9b490_7240, v0x63a28dc9b490_7241, v0x63a28dc9b490_7242;
v0x63a28dc9b490_7243 .array/port v0x63a28dc9b490, 7243;
v0x63a28dc9b490_7244 .array/port v0x63a28dc9b490, 7244;
v0x63a28dc9b490_7245 .array/port v0x63a28dc9b490, 7245;
v0x63a28dc9b490_7246 .array/port v0x63a28dc9b490, 7246;
E_0x63a28dcbf3d0/1811 .event anyedge, v0x63a28dc9b490_7243, v0x63a28dc9b490_7244, v0x63a28dc9b490_7245, v0x63a28dc9b490_7246;
v0x63a28dc9b490_7247 .array/port v0x63a28dc9b490, 7247;
v0x63a28dc9b490_7248 .array/port v0x63a28dc9b490, 7248;
v0x63a28dc9b490_7249 .array/port v0x63a28dc9b490, 7249;
v0x63a28dc9b490_7250 .array/port v0x63a28dc9b490, 7250;
E_0x63a28dcbf3d0/1812 .event anyedge, v0x63a28dc9b490_7247, v0x63a28dc9b490_7248, v0x63a28dc9b490_7249, v0x63a28dc9b490_7250;
v0x63a28dc9b490_7251 .array/port v0x63a28dc9b490, 7251;
v0x63a28dc9b490_7252 .array/port v0x63a28dc9b490, 7252;
v0x63a28dc9b490_7253 .array/port v0x63a28dc9b490, 7253;
v0x63a28dc9b490_7254 .array/port v0x63a28dc9b490, 7254;
E_0x63a28dcbf3d0/1813 .event anyedge, v0x63a28dc9b490_7251, v0x63a28dc9b490_7252, v0x63a28dc9b490_7253, v0x63a28dc9b490_7254;
v0x63a28dc9b490_7255 .array/port v0x63a28dc9b490, 7255;
v0x63a28dc9b490_7256 .array/port v0x63a28dc9b490, 7256;
v0x63a28dc9b490_7257 .array/port v0x63a28dc9b490, 7257;
v0x63a28dc9b490_7258 .array/port v0x63a28dc9b490, 7258;
E_0x63a28dcbf3d0/1814 .event anyedge, v0x63a28dc9b490_7255, v0x63a28dc9b490_7256, v0x63a28dc9b490_7257, v0x63a28dc9b490_7258;
v0x63a28dc9b490_7259 .array/port v0x63a28dc9b490, 7259;
v0x63a28dc9b490_7260 .array/port v0x63a28dc9b490, 7260;
v0x63a28dc9b490_7261 .array/port v0x63a28dc9b490, 7261;
v0x63a28dc9b490_7262 .array/port v0x63a28dc9b490, 7262;
E_0x63a28dcbf3d0/1815 .event anyedge, v0x63a28dc9b490_7259, v0x63a28dc9b490_7260, v0x63a28dc9b490_7261, v0x63a28dc9b490_7262;
v0x63a28dc9b490_7263 .array/port v0x63a28dc9b490, 7263;
v0x63a28dc9b490_7264 .array/port v0x63a28dc9b490, 7264;
v0x63a28dc9b490_7265 .array/port v0x63a28dc9b490, 7265;
v0x63a28dc9b490_7266 .array/port v0x63a28dc9b490, 7266;
E_0x63a28dcbf3d0/1816 .event anyedge, v0x63a28dc9b490_7263, v0x63a28dc9b490_7264, v0x63a28dc9b490_7265, v0x63a28dc9b490_7266;
v0x63a28dc9b490_7267 .array/port v0x63a28dc9b490, 7267;
v0x63a28dc9b490_7268 .array/port v0x63a28dc9b490, 7268;
v0x63a28dc9b490_7269 .array/port v0x63a28dc9b490, 7269;
v0x63a28dc9b490_7270 .array/port v0x63a28dc9b490, 7270;
E_0x63a28dcbf3d0/1817 .event anyedge, v0x63a28dc9b490_7267, v0x63a28dc9b490_7268, v0x63a28dc9b490_7269, v0x63a28dc9b490_7270;
v0x63a28dc9b490_7271 .array/port v0x63a28dc9b490, 7271;
v0x63a28dc9b490_7272 .array/port v0x63a28dc9b490, 7272;
v0x63a28dc9b490_7273 .array/port v0x63a28dc9b490, 7273;
v0x63a28dc9b490_7274 .array/port v0x63a28dc9b490, 7274;
E_0x63a28dcbf3d0/1818 .event anyedge, v0x63a28dc9b490_7271, v0x63a28dc9b490_7272, v0x63a28dc9b490_7273, v0x63a28dc9b490_7274;
v0x63a28dc9b490_7275 .array/port v0x63a28dc9b490, 7275;
v0x63a28dc9b490_7276 .array/port v0x63a28dc9b490, 7276;
v0x63a28dc9b490_7277 .array/port v0x63a28dc9b490, 7277;
v0x63a28dc9b490_7278 .array/port v0x63a28dc9b490, 7278;
E_0x63a28dcbf3d0/1819 .event anyedge, v0x63a28dc9b490_7275, v0x63a28dc9b490_7276, v0x63a28dc9b490_7277, v0x63a28dc9b490_7278;
v0x63a28dc9b490_7279 .array/port v0x63a28dc9b490, 7279;
v0x63a28dc9b490_7280 .array/port v0x63a28dc9b490, 7280;
v0x63a28dc9b490_7281 .array/port v0x63a28dc9b490, 7281;
v0x63a28dc9b490_7282 .array/port v0x63a28dc9b490, 7282;
E_0x63a28dcbf3d0/1820 .event anyedge, v0x63a28dc9b490_7279, v0x63a28dc9b490_7280, v0x63a28dc9b490_7281, v0x63a28dc9b490_7282;
v0x63a28dc9b490_7283 .array/port v0x63a28dc9b490, 7283;
v0x63a28dc9b490_7284 .array/port v0x63a28dc9b490, 7284;
v0x63a28dc9b490_7285 .array/port v0x63a28dc9b490, 7285;
v0x63a28dc9b490_7286 .array/port v0x63a28dc9b490, 7286;
E_0x63a28dcbf3d0/1821 .event anyedge, v0x63a28dc9b490_7283, v0x63a28dc9b490_7284, v0x63a28dc9b490_7285, v0x63a28dc9b490_7286;
v0x63a28dc9b490_7287 .array/port v0x63a28dc9b490, 7287;
v0x63a28dc9b490_7288 .array/port v0x63a28dc9b490, 7288;
v0x63a28dc9b490_7289 .array/port v0x63a28dc9b490, 7289;
v0x63a28dc9b490_7290 .array/port v0x63a28dc9b490, 7290;
E_0x63a28dcbf3d0/1822 .event anyedge, v0x63a28dc9b490_7287, v0x63a28dc9b490_7288, v0x63a28dc9b490_7289, v0x63a28dc9b490_7290;
v0x63a28dc9b490_7291 .array/port v0x63a28dc9b490, 7291;
v0x63a28dc9b490_7292 .array/port v0x63a28dc9b490, 7292;
v0x63a28dc9b490_7293 .array/port v0x63a28dc9b490, 7293;
v0x63a28dc9b490_7294 .array/port v0x63a28dc9b490, 7294;
E_0x63a28dcbf3d0/1823 .event anyedge, v0x63a28dc9b490_7291, v0x63a28dc9b490_7292, v0x63a28dc9b490_7293, v0x63a28dc9b490_7294;
v0x63a28dc9b490_7295 .array/port v0x63a28dc9b490, 7295;
v0x63a28dc9b490_7296 .array/port v0x63a28dc9b490, 7296;
v0x63a28dc9b490_7297 .array/port v0x63a28dc9b490, 7297;
v0x63a28dc9b490_7298 .array/port v0x63a28dc9b490, 7298;
E_0x63a28dcbf3d0/1824 .event anyedge, v0x63a28dc9b490_7295, v0x63a28dc9b490_7296, v0x63a28dc9b490_7297, v0x63a28dc9b490_7298;
v0x63a28dc9b490_7299 .array/port v0x63a28dc9b490, 7299;
v0x63a28dc9b490_7300 .array/port v0x63a28dc9b490, 7300;
v0x63a28dc9b490_7301 .array/port v0x63a28dc9b490, 7301;
v0x63a28dc9b490_7302 .array/port v0x63a28dc9b490, 7302;
E_0x63a28dcbf3d0/1825 .event anyedge, v0x63a28dc9b490_7299, v0x63a28dc9b490_7300, v0x63a28dc9b490_7301, v0x63a28dc9b490_7302;
v0x63a28dc9b490_7303 .array/port v0x63a28dc9b490, 7303;
v0x63a28dc9b490_7304 .array/port v0x63a28dc9b490, 7304;
v0x63a28dc9b490_7305 .array/port v0x63a28dc9b490, 7305;
v0x63a28dc9b490_7306 .array/port v0x63a28dc9b490, 7306;
E_0x63a28dcbf3d0/1826 .event anyedge, v0x63a28dc9b490_7303, v0x63a28dc9b490_7304, v0x63a28dc9b490_7305, v0x63a28dc9b490_7306;
v0x63a28dc9b490_7307 .array/port v0x63a28dc9b490, 7307;
v0x63a28dc9b490_7308 .array/port v0x63a28dc9b490, 7308;
v0x63a28dc9b490_7309 .array/port v0x63a28dc9b490, 7309;
v0x63a28dc9b490_7310 .array/port v0x63a28dc9b490, 7310;
E_0x63a28dcbf3d0/1827 .event anyedge, v0x63a28dc9b490_7307, v0x63a28dc9b490_7308, v0x63a28dc9b490_7309, v0x63a28dc9b490_7310;
v0x63a28dc9b490_7311 .array/port v0x63a28dc9b490, 7311;
v0x63a28dc9b490_7312 .array/port v0x63a28dc9b490, 7312;
v0x63a28dc9b490_7313 .array/port v0x63a28dc9b490, 7313;
v0x63a28dc9b490_7314 .array/port v0x63a28dc9b490, 7314;
E_0x63a28dcbf3d0/1828 .event anyedge, v0x63a28dc9b490_7311, v0x63a28dc9b490_7312, v0x63a28dc9b490_7313, v0x63a28dc9b490_7314;
v0x63a28dc9b490_7315 .array/port v0x63a28dc9b490, 7315;
v0x63a28dc9b490_7316 .array/port v0x63a28dc9b490, 7316;
v0x63a28dc9b490_7317 .array/port v0x63a28dc9b490, 7317;
v0x63a28dc9b490_7318 .array/port v0x63a28dc9b490, 7318;
E_0x63a28dcbf3d0/1829 .event anyedge, v0x63a28dc9b490_7315, v0x63a28dc9b490_7316, v0x63a28dc9b490_7317, v0x63a28dc9b490_7318;
v0x63a28dc9b490_7319 .array/port v0x63a28dc9b490, 7319;
v0x63a28dc9b490_7320 .array/port v0x63a28dc9b490, 7320;
v0x63a28dc9b490_7321 .array/port v0x63a28dc9b490, 7321;
v0x63a28dc9b490_7322 .array/port v0x63a28dc9b490, 7322;
E_0x63a28dcbf3d0/1830 .event anyedge, v0x63a28dc9b490_7319, v0x63a28dc9b490_7320, v0x63a28dc9b490_7321, v0x63a28dc9b490_7322;
v0x63a28dc9b490_7323 .array/port v0x63a28dc9b490, 7323;
v0x63a28dc9b490_7324 .array/port v0x63a28dc9b490, 7324;
v0x63a28dc9b490_7325 .array/port v0x63a28dc9b490, 7325;
v0x63a28dc9b490_7326 .array/port v0x63a28dc9b490, 7326;
E_0x63a28dcbf3d0/1831 .event anyedge, v0x63a28dc9b490_7323, v0x63a28dc9b490_7324, v0x63a28dc9b490_7325, v0x63a28dc9b490_7326;
v0x63a28dc9b490_7327 .array/port v0x63a28dc9b490, 7327;
v0x63a28dc9b490_7328 .array/port v0x63a28dc9b490, 7328;
v0x63a28dc9b490_7329 .array/port v0x63a28dc9b490, 7329;
v0x63a28dc9b490_7330 .array/port v0x63a28dc9b490, 7330;
E_0x63a28dcbf3d0/1832 .event anyedge, v0x63a28dc9b490_7327, v0x63a28dc9b490_7328, v0x63a28dc9b490_7329, v0x63a28dc9b490_7330;
v0x63a28dc9b490_7331 .array/port v0x63a28dc9b490, 7331;
v0x63a28dc9b490_7332 .array/port v0x63a28dc9b490, 7332;
v0x63a28dc9b490_7333 .array/port v0x63a28dc9b490, 7333;
v0x63a28dc9b490_7334 .array/port v0x63a28dc9b490, 7334;
E_0x63a28dcbf3d0/1833 .event anyedge, v0x63a28dc9b490_7331, v0x63a28dc9b490_7332, v0x63a28dc9b490_7333, v0x63a28dc9b490_7334;
v0x63a28dc9b490_7335 .array/port v0x63a28dc9b490, 7335;
v0x63a28dc9b490_7336 .array/port v0x63a28dc9b490, 7336;
v0x63a28dc9b490_7337 .array/port v0x63a28dc9b490, 7337;
v0x63a28dc9b490_7338 .array/port v0x63a28dc9b490, 7338;
E_0x63a28dcbf3d0/1834 .event anyedge, v0x63a28dc9b490_7335, v0x63a28dc9b490_7336, v0x63a28dc9b490_7337, v0x63a28dc9b490_7338;
v0x63a28dc9b490_7339 .array/port v0x63a28dc9b490, 7339;
v0x63a28dc9b490_7340 .array/port v0x63a28dc9b490, 7340;
v0x63a28dc9b490_7341 .array/port v0x63a28dc9b490, 7341;
v0x63a28dc9b490_7342 .array/port v0x63a28dc9b490, 7342;
E_0x63a28dcbf3d0/1835 .event anyedge, v0x63a28dc9b490_7339, v0x63a28dc9b490_7340, v0x63a28dc9b490_7341, v0x63a28dc9b490_7342;
v0x63a28dc9b490_7343 .array/port v0x63a28dc9b490, 7343;
v0x63a28dc9b490_7344 .array/port v0x63a28dc9b490, 7344;
v0x63a28dc9b490_7345 .array/port v0x63a28dc9b490, 7345;
v0x63a28dc9b490_7346 .array/port v0x63a28dc9b490, 7346;
E_0x63a28dcbf3d0/1836 .event anyedge, v0x63a28dc9b490_7343, v0x63a28dc9b490_7344, v0x63a28dc9b490_7345, v0x63a28dc9b490_7346;
v0x63a28dc9b490_7347 .array/port v0x63a28dc9b490, 7347;
v0x63a28dc9b490_7348 .array/port v0x63a28dc9b490, 7348;
v0x63a28dc9b490_7349 .array/port v0x63a28dc9b490, 7349;
v0x63a28dc9b490_7350 .array/port v0x63a28dc9b490, 7350;
E_0x63a28dcbf3d0/1837 .event anyedge, v0x63a28dc9b490_7347, v0x63a28dc9b490_7348, v0x63a28dc9b490_7349, v0x63a28dc9b490_7350;
v0x63a28dc9b490_7351 .array/port v0x63a28dc9b490, 7351;
v0x63a28dc9b490_7352 .array/port v0x63a28dc9b490, 7352;
v0x63a28dc9b490_7353 .array/port v0x63a28dc9b490, 7353;
v0x63a28dc9b490_7354 .array/port v0x63a28dc9b490, 7354;
E_0x63a28dcbf3d0/1838 .event anyedge, v0x63a28dc9b490_7351, v0x63a28dc9b490_7352, v0x63a28dc9b490_7353, v0x63a28dc9b490_7354;
v0x63a28dc9b490_7355 .array/port v0x63a28dc9b490, 7355;
v0x63a28dc9b490_7356 .array/port v0x63a28dc9b490, 7356;
v0x63a28dc9b490_7357 .array/port v0x63a28dc9b490, 7357;
v0x63a28dc9b490_7358 .array/port v0x63a28dc9b490, 7358;
E_0x63a28dcbf3d0/1839 .event anyedge, v0x63a28dc9b490_7355, v0x63a28dc9b490_7356, v0x63a28dc9b490_7357, v0x63a28dc9b490_7358;
v0x63a28dc9b490_7359 .array/port v0x63a28dc9b490, 7359;
v0x63a28dc9b490_7360 .array/port v0x63a28dc9b490, 7360;
v0x63a28dc9b490_7361 .array/port v0x63a28dc9b490, 7361;
v0x63a28dc9b490_7362 .array/port v0x63a28dc9b490, 7362;
E_0x63a28dcbf3d0/1840 .event anyedge, v0x63a28dc9b490_7359, v0x63a28dc9b490_7360, v0x63a28dc9b490_7361, v0x63a28dc9b490_7362;
v0x63a28dc9b490_7363 .array/port v0x63a28dc9b490, 7363;
v0x63a28dc9b490_7364 .array/port v0x63a28dc9b490, 7364;
v0x63a28dc9b490_7365 .array/port v0x63a28dc9b490, 7365;
v0x63a28dc9b490_7366 .array/port v0x63a28dc9b490, 7366;
E_0x63a28dcbf3d0/1841 .event anyedge, v0x63a28dc9b490_7363, v0x63a28dc9b490_7364, v0x63a28dc9b490_7365, v0x63a28dc9b490_7366;
v0x63a28dc9b490_7367 .array/port v0x63a28dc9b490, 7367;
v0x63a28dc9b490_7368 .array/port v0x63a28dc9b490, 7368;
v0x63a28dc9b490_7369 .array/port v0x63a28dc9b490, 7369;
v0x63a28dc9b490_7370 .array/port v0x63a28dc9b490, 7370;
E_0x63a28dcbf3d0/1842 .event anyedge, v0x63a28dc9b490_7367, v0x63a28dc9b490_7368, v0x63a28dc9b490_7369, v0x63a28dc9b490_7370;
v0x63a28dc9b490_7371 .array/port v0x63a28dc9b490, 7371;
v0x63a28dc9b490_7372 .array/port v0x63a28dc9b490, 7372;
v0x63a28dc9b490_7373 .array/port v0x63a28dc9b490, 7373;
v0x63a28dc9b490_7374 .array/port v0x63a28dc9b490, 7374;
E_0x63a28dcbf3d0/1843 .event anyedge, v0x63a28dc9b490_7371, v0x63a28dc9b490_7372, v0x63a28dc9b490_7373, v0x63a28dc9b490_7374;
v0x63a28dc9b490_7375 .array/port v0x63a28dc9b490, 7375;
v0x63a28dc9b490_7376 .array/port v0x63a28dc9b490, 7376;
v0x63a28dc9b490_7377 .array/port v0x63a28dc9b490, 7377;
v0x63a28dc9b490_7378 .array/port v0x63a28dc9b490, 7378;
E_0x63a28dcbf3d0/1844 .event anyedge, v0x63a28dc9b490_7375, v0x63a28dc9b490_7376, v0x63a28dc9b490_7377, v0x63a28dc9b490_7378;
v0x63a28dc9b490_7379 .array/port v0x63a28dc9b490, 7379;
v0x63a28dc9b490_7380 .array/port v0x63a28dc9b490, 7380;
v0x63a28dc9b490_7381 .array/port v0x63a28dc9b490, 7381;
v0x63a28dc9b490_7382 .array/port v0x63a28dc9b490, 7382;
E_0x63a28dcbf3d0/1845 .event anyedge, v0x63a28dc9b490_7379, v0x63a28dc9b490_7380, v0x63a28dc9b490_7381, v0x63a28dc9b490_7382;
v0x63a28dc9b490_7383 .array/port v0x63a28dc9b490, 7383;
v0x63a28dc9b490_7384 .array/port v0x63a28dc9b490, 7384;
v0x63a28dc9b490_7385 .array/port v0x63a28dc9b490, 7385;
v0x63a28dc9b490_7386 .array/port v0x63a28dc9b490, 7386;
E_0x63a28dcbf3d0/1846 .event anyedge, v0x63a28dc9b490_7383, v0x63a28dc9b490_7384, v0x63a28dc9b490_7385, v0x63a28dc9b490_7386;
v0x63a28dc9b490_7387 .array/port v0x63a28dc9b490, 7387;
v0x63a28dc9b490_7388 .array/port v0x63a28dc9b490, 7388;
v0x63a28dc9b490_7389 .array/port v0x63a28dc9b490, 7389;
v0x63a28dc9b490_7390 .array/port v0x63a28dc9b490, 7390;
E_0x63a28dcbf3d0/1847 .event anyedge, v0x63a28dc9b490_7387, v0x63a28dc9b490_7388, v0x63a28dc9b490_7389, v0x63a28dc9b490_7390;
v0x63a28dc9b490_7391 .array/port v0x63a28dc9b490, 7391;
v0x63a28dc9b490_7392 .array/port v0x63a28dc9b490, 7392;
v0x63a28dc9b490_7393 .array/port v0x63a28dc9b490, 7393;
v0x63a28dc9b490_7394 .array/port v0x63a28dc9b490, 7394;
E_0x63a28dcbf3d0/1848 .event anyedge, v0x63a28dc9b490_7391, v0x63a28dc9b490_7392, v0x63a28dc9b490_7393, v0x63a28dc9b490_7394;
v0x63a28dc9b490_7395 .array/port v0x63a28dc9b490, 7395;
v0x63a28dc9b490_7396 .array/port v0x63a28dc9b490, 7396;
v0x63a28dc9b490_7397 .array/port v0x63a28dc9b490, 7397;
v0x63a28dc9b490_7398 .array/port v0x63a28dc9b490, 7398;
E_0x63a28dcbf3d0/1849 .event anyedge, v0x63a28dc9b490_7395, v0x63a28dc9b490_7396, v0x63a28dc9b490_7397, v0x63a28dc9b490_7398;
v0x63a28dc9b490_7399 .array/port v0x63a28dc9b490, 7399;
v0x63a28dc9b490_7400 .array/port v0x63a28dc9b490, 7400;
v0x63a28dc9b490_7401 .array/port v0x63a28dc9b490, 7401;
v0x63a28dc9b490_7402 .array/port v0x63a28dc9b490, 7402;
E_0x63a28dcbf3d0/1850 .event anyedge, v0x63a28dc9b490_7399, v0x63a28dc9b490_7400, v0x63a28dc9b490_7401, v0x63a28dc9b490_7402;
v0x63a28dc9b490_7403 .array/port v0x63a28dc9b490, 7403;
v0x63a28dc9b490_7404 .array/port v0x63a28dc9b490, 7404;
v0x63a28dc9b490_7405 .array/port v0x63a28dc9b490, 7405;
v0x63a28dc9b490_7406 .array/port v0x63a28dc9b490, 7406;
E_0x63a28dcbf3d0/1851 .event anyedge, v0x63a28dc9b490_7403, v0x63a28dc9b490_7404, v0x63a28dc9b490_7405, v0x63a28dc9b490_7406;
v0x63a28dc9b490_7407 .array/port v0x63a28dc9b490, 7407;
v0x63a28dc9b490_7408 .array/port v0x63a28dc9b490, 7408;
v0x63a28dc9b490_7409 .array/port v0x63a28dc9b490, 7409;
v0x63a28dc9b490_7410 .array/port v0x63a28dc9b490, 7410;
E_0x63a28dcbf3d0/1852 .event anyedge, v0x63a28dc9b490_7407, v0x63a28dc9b490_7408, v0x63a28dc9b490_7409, v0x63a28dc9b490_7410;
v0x63a28dc9b490_7411 .array/port v0x63a28dc9b490, 7411;
v0x63a28dc9b490_7412 .array/port v0x63a28dc9b490, 7412;
v0x63a28dc9b490_7413 .array/port v0x63a28dc9b490, 7413;
v0x63a28dc9b490_7414 .array/port v0x63a28dc9b490, 7414;
E_0x63a28dcbf3d0/1853 .event anyedge, v0x63a28dc9b490_7411, v0x63a28dc9b490_7412, v0x63a28dc9b490_7413, v0x63a28dc9b490_7414;
v0x63a28dc9b490_7415 .array/port v0x63a28dc9b490, 7415;
v0x63a28dc9b490_7416 .array/port v0x63a28dc9b490, 7416;
v0x63a28dc9b490_7417 .array/port v0x63a28dc9b490, 7417;
v0x63a28dc9b490_7418 .array/port v0x63a28dc9b490, 7418;
E_0x63a28dcbf3d0/1854 .event anyedge, v0x63a28dc9b490_7415, v0x63a28dc9b490_7416, v0x63a28dc9b490_7417, v0x63a28dc9b490_7418;
v0x63a28dc9b490_7419 .array/port v0x63a28dc9b490, 7419;
v0x63a28dc9b490_7420 .array/port v0x63a28dc9b490, 7420;
v0x63a28dc9b490_7421 .array/port v0x63a28dc9b490, 7421;
v0x63a28dc9b490_7422 .array/port v0x63a28dc9b490, 7422;
E_0x63a28dcbf3d0/1855 .event anyedge, v0x63a28dc9b490_7419, v0x63a28dc9b490_7420, v0x63a28dc9b490_7421, v0x63a28dc9b490_7422;
v0x63a28dc9b490_7423 .array/port v0x63a28dc9b490, 7423;
v0x63a28dc9b490_7424 .array/port v0x63a28dc9b490, 7424;
v0x63a28dc9b490_7425 .array/port v0x63a28dc9b490, 7425;
v0x63a28dc9b490_7426 .array/port v0x63a28dc9b490, 7426;
E_0x63a28dcbf3d0/1856 .event anyedge, v0x63a28dc9b490_7423, v0x63a28dc9b490_7424, v0x63a28dc9b490_7425, v0x63a28dc9b490_7426;
v0x63a28dc9b490_7427 .array/port v0x63a28dc9b490, 7427;
v0x63a28dc9b490_7428 .array/port v0x63a28dc9b490, 7428;
v0x63a28dc9b490_7429 .array/port v0x63a28dc9b490, 7429;
v0x63a28dc9b490_7430 .array/port v0x63a28dc9b490, 7430;
E_0x63a28dcbf3d0/1857 .event anyedge, v0x63a28dc9b490_7427, v0x63a28dc9b490_7428, v0x63a28dc9b490_7429, v0x63a28dc9b490_7430;
v0x63a28dc9b490_7431 .array/port v0x63a28dc9b490, 7431;
v0x63a28dc9b490_7432 .array/port v0x63a28dc9b490, 7432;
v0x63a28dc9b490_7433 .array/port v0x63a28dc9b490, 7433;
v0x63a28dc9b490_7434 .array/port v0x63a28dc9b490, 7434;
E_0x63a28dcbf3d0/1858 .event anyedge, v0x63a28dc9b490_7431, v0x63a28dc9b490_7432, v0x63a28dc9b490_7433, v0x63a28dc9b490_7434;
v0x63a28dc9b490_7435 .array/port v0x63a28dc9b490, 7435;
v0x63a28dc9b490_7436 .array/port v0x63a28dc9b490, 7436;
v0x63a28dc9b490_7437 .array/port v0x63a28dc9b490, 7437;
v0x63a28dc9b490_7438 .array/port v0x63a28dc9b490, 7438;
E_0x63a28dcbf3d0/1859 .event anyedge, v0x63a28dc9b490_7435, v0x63a28dc9b490_7436, v0x63a28dc9b490_7437, v0x63a28dc9b490_7438;
v0x63a28dc9b490_7439 .array/port v0x63a28dc9b490, 7439;
v0x63a28dc9b490_7440 .array/port v0x63a28dc9b490, 7440;
v0x63a28dc9b490_7441 .array/port v0x63a28dc9b490, 7441;
v0x63a28dc9b490_7442 .array/port v0x63a28dc9b490, 7442;
E_0x63a28dcbf3d0/1860 .event anyedge, v0x63a28dc9b490_7439, v0x63a28dc9b490_7440, v0x63a28dc9b490_7441, v0x63a28dc9b490_7442;
v0x63a28dc9b490_7443 .array/port v0x63a28dc9b490, 7443;
v0x63a28dc9b490_7444 .array/port v0x63a28dc9b490, 7444;
v0x63a28dc9b490_7445 .array/port v0x63a28dc9b490, 7445;
v0x63a28dc9b490_7446 .array/port v0x63a28dc9b490, 7446;
E_0x63a28dcbf3d0/1861 .event anyedge, v0x63a28dc9b490_7443, v0x63a28dc9b490_7444, v0x63a28dc9b490_7445, v0x63a28dc9b490_7446;
v0x63a28dc9b490_7447 .array/port v0x63a28dc9b490, 7447;
v0x63a28dc9b490_7448 .array/port v0x63a28dc9b490, 7448;
v0x63a28dc9b490_7449 .array/port v0x63a28dc9b490, 7449;
v0x63a28dc9b490_7450 .array/port v0x63a28dc9b490, 7450;
E_0x63a28dcbf3d0/1862 .event anyedge, v0x63a28dc9b490_7447, v0x63a28dc9b490_7448, v0x63a28dc9b490_7449, v0x63a28dc9b490_7450;
v0x63a28dc9b490_7451 .array/port v0x63a28dc9b490, 7451;
v0x63a28dc9b490_7452 .array/port v0x63a28dc9b490, 7452;
v0x63a28dc9b490_7453 .array/port v0x63a28dc9b490, 7453;
v0x63a28dc9b490_7454 .array/port v0x63a28dc9b490, 7454;
E_0x63a28dcbf3d0/1863 .event anyedge, v0x63a28dc9b490_7451, v0x63a28dc9b490_7452, v0x63a28dc9b490_7453, v0x63a28dc9b490_7454;
v0x63a28dc9b490_7455 .array/port v0x63a28dc9b490, 7455;
v0x63a28dc9b490_7456 .array/port v0x63a28dc9b490, 7456;
v0x63a28dc9b490_7457 .array/port v0x63a28dc9b490, 7457;
v0x63a28dc9b490_7458 .array/port v0x63a28dc9b490, 7458;
E_0x63a28dcbf3d0/1864 .event anyedge, v0x63a28dc9b490_7455, v0x63a28dc9b490_7456, v0x63a28dc9b490_7457, v0x63a28dc9b490_7458;
v0x63a28dc9b490_7459 .array/port v0x63a28dc9b490, 7459;
v0x63a28dc9b490_7460 .array/port v0x63a28dc9b490, 7460;
v0x63a28dc9b490_7461 .array/port v0x63a28dc9b490, 7461;
v0x63a28dc9b490_7462 .array/port v0x63a28dc9b490, 7462;
E_0x63a28dcbf3d0/1865 .event anyedge, v0x63a28dc9b490_7459, v0x63a28dc9b490_7460, v0x63a28dc9b490_7461, v0x63a28dc9b490_7462;
v0x63a28dc9b490_7463 .array/port v0x63a28dc9b490, 7463;
v0x63a28dc9b490_7464 .array/port v0x63a28dc9b490, 7464;
v0x63a28dc9b490_7465 .array/port v0x63a28dc9b490, 7465;
v0x63a28dc9b490_7466 .array/port v0x63a28dc9b490, 7466;
E_0x63a28dcbf3d0/1866 .event anyedge, v0x63a28dc9b490_7463, v0x63a28dc9b490_7464, v0x63a28dc9b490_7465, v0x63a28dc9b490_7466;
v0x63a28dc9b490_7467 .array/port v0x63a28dc9b490, 7467;
v0x63a28dc9b490_7468 .array/port v0x63a28dc9b490, 7468;
v0x63a28dc9b490_7469 .array/port v0x63a28dc9b490, 7469;
v0x63a28dc9b490_7470 .array/port v0x63a28dc9b490, 7470;
E_0x63a28dcbf3d0/1867 .event anyedge, v0x63a28dc9b490_7467, v0x63a28dc9b490_7468, v0x63a28dc9b490_7469, v0x63a28dc9b490_7470;
v0x63a28dc9b490_7471 .array/port v0x63a28dc9b490, 7471;
v0x63a28dc9b490_7472 .array/port v0x63a28dc9b490, 7472;
v0x63a28dc9b490_7473 .array/port v0x63a28dc9b490, 7473;
v0x63a28dc9b490_7474 .array/port v0x63a28dc9b490, 7474;
E_0x63a28dcbf3d0/1868 .event anyedge, v0x63a28dc9b490_7471, v0x63a28dc9b490_7472, v0x63a28dc9b490_7473, v0x63a28dc9b490_7474;
v0x63a28dc9b490_7475 .array/port v0x63a28dc9b490, 7475;
v0x63a28dc9b490_7476 .array/port v0x63a28dc9b490, 7476;
v0x63a28dc9b490_7477 .array/port v0x63a28dc9b490, 7477;
v0x63a28dc9b490_7478 .array/port v0x63a28dc9b490, 7478;
E_0x63a28dcbf3d0/1869 .event anyedge, v0x63a28dc9b490_7475, v0x63a28dc9b490_7476, v0x63a28dc9b490_7477, v0x63a28dc9b490_7478;
v0x63a28dc9b490_7479 .array/port v0x63a28dc9b490, 7479;
v0x63a28dc9b490_7480 .array/port v0x63a28dc9b490, 7480;
v0x63a28dc9b490_7481 .array/port v0x63a28dc9b490, 7481;
v0x63a28dc9b490_7482 .array/port v0x63a28dc9b490, 7482;
E_0x63a28dcbf3d0/1870 .event anyedge, v0x63a28dc9b490_7479, v0x63a28dc9b490_7480, v0x63a28dc9b490_7481, v0x63a28dc9b490_7482;
v0x63a28dc9b490_7483 .array/port v0x63a28dc9b490, 7483;
v0x63a28dc9b490_7484 .array/port v0x63a28dc9b490, 7484;
v0x63a28dc9b490_7485 .array/port v0x63a28dc9b490, 7485;
v0x63a28dc9b490_7486 .array/port v0x63a28dc9b490, 7486;
E_0x63a28dcbf3d0/1871 .event anyedge, v0x63a28dc9b490_7483, v0x63a28dc9b490_7484, v0x63a28dc9b490_7485, v0x63a28dc9b490_7486;
v0x63a28dc9b490_7487 .array/port v0x63a28dc9b490, 7487;
v0x63a28dc9b490_7488 .array/port v0x63a28dc9b490, 7488;
v0x63a28dc9b490_7489 .array/port v0x63a28dc9b490, 7489;
v0x63a28dc9b490_7490 .array/port v0x63a28dc9b490, 7490;
E_0x63a28dcbf3d0/1872 .event anyedge, v0x63a28dc9b490_7487, v0x63a28dc9b490_7488, v0x63a28dc9b490_7489, v0x63a28dc9b490_7490;
v0x63a28dc9b490_7491 .array/port v0x63a28dc9b490, 7491;
v0x63a28dc9b490_7492 .array/port v0x63a28dc9b490, 7492;
v0x63a28dc9b490_7493 .array/port v0x63a28dc9b490, 7493;
v0x63a28dc9b490_7494 .array/port v0x63a28dc9b490, 7494;
E_0x63a28dcbf3d0/1873 .event anyedge, v0x63a28dc9b490_7491, v0x63a28dc9b490_7492, v0x63a28dc9b490_7493, v0x63a28dc9b490_7494;
v0x63a28dc9b490_7495 .array/port v0x63a28dc9b490, 7495;
v0x63a28dc9b490_7496 .array/port v0x63a28dc9b490, 7496;
v0x63a28dc9b490_7497 .array/port v0x63a28dc9b490, 7497;
v0x63a28dc9b490_7498 .array/port v0x63a28dc9b490, 7498;
E_0x63a28dcbf3d0/1874 .event anyedge, v0x63a28dc9b490_7495, v0x63a28dc9b490_7496, v0x63a28dc9b490_7497, v0x63a28dc9b490_7498;
v0x63a28dc9b490_7499 .array/port v0x63a28dc9b490, 7499;
v0x63a28dc9b490_7500 .array/port v0x63a28dc9b490, 7500;
v0x63a28dc9b490_7501 .array/port v0x63a28dc9b490, 7501;
v0x63a28dc9b490_7502 .array/port v0x63a28dc9b490, 7502;
E_0x63a28dcbf3d0/1875 .event anyedge, v0x63a28dc9b490_7499, v0x63a28dc9b490_7500, v0x63a28dc9b490_7501, v0x63a28dc9b490_7502;
v0x63a28dc9b490_7503 .array/port v0x63a28dc9b490, 7503;
v0x63a28dc9b490_7504 .array/port v0x63a28dc9b490, 7504;
v0x63a28dc9b490_7505 .array/port v0x63a28dc9b490, 7505;
v0x63a28dc9b490_7506 .array/port v0x63a28dc9b490, 7506;
E_0x63a28dcbf3d0/1876 .event anyedge, v0x63a28dc9b490_7503, v0x63a28dc9b490_7504, v0x63a28dc9b490_7505, v0x63a28dc9b490_7506;
v0x63a28dc9b490_7507 .array/port v0x63a28dc9b490, 7507;
v0x63a28dc9b490_7508 .array/port v0x63a28dc9b490, 7508;
v0x63a28dc9b490_7509 .array/port v0x63a28dc9b490, 7509;
v0x63a28dc9b490_7510 .array/port v0x63a28dc9b490, 7510;
E_0x63a28dcbf3d0/1877 .event anyedge, v0x63a28dc9b490_7507, v0x63a28dc9b490_7508, v0x63a28dc9b490_7509, v0x63a28dc9b490_7510;
v0x63a28dc9b490_7511 .array/port v0x63a28dc9b490, 7511;
v0x63a28dc9b490_7512 .array/port v0x63a28dc9b490, 7512;
v0x63a28dc9b490_7513 .array/port v0x63a28dc9b490, 7513;
v0x63a28dc9b490_7514 .array/port v0x63a28dc9b490, 7514;
E_0x63a28dcbf3d0/1878 .event anyedge, v0x63a28dc9b490_7511, v0x63a28dc9b490_7512, v0x63a28dc9b490_7513, v0x63a28dc9b490_7514;
v0x63a28dc9b490_7515 .array/port v0x63a28dc9b490, 7515;
v0x63a28dc9b490_7516 .array/port v0x63a28dc9b490, 7516;
v0x63a28dc9b490_7517 .array/port v0x63a28dc9b490, 7517;
v0x63a28dc9b490_7518 .array/port v0x63a28dc9b490, 7518;
E_0x63a28dcbf3d0/1879 .event anyedge, v0x63a28dc9b490_7515, v0x63a28dc9b490_7516, v0x63a28dc9b490_7517, v0x63a28dc9b490_7518;
v0x63a28dc9b490_7519 .array/port v0x63a28dc9b490, 7519;
v0x63a28dc9b490_7520 .array/port v0x63a28dc9b490, 7520;
v0x63a28dc9b490_7521 .array/port v0x63a28dc9b490, 7521;
v0x63a28dc9b490_7522 .array/port v0x63a28dc9b490, 7522;
E_0x63a28dcbf3d0/1880 .event anyedge, v0x63a28dc9b490_7519, v0x63a28dc9b490_7520, v0x63a28dc9b490_7521, v0x63a28dc9b490_7522;
v0x63a28dc9b490_7523 .array/port v0x63a28dc9b490, 7523;
v0x63a28dc9b490_7524 .array/port v0x63a28dc9b490, 7524;
v0x63a28dc9b490_7525 .array/port v0x63a28dc9b490, 7525;
v0x63a28dc9b490_7526 .array/port v0x63a28dc9b490, 7526;
E_0x63a28dcbf3d0/1881 .event anyedge, v0x63a28dc9b490_7523, v0x63a28dc9b490_7524, v0x63a28dc9b490_7525, v0x63a28dc9b490_7526;
v0x63a28dc9b490_7527 .array/port v0x63a28dc9b490, 7527;
v0x63a28dc9b490_7528 .array/port v0x63a28dc9b490, 7528;
v0x63a28dc9b490_7529 .array/port v0x63a28dc9b490, 7529;
v0x63a28dc9b490_7530 .array/port v0x63a28dc9b490, 7530;
E_0x63a28dcbf3d0/1882 .event anyedge, v0x63a28dc9b490_7527, v0x63a28dc9b490_7528, v0x63a28dc9b490_7529, v0x63a28dc9b490_7530;
v0x63a28dc9b490_7531 .array/port v0x63a28dc9b490, 7531;
v0x63a28dc9b490_7532 .array/port v0x63a28dc9b490, 7532;
v0x63a28dc9b490_7533 .array/port v0x63a28dc9b490, 7533;
v0x63a28dc9b490_7534 .array/port v0x63a28dc9b490, 7534;
E_0x63a28dcbf3d0/1883 .event anyedge, v0x63a28dc9b490_7531, v0x63a28dc9b490_7532, v0x63a28dc9b490_7533, v0x63a28dc9b490_7534;
v0x63a28dc9b490_7535 .array/port v0x63a28dc9b490, 7535;
v0x63a28dc9b490_7536 .array/port v0x63a28dc9b490, 7536;
v0x63a28dc9b490_7537 .array/port v0x63a28dc9b490, 7537;
v0x63a28dc9b490_7538 .array/port v0x63a28dc9b490, 7538;
E_0x63a28dcbf3d0/1884 .event anyedge, v0x63a28dc9b490_7535, v0x63a28dc9b490_7536, v0x63a28dc9b490_7537, v0x63a28dc9b490_7538;
v0x63a28dc9b490_7539 .array/port v0x63a28dc9b490, 7539;
v0x63a28dc9b490_7540 .array/port v0x63a28dc9b490, 7540;
v0x63a28dc9b490_7541 .array/port v0x63a28dc9b490, 7541;
v0x63a28dc9b490_7542 .array/port v0x63a28dc9b490, 7542;
E_0x63a28dcbf3d0/1885 .event anyedge, v0x63a28dc9b490_7539, v0x63a28dc9b490_7540, v0x63a28dc9b490_7541, v0x63a28dc9b490_7542;
v0x63a28dc9b490_7543 .array/port v0x63a28dc9b490, 7543;
v0x63a28dc9b490_7544 .array/port v0x63a28dc9b490, 7544;
v0x63a28dc9b490_7545 .array/port v0x63a28dc9b490, 7545;
v0x63a28dc9b490_7546 .array/port v0x63a28dc9b490, 7546;
E_0x63a28dcbf3d0/1886 .event anyedge, v0x63a28dc9b490_7543, v0x63a28dc9b490_7544, v0x63a28dc9b490_7545, v0x63a28dc9b490_7546;
v0x63a28dc9b490_7547 .array/port v0x63a28dc9b490, 7547;
v0x63a28dc9b490_7548 .array/port v0x63a28dc9b490, 7548;
v0x63a28dc9b490_7549 .array/port v0x63a28dc9b490, 7549;
v0x63a28dc9b490_7550 .array/port v0x63a28dc9b490, 7550;
E_0x63a28dcbf3d0/1887 .event anyedge, v0x63a28dc9b490_7547, v0x63a28dc9b490_7548, v0x63a28dc9b490_7549, v0x63a28dc9b490_7550;
v0x63a28dc9b490_7551 .array/port v0x63a28dc9b490, 7551;
v0x63a28dc9b490_7552 .array/port v0x63a28dc9b490, 7552;
v0x63a28dc9b490_7553 .array/port v0x63a28dc9b490, 7553;
v0x63a28dc9b490_7554 .array/port v0x63a28dc9b490, 7554;
E_0x63a28dcbf3d0/1888 .event anyedge, v0x63a28dc9b490_7551, v0x63a28dc9b490_7552, v0x63a28dc9b490_7553, v0x63a28dc9b490_7554;
v0x63a28dc9b490_7555 .array/port v0x63a28dc9b490, 7555;
v0x63a28dc9b490_7556 .array/port v0x63a28dc9b490, 7556;
v0x63a28dc9b490_7557 .array/port v0x63a28dc9b490, 7557;
v0x63a28dc9b490_7558 .array/port v0x63a28dc9b490, 7558;
E_0x63a28dcbf3d0/1889 .event anyedge, v0x63a28dc9b490_7555, v0x63a28dc9b490_7556, v0x63a28dc9b490_7557, v0x63a28dc9b490_7558;
v0x63a28dc9b490_7559 .array/port v0x63a28dc9b490, 7559;
v0x63a28dc9b490_7560 .array/port v0x63a28dc9b490, 7560;
v0x63a28dc9b490_7561 .array/port v0x63a28dc9b490, 7561;
v0x63a28dc9b490_7562 .array/port v0x63a28dc9b490, 7562;
E_0x63a28dcbf3d0/1890 .event anyedge, v0x63a28dc9b490_7559, v0x63a28dc9b490_7560, v0x63a28dc9b490_7561, v0x63a28dc9b490_7562;
v0x63a28dc9b490_7563 .array/port v0x63a28dc9b490, 7563;
v0x63a28dc9b490_7564 .array/port v0x63a28dc9b490, 7564;
v0x63a28dc9b490_7565 .array/port v0x63a28dc9b490, 7565;
v0x63a28dc9b490_7566 .array/port v0x63a28dc9b490, 7566;
E_0x63a28dcbf3d0/1891 .event anyedge, v0x63a28dc9b490_7563, v0x63a28dc9b490_7564, v0x63a28dc9b490_7565, v0x63a28dc9b490_7566;
v0x63a28dc9b490_7567 .array/port v0x63a28dc9b490, 7567;
v0x63a28dc9b490_7568 .array/port v0x63a28dc9b490, 7568;
v0x63a28dc9b490_7569 .array/port v0x63a28dc9b490, 7569;
v0x63a28dc9b490_7570 .array/port v0x63a28dc9b490, 7570;
E_0x63a28dcbf3d0/1892 .event anyedge, v0x63a28dc9b490_7567, v0x63a28dc9b490_7568, v0x63a28dc9b490_7569, v0x63a28dc9b490_7570;
v0x63a28dc9b490_7571 .array/port v0x63a28dc9b490, 7571;
v0x63a28dc9b490_7572 .array/port v0x63a28dc9b490, 7572;
v0x63a28dc9b490_7573 .array/port v0x63a28dc9b490, 7573;
v0x63a28dc9b490_7574 .array/port v0x63a28dc9b490, 7574;
E_0x63a28dcbf3d0/1893 .event anyedge, v0x63a28dc9b490_7571, v0x63a28dc9b490_7572, v0x63a28dc9b490_7573, v0x63a28dc9b490_7574;
v0x63a28dc9b490_7575 .array/port v0x63a28dc9b490, 7575;
v0x63a28dc9b490_7576 .array/port v0x63a28dc9b490, 7576;
v0x63a28dc9b490_7577 .array/port v0x63a28dc9b490, 7577;
v0x63a28dc9b490_7578 .array/port v0x63a28dc9b490, 7578;
E_0x63a28dcbf3d0/1894 .event anyedge, v0x63a28dc9b490_7575, v0x63a28dc9b490_7576, v0x63a28dc9b490_7577, v0x63a28dc9b490_7578;
v0x63a28dc9b490_7579 .array/port v0x63a28dc9b490, 7579;
v0x63a28dc9b490_7580 .array/port v0x63a28dc9b490, 7580;
v0x63a28dc9b490_7581 .array/port v0x63a28dc9b490, 7581;
v0x63a28dc9b490_7582 .array/port v0x63a28dc9b490, 7582;
E_0x63a28dcbf3d0/1895 .event anyedge, v0x63a28dc9b490_7579, v0x63a28dc9b490_7580, v0x63a28dc9b490_7581, v0x63a28dc9b490_7582;
v0x63a28dc9b490_7583 .array/port v0x63a28dc9b490, 7583;
v0x63a28dc9b490_7584 .array/port v0x63a28dc9b490, 7584;
v0x63a28dc9b490_7585 .array/port v0x63a28dc9b490, 7585;
v0x63a28dc9b490_7586 .array/port v0x63a28dc9b490, 7586;
E_0x63a28dcbf3d0/1896 .event anyedge, v0x63a28dc9b490_7583, v0x63a28dc9b490_7584, v0x63a28dc9b490_7585, v0x63a28dc9b490_7586;
v0x63a28dc9b490_7587 .array/port v0x63a28dc9b490, 7587;
v0x63a28dc9b490_7588 .array/port v0x63a28dc9b490, 7588;
v0x63a28dc9b490_7589 .array/port v0x63a28dc9b490, 7589;
v0x63a28dc9b490_7590 .array/port v0x63a28dc9b490, 7590;
E_0x63a28dcbf3d0/1897 .event anyedge, v0x63a28dc9b490_7587, v0x63a28dc9b490_7588, v0x63a28dc9b490_7589, v0x63a28dc9b490_7590;
v0x63a28dc9b490_7591 .array/port v0x63a28dc9b490, 7591;
v0x63a28dc9b490_7592 .array/port v0x63a28dc9b490, 7592;
v0x63a28dc9b490_7593 .array/port v0x63a28dc9b490, 7593;
v0x63a28dc9b490_7594 .array/port v0x63a28dc9b490, 7594;
E_0x63a28dcbf3d0/1898 .event anyedge, v0x63a28dc9b490_7591, v0x63a28dc9b490_7592, v0x63a28dc9b490_7593, v0x63a28dc9b490_7594;
v0x63a28dc9b490_7595 .array/port v0x63a28dc9b490, 7595;
v0x63a28dc9b490_7596 .array/port v0x63a28dc9b490, 7596;
v0x63a28dc9b490_7597 .array/port v0x63a28dc9b490, 7597;
v0x63a28dc9b490_7598 .array/port v0x63a28dc9b490, 7598;
E_0x63a28dcbf3d0/1899 .event anyedge, v0x63a28dc9b490_7595, v0x63a28dc9b490_7596, v0x63a28dc9b490_7597, v0x63a28dc9b490_7598;
v0x63a28dc9b490_7599 .array/port v0x63a28dc9b490, 7599;
v0x63a28dc9b490_7600 .array/port v0x63a28dc9b490, 7600;
v0x63a28dc9b490_7601 .array/port v0x63a28dc9b490, 7601;
v0x63a28dc9b490_7602 .array/port v0x63a28dc9b490, 7602;
E_0x63a28dcbf3d0/1900 .event anyedge, v0x63a28dc9b490_7599, v0x63a28dc9b490_7600, v0x63a28dc9b490_7601, v0x63a28dc9b490_7602;
v0x63a28dc9b490_7603 .array/port v0x63a28dc9b490, 7603;
v0x63a28dc9b490_7604 .array/port v0x63a28dc9b490, 7604;
v0x63a28dc9b490_7605 .array/port v0x63a28dc9b490, 7605;
v0x63a28dc9b490_7606 .array/port v0x63a28dc9b490, 7606;
E_0x63a28dcbf3d0/1901 .event anyedge, v0x63a28dc9b490_7603, v0x63a28dc9b490_7604, v0x63a28dc9b490_7605, v0x63a28dc9b490_7606;
v0x63a28dc9b490_7607 .array/port v0x63a28dc9b490, 7607;
v0x63a28dc9b490_7608 .array/port v0x63a28dc9b490, 7608;
v0x63a28dc9b490_7609 .array/port v0x63a28dc9b490, 7609;
v0x63a28dc9b490_7610 .array/port v0x63a28dc9b490, 7610;
E_0x63a28dcbf3d0/1902 .event anyedge, v0x63a28dc9b490_7607, v0x63a28dc9b490_7608, v0x63a28dc9b490_7609, v0x63a28dc9b490_7610;
v0x63a28dc9b490_7611 .array/port v0x63a28dc9b490, 7611;
v0x63a28dc9b490_7612 .array/port v0x63a28dc9b490, 7612;
v0x63a28dc9b490_7613 .array/port v0x63a28dc9b490, 7613;
v0x63a28dc9b490_7614 .array/port v0x63a28dc9b490, 7614;
E_0x63a28dcbf3d0/1903 .event anyedge, v0x63a28dc9b490_7611, v0x63a28dc9b490_7612, v0x63a28dc9b490_7613, v0x63a28dc9b490_7614;
v0x63a28dc9b490_7615 .array/port v0x63a28dc9b490, 7615;
v0x63a28dc9b490_7616 .array/port v0x63a28dc9b490, 7616;
v0x63a28dc9b490_7617 .array/port v0x63a28dc9b490, 7617;
v0x63a28dc9b490_7618 .array/port v0x63a28dc9b490, 7618;
E_0x63a28dcbf3d0/1904 .event anyedge, v0x63a28dc9b490_7615, v0x63a28dc9b490_7616, v0x63a28dc9b490_7617, v0x63a28dc9b490_7618;
v0x63a28dc9b490_7619 .array/port v0x63a28dc9b490, 7619;
v0x63a28dc9b490_7620 .array/port v0x63a28dc9b490, 7620;
v0x63a28dc9b490_7621 .array/port v0x63a28dc9b490, 7621;
v0x63a28dc9b490_7622 .array/port v0x63a28dc9b490, 7622;
E_0x63a28dcbf3d0/1905 .event anyedge, v0x63a28dc9b490_7619, v0x63a28dc9b490_7620, v0x63a28dc9b490_7621, v0x63a28dc9b490_7622;
v0x63a28dc9b490_7623 .array/port v0x63a28dc9b490, 7623;
v0x63a28dc9b490_7624 .array/port v0x63a28dc9b490, 7624;
v0x63a28dc9b490_7625 .array/port v0x63a28dc9b490, 7625;
v0x63a28dc9b490_7626 .array/port v0x63a28dc9b490, 7626;
E_0x63a28dcbf3d0/1906 .event anyedge, v0x63a28dc9b490_7623, v0x63a28dc9b490_7624, v0x63a28dc9b490_7625, v0x63a28dc9b490_7626;
v0x63a28dc9b490_7627 .array/port v0x63a28dc9b490, 7627;
v0x63a28dc9b490_7628 .array/port v0x63a28dc9b490, 7628;
v0x63a28dc9b490_7629 .array/port v0x63a28dc9b490, 7629;
v0x63a28dc9b490_7630 .array/port v0x63a28dc9b490, 7630;
E_0x63a28dcbf3d0/1907 .event anyedge, v0x63a28dc9b490_7627, v0x63a28dc9b490_7628, v0x63a28dc9b490_7629, v0x63a28dc9b490_7630;
v0x63a28dc9b490_7631 .array/port v0x63a28dc9b490, 7631;
v0x63a28dc9b490_7632 .array/port v0x63a28dc9b490, 7632;
v0x63a28dc9b490_7633 .array/port v0x63a28dc9b490, 7633;
v0x63a28dc9b490_7634 .array/port v0x63a28dc9b490, 7634;
E_0x63a28dcbf3d0/1908 .event anyedge, v0x63a28dc9b490_7631, v0x63a28dc9b490_7632, v0x63a28dc9b490_7633, v0x63a28dc9b490_7634;
v0x63a28dc9b490_7635 .array/port v0x63a28dc9b490, 7635;
v0x63a28dc9b490_7636 .array/port v0x63a28dc9b490, 7636;
v0x63a28dc9b490_7637 .array/port v0x63a28dc9b490, 7637;
v0x63a28dc9b490_7638 .array/port v0x63a28dc9b490, 7638;
E_0x63a28dcbf3d0/1909 .event anyedge, v0x63a28dc9b490_7635, v0x63a28dc9b490_7636, v0x63a28dc9b490_7637, v0x63a28dc9b490_7638;
v0x63a28dc9b490_7639 .array/port v0x63a28dc9b490, 7639;
v0x63a28dc9b490_7640 .array/port v0x63a28dc9b490, 7640;
v0x63a28dc9b490_7641 .array/port v0x63a28dc9b490, 7641;
v0x63a28dc9b490_7642 .array/port v0x63a28dc9b490, 7642;
E_0x63a28dcbf3d0/1910 .event anyedge, v0x63a28dc9b490_7639, v0x63a28dc9b490_7640, v0x63a28dc9b490_7641, v0x63a28dc9b490_7642;
v0x63a28dc9b490_7643 .array/port v0x63a28dc9b490, 7643;
v0x63a28dc9b490_7644 .array/port v0x63a28dc9b490, 7644;
v0x63a28dc9b490_7645 .array/port v0x63a28dc9b490, 7645;
v0x63a28dc9b490_7646 .array/port v0x63a28dc9b490, 7646;
E_0x63a28dcbf3d0/1911 .event anyedge, v0x63a28dc9b490_7643, v0x63a28dc9b490_7644, v0x63a28dc9b490_7645, v0x63a28dc9b490_7646;
v0x63a28dc9b490_7647 .array/port v0x63a28dc9b490, 7647;
v0x63a28dc9b490_7648 .array/port v0x63a28dc9b490, 7648;
v0x63a28dc9b490_7649 .array/port v0x63a28dc9b490, 7649;
v0x63a28dc9b490_7650 .array/port v0x63a28dc9b490, 7650;
E_0x63a28dcbf3d0/1912 .event anyedge, v0x63a28dc9b490_7647, v0x63a28dc9b490_7648, v0x63a28dc9b490_7649, v0x63a28dc9b490_7650;
v0x63a28dc9b490_7651 .array/port v0x63a28dc9b490, 7651;
v0x63a28dc9b490_7652 .array/port v0x63a28dc9b490, 7652;
v0x63a28dc9b490_7653 .array/port v0x63a28dc9b490, 7653;
v0x63a28dc9b490_7654 .array/port v0x63a28dc9b490, 7654;
E_0x63a28dcbf3d0/1913 .event anyedge, v0x63a28dc9b490_7651, v0x63a28dc9b490_7652, v0x63a28dc9b490_7653, v0x63a28dc9b490_7654;
v0x63a28dc9b490_7655 .array/port v0x63a28dc9b490, 7655;
v0x63a28dc9b490_7656 .array/port v0x63a28dc9b490, 7656;
v0x63a28dc9b490_7657 .array/port v0x63a28dc9b490, 7657;
v0x63a28dc9b490_7658 .array/port v0x63a28dc9b490, 7658;
E_0x63a28dcbf3d0/1914 .event anyedge, v0x63a28dc9b490_7655, v0x63a28dc9b490_7656, v0x63a28dc9b490_7657, v0x63a28dc9b490_7658;
v0x63a28dc9b490_7659 .array/port v0x63a28dc9b490, 7659;
v0x63a28dc9b490_7660 .array/port v0x63a28dc9b490, 7660;
v0x63a28dc9b490_7661 .array/port v0x63a28dc9b490, 7661;
v0x63a28dc9b490_7662 .array/port v0x63a28dc9b490, 7662;
E_0x63a28dcbf3d0/1915 .event anyedge, v0x63a28dc9b490_7659, v0x63a28dc9b490_7660, v0x63a28dc9b490_7661, v0x63a28dc9b490_7662;
v0x63a28dc9b490_7663 .array/port v0x63a28dc9b490, 7663;
v0x63a28dc9b490_7664 .array/port v0x63a28dc9b490, 7664;
v0x63a28dc9b490_7665 .array/port v0x63a28dc9b490, 7665;
v0x63a28dc9b490_7666 .array/port v0x63a28dc9b490, 7666;
E_0x63a28dcbf3d0/1916 .event anyedge, v0x63a28dc9b490_7663, v0x63a28dc9b490_7664, v0x63a28dc9b490_7665, v0x63a28dc9b490_7666;
v0x63a28dc9b490_7667 .array/port v0x63a28dc9b490, 7667;
v0x63a28dc9b490_7668 .array/port v0x63a28dc9b490, 7668;
v0x63a28dc9b490_7669 .array/port v0x63a28dc9b490, 7669;
v0x63a28dc9b490_7670 .array/port v0x63a28dc9b490, 7670;
E_0x63a28dcbf3d0/1917 .event anyedge, v0x63a28dc9b490_7667, v0x63a28dc9b490_7668, v0x63a28dc9b490_7669, v0x63a28dc9b490_7670;
v0x63a28dc9b490_7671 .array/port v0x63a28dc9b490, 7671;
v0x63a28dc9b490_7672 .array/port v0x63a28dc9b490, 7672;
v0x63a28dc9b490_7673 .array/port v0x63a28dc9b490, 7673;
v0x63a28dc9b490_7674 .array/port v0x63a28dc9b490, 7674;
E_0x63a28dcbf3d0/1918 .event anyedge, v0x63a28dc9b490_7671, v0x63a28dc9b490_7672, v0x63a28dc9b490_7673, v0x63a28dc9b490_7674;
v0x63a28dc9b490_7675 .array/port v0x63a28dc9b490, 7675;
v0x63a28dc9b490_7676 .array/port v0x63a28dc9b490, 7676;
v0x63a28dc9b490_7677 .array/port v0x63a28dc9b490, 7677;
v0x63a28dc9b490_7678 .array/port v0x63a28dc9b490, 7678;
E_0x63a28dcbf3d0/1919 .event anyedge, v0x63a28dc9b490_7675, v0x63a28dc9b490_7676, v0x63a28dc9b490_7677, v0x63a28dc9b490_7678;
v0x63a28dc9b490_7679 .array/port v0x63a28dc9b490, 7679;
v0x63a28dc9b490_7680 .array/port v0x63a28dc9b490, 7680;
v0x63a28dc9b490_7681 .array/port v0x63a28dc9b490, 7681;
v0x63a28dc9b490_7682 .array/port v0x63a28dc9b490, 7682;
E_0x63a28dcbf3d0/1920 .event anyedge, v0x63a28dc9b490_7679, v0x63a28dc9b490_7680, v0x63a28dc9b490_7681, v0x63a28dc9b490_7682;
v0x63a28dc9b490_7683 .array/port v0x63a28dc9b490, 7683;
v0x63a28dc9b490_7684 .array/port v0x63a28dc9b490, 7684;
v0x63a28dc9b490_7685 .array/port v0x63a28dc9b490, 7685;
v0x63a28dc9b490_7686 .array/port v0x63a28dc9b490, 7686;
E_0x63a28dcbf3d0/1921 .event anyedge, v0x63a28dc9b490_7683, v0x63a28dc9b490_7684, v0x63a28dc9b490_7685, v0x63a28dc9b490_7686;
v0x63a28dc9b490_7687 .array/port v0x63a28dc9b490, 7687;
v0x63a28dc9b490_7688 .array/port v0x63a28dc9b490, 7688;
v0x63a28dc9b490_7689 .array/port v0x63a28dc9b490, 7689;
v0x63a28dc9b490_7690 .array/port v0x63a28dc9b490, 7690;
E_0x63a28dcbf3d0/1922 .event anyedge, v0x63a28dc9b490_7687, v0x63a28dc9b490_7688, v0x63a28dc9b490_7689, v0x63a28dc9b490_7690;
v0x63a28dc9b490_7691 .array/port v0x63a28dc9b490, 7691;
v0x63a28dc9b490_7692 .array/port v0x63a28dc9b490, 7692;
v0x63a28dc9b490_7693 .array/port v0x63a28dc9b490, 7693;
v0x63a28dc9b490_7694 .array/port v0x63a28dc9b490, 7694;
E_0x63a28dcbf3d0/1923 .event anyedge, v0x63a28dc9b490_7691, v0x63a28dc9b490_7692, v0x63a28dc9b490_7693, v0x63a28dc9b490_7694;
v0x63a28dc9b490_7695 .array/port v0x63a28dc9b490, 7695;
v0x63a28dc9b490_7696 .array/port v0x63a28dc9b490, 7696;
v0x63a28dc9b490_7697 .array/port v0x63a28dc9b490, 7697;
v0x63a28dc9b490_7698 .array/port v0x63a28dc9b490, 7698;
E_0x63a28dcbf3d0/1924 .event anyedge, v0x63a28dc9b490_7695, v0x63a28dc9b490_7696, v0x63a28dc9b490_7697, v0x63a28dc9b490_7698;
v0x63a28dc9b490_7699 .array/port v0x63a28dc9b490, 7699;
v0x63a28dc9b490_7700 .array/port v0x63a28dc9b490, 7700;
v0x63a28dc9b490_7701 .array/port v0x63a28dc9b490, 7701;
v0x63a28dc9b490_7702 .array/port v0x63a28dc9b490, 7702;
E_0x63a28dcbf3d0/1925 .event anyedge, v0x63a28dc9b490_7699, v0x63a28dc9b490_7700, v0x63a28dc9b490_7701, v0x63a28dc9b490_7702;
v0x63a28dc9b490_7703 .array/port v0x63a28dc9b490, 7703;
v0x63a28dc9b490_7704 .array/port v0x63a28dc9b490, 7704;
v0x63a28dc9b490_7705 .array/port v0x63a28dc9b490, 7705;
v0x63a28dc9b490_7706 .array/port v0x63a28dc9b490, 7706;
E_0x63a28dcbf3d0/1926 .event anyedge, v0x63a28dc9b490_7703, v0x63a28dc9b490_7704, v0x63a28dc9b490_7705, v0x63a28dc9b490_7706;
v0x63a28dc9b490_7707 .array/port v0x63a28dc9b490, 7707;
v0x63a28dc9b490_7708 .array/port v0x63a28dc9b490, 7708;
v0x63a28dc9b490_7709 .array/port v0x63a28dc9b490, 7709;
v0x63a28dc9b490_7710 .array/port v0x63a28dc9b490, 7710;
E_0x63a28dcbf3d0/1927 .event anyedge, v0x63a28dc9b490_7707, v0x63a28dc9b490_7708, v0x63a28dc9b490_7709, v0x63a28dc9b490_7710;
v0x63a28dc9b490_7711 .array/port v0x63a28dc9b490, 7711;
v0x63a28dc9b490_7712 .array/port v0x63a28dc9b490, 7712;
v0x63a28dc9b490_7713 .array/port v0x63a28dc9b490, 7713;
v0x63a28dc9b490_7714 .array/port v0x63a28dc9b490, 7714;
E_0x63a28dcbf3d0/1928 .event anyedge, v0x63a28dc9b490_7711, v0x63a28dc9b490_7712, v0x63a28dc9b490_7713, v0x63a28dc9b490_7714;
v0x63a28dc9b490_7715 .array/port v0x63a28dc9b490, 7715;
v0x63a28dc9b490_7716 .array/port v0x63a28dc9b490, 7716;
v0x63a28dc9b490_7717 .array/port v0x63a28dc9b490, 7717;
v0x63a28dc9b490_7718 .array/port v0x63a28dc9b490, 7718;
E_0x63a28dcbf3d0/1929 .event anyedge, v0x63a28dc9b490_7715, v0x63a28dc9b490_7716, v0x63a28dc9b490_7717, v0x63a28dc9b490_7718;
v0x63a28dc9b490_7719 .array/port v0x63a28dc9b490, 7719;
v0x63a28dc9b490_7720 .array/port v0x63a28dc9b490, 7720;
v0x63a28dc9b490_7721 .array/port v0x63a28dc9b490, 7721;
v0x63a28dc9b490_7722 .array/port v0x63a28dc9b490, 7722;
E_0x63a28dcbf3d0/1930 .event anyedge, v0x63a28dc9b490_7719, v0x63a28dc9b490_7720, v0x63a28dc9b490_7721, v0x63a28dc9b490_7722;
v0x63a28dc9b490_7723 .array/port v0x63a28dc9b490, 7723;
v0x63a28dc9b490_7724 .array/port v0x63a28dc9b490, 7724;
v0x63a28dc9b490_7725 .array/port v0x63a28dc9b490, 7725;
v0x63a28dc9b490_7726 .array/port v0x63a28dc9b490, 7726;
E_0x63a28dcbf3d0/1931 .event anyedge, v0x63a28dc9b490_7723, v0x63a28dc9b490_7724, v0x63a28dc9b490_7725, v0x63a28dc9b490_7726;
v0x63a28dc9b490_7727 .array/port v0x63a28dc9b490, 7727;
v0x63a28dc9b490_7728 .array/port v0x63a28dc9b490, 7728;
v0x63a28dc9b490_7729 .array/port v0x63a28dc9b490, 7729;
v0x63a28dc9b490_7730 .array/port v0x63a28dc9b490, 7730;
E_0x63a28dcbf3d0/1932 .event anyedge, v0x63a28dc9b490_7727, v0x63a28dc9b490_7728, v0x63a28dc9b490_7729, v0x63a28dc9b490_7730;
v0x63a28dc9b490_7731 .array/port v0x63a28dc9b490, 7731;
v0x63a28dc9b490_7732 .array/port v0x63a28dc9b490, 7732;
v0x63a28dc9b490_7733 .array/port v0x63a28dc9b490, 7733;
v0x63a28dc9b490_7734 .array/port v0x63a28dc9b490, 7734;
E_0x63a28dcbf3d0/1933 .event anyedge, v0x63a28dc9b490_7731, v0x63a28dc9b490_7732, v0x63a28dc9b490_7733, v0x63a28dc9b490_7734;
v0x63a28dc9b490_7735 .array/port v0x63a28dc9b490, 7735;
v0x63a28dc9b490_7736 .array/port v0x63a28dc9b490, 7736;
v0x63a28dc9b490_7737 .array/port v0x63a28dc9b490, 7737;
v0x63a28dc9b490_7738 .array/port v0x63a28dc9b490, 7738;
E_0x63a28dcbf3d0/1934 .event anyedge, v0x63a28dc9b490_7735, v0x63a28dc9b490_7736, v0x63a28dc9b490_7737, v0x63a28dc9b490_7738;
v0x63a28dc9b490_7739 .array/port v0x63a28dc9b490, 7739;
v0x63a28dc9b490_7740 .array/port v0x63a28dc9b490, 7740;
v0x63a28dc9b490_7741 .array/port v0x63a28dc9b490, 7741;
v0x63a28dc9b490_7742 .array/port v0x63a28dc9b490, 7742;
E_0x63a28dcbf3d0/1935 .event anyedge, v0x63a28dc9b490_7739, v0x63a28dc9b490_7740, v0x63a28dc9b490_7741, v0x63a28dc9b490_7742;
v0x63a28dc9b490_7743 .array/port v0x63a28dc9b490, 7743;
v0x63a28dc9b490_7744 .array/port v0x63a28dc9b490, 7744;
v0x63a28dc9b490_7745 .array/port v0x63a28dc9b490, 7745;
v0x63a28dc9b490_7746 .array/port v0x63a28dc9b490, 7746;
E_0x63a28dcbf3d0/1936 .event anyedge, v0x63a28dc9b490_7743, v0x63a28dc9b490_7744, v0x63a28dc9b490_7745, v0x63a28dc9b490_7746;
v0x63a28dc9b490_7747 .array/port v0x63a28dc9b490, 7747;
v0x63a28dc9b490_7748 .array/port v0x63a28dc9b490, 7748;
v0x63a28dc9b490_7749 .array/port v0x63a28dc9b490, 7749;
v0x63a28dc9b490_7750 .array/port v0x63a28dc9b490, 7750;
E_0x63a28dcbf3d0/1937 .event anyedge, v0x63a28dc9b490_7747, v0x63a28dc9b490_7748, v0x63a28dc9b490_7749, v0x63a28dc9b490_7750;
v0x63a28dc9b490_7751 .array/port v0x63a28dc9b490, 7751;
v0x63a28dc9b490_7752 .array/port v0x63a28dc9b490, 7752;
v0x63a28dc9b490_7753 .array/port v0x63a28dc9b490, 7753;
v0x63a28dc9b490_7754 .array/port v0x63a28dc9b490, 7754;
E_0x63a28dcbf3d0/1938 .event anyedge, v0x63a28dc9b490_7751, v0x63a28dc9b490_7752, v0x63a28dc9b490_7753, v0x63a28dc9b490_7754;
v0x63a28dc9b490_7755 .array/port v0x63a28dc9b490, 7755;
v0x63a28dc9b490_7756 .array/port v0x63a28dc9b490, 7756;
v0x63a28dc9b490_7757 .array/port v0x63a28dc9b490, 7757;
v0x63a28dc9b490_7758 .array/port v0x63a28dc9b490, 7758;
E_0x63a28dcbf3d0/1939 .event anyedge, v0x63a28dc9b490_7755, v0x63a28dc9b490_7756, v0x63a28dc9b490_7757, v0x63a28dc9b490_7758;
v0x63a28dc9b490_7759 .array/port v0x63a28dc9b490, 7759;
v0x63a28dc9b490_7760 .array/port v0x63a28dc9b490, 7760;
v0x63a28dc9b490_7761 .array/port v0x63a28dc9b490, 7761;
v0x63a28dc9b490_7762 .array/port v0x63a28dc9b490, 7762;
E_0x63a28dcbf3d0/1940 .event anyedge, v0x63a28dc9b490_7759, v0x63a28dc9b490_7760, v0x63a28dc9b490_7761, v0x63a28dc9b490_7762;
v0x63a28dc9b490_7763 .array/port v0x63a28dc9b490, 7763;
v0x63a28dc9b490_7764 .array/port v0x63a28dc9b490, 7764;
v0x63a28dc9b490_7765 .array/port v0x63a28dc9b490, 7765;
v0x63a28dc9b490_7766 .array/port v0x63a28dc9b490, 7766;
E_0x63a28dcbf3d0/1941 .event anyedge, v0x63a28dc9b490_7763, v0x63a28dc9b490_7764, v0x63a28dc9b490_7765, v0x63a28dc9b490_7766;
v0x63a28dc9b490_7767 .array/port v0x63a28dc9b490, 7767;
v0x63a28dc9b490_7768 .array/port v0x63a28dc9b490, 7768;
v0x63a28dc9b490_7769 .array/port v0x63a28dc9b490, 7769;
v0x63a28dc9b490_7770 .array/port v0x63a28dc9b490, 7770;
E_0x63a28dcbf3d0/1942 .event anyedge, v0x63a28dc9b490_7767, v0x63a28dc9b490_7768, v0x63a28dc9b490_7769, v0x63a28dc9b490_7770;
v0x63a28dc9b490_7771 .array/port v0x63a28dc9b490, 7771;
v0x63a28dc9b490_7772 .array/port v0x63a28dc9b490, 7772;
v0x63a28dc9b490_7773 .array/port v0x63a28dc9b490, 7773;
v0x63a28dc9b490_7774 .array/port v0x63a28dc9b490, 7774;
E_0x63a28dcbf3d0/1943 .event anyedge, v0x63a28dc9b490_7771, v0x63a28dc9b490_7772, v0x63a28dc9b490_7773, v0x63a28dc9b490_7774;
v0x63a28dc9b490_7775 .array/port v0x63a28dc9b490, 7775;
v0x63a28dc9b490_7776 .array/port v0x63a28dc9b490, 7776;
v0x63a28dc9b490_7777 .array/port v0x63a28dc9b490, 7777;
v0x63a28dc9b490_7778 .array/port v0x63a28dc9b490, 7778;
E_0x63a28dcbf3d0/1944 .event anyedge, v0x63a28dc9b490_7775, v0x63a28dc9b490_7776, v0x63a28dc9b490_7777, v0x63a28dc9b490_7778;
v0x63a28dc9b490_7779 .array/port v0x63a28dc9b490, 7779;
v0x63a28dc9b490_7780 .array/port v0x63a28dc9b490, 7780;
v0x63a28dc9b490_7781 .array/port v0x63a28dc9b490, 7781;
v0x63a28dc9b490_7782 .array/port v0x63a28dc9b490, 7782;
E_0x63a28dcbf3d0/1945 .event anyedge, v0x63a28dc9b490_7779, v0x63a28dc9b490_7780, v0x63a28dc9b490_7781, v0x63a28dc9b490_7782;
v0x63a28dc9b490_7783 .array/port v0x63a28dc9b490, 7783;
v0x63a28dc9b490_7784 .array/port v0x63a28dc9b490, 7784;
v0x63a28dc9b490_7785 .array/port v0x63a28dc9b490, 7785;
v0x63a28dc9b490_7786 .array/port v0x63a28dc9b490, 7786;
E_0x63a28dcbf3d0/1946 .event anyedge, v0x63a28dc9b490_7783, v0x63a28dc9b490_7784, v0x63a28dc9b490_7785, v0x63a28dc9b490_7786;
v0x63a28dc9b490_7787 .array/port v0x63a28dc9b490, 7787;
v0x63a28dc9b490_7788 .array/port v0x63a28dc9b490, 7788;
v0x63a28dc9b490_7789 .array/port v0x63a28dc9b490, 7789;
v0x63a28dc9b490_7790 .array/port v0x63a28dc9b490, 7790;
E_0x63a28dcbf3d0/1947 .event anyedge, v0x63a28dc9b490_7787, v0x63a28dc9b490_7788, v0x63a28dc9b490_7789, v0x63a28dc9b490_7790;
v0x63a28dc9b490_7791 .array/port v0x63a28dc9b490, 7791;
v0x63a28dc9b490_7792 .array/port v0x63a28dc9b490, 7792;
v0x63a28dc9b490_7793 .array/port v0x63a28dc9b490, 7793;
v0x63a28dc9b490_7794 .array/port v0x63a28dc9b490, 7794;
E_0x63a28dcbf3d0/1948 .event anyedge, v0x63a28dc9b490_7791, v0x63a28dc9b490_7792, v0x63a28dc9b490_7793, v0x63a28dc9b490_7794;
v0x63a28dc9b490_7795 .array/port v0x63a28dc9b490, 7795;
v0x63a28dc9b490_7796 .array/port v0x63a28dc9b490, 7796;
v0x63a28dc9b490_7797 .array/port v0x63a28dc9b490, 7797;
v0x63a28dc9b490_7798 .array/port v0x63a28dc9b490, 7798;
E_0x63a28dcbf3d0/1949 .event anyedge, v0x63a28dc9b490_7795, v0x63a28dc9b490_7796, v0x63a28dc9b490_7797, v0x63a28dc9b490_7798;
v0x63a28dc9b490_7799 .array/port v0x63a28dc9b490, 7799;
v0x63a28dc9b490_7800 .array/port v0x63a28dc9b490, 7800;
v0x63a28dc9b490_7801 .array/port v0x63a28dc9b490, 7801;
v0x63a28dc9b490_7802 .array/port v0x63a28dc9b490, 7802;
E_0x63a28dcbf3d0/1950 .event anyedge, v0x63a28dc9b490_7799, v0x63a28dc9b490_7800, v0x63a28dc9b490_7801, v0x63a28dc9b490_7802;
v0x63a28dc9b490_7803 .array/port v0x63a28dc9b490, 7803;
v0x63a28dc9b490_7804 .array/port v0x63a28dc9b490, 7804;
v0x63a28dc9b490_7805 .array/port v0x63a28dc9b490, 7805;
v0x63a28dc9b490_7806 .array/port v0x63a28dc9b490, 7806;
E_0x63a28dcbf3d0/1951 .event anyedge, v0x63a28dc9b490_7803, v0x63a28dc9b490_7804, v0x63a28dc9b490_7805, v0x63a28dc9b490_7806;
v0x63a28dc9b490_7807 .array/port v0x63a28dc9b490, 7807;
v0x63a28dc9b490_7808 .array/port v0x63a28dc9b490, 7808;
v0x63a28dc9b490_7809 .array/port v0x63a28dc9b490, 7809;
v0x63a28dc9b490_7810 .array/port v0x63a28dc9b490, 7810;
E_0x63a28dcbf3d0/1952 .event anyedge, v0x63a28dc9b490_7807, v0x63a28dc9b490_7808, v0x63a28dc9b490_7809, v0x63a28dc9b490_7810;
v0x63a28dc9b490_7811 .array/port v0x63a28dc9b490, 7811;
v0x63a28dc9b490_7812 .array/port v0x63a28dc9b490, 7812;
v0x63a28dc9b490_7813 .array/port v0x63a28dc9b490, 7813;
v0x63a28dc9b490_7814 .array/port v0x63a28dc9b490, 7814;
E_0x63a28dcbf3d0/1953 .event anyedge, v0x63a28dc9b490_7811, v0x63a28dc9b490_7812, v0x63a28dc9b490_7813, v0x63a28dc9b490_7814;
v0x63a28dc9b490_7815 .array/port v0x63a28dc9b490, 7815;
v0x63a28dc9b490_7816 .array/port v0x63a28dc9b490, 7816;
v0x63a28dc9b490_7817 .array/port v0x63a28dc9b490, 7817;
v0x63a28dc9b490_7818 .array/port v0x63a28dc9b490, 7818;
E_0x63a28dcbf3d0/1954 .event anyedge, v0x63a28dc9b490_7815, v0x63a28dc9b490_7816, v0x63a28dc9b490_7817, v0x63a28dc9b490_7818;
v0x63a28dc9b490_7819 .array/port v0x63a28dc9b490, 7819;
v0x63a28dc9b490_7820 .array/port v0x63a28dc9b490, 7820;
v0x63a28dc9b490_7821 .array/port v0x63a28dc9b490, 7821;
v0x63a28dc9b490_7822 .array/port v0x63a28dc9b490, 7822;
E_0x63a28dcbf3d0/1955 .event anyedge, v0x63a28dc9b490_7819, v0x63a28dc9b490_7820, v0x63a28dc9b490_7821, v0x63a28dc9b490_7822;
v0x63a28dc9b490_7823 .array/port v0x63a28dc9b490, 7823;
v0x63a28dc9b490_7824 .array/port v0x63a28dc9b490, 7824;
v0x63a28dc9b490_7825 .array/port v0x63a28dc9b490, 7825;
v0x63a28dc9b490_7826 .array/port v0x63a28dc9b490, 7826;
E_0x63a28dcbf3d0/1956 .event anyedge, v0x63a28dc9b490_7823, v0x63a28dc9b490_7824, v0x63a28dc9b490_7825, v0x63a28dc9b490_7826;
v0x63a28dc9b490_7827 .array/port v0x63a28dc9b490, 7827;
v0x63a28dc9b490_7828 .array/port v0x63a28dc9b490, 7828;
v0x63a28dc9b490_7829 .array/port v0x63a28dc9b490, 7829;
v0x63a28dc9b490_7830 .array/port v0x63a28dc9b490, 7830;
E_0x63a28dcbf3d0/1957 .event anyedge, v0x63a28dc9b490_7827, v0x63a28dc9b490_7828, v0x63a28dc9b490_7829, v0x63a28dc9b490_7830;
v0x63a28dc9b490_7831 .array/port v0x63a28dc9b490, 7831;
v0x63a28dc9b490_7832 .array/port v0x63a28dc9b490, 7832;
v0x63a28dc9b490_7833 .array/port v0x63a28dc9b490, 7833;
v0x63a28dc9b490_7834 .array/port v0x63a28dc9b490, 7834;
E_0x63a28dcbf3d0/1958 .event anyedge, v0x63a28dc9b490_7831, v0x63a28dc9b490_7832, v0x63a28dc9b490_7833, v0x63a28dc9b490_7834;
v0x63a28dc9b490_7835 .array/port v0x63a28dc9b490, 7835;
v0x63a28dc9b490_7836 .array/port v0x63a28dc9b490, 7836;
v0x63a28dc9b490_7837 .array/port v0x63a28dc9b490, 7837;
v0x63a28dc9b490_7838 .array/port v0x63a28dc9b490, 7838;
E_0x63a28dcbf3d0/1959 .event anyedge, v0x63a28dc9b490_7835, v0x63a28dc9b490_7836, v0x63a28dc9b490_7837, v0x63a28dc9b490_7838;
v0x63a28dc9b490_7839 .array/port v0x63a28dc9b490, 7839;
v0x63a28dc9b490_7840 .array/port v0x63a28dc9b490, 7840;
v0x63a28dc9b490_7841 .array/port v0x63a28dc9b490, 7841;
v0x63a28dc9b490_7842 .array/port v0x63a28dc9b490, 7842;
E_0x63a28dcbf3d0/1960 .event anyedge, v0x63a28dc9b490_7839, v0x63a28dc9b490_7840, v0x63a28dc9b490_7841, v0x63a28dc9b490_7842;
v0x63a28dc9b490_7843 .array/port v0x63a28dc9b490, 7843;
v0x63a28dc9b490_7844 .array/port v0x63a28dc9b490, 7844;
v0x63a28dc9b490_7845 .array/port v0x63a28dc9b490, 7845;
v0x63a28dc9b490_7846 .array/port v0x63a28dc9b490, 7846;
E_0x63a28dcbf3d0/1961 .event anyedge, v0x63a28dc9b490_7843, v0x63a28dc9b490_7844, v0x63a28dc9b490_7845, v0x63a28dc9b490_7846;
v0x63a28dc9b490_7847 .array/port v0x63a28dc9b490, 7847;
v0x63a28dc9b490_7848 .array/port v0x63a28dc9b490, 7848;
v0x63a28dc9b490_7849 .array/port v0x63a28dc9b490, 7849;
v0x63a28dc9b490_7850 .array/port v0x63a28dc9b490, 7850;
E_0x63a28dcbf3d0/1962 .event anyedge, v0x63a28dc9b490_7847, v0x63a28dc9b490_7848, v0x63a28dc9b490_7849, v0x63a28dc9b490_7850;
v0x63a28dc9b490_7851 .array/port v0x63a28dc9b490, 7851;
v0x63a28dc9b490_7852 .array/port v0x63a28dc9b490, 7852;
v0x63a28dc9b490_7853 .array/port v0x63a28dc9b490, 7853;
v0x63a28dc9b490_7854 .array/port v0x63a28dc9b490, 7854;
E_0x63a28dcbf3d0/1963 .event anyedge, v0x63a28dc9b490_7851, v0x63a28dc9b490_7852, v0x63a28dc9b490_7853, v0x63a28dc9b490_7854;
v0x63a28dc9b490_7855 .array/port v0x63a28dc9b490, 7855;
v0x63a28dc9b490_7856 .array/port v0x63a28dc9b490, 7856;
v0x63a28dc9b490_7857 .array/port v0x63a28dc9b490, 7857;
v0x63a28dc9b490_7858 .array/port v0x63a28dc9b490, 7858;
E_0x63a28dcbf3d0/1964 .event anyedge, v0x63a28dc9b490_7855, v0x63a28dc9b490_7856, v0x63a28dc9b490_7857, v0x63a28dc9b490_7858;
v0x63a28dc9b490_7859 .array/port v0x63a28dc9b490, 7859;
v0x63a28dc9b490_7860 .array/port v0x63a28dc9b490, 7860;
v0x63a28dc9b490_7861 .array/port v0x63a28dc9b490, 7861;
v0x63a28dc9b490_7862 .array/port v0x63a28dc9b490, 7862;
E_0x63a28dcbf3d0/1965 .event anyedge, v0x63a28dc9b490_7859, v0x63a28dc9b490_7860, v0x63a28dc9b490_7861, v0x63a28dc9b490_7862;
v0x63a28dc9b490_7863 .array/port v0x63a28dc9b490, 7863;
v0x63a28dc9b490_7864 .array/port v0x63a28dc9b490, 7864;
v0x63a28dc9b490_7865 .array/port v0x63a28dc9b490, 7865;
v0x63a28dc9b490_7866 .array/port v0x63a28dc9b490, 7866;
E_0x63a28dcbf3d0/1966 .event anyedge, v0x63a28dc9b490_7863, v0x63a28dc9b490_7864, v0x63a28dc9b490_7865, v0x63a28dc9b490_7866;
v0x63a28dc9b490_7867 .array/port v0x63a28dc9b490, 7867;
v0x63a28dc9b490_7868 .array/port v0x63a28dc9b490, 7868;
v0x63a28dc9b490_7869 .array/port v0x63a28dc9b490, 7869;
v0x63a28dc9b490_7870 .array/port v0x63a28dc9b490, 7870;
E_0x63a28dcbf3d0/1967 .event anyedge, v0x63a28dc9b490_7867, v0x63a28dc9b490_7868, v0x63a28dc9b490_7869, v0x63a28dc9b490_7870;
v0x63a28dc9b490_7871 .array/port v0x63a28dc9b490, 7871;
v0x63a28dc9b490_7872 .array/port v0x63a28dc9b490, 7872;
v0x63a28dc9b490_7873 .array/port v0x63a28dc9b490, 7873;
v0x63a28dc9b490_7874 .array/port v0x63a28dc9b490, 7874;
E_0x63a28dcbf3d0/1968 .event anyedge, v0x63a28dc9b490_7871, v0x63a28dc9b490_7872, v0x63a28dc9b490_7873, v0x63a28dc9b490_7874;
v0x63a28dc9b490_7875 .array/port v0x63a28dc9b490, 7875;
v0x63a28dc9b490_7876 .array/port v0x63a28dc9b490, 7876;
v0x63a28dc9b490_7877 .array/port v0x63a28dc9b490, 7877;
v0x63a28dc9b490_7878 .array/port v0x63a28dc9b490, 7878;
E_0x63a28dcbf3d0/1969 .event anyedge, v0x63a28dc9b490_7875, v0x63a28dc9b490_7876, v0x63a28dc9b490_7877, v0x63a28dc9b490_7878;
v0x63a28dc9b490_7879 .array/port v0x63a28dc9b490, 7879;
v0x63a28dc9b490_7880 .array/port v0x63a28dc9b490, 7880;
v0x63a28dc9b490_7881 .array/port v0x63a28dc9b490, 7881;
v0x63a28dc9b490_7882 .array/port v0x63a28dc9b490, 7882;
E_0x63a28dcbf3d0/1970 .event anyedge, v0x63a28dc9b490_7879, v0x63a28dc9b490_7880, v0x63a28dc9b490_7881, v0x63a28dc9b490_7882;
v0x63a28dc9b490_7883 .array/port v0x63a28dc9b490, 7883;
v0x63a28dc9b490_7884 .array/port v0x63a28dc9b490, 7884;
v0x63a28dc9b490_7885 .array/port v0x63a28dc9b490, 7885;
v0x63a28dc9b490_7886 .array/port v0x63a28dc9b490, 7886;
E_0x63a28dcbf3d0/1971 .event anyedge, v0x63a28dc9b490_7883, v0x63a28dc9b490_7884, v0x63a28dc9b490_7885, v0x63a28dc9b490_7886;
v0x63a28dc9b490_7887 .array/port v0x63a28dc9b490, 7887;
v0x63a28dc9b490_7888 .array/port v0x63a28dc9b490, 7888;
v0x63a28dc9b490_7889 .array/port v0x63a28dc9b490, 7889;
v0x63a28dc9b490_7890 .array/port v0x63a28dc9b490, 7890;
E_0x63a28dcbf3d0/1972 .event anyedge, v0x63a28dc9b490_7887, v0x63a28dc9b490_7888, v0x63a28dc9b490_7889, v0x63a28dc9b490_7890;
v0x63a28dc9b490_7891 .array/port v0x63a28dc9b490, 7891;
v0x63a28dc9b490_7892 .array/port v0x63a28dc9b490, 7892;
v0x63a28dc9b490_7893 .array/port v0x63a28dc9b490, 7893;
v0x63a28dc9b490_7894 .array/port v0x63a28dc9b490, 7894;
E_0x63a28dcbf3d0/1973 .event anyedge, v0x63a28dc9b490_7891, v0x63a28dc9b490_7892, v0x63a28dc9b490_7893, v0x63a28dc9b490_7894;
v0x63a28dc9b490_7895 .array/port v0x63a28dc9b490, 7895;
v0x63a28dc9b490_7896 .array/port v0x63a28dc9b490, 7896;
v0x63a28dc9b490_7897 .array/port v0x63a28dc9b490, 7897;
v0x63a28dc9b490_7898 .array/port v0x63a28dc9b490, 7898;
E_0x63a28dcbf3d0/1974 .event anyedge, v0x63a28dc9b490_7895, v0x63a28dc9b490_7896, v0x63a28dc9b490_7897, v0x63a28dc9b490_7898;
v0x63a28dc9b490_7899 .array/port v0x63a28dc9b490, 7899;
v0x63a28dc9b490_7900 .array/port v0x63a28dc9b490, 7900;
v0x63a28dc9b490_7901 .array/port v0x63a28dc9b490, 7901;
v0x63a28dc9b490_7902 .array/port v0x63a28dc9b490, 7902;
E_0x63a28dcbf3d0/1975 .event anyedge, v0x63a28dc9b490_7899, v0x63a28dc9b490_7900, v0x63a28dc9b490_7901, v0x63a28dc9b490_7902;
v0x63a28dc9b490_7903 .array/port v0x63a28dc9b490, 7903;
v0x63a28dc9b490_7904 .array/port v0x63a28dc9b490, 7904;
v0x63a28dc9b490_7905 .array/port v0x63a28dc9b490, 7905;
v0x63a28dc9b490_7906 .array/port v0x63a28dc9b490, 7906;
E_0x63a28dcbf3d0/1976 .event anyedge, v0x63a28dc9b490_7903, v0x63a28dc9b490_7904, v0x63a28dc9b490_7905, v0x63a28dc9b490_7906;
v0x63a28dc9b490_7907 .array/port v0x63a28dc9b490, 7907;
v0x63a28dc9b490_7908 .array/port v0x63a28dc9b490, 7908;
v0x63a28dc9b490_7909 .array/port v0x63a28dc9b490, 7909;
v0x63a28dc9b490_7910 .array/port v0x63a28dc9b490, 7910;
E_0x63a28dcbf3d0/1977 .event anyedge, v0x63a28dc9b490_7907, v0x63a28dc9b490_7908, v0x63a28dc9b490_7909, v0x63a28dc9b490_7910;
v0x63a28dc9b490_7911 .array/port v0x63a28dc9b490, 7911;
v0x63a28dc9b490_7912 .array/port v0x63a28dc9b490, 7912;
v0x63a28dc9b490_7913 .array/port v0x63a28dc9b490, 7913;
v0x63a28dc9b490_7914 .array/port v0x63a28dc9b490, 7914;
E_0x63a28dcbf3d0/1978 .event anyedge, v0x63a28dc9b490_7911, v0x63a28dc9b490_7912, v0x63a28dc9b490_7913, v0x63a28dc9b490_7914;
v0x63a28dc9b490_7915 .array/port v0x63a28dc9b490, 7915;
v0x63a28dc9b490_7916 .array/port v0x63a28dc9b490, 7916;
v0x63a28dc9b490_7917 .array/port v0x63a28dc9b490, 7917;
v0x63a28dc9b490_7918 .array/port v0x63a28dc9b490, 7918;
E_0x63a28dcbf3d0/1979 .event anyedge, v0x63a28dc9b490_7915, v0x63a28dc9b490_7916, v0x63a28dc9b490_7917, v0x63a28dc9b490_7918;
v0x63a28dc9b490_7919 .array/port v0x63a28dc9b490, 7919;
v0x63a28dc9b490_7920 .array/port v0x63a28dc9b490, 7920;
v0x63a28dc9b490_7921 .array/port v0x63a28dc9b490, 7921;
v0x63a28dc9b490_7922 .array/port v0x63a28dc9b490, 7922;
E_0x63a28dcbf3d0/1980 .event anyedge, v0x63a28dc9b490_7919, v0x63a28dc9b490_7920, v0x63a28dc9b490_7921, v0x63a28dc9b490_7922;
v0x63a28dc9b490_7923 .array/port v0x63a28dc9b490, 7923;
v0x63a28dc9b490_7924 .array/port v0x63a28dc9b490, 7924;
v0x63a28dc9b490_7925 .array/port v0x63a28dc9b490, 7925;
v0x63a28dc9b490_7926 .array/port v0x63a28dc9b490, 7926;
E_0x63a28dcbf3d0/1981 .event anyedge, v0x63a28dc9b490_7923, v0x63a28dc9b490_7924, v0x63a28dc9b490_7925, v0x63a28dc9b490_7926;
v0x63a28dc9b490_7927 .array/port v0x63a28dc9b490, 7927;
v0x63a28dc9b490_7928 .array/port v0x63a28dc9b490, 7928;
v0x63a28dc9b490_7929 .array/port v0x63a28dc9b490, 7929;
v0x63a28dc9b490_7930 .array/port v0x63a28dc9b490, 7930;
E_0x63a28dcbf3d0/1982 .event anyedge, v0x63a28dc9b490_7927, v0x63a28dc9b490_7928, v0x63a28dc9b490_7929, v0x63a28dc9b490_7930;
v0x63a28dc9b490_7931 .array/port v0x63a28dc9b490, 7931;
v0x63a28dc9b490_7932 .array/port v0x63a28dc9b490, 7932;
v0x63a28dc9b490_7933 .array/port v0x63a28dc9b490, 7933;
v0x63a28dc9b490_7934 .array/port v0x63a28dc9b490, 7934;
E_0x63a28dcbf3d0/1983 .event anyedge, v0x63a28dc9b490_7931, v0x63a28dc9b490_7932, v0x63a28dc9b490_7933, v0x63a28dc9b490_7934;
v0x63a28dc9b490_7935 .array/port v0x63a28dc9b490, 7935;
v0x63a28dc9b490_7936 .array/port v0x63a28dc9b490, 7936;
v0x63a28dc9b490_7937 .array/port v0x63a28dc9b490, 7937;
v0x63a28dc9b490_7938 .array/port v0x63a28dc9b490, 7938;
E_0x63a28dcbf3d0/1984 .event anyedge, v0x63a28dc9b490_7935, v0x63a28dc9b490_7936, v0x63a28dc9b490_7937, v0x63a28dc9b490_7938;
v0x63a28dc9b490_7939 .array/port v0x63a28dc9b490, 7939;
v0x63a28dc9b490_7940 .array/port v0x63a28dc9b490, 7940;
v0x63a28dc9b490_7941 .array/port v0x63a28dc9b490, 7941;
v0x63a28dc9b490_7942 .array/port v0x63a28dc9b490, 7942;
E_0x63a28dcbf3d0/1985 .event anyedge, v0x63a28dc9b490_7939, v0x63a28dc9b490_7940, v0x63a28dc9b490_7941, v0x63a28dc9b490_7942;
v0x63a28dc9b490_7943 .array/port v0x63a28dc9b490, 7943;
v0x63a28dc9b490_7944 .array/port v0x63a28dc9b490, 7944;
v0x63a28dc9b490_7945 .array/port v0x63a28dc9b490, 7945;
v0x63a28dc9b490_7946 .array/port v0x63a28dc9b490, 7946;
E_0x63a28dcbf3d0/1986 .event anyedge, v0x63a28dc9b490_7943, v0x63a28dc9b490_7944, v0x63a28dc9b490_7945, v0x63a28dc9b490_7946;
v0x63a28dc9b490_7947 .array/port v0x63a28dc9b490, 7947;
v0x63a28dc9b490_7948 .array/port v0x63a28dc9b490, 7948;
v0x63a28dc9b490_7949 .array/port v0x63a28dc9b490, 7949;
v0x63a28dc9b490_7950 .array/port v0x63a28dc9b490, 7950;
E_0x63a28dcbf3d0/1987 .event anyedge, v0x63a28dc9b490_7947, v0x63a28dc9b490_7948, v0x63a28dc9b490_7949, v0x63a28dc9b490_7950;
v0x63a28dc9b490_7951 .array/port v0x63a28dc9b490, 7951;
v0x63a28dc9b490_7952 .array/port v0x63a28dc9b490, 7952;
v0x63a28dc9b490_7953 .array/port v0x63a28dc9b490, 7953;
v0x63a28dc9b490_7954 .array/port v0x63a28dc9b490, 7954;
E_0x63a28dcbf3d0/1988 .event anyedge, v0x63a28dc9b490_7951, v0x63a28dc9b490_7952, v0x63a28dc9b490_7953, v0x63a28dc9b490_7954;
v0x63a28dc9b490_7955 .array/port v0x63a28dc9b490, 7955;
v0x63a28dc9b490_7956 .array/port v0x63a28dc9b490, 7956;
v0x63a28dc9b490_7957 .array/port v0x63a28dc9b490, 7957;
v0x63a28dc9b490_7958 .array/port v0x63a28dc9b490, 7958;
E_0x63a28dcbf3d0/1989 .event anyedge, v0x63a28dc9b490_7955, v0x63a28dc9b490_7956, v0x63a28dc9b490_7957, v0x63a28dc9b490_7958;
v0x63a28dc9b490_7959 .array/port v0x63a28dc9b490, 7959;
v0x63a28dc9b490_7960 .array/port v0x63a28dc9b490, 7960;
v0x63a28dc9b490_7961 .array/port v0x63a28dc9b490, 7961;
v0x63a28dc9b490_7962 .array/port v0x63a28dc9b490, 7962;
E_0x63a28dcbf3d0/1990 .event anyedge, v0x63a28dc9b490_7959, v0x63a28dc9b490_7960, v0x63a28dc9b490_7961, v0x63a28dc9b490_7962;
v0x63a28dc9b490_7963 .array/port v0x63a28dc9b490, 7963;
v0x63a28dc9b490_7964 .array/port v0x63a28dc9b490, 7964;
v0x63a28dc9b490_7965 .array/port v0x63a28dc9b490, 7965;
v0x63a28dc9b490_7966 .array/port v0x63a28dc9b490, 7966;
E_0x63a28dcbf3d0/1991 .event anyedge, v0x63a28dc9b490_7963, v0x63a28dc9b490_7964, v0x63a28dc9b490_7965, v0x63a28dc9b490_7966;
v0x63a28dc9b490_7967 .array/port v0x63a28dc9b490, 7967;
v0x63a28dc9b490_7968 .array/port v0x63a28dc9b490, 7968;
v0x63a28dc9b490_7969 .array/port v0x63a28dc9b490, 7969;
v0x63a28dc9b490_7970 .array/port v0x63a28dc9b490, 7970;
E_0x63a28dcbf3d0/1992 .event anyedge, v0x63a28dc9b490_7967, v0x63a28dc9b490_7968, v0x63a28dc9b490_7969, v0x63a28dc9b490_7970;
v0x63a28dc9b490_7971 .array/port v0x63a28dc9b490, 7971;
v0x63a28dc9b490_7972 .array/port v0x63a28dc9b490, 7972;
v0x63a28dc9b490_7973 .array/port v0x63a28dc9b490, 7973;
v0x63a28dc9b490_7974 .array/port v0x63a28dc9b490, 7974;
E_0x63a28dcbf3d0/1993 .event anyedge, v0x63a28dc9b490_7971, v0x63a28dc9b490_7972, v0x63a28dc9b490_7973, v0x63a28dc9b490_7974;
v0x63a28dc9b490_7975 .array/port v0x63a28dc9b490, 7975;
v0x63a28dc9b490_7976 .array/port v0x63a28dc9b490, 7976;
v0x63a28dc9b490_7977 .array/port v0x63a28dc9b490, 7977;
v0x63a28dc9b490_7978 .array/port v0x63a28dc9b490, 7978;
E_0x63a28dcbf3d0/1994 .event anyedge, v0x63a28dc9b490_7975, v0x63a28dc9b490_7976, v0x63a28dc9b490_7977, v0x63a28dc9b490_7978;
v0x63a28dc9b490_7979 .array/port v0x63a28dc9b490, 7979;
v0x63a28dc9b490_7980 .array/port v0x63a28dc9b490, 7980;
v0x63a28dc9b490_7981 .array/port v0x63a28dc9b490, 7981;
v0x63a28dc9b490_7982 .array/port v0x63a28dc9b490, 7982;
E_0x63a28dcbf3d0/1995 .event anyedge, v0x63a28dc9b490_7979, v0x63a28dc9b490_7980, v0x63a28dc9b490_7981, v0x63a28dc9b490_7982;
v0x63a28dc9b490_7983 .array/port v0x63a28dc9b490, 7983;
v0x63a28dc9b490_7984 .array/port v0x63a28dc9b490, 7984;
v0x63a28dc9b490_7985 .array/port v0x63a28dc9b490, 7985;
v0x63a28dc9b490_7986 .array/port v0x63a28dc9b490, 7986;
E_0x63a28dcbf3d0/1996 .event anyedge, v0x63a28dc9b490_7983, v0x63a28dc9b490_7984, v0x63a28dc9b490_7985, v0x63a28dc9b490_7986;
v0x63a28dc9b490_7987 .array/port v0x63a28dc9b490, 7987;
v0x63a28dc9b490_7988 .array/port v0x63a28dc9b490, 7988;
v0x63a28dc9b490_7989 .array/port v0x63a28dc9b490, 7989;
v0x63a28dc9b490_7990 .array/port v0x63a28dc9b490, 7990;
E_0x63a28dcbf3d0/1997 .event anyedge, v0x63a28dc9b490_7987, v0x63a28dc9b490_7988, v0x63a28dc9b490_7989, v0x63a28dc9b490_7990;
v0x63a28dc9b490_7991 .array/port v0x63a28dc9b490, 7991;
v0x63a28dc9b490_7992 .array/port v0x63a28dc9b490, 7992;
v0x63a28dc9b490_7993 .array/port v0x63a28dc9b490, 7993;
v0x63a28dc9b490_7994 .array/port v0x63a28dc9b490, 7994;
E_0x63a28dcbf3d0/1998 .event anyedge, v0x63a28dc9b490_7991, v0x63a28dc9b490_7992, v0x63a28dc9b490_7993, v0x63a28dc9b490_7994;
v0x63a28dc9b490_7995 .array/port v0x63a28dc9b490, 7995;
v0x63a28dc9b490_7996 .array/port v0x63a28dc9b490, 7996;
v0x63a28dc9b490_7997 .array/port v0x63a28dc9b490, 7997;
v0x63a28dc9b490_7998 .array/port v0x63a28dc9b490, 7998;
E_0x63a28dcbf3d0/1999 .event anyedge, v0x63a28dc9b490_7995, v0x63a28dc9b490_7996, v0x63a28dc9b490_7997, v0x63a28dc9b490_7998;
v0x63a28dc9b490_7999 .array/port v0x63a28dc9b490, 7999;
v0x63a28dc9b490_8000 .array/port v0x63a28dc9b490, 8000;
v0x63a28dc9b490_8001 .array/port v0x63a28dc9b490, 8001;
v0x63a28dc9b490_8002 .array/port v0x63a28dc9b490, 8002;
E_0x63a28dcbf3d0/2000 .event anyedge, v0x63a28dc9b490_7999, v0x63a28dc9b490_8000, v0x63a28dc9b490_8001, v0x63a28dc9b490_8002;
v0x63a28dc9b490_8003 .array/port v0x63a28dc9b490, 8003;
v0x63a28dc9b490_8004 .array/port v0x63a28dc9b490, 8004;
v0x63a28dc9b490_8005 .array/port v0x63a28dc9b490, 8005;
v0x63a28dc9b490_8006 .array/port v0x63a28dc9b490, 8006;
E_0x63a28dcbf3d0/2001 .event anyedge, v0x63a28dc9b490_8003, v0x63a28dc9b490_8004, v0x63a28dc9b490_8005, v0x63a28dc9b490_8006;
v0x63a28dc9b490_8007 .array/port v0x63a28dc9b490, 8007;
v0x63a28dc9b490_8008 .array/port v0x63a28dc9b490, 8008;
v0x63a28dc9b490_8009 .array/port v0x63a28dc9b490, 8009;
v0x63a28dc9b490_8010 .array/port v0x63a28dc9b490, 8010;
E_0x63a28dcbf3d0/2002 .event anyedge, v0x63a28dc9b490_8007, v0x63a28dc9b490_8008, v0x63a28dc9b490_8009, v0x63a28dc9b490_8010;
v0x63a28dc9b490_8011 .array/port v0x63a28dc9b490, 8011;
v0x63a28dc9b490_8012 .array/port v0x63a28dc9b490, 8012;
v0x63a28dc9b490_8013 .array/port v0x63a28dc9b490, 8013;
v0x63a28dc9b490_8014 .array/port v0x63a28dc9b490, 8014;
E_0x63a28dcbf3d0/2003 .event anyedge, v0x63a28dc9b490_8011, v0x63a28dc9b490_8012, v0x63a28dc9b490_8013, v0x63a28dc9b490_8014;
v0x63a28dc9b490_8015 .array/port v0x63a28dc9b490, 8015;
v0x63a28dc9b490_8016 .array/port v0x63a28dc9b490, 8016;
v0x63a28dc9b490_8017 .array/port v0x63a28dc9b490, 8017;
v0x63a28dc9b490_8018 .array/port v0x63a28dc9b490, 8018;
E_0x63a28dcbf3d0/2004 .event anyedge, v0x63a28dc9b490_8015, v0x63a28dc9b490_8016, v0x63a28dc9b490_8017, v0x63a28dc9b490_8018;
v0x63a28dc9b490_8019 .array/port v0x63a28dc9b490, 8019;
v0x63a28dc9b490_8020 .array/port v0x63a28dc9b490, 8020;
v0x63a28dc9b490_8021 .array/port v0x63a28dc9b490, 8021;
v0x63a28dc9b490_8022 .array/port v0x63a28dc9b490, 8022;
E_0x63a28dcbf3d0/2005 .event anyedge, v0x63a28dc9b490_8019, v0x63a28dc9b490_8020, v0x63a28dc9b490_8021, v0x63a28dc9b490_8022;
v0x63a28dc9b490_8023 .array/port v0x63a28dc9b490, 8023;
v0x63a28dc9b490_8024 .array/port v0x63a28dc9b490, 8024;
v0x63a28dc9b490_8025 .array/port v0x63a28dc9b490, 8025;
v0x63a28dc9b490_8026 .array/port v0x63a28dc9b490, 8026;
E_0x63a28dcbf3d0/2006 .event anyedge, v0x63a28dc9b490_8023, v0x63a28dc9b490_8024, v0x63a28dc9b490_8025, v0x63a28dc9b490_8026;
v0x63a28dc9b490_8027 .array/port v0x63a28dc9b490, 8027;
v0x63a28dc9b490_8028 .array/port v0x63a28dc9b490, 8028;
v0x63a28dc9b490_8029 .array/port v0x63a28dc9b490, 8029;
v0x63a28dc9b490_8030 .array/port v0x63a28dc9b490, 8030;
E_0x63a28dcbf3d0/2007 .event anyedge, v0x63a28dc9b490_8027, v0x63a28dc9b490_8028, v0x63a28dc9b490_8029, v0x63a28dc9b490_8030;
v0x63a28dc9b490_8031 .array/port v0x63a28dc9b490, 8031;
v0x63a28dc9b490_8032 .array/port v0x63a28dc9b490, 8032;
v0x63a28dc9b490_8033 .array/port v0x63a28dc9b490, 8033;
v0x63a28dc9b490_8034 .array/port v0x63a28dc9b490, 8034;
E_0x63a28dcbf3d0/2008 .event anyedge, v0x63a28dc9b490_8031, v0x63a28dc9b490_8032, v0x63a28dc9b490_8033, v0x63a28dc9b490_8034;
v0x63a28dc9b490_8035 .array/port v0x63a28dc9b490, 8035;
v0x63a28dc9b490_8036 .array/port v0x63a28dc9b490, 8036;
v0x63a28dc9b490_8037 .array/port v0x63a28dc9b490, 8037;
v0x63a28dc9b490_8038 .array/port v0x63a28dc9b490, 8038;
E_0x63a28dcbf3d0/2009 .event anyedge, v0x63a28dc9b490_8035, v0x63a28dc9b490_8036, v0x63a28dc9b490_8037, v0x63a28dc9b490_8038;
v0x63a28dc9b490_8039 .array/port v0x63a28dc9b490, 8039;
v0x63a28dc9b490_8040 .array/port v0x63a28dc9b490, 8040;
v0x63a28dc9b490_8041 .array/port v0x63a28dc9b490, 8041;
v0x63a28dc9b490_8042 .array/port v0x63a28dc9b490, 8042;
E_0x63a28dcbf3d0/2010 .event anyedge, v0x63a28dc9b490_8039, v0x63a28dc9b490_8040, v0x63a28dc9b490_8041, v0x63a28dc9b490_8042;
v0x63a28dc9b490_8043 .array/port v0x63a28dc9b490, 8043;
v0x63a28dc9b490_8044 .array/port v0x63a28dc9b490, 8044;
v0x63a28dc9b490_8045 .array/port v0x63a28dc9b490, 8045;
v0x63a28dc9b490_8046 .array/port v0x63a28dc9b490, 8046;
E_0x63a28dcbf3d0/2011 .event anyedge, v0x63a28dc9b490_8043, v0x63a28dc9b490_8044, v0x63a28dc9b490_8045, v0x63a28dc9b490_8046;
v0x63a28dc9b490_8047 .array/port v0x63a28dc9b490, 8047;
v0x63a28dc9b490_8048 .array/port v0x63a28dc9b490, 8048;
v0x63a28dc9b490_8049 .array/port v0x63a28dc9b490, 8049;
v0x63a28dc9b490_8050 .array/port v0x63a28dc9b490, 8050;
E_0x63a28dcbf3d0/2012 .event anyedge, v0x63a28dc9b490_8047, v0x63a28dc9b490_8048, v0x63a28dc9b490_8049, v0x63a28dc9b490_8050;
v0x63a28dc9b490_8051 .array/port v0x63a28dc9b490, 8051;
v0x63a28dc9b490_8052 .array/port v0x63a28dc9b490, 8052;
v0x63a28dc9b490_8053 .array/port v0x63a28dc9b490, 8053;
v0x63a28dc9b490_8054 .array/port v0x63a28dc9b490, 8054;
E_0x63a28dcbf3d0/2013 .event anyedge, v0x63a28dc9b490_8051, v0x63a28dc9b490_8052, v0x63a28dc9b490_8053, v0x63a28dc9b490_8054;
v0x63a28dc9b490_8055 .array/port v0x63a28dc9b490, 8055;
v0x63a28dc9b490_8056 .array/port v0x63a28dc9b490, 8056;
v0x63a28dc9b490_8057 .array/port v0x63a28dc9b490, 8057;
v0x63a28dc9b490_8058 .array/port v0x63a28dc9b490, 8058;
E_0x63a28dcbf3d0/2014 .event anyedge, v0x63a28dc9b490_8055, v0x63a28dc9b490_8056, v0x63a28dc9b490_8057, v0x63a28dc9b490_8058;
v0x63a28dc9b490_8059 .array/port v0x63a28dc9b490, 8059;
v0x63a28dc9b490_8060 .array/port v0x63a28dc9b490, 8060;
v0x63a28dc9b490_8061 .array/port v0x63a28dc9b490, 8061;
v0x63a28dc9b490_8062 .array/port v0x63a28dc9b490, 8062;
E_0x63a28dcbf3d0/2015 .event anyedge, v0x63a28dc9b490_8059, v0x63a28dc9b490_8060, v0x63a28dc9b490_8061, v0x63a28dc9b490_8062;
v0x63a28dc9b490_8063 .array/port v0x63a28dc9b490, 8063;
v0x63a28dc9b490_8064 .array/port v0x63a28dc9b490, 8064;
v0x63a28dc9b490_8065 .array/port v0x63a28dc9b490, 8065;
v0x63a28dc9b490_8066 .array/port v0x63a28dc9b490, 8066;
E_0x63a28dcbf3d0/2016 .event anyedge, v0x63a28dc9b490_8063, v0x63a28dc9b490_8064, v0x63a28dc9b490_8065, v0x63a28dc9b490_8066;
v0x63a28dc9b490_8067 .array/port v0x63a28dc9b490, 8067;
v0x63a28dc9b490_8068 .array/port v0x63a28dc9b490, 8068;
v0x63a28dc9b490_8069 .array/port v0x63a28dc9b490, 8069;
v0x63a28dc9b490_8070 .array/port v0x63a28dc9b490, 8070;
E_0x63a28dcbf3d0/2017 .event anyedge, v0x63a28dc9b490_8067, v0x63a28dc9b490_8068, v0x63a28dc9b490_8069, v0x63a28dc9b490_8070;
v0x63a28dc9b490_8071 .array/port v0x63a28dc9b490, 8071;
v0x63a28dc9b490_8072 .array/port v0x63a28dc9b490, 8072;
v0x63a28dc9b490_8073 .array/port v0x63a28dc9b490, 8073;
v0x63a28dc9b490_8074 .array/port v0x63a28dc9b490, 8074;
E_0x63a28dcbf3d0/2018 .event anyedge, v0x63a28dc9b490_8071, v0x63a28dc9b490_8072, v0x63a28dc9b490_8073, v0x63a28dc9b490_8074;
v0x63a28dc9b490_8075 .array/port v0x63a28dc9b490, 8075;
v0x63a28dc9b490_8076 .array/port v0x63a28dc9b490, 8076;
v0x63a28dc9b490_8077 .array/port v0x63a28dc9b490, 8077;
v0x63a28dc9b490_8078 .array/port v0x63a28dc9b490, 8078;
E_0x63a28dcbf3d0/2019 .event anyedge, v0x63a28dc9b490_8075, v0x63a28dc9b490_8076, v0x63a28dc9b490_8077, v0x63a28dc9b490_8078;
v0x63a28dc9b490_8079 .array/port v0x63a28dc9b490, 8079;
v0x63a28dc9b490_8080 .array/port v0x63a28dc9b490, 8080;
v0x63a28dc9b490_8081 .array/port v0x63a28dc9b490, 8081;
v0x63a28dc9b490_8082 .array/port v0x63a28dc9b490, 8082;
E_0x63a28dcbf3d0/2020 .event anyedge, v0x63a28dc9b490_8079, v0x63a28dc9b490_8080, v0x63a28dc9b490_8081, v0x63a28dc9b490_8082;
v0x63a28dc9b490_8083 .array/port v0x63a28dc9b490, 8083;
v0x63a28dc9b490_8084 .array/port v0x63a28dc9b490, 8084;
v0x63a28dc9b490_8085 .array/port v0x63a28dc9b490, 8085;
v0x63a28dc9b490_8086 .array/port v0x63a28dc9b490, 8086;
E_0x63a28dcbf3d0/2021 .event anyedge, v0x63a28dc9b490_8083, v0x63a28dc9b490_8084, v0x63a28dc9b490_8085, v0x63a28dc9b490_8086;
v0x63a28dc9b490_8087 .array/port v0x63a28dc9b490, 8087;
v0x63a28dc9b490_8088 .array/port v0x63a28dc9b490, 8088;
v0x63a28dc9b490_8089 .array/port v0x63a28dc9b490, 8089;
v0x63a28dc9b490_8090 .array/port v0x63a28dc9b490, 8090;
E_0x63a28dcbf3d0/2022 .event anyedge, v0x63a28dc9b490_8087, v0x63a28dc9b490_8088, v0x63a28dc9b490_8089, v0x63a28dc9b490_8090;
v0x63a28dc9b490_8091 .array/port v0x63a28dc9b490, 8091;
v0x63a28dc9b490_8092 .array/port v0x63a28dc9b490, 8092;
v0x63a28dc9b490_8093 .array/port v0x63a28dc9b490, 8093;
v0x63a28dc9b490_8094 .array/port v0x63a28dc9b490, 8094;
E_0x63a28dcbf3d0/2023 .event anyedge, v0x63a28dc9b490_8091, v0x63a28dc9b490_8092, v0x63a28dc9b490_8093, v0x63a28dc9b490_8094;
v0x63a28dc9b490_8095 .array/port v0x63a28dc9b490, 8095;
v0x63a28dc9b490_8096 .array/port v0x63a28dc9b490, 8096;
v0x63a28dc9b490_8097 .array/port v0x63a28dc9b490, 8097;
v0x63a28dc9b490_8098 .array/port v0x63a28dc9b490, 8098;
E_0x63a28dcbf3d0/2024 .event anyedge, v0x63a28dc9b490_8095, v0x63a28dc9b490_8096, v0x63a28dc9b490_8097, v0x63a28dc9b490_8098;
v0x63a28dc9b490_8099 .array/port v0x63a28dc9b490, 8099;
v0x63a28dc9b490_8100 .array/port v0x63a28dc9b490, 8100;
v0x63a28dc9b490_8101 .array/port v0x63a28dc9b490, 8101;
v0x63a28dc9b490_8102 .array/port v0x63a28dc9b490, 8102;
E_0x63a28dcbf3d0/2025 .event anyedge, v0x63a28dc9b490_8099, v0x63a28dc9b490_8100, v0x63a28dc9b490_8101, v0x63a28dc9b490_8102;
v0x63a28dc9b490_8103 .array/port v0x63a28dc9b490, 8103;
v0x63a28dc9b490_8104 .array/port v0x63a28dc9b490, 8104;
v0x63a28dc9b490_8105 .array/port v0x63a28dc9b490, 8105;
v0x63a28dc9b490_8106 .array/port v0x63a28dc9b490, 8106;
E_0x63a28dcbf3d0/2026 .event anyedge, v0x63a28dc9b490_8103, v0x63a28dc9b490_8104, v0x63a28dc9b490_8105, v0x63a28dc9b490_8106;
v0x63a28dc9b490_8107 .array/port v0x63a28dc9b490, 8107;
v0x63a28dc9b490_8108 .array/port v0x63a28dc9b490, 8108;
v0x63a28dc9b490_8109 .array/port v0x63a28dc9b490, 8109;
v0x63a28dc9b490_8110 .array/port v0x63a28dc9b490, 8110;
E_0x63a28dcbf3d0/2027 .event anyedge, v0x63a28dc9b490_8107, v0x63a28dc9b490_8108, v0x63a28dc9b490_8109, v0x63a28dc9b490_8110;
v0x63a28dc9b490_8111 .array/port v0x63a28dc9b490, 8111;
v0x63a28dc9b490_8112 .array/port v0x63a28dc9b490, 8112;
v0x63a28dc9b490_8113 .array/port v0x63a28dc9b490, 8113;
v0x63a28dc9b490_8114 .array/port v0x63a28dc9b490, 8114;
E_0x63a28dcbf3d0/2028 .event anyedge, v0x63a28dc9b490_8111, v0x63a28dc9b490_8112, v0x63a28dc9b490_8113, v0x63a28dc9b490_8114;
v0x63a28dc9b490_8115 .array/port v0x63a28dc9b490, 8115;
v0x63a28dc9b490_8116 .array/port v0x63a28dc9b490, 8116;
v0x63a28dc9b490_8117 .array/port v0x63a28dc9b490, 8117;
v0x63a28dc9b490_8118 .array/port v0x63a28dc9b490, 8118;
E_0x63a28dcbf3d0/2029 .event anyedge, v0x63a28dc9b490_8115, v0x63a28dc9b490_8116, v0x63a28dc9b490_8117, v0x63a28dc9b490_8118;
v0x63a28dc9b490_8119 .array/port v0x63a28dc9b490, 8119;
v0x63a28dc9b490_8120 .array/port v0x63a28dc9b490, 8120;
v0x63a28dc9b490_8121 .array/port v0x63a28dc9b490, 8121;
v0x63a28dc9b490_8122 .array/port v0x63a28dc9b490, 8122;
E_0x63a28dcbf3d0/2030 .event anyedge, v0x63a28dc9b490_8119, v0x63a28dc9b490_8120, v0x63a28dc9b490_8121, v0x63a28dc9b490_8122;
v0x63a28dc9b490_8123 .array/port v0x63a28dc9b490, 8123;
v0x63a28dc9b490_8124 .array/port v0x63a28dc9b490, 8124;
v0x63a28dc9b490_8125 .array/port v0x63a28dc9b490, 8125;
v0x63a28dc9b490_8126 .array/port v0x63a28dc9b490, 8126;
E_0x63a28dcbf3d0/2031 .event anyedge, v0x63a28dc9b490_8123, v0x63a28dc9b490_8124, v0x63a28dc9b490_8125, v0x63a28dc9b490_8126;
v0x63a28dc9b490_8127 .array/port v0x63a28dc9b490, 8127;
v0x63a28dc9b490_8128 .array/port v0x63a28dc9b490, 8128;
v0x63a28dc9b490_8129 .array/port v0x63a28dc9b490, 8129;
v0x63a28dc9b490_8130 .array/port v0x63a28dc9b490, 8130;
E_0x63a28dcbf3d0/2032 .event anyedge, v0x63a28dc9b490_8127, v0x63a28dc9b490_8128, v0x63a28dc9b490_8129, v0x63a28dc9b490_8130;
v0x63a28dc9b490_8131 .array/port v0x63a28dc9b490, 8131;
v0x63a28dc9b490_8132 .array/port v0x63a28dc9b490, 8132;
v0x63a28dc9b490_8133 .array/port v0x63a28dc9b490, 8133;
v0x63a28dc9b490_8134 .array/port v0x63a28dc9b490, 8134;
E_0x63a28dcbf3d0/2033 .event anyedge, v0x63a28dc9b490_8131, v0x63a28dc9b490_8132, v0x63a28dc9b490_8133, v0x63a28dc9b490_8134;
v0x63a28dc9b490_8135 .array/port v0x63a28dc9b490, 8135;
v0x63a28dc9b490_8136 .array/port v0x63a28dc9b490, 8136;
v0x63a28dc9b490_8137 .array/port v0x63a28dc9b490, 8137;
v0x63a28dc9b490_8138 .array/port v0x63a28dc9b490, 8138;
E_0x63a28dcbf3d0/2034 .event anyedge, v0x63a28dc9b490_8135, v0x63a28dc9b490_8136, v0x63a28dc9b490_8137, v0x63a28dc9b490_8138;
v0x63a28dc9b490_8139 .array/port v0x63a28dc9b490, 8139;
v0x63a28dc9b490_8140 .array/port v0x63a28dc9b490, 8140;
v0x63a28dc9b490_8141 .array/port v0x63a28dc9b490, 8141;
v0x63a28dc9b490_8142 .array/port v0x63a28dc9b490, 8142;
E_0x63a28dcbf3d0/2035 .event anyedge, v0x63a28dc9b490_8139, v0x63a28dc9b490_8140, v0x63a28dc9b490_8141, v0x63a28dc9b490_8142;
v0x63a28dc9b490_8143 .array/port v0x63a28dc9b490, 8143;
v0x63a28dc9b490_8144 .array/port v0x63a28dc9b490, 8144;
v0x63a28dc9b490_8145 .array/port v0x63a28dc9b490, 8145;
v0x63a28dc9b490_8146 .array/port v0x63a28dc9b490, 8146;
E_0x63a28dcbf3d0/2036 .event anyedge, v0x63a28dc9b490_8143, v0x63a28dc9b490_8144, v0x63a28dc9b490_8145, v0x63a28dc9b490_8146;
v0x63a28dc9b490_8147 .array/port v0x63a28dc9b490, 8147;
v0x63a28dc9b490_8148 .array/port v0x63a28dc9b490, 8148;
v0x63a28dc9b490_8149 .array/port v0x63a28dc9b490, 8149;
v0x63a28dc9b490_8150 .array/port v0x63a28dc9b490, 8150;
E_0x63a28dcbf3d0/2037 .event anyedge, v0x63a28dc9b490_8147, v0x63a28dc9b490_8148, v0x63a28dc9b490_8149, v0x63a28dc9b490_8150;
v0x63a28dc9b490_8151 .array/port v0x63a28dc9b490, 8151;
v0x63a28dc9b490_8152 .array/port v0x63a28dc9b490, 8152;
v0x63a28dc9b490_8153 .array/port v0x63a28dc9b490, 8153;
v0x63a28dc9b490_8154 .array/port v0x63a28dc9b490, 8154;
E_0x63a28dcbf3d0/2038 .event anyedge, v0x63a28dc9b490_8151, v0x63a28dc9b490_8152, v0x63a28dc9b490_8153, v0x63a28dc9b490_8154;
v0x63a28dc9b490_8155 .array/port v0x63a28dc9b490, 8155;
v0x63a28dc9b490_8156 .array/port v0x63a28dc9b490, 8156;
v0x63a28dc9b490_8157 .array/port v0x63a28dc9b490, 8157;
v0x63a28dc9b490_8158 .array/port v0x63a28dc9b490, 8158;
E_0x63a28dcbf3d0/2039 .event anyedge, v0x63a28dc9b490_8155, v0x63a28dc9b490_8156, v0x63a28dc9b490_8157, v0x63a28dc9b490_8158;
v0x63a28dc9b490_8159 .array/port v0x63a28dc9b490, 8159;
v0x63a28dc9b490_8160 .array/port v0x63a28dc9b490, 8160;
v0x63a28dc9b490_8161 .array/port v0x63a28dc9b490, 8161;
v0x63a28dc9b490_8162 .array/port v0x63a28dc9b490, 8162;
E_0x63a28dcbf3d0/2040 .event anyedge, v0x63a28dc9b490_8159, v0x63a28dc9b490_8160, v0x63a28dc9b490_8161, v0x63a28dc9b490_8162;
v0x63a28dc9b490_8163 .array/port v0x63a28dc9b490, 8163;
v0x63a28dc9b490_8164 .array/port v0x63a28dc9b490, 8164;
v0x63a28dc9b490_8165 .array/port v0x63a28dc9b490, 8165;
v0x63a28dc9b490_8166 .array/port v0x63a28dc9b490, 8166;
E_0x63a28dcbf3d0/2041 .event anyedge, v0x63a28dc9b490_8163, v0x63a28dc9b490_8164, v0x63a28dc9b490_8165, v0x63a28dc9b490_8166;
v0x63a28dc9b490_8167 .array/port v0x63a28dc9b490, 8167;
v0x63a28dc9b490_8168 .array/port v0x63a28dc9b490, 8168;
v0x63a28dc9b490_8169 .array/port v0x63a28dc9b490, 8169;
v0x63a28dc9b490_8170 .array/port v0x63a28dc9b490, 8170;
E_0x63a28dcbf3d0/2042 .event anyedge, v0x63a28dc9b490_8167, v0x63a28dc9b490_8168, v0x63a28dc9b490_8169, v0x63a28dc9b490_8170;
v0x63a28dc9b490_8171 .array/port v0x63a28dc9b490, 8171;
v0x63a28dc9b490_8172 .array/port v0x63a28dc9b490, 8172;
v0x63a28dc9b490_8173 .array/port v0x63a28dc9b490, 8173;
v0x63a28dc9b490_8174 .array/port v0x63a28dc9b490, 8174;
E_0x63a28dcbf3d0/2043 .event anyedge, v0x63a28dc9b490_8171, v0x63a28dc9b490_8172, v0x63a28dc9b490_8173, v0x63a28dc9b490_8174;
v0x63a28dc9b490_8175 .array/port v0x63a28dc9b490, 8175;
v0x63a28dc9b490_8176 .array/port v0x63a28dc9b490, 8176;
v0x63a28dc9b490_8177 .array/port v0x63a28dc9b490, 8177;
v0x63a28dc9b490_8178 .array/port v0x63a28dc9b490, 8178;
E_0x63a28dcbf3d0/2044 .event anyedge, v0x63a28dc9b490_8175, v0x63a28dc9b490_8176, v0x63a28dc9b490_8177, v0x63a28dc9b490_8178;
v0x63a28dc9b490_8179 .array/port v0x63a28dc9b490, 8179;
v0x63a28dc9b490_8180 .array/port v0x63a28dc9b490, 8180;
v0x63a28dc9b490_8181 .array/port v0x63a28dc9b490, 8181;
v0x63a28dc9b490_8182 .array/port v0x63a28dc9b490, 8182;
E_0x63a28dcbf3d0/2045 .event anyedge, v0x63a28dc9b490_8179, v0x63a28dc9b490_8180, v0x63a28dc9b490_8181, v0x63a28dc9b490_8182;
v0x63a28dc9b490_8183 .array/port v0x63a28dc9b490, 8183;
v0x63a28dc9b490_8184 .array/port v0x63a28dc9b490, 8184;
v0x63a28dc9b490_8185 .array/port v0x63a28dc9b490, 8185;
v0x63a28dc9b490_8186 .array/port v0x63a28dc9b490, 8186;
E_0x63a28dcbf3d0/2046 .event anyedge, v0x63a28dc9b490_8183, v0x63a28dc9b490_8184, v0x63a28dc9b490_8185, v0x63a28dc9b490_8186;
v0x63a28dc9b490_8187 .array/port v0x63a28dc9b490, 8187;
v0x63a28dc9b490_8188 .array/port v0x63a28dc9b490, 8188;
v0x63a28dc9b490_8189 .array/port v0x63a28dc9b490, 8189;
v0x63a28dc9b490_8190 .array/port v0x63a28dc9b490, 8190;
E_0x63a28dcbf3d0/2047 .event anyedge, v0x63a28dc9b490_8187, v0x63a28dc9b490_8188, v0x63a28dc9b490_8189, v0x63a28dc9b490_8190;
v0x63a28dc9b490_8191 .array/port v0x63a28dc9b490, 8191;
E_0x63a28dcbf3d0/2048 .event anyedge, v0x63a28dc9b490_8191, v0x63a28dcfcc10_0;
E_0x63a28dcbf3d0 .event/or E_0x63a28dcbf3d0/0, E_0x63a28dcbf3d0/1, E_0x63a28dcbf3d0/2, E_0x63a28dcbf3d0/3, E_0x63a28dcbf3d0/4, E_0x63a28dcbf3d0/5, E_0x63a28dcbf3d0/6, E_0x63a28dcbf3d0/7, E_0x63a28dcbf3d0/8, E_0x63a28dcbf3d0/9, E_0x63a28dcbf3d0/10, E_0x63a28dcbf3d0/11, E_0x63a28dcbf3d0/12, E_0x63a28dcbf3d0/13, E_0x63a28dcbf3d0/14, E_0x63a28dcbf3d0/15, E_0x63a28dcbf3d0/16, E_0x63a28dcbf3d0/17, E_0x63a28dcbf3d0/18, E_0x63a28dcbf3d0/19, E_0x63a28dcbf3d0/20, E_0x63a28dcbf3d0/21, E_0x63a28dcbf3d0/22, E_0x63a28dcbf3d0/23, E_0x63a28dcbf3d0/24, E_0x63a28dcbf3d0/25, E_0x63a28dcbf3d0/26, E_0x63a28dcbf3d0/27, E_0x63a28dcbf3d0/28, E_0x63a28dcbf3d0/29, E_0x63a28dcbf3d0/30, E_0x63a28dcbf3d0/31, E_0x63a28dcbf3d0/32, E_0x63a28dcbf3d0/33, E_0x63a28dcbf3d0/34, E_0x63a28dcbf3d0/35, E_0x63a28dcbf3d0/36, E_0x63a28dcbf3d0/37, E_0x63a28dcbf3d0/38, E_0x63a28dcbf3d0/39, E_0x63a28dcbf3d0/40, E_0x63a28dcbf3d0/41, E_0x63a28dcbf3d0/42, E_0x63a28dcbf3d0/43, E_0x63a28dcbf3d0/44, E_0x63a28dcbf3d0/45, E_0x63a28dcbf3d0/46, E_0x63a28dcbf3d0/47, E_0x63a28dcbf3d0/48, E_0x63a28dcbf3d0/49, E_0x63a28dcbf3d0/50, E_0x63a28dcbf3d0/51, E_0x63a28dcbf3d0/52, E_0x63a28dcbf3d0/53, E_0x63a28dcbf3d0/54, E_0x63a28dcbf3d0/55, E_0x63a28dcbf3d0/56, E_0x63a28dcbf3d0/57, E_0x63a28dcbf3d0/58, E_0x63a28dcbf3d0/59, E_0x63a28dcbf3d0/60, E_0x63a28dcbf3d0/61, E_0x63a28dcbf3d0/62, E_0x63a28dcbf3d0/63, E_0x63a28dcbf3d0/64, E_0x63a28dcbf3d0/65, E_0x63a28dcbf3d0/66, E_0x63a28dcbf3d0/67, E_0x63a28dcbf3d0/68, E_0x63a28dcbf3d0/69, E_0x63a28dcbf3d0/70, E_0x63a28dcbf3d0/71, E_0x63a28dcbf3d0/72, E_0x63a28dcbf3d0/73, E_0x63a28dcbf3d0/74, E_0x63a28dcbf3d0/75, E_0x63a28dcbf3d0/76, E_0x63a28dcbf3d0/77, E_0x63a28dcbf3d0/78, E_0x63a28dcbf3d0/79, E_0x63a28dcbf3d0/80, E_0x63a28dcbf3d0/81, E_0x63a28dcbf3d0/82, E_0x63a28dcbf3d0/83, E_0x63a28dcbf3d0/84, E_0x63a28dcbf3d0/85, E_0x63a28dcbf3d0/86, E_0x63a28dcbf3d0/87, E_0x63a28dcbf3d0/88, E_0x63a28dcbf3d0/89, E_0x63a28dcbf3d0/90, E_0x63a28dcbf3d0/91, E_0x63a28dcbf3d0/92, E_0x63a28dcbf3d0/93, E_0x63a28dcbf3d0/94, E_0x63a28dcbf3d0/95, E_0x63a28dcbf3d0/96, E_0x63a28dcbf3d0/97, E_0x63a28dcbf3d0/98, E_0x63a28dcbf3d0/99, E_0x63a28dcbf3d0/100, E_0x63a28dcbf3d0/101, E_0x63a28dcbf3d0/102, E_0x63a28dcbf3d0/103, E_0x63a28dcbf3d0/104, E_0x63a28dcbf3d0/105, E_0x63a28dcbf3d0/106, E_0x63a28dcbf3d0/107, E_0x63a28dcbf3d0/108, E_0x63a28dcbf3d0/109, E_0x63a28dcbf3d0/110, E_0x63a28dcbf3d0/111, E_0x63a28dcbf3d0/112, E_0x63a28dcbf3d0/113, E_0x63a28dcbf3d0/114, E_0x63a28dcbf3d0/115, E_0x63a28dcbf3d0/116, E_0x63a28dcbf3d0/117, E_0x63a28dcbf3d0/118, E_0x63a28dcbf3d0/119, E_0x63a28dcbf3d0/120, E_0x63a28dcbf3d0/121, E_0x63a28dcbf3d0/122, E_0x63a28dcbf3d0/123, E_0x63a28dcbf3d0/124, E_0x63a28dcbf3d0/125, E_0x63a28dcbf3d0/126, E_0x63a28dcbf3d0/127, E_0x63a28dcbf3d0/128, E_0x63a28dcbf3d0/129, E_0x63a28dcbf3d0/130, E_0x63a28dcbf3d0/131, E_0x63a28dcbf3d0/132, E_0x63a28dcbf3d0/133, E_0x63a28dcbf3d0/134, E_0x63a28dcbf3d0/135, E_0x63a28dcbf3d0/136, E_0x63a28dcbf3d0/137, E_0x63a28dcbf3d0/138, E_0x63a28dcbf3d0/139, E_0x63a28dcbf3d0/140, E_0x63a28dcbf3d0/141, E_0x63a28dcbf3d0/142, E_0x63a28dcbf3d0/143, E_0x63a28dcbf3d0/144, E_0x63a28dcbf3d0/145, E_0x63a28dcbf3d0/146, E_0x63a28dcbf3d0/147, E_0x63a28dcbf3d0/148, E_0x63a28dcbf3d0/149, E_0x63a28dcbf3d0/150, E_0x63a28dcbf3d0/151, E_0x63a28dcbf3d0/152, E_0x63a28dcbf3d0/153, E_0x63a28dcbf3d0/154, E_0x63a28dcbf3d0/155, E_0x63a28dcbf3d0/156, E_0x63a28dcbf3d0/157, E_0x63a28dcbf3d0/158, E_0x63a28dcbf3d0/159, E_0x63a28dcbf3d0/160, E_0x63a28dcbf3d0/161, E_0x63a28dcbf3d0/162, E_0x63a28dcbf3d0/163, E_0x63a28dcbf3d0/164, E_0x63a28dcbf3d0/165, E_0x63a28dcbf3d0/166, E_0x63a28dcbf3d0/167, E_0x63a28dcbf3d0/168, E_0x63a28dcbf3d0/169, E_0x63a28dcbf3d0/170, E_0x63a28dcbf3d0/171, E_0x63a28dcbf3d0/172, E_0x63a28dcbf3d0/173, E_0x63a28dcbf3d0/174, E_0x63a28dcbf3d0/175, E_0x63a28dcbf3d0/176, E_0x63a28dcbf3d0/177, E_0x63a28dcbf3d0/178, E_0x63a28dcbf3d0/179, E_0x63a28dcbf3d0/180, E_0x63a28dcbf3d0/181, E_0x63a28dcbf3d0/182, E_0x63a28dcbf3d0/183, E_0x63a28dcbf3d0/184, E_0x63a28dcbf3d0/185, E_0x63a28dcbf3d0/186, E_0x63a28dcbf3d0/187, E_0x63a28dcbf3d0/188, E_0x63a28dcbf3d0/189, E_0x63a28dcbf3d0/190, E_0x63a28dcbf3d0/191, E_0x63a28dcbf3d0/192, E_0x63a28dcbf3d0/193, E_0x63a28dcbf3d0/194, E_0x63a28dcbf3d0/195, E_0x63a28dcbf3d0/196, E_0x63a28dcbf3d0/197, E_0x63a28dcbf3d0/198, E_0x63a28dcbf3d0/199, E_0x63a28dcbf3d0/200, E_0x63a28dcbf3d0/201, E_0x63a28dcbf3d0/202, E_0x63a28dcbf3d0/203, E_0x63a28dcbf3d0/204, E_0x63a28dcbf3d0/205, E_0x63a28dcbf3d0/206, E_0x63a28dcbf3d0/207, E_0x63a28dcbf3d0/208, E_0x63a28dcbf3d0/209, E_0x63a28dcbf3d0/210, E_0x63a28dcbf3d0/211, E_0x63a28dcbf3d0/212, E_0x63a28dcbf3d0/213, E_0x63a28dcbf3d0/214, E_0x63a28dcbf3d0/215, E_0x63a28dcbf3d0/216, E_0x63a28dcbf3d0/217, E_0x63a28dcbf3d0/218, E_0x63a28dcbf3d0/219, E_0x63a28dcbf3d0/220, E_0x63a28dcbf3d0/221, E_0x63a28dcbf3d0/222, E_0x63a28dcbf3d0/223, E_0x63a28dcbf3d0/224, E_0x63a28dcbf3d0/225, E_0x63a28dcbf3d0/226, E_0x63a28dcbf3d0/227, E_0x63a28dcbf3d0/228, E_0x63a28dcbf3d0/229, E_0x63a28dcbf3d0/230, E_0x63a28dcbf3d0/231, E_0x63a28dcbf3d0/232, E_0x63a28dcbf3d0/233, E_0x63a28dcbf3d0/234, E_0x63a28dcbf3d0/235, E_0x63a28dcbf3d0/236, E_0x63a28dcbf3d0/237, E_0x63a28dcbf3d0/238, E_0x63a28dcbf3d0/239, E_0x63a28dcbf3d0/240, E_0x63a28dcbf3d0/241, E_0x63a28dcbf3d0/242, E_0x63a28dcbf3d0/243, E_0x63a28dcbf3d0/244, E_0x63a28dcbf3d0/245, E_0x63a28dcbf3d0/246, E_0x63a28dcbf3d0/247, E_0x63a28dcbf3d0/248, E_0x63a28dcbf3d0/249, E_0x63a28dcbf3d0/250, E_0x63a28dcbf3d0/251, E_0x63a28dcbf3d0/252, E_0x63a28dcbf3d0/253, E_0x63a28dcbf3d0/254, E_0x63a28dcbf3d0/255, E_0x63a28dcbf3d0/256, E_0x63a28dcbf3d0/257, E_0x63a28dcbf3d0/258, E_0x63a28dcbf3d0/259, E_0x63a28dcbf3d0/260, E_0x63a28dcbf3d0/261, E_0x63a28dcbf3d0/262, E_0x63a28dcbf3d0/263, E_0x63a28dcbf3d0/264, E_0x63a28dcbf3d0/265, E_0x63a28dcbf3d0/266, E_0x63a28dcbf3d0/267, E_0x63a28dcbf3d0/268, E_0x63a28dcbf3d0/269, E_0x63a28dcbf3d0/270, E_0x63a28dcbf3d0/271, E_0x63a28dcbf3d0/272, E_0x63a28dcbf3d0/273, E_0x63a28dcbf3d0/274, E_0x63a28dcbf3d0/275, E_0x63a28dcbf3d0/276, E_0x63a28dcbf3d0/277, E_0x63a28dcbf3d0/278, E_0x63a28dcbf3d0/279, E_0x63a28dcbf3d0/280, E_0x63a28dcbf3d0/281, E_0x63a28dcbf3d0/282, E_0x63a28dcbf3d0/283, E_0x63a28dcbf3d0/284, E_0x63a28dcbf3d0/285, E_0x63a28dcbf3d0/286, E_0x63a28dcbf3d0/287, E_0x63a28dcbf3d0/288, E_0x63a28dcbf3d0/289, E_0x63a28dcbf3d0/290, E_0x63a28dcbf3d0/291, E_0x63a28dcbf3d0/292, E_0x63a28dcbf3d0/293, E_0x63a28dcbf3d0/294, E_0x63a28dcbf3d0/295, E_0x63a28dcbf3d0/296, E_0x63a28dcbf3d0/297, E_0x63a28dcbf3d0/298, E_0x63a28dcbf3d0/299, E_0x63a28dcbf3d0/300, E_0x63a28dcbf3d0/301, E_0x63a28dcbf3d0/302, E_0x63a28dcbf3d0/303, E_0x63a28dcbf3d0/304, E_0x63a28dcbf3d0/305, E_0x63a28dcbf3d0/306, E_0x63a28dcbf3d0/307, E_0x63a28dcbf3d0/308, E_0x63a28dcbf3d0/309, E_0x63a28dcbf3d0/310, E_0x63a28dcbf3d0/311, E_0x63a28dcbf3d0/312, E_0x63a28dcbf3d0/313, E_0x63a28dcbf3d0/314, E_0x63a28dcbf3d0/315, E_0x63a28dcbf3d0/316, E_0x63a28dcbf3d0/317, E_0x63a28dcbf3d0/318, E_0x63a28dcbf3d0/319, E_0x63a28dcbf3d0/320, E_0x63a28dcbf3d0/321, E_0x63a28dcbf3d0/322, E_0x63a28dcbf3d0/323, E_0x63a28dcbf3d0/324, E_0x63a28dcbf3d0/325, E_0x63a28dcbf3d0/326, E_0x63a28dcbf3d0/327, E_0x63a28dcbf3d0/328, E_0x63a28dcbf3d0/329, E_0x63a28dcbf3d0/330, E_0x63a28dcbf3d0/331, E_0x63a28dcbf3d0/332, E_0x63a28dcbf3d0/333, E_0x63a28dcbf3d0/334, E_0x63a28dcbf3d0/335, E_0x63a28dcbf3d0/336, E_0x63a28dcbf3d0/337, E_0x63a28dcbf3d0/338, E_0x63a28dcbf3d0/339, E_0x63a28dcbf3d0/340, E_0x63a28dcbf3d0/341, E_0x63a28dcbf3d0/342, E_0x63a28dcbf3d0/343, E_0x63a28dcbf3d0/344, E_0x63a28dcbf3d0/345, E_0x63a28dcbf3d0/346, E_0x63a28dcbf3d0/347, E_0x63a28dcbf3d0/348, E_0x63a28dcbf3d0/349, E_0x63a28dcbf3d0/350, E_0x63a28dcbf3d0/351, E_0x63a28dcbf3d0/352, E_0x63a28dcbf3d0/353, E_0x63a28dcbf3d0/354, E_0x63a28dcbf3d0/355, E_0x63a28dcbf3d0/356, E_0x63a28dcbf3d0/357, E_0x63a28dcbf3d0/358, E_0x63a28dcbf3d0/359, E_0x63a28dcbf3d0/360, E_0x63a28dcbf3d0/361, E_0x63a28dcbf3d0/362, E_0x63a28dcbf3d0/363, E_0x63a28dcbf3d0/364, E_0x63a28dcbf3d0/365, E_0x63a28dcbf3d0/366, E_0x63a28dcbf3d0/367, E_0x63a28dcbf3d0/368, E_0x63a28dcbf3d0/369, E_0x63a28dcbf3d0/370, E_0x63a28dcbf3d0/371, E_0x63a28dcbf3d0/372, E_0x63a28dcbf3d0/373, E_0x63a28dcbf3d0/374, E_0x63a28dcbf3d0/375, E_0x63a28dcbf3d0/376, E_0x63a28dcbf3d0/377, E_0x63a28dcbf3d0/378, E_0x63a28dcbf3d0/379, E_0x63a28dcbf3d0/380, E_0x63a28dcbf3d0/381, E_0x63a28dcbf3d0/382, E_0x63a28dcbf3d0/383, E_0x63a28dcbf3d0/384, E_0x63a28dcbf3d0/385, E_0x63a28dcbf3d0/386, E_0x63a28dcbf3d0/387, E_0x63a28dcbf3d0/388, E_0x63a28dcbf3d0/389, E_0x63a28dcbf3d0/390, E_0x63a28dcbf3d0/391, E_0x63a28dcbf3d0/392, E_0x63a28dcbf3d0/393, E_0x63a28dcbf3d0/394, E_0x63a28dcbf3d0/395, E_0x63a28dcbf3d0/396, E_0x63a28dcbf3d0/397, E_0x63a28dcbf3d0/398, E_0x63a28dcbf3d0/399, E_0x63a28dcbf3d0/400, E_0x63a28dcbf3d0/401, E_0x63a28dcbf3d0/402, E_0x63a28dcbf3d0/403, E_0x63a28dcbf3d0/404, E_0x63a28dcbf3d0/405, E_0x63a28dcbf3d0/406, E_0x63a28dcbf3d0/407, E_0x63a28dcbf3d0/408, E_0x63a28dcbf3d0/409, E_0x63a28dcbf3d0/410, E_0x63a28dcbf3d0/411, E_0x63a28dcbf3d0/412, E_0x63a28dcbf3d0/413, E_0x63a28dcbf3d0/414, E_0x63a28dcbf3d0/415, E_0x63a28dcbf3d0/416, E_0x63a28dcbf3d0/417, E_0x63a28dcbf3d0/418, E_0x63a28dcbf3d0/419, E_0x63a28dcbf3d0/420, E_0x63a28dcbf3d0/421, E_0x63a28dcbf3d0/422, E_0x63a28dcbf3d0/423, E_0x63a28dcbf3d0/424, E_0x63a28dcbf3d0/425, E_0x63a28dcbf3d0/426, E_0x63a28dcbf3d0/427, E_0x63a28dcbf3d0/428, E_0x63a28dcbf3d0/429, E_0x63a28dcbf3d0/430, E_0x63a28dcbf3d0/431, E_0x63a28dcbf3d0/432, E_0x63a28dcbf3d0/433, E_0x63a28dcbf3d0/434, E_0x63a28dcbf3d0/435, E_0x63a28dcbf3d0/436, E_0x63a28dcbf3d0/437, E_0x63a28dcbf3d0/438, E_0x63a28dcbf3d0/439, E_0x63a28dcbf3d0/440, E_0x63a28dcbf3d0/441, E_0x63a28dcbf3d0/442, E_0x63a28dcbf3d0/443, E_0x63a28dcbf3d0/444, E_0x63a28dcbf3d0/445, E_0x63a28dcbf3d0/446, E_0x63a28dcbf3d0/447, E_0x63a28dcbf3d0/448, E_0x63a28dcbf3d0/449, E_0x63a28dcbf3d0/450, E_0x63a28dcbf3d0/451, E_0x63a28dcbf3d0/452, E_0x63a28dcbf3d0/453, E_0x63a28dcbf3d0/454, E_0x63a28dcbf3d0/455, E_0x63a28dcbf3d0/456, E_0x63a28dcbf3d0/457, E_0x63a28dcbf3d0/458, E_0x63a28dcbf3d0/459, E_0x63a28dcbf3d0/460, E_0x63a28dcbf3d0/461, E_0x63a28dcbf3d0/462, E_0x63a28dcbf3d0/463, E_0x63a28dcbf3d0/464, E_0x63a28dcbf3d0/465, E_0x63a28dcbf3d0/466, E_0x63a28dcbf3d0/467, E_0x63a28dcbf3d0/468, E_0x63a28dcbf3d0/469, E_0x63a28dcbf3d0/470, E_0x63a28dcbf3d0/471, E_0x63a28dcbf3d0/472, E_0x63a28dcbf3d0/473, E_0x63a28dcbf3d0/474, E_0x63a28dcbf3d0/475, E_0x63a28dcbf3d0/476, E_0x63a28dcbf3d0/477, E_0x63a28dcbf3d0/478, E_0x63a28dcbf3d0/479, E_0x63a28dcbf3d0/480, E_0x63a28dcbf3d0/481, E_0x63a28dcbf3d0/482, E_0x63a28dcbf3d0/483, E_0x63a28dcbf3d0/484, E_0x63a28dcbf3d0/485, E_0x63a28dcbf3d0/486, E_0x63a28dcbf3d0/487, E_0x63a28dcbf3d0/488, E_0x63a28dcbf3d0/489, E_0x63a28dcbf3d0/490, E_0x63a28dcbf3d0/491, E_0x63a28dcbf3d0/492, E_0x63a28dcbf3d0/493, E_0x63a28dcbf3d0/494, E_0x63a28dcbf3d0/495, E_0x63a28dcbf3d0/496, E_0x63a28dcbf3d0/497, E_0x63a28dcbf3d0/498, E_0x63a28dcbf3d0/499, E_0x63a28dcbf3d0/500, E_0x63a28dcbf3d0/501, E_0x63a28dcbf3d0/502, E_0x63a28dcbf3d0/503, E_0x63a28dcbf3d0/504, E_0x63a28dcbf3d0/505, E_0x63a28dcbf3d0/506, E_0x63a28dcbf3d0/507, E_0x63a28dcbf3d0/508, E_0x63a28dcbf3d0/509, E_0x63a28dcbf3d0/510, E_0x63a28dcbf3d0/511, E_0x63a28dcbf3d0/512, E_0x63a28dcbf3d0/513, E_0x63a28dcbf3d0/514, E_0x63a28dcbf3d0/515, E_0x63a28dcbf3d0/516, E_0x63a28dcbf3d0/517, E_0x63a28dcbf3d0/518, E_0x63a28dcbf3d0/519, E_0x63a28dcbf3d0/520, E_0x63a28dcbf3d0/521, E_0x63a28dcbf3d0/522, E_0x63a28dcbf3d0/523, E_0x63a28dcbf3d0/524, E_0x63a28dcbf3d0/525, E_0x63a28dcbf3d0/526, E_0x63a28dcbf3d0/527, E_0x63a28dcbf3d0/528, E_0x63a28dcbf3d0/529, E_0x63a28dcbf3d0/530, E_0x63a28dcbf3d0/531, E_0x63a28dcbf3d0/532, E_0x63a28dcbf3d0/533, E_0x63a28dcbf3d0/534, E_0x63a28dcbf3d0/535, E_0x63a28dcbf3d0/536, E_0x63a28dcbf3d0/537, E_0x63a28dcbf3d0/538, E_0x63a28dcbf3d0/539, E_0x63a28dcbf3d0/540, E_0x63a28dcbf3d0/541, E_0x63a28dcbf3d0/542, E_0x63a28dcbf3d0/543, E_0x63a28dcbf3d0/544, E_0x63a28dcbf3d0/545, E_0x63a28dcbf3d0/546, E_0x63a28dcbf3d0/547, E_0x63a28dcbf3d0/548, E_0x63a28dcbf3d0/549, E_0x63a28dcbf3d0/550, E_0x63a28dcbf3d0/551, E_0x63a28dcbf3d0/552, E_0x63a28dcbf3d0/553, E_0x63a28dcbf3d0/554, E_0x63a28dcbf3d0/555, E_0x63a28dcbf3d0/556, E_0x63a28dcbf3d0/557, E_0x63a28dcbf3d0/558, E_0x63a28dcbf3d0/559, E_0x63a28dcbf3d0/560, E_0x63a28dcbf3d0/561, E_0x63a28dcbf3d0/562, E_0x63a28dcbf3d0/563, E_0x63a28dcbf3d0/564, E_0x63a28dcbf3d0/565, E_0x63a28dcbf3d0/566, E_0x63a28dcbf3d0/567, E_0x63a28dcbf3d0/568, E_0x63a28dcbf3d0/569, E_0x63a28dcbf3d0/570, E_0x63a28dcbf3d0/571, E_0x63a28dcbf3d0/572, E_0x63a28dcbf3d0/573, E_0x63a28dcbf3d0/574, E_0x63a28dcbf3d0/575, E_0x63a28dcbf3d0/576, E_0x63a28dcbf3d0/577, E_0x63a28dcbf3d0/578, E_0x63a28dcbf3d0/579, E_0x63a28dcbf3d0/580, E_0x63a28dcbf3d0/581, E_0x63a28dcbf3d0/582, E_0x63a28dcbf3d0/583, E_0x63a28dcbf3d0/584, E_0x63a28dcbf3d0/585, E_0x63a28dcbf3d0/586, E_0x63a28dcbf3d0/587, E_0x63a28dcbf3d0/588, E_0x63a28dcbf3d0/589, E_0x63a28dcbf3d0/590, E_0x63a28dcbf3d0/591, E_0x63a28dcbf3d0/592, E_0x63a28dcbf3d0/593, E_0x63a28dcbf3d0/594, E_0x63a28dcbf3d0/595, E_0x63a28dcbf3d0/596, E_0x63a28dcbf3d0/597, E_0x63a28dcbf3d0/598, E_0x63a28dcbf3d0/599, E_0x63a28dcbf3d0/600, E_0x63a28dcbf3d0/601, E_0x63a28dcbf3d0/602, E_0x63a28dcbf3d0/603, E_0x63a28dcbf3d0/604, E_0x63a28dcbf3d0/605, E_0x63a28dcbf3d0/606, E_0x63a28dcbf3d0/607, E_0x63a28dcbf3d0/608, E_0x63a28dcbf3d0/609, E_0x63a28dcbf3d0/610, E_0x63a28dcbf3d0/611, E_0x63a28dcbf3d0/612, E_0x63a28dcbf3d0/613, E_0x63a28dcbf3d0/614, E_0x63a28dcbf3d0/615, E_0x63a28dcbf3d0/616, E_0x63a28dcbf3d0/617, E_0x63a28dcbf3d0/618, E_0x63a28dcbf3d0/619, E_0x63a28dcbf3d0/620, E_0x63a28dcbf3d0/621, E_0x63a28dcbf3d0/622, E_0x63a28dcbf3d0/623, E_0x63a28dcbf3d0/624, E_0x63a28dcbf3d0/625, E_0x63a28dcbf3d0/626, E_0x63a28dcbf3d0/627, E_0x63a28dcbf3d0/628, E_0x63a28dcbf3d0/629, E_0x63a28dcbf3d0/630, E_0x63a28dcbf3d0/631, E_0x63a28dcbf3d0/632, E_0x63a28dcbf3d0/633, E_0x63a28dcbf3d0/634, E_0x63a28dcbf3d0/635, E_0x63a28dcbf3d0/636, E_0x63a28dcbf3d0/637, E_0x63a28dcbf3d0/638, E_0x63a28dcbf3d0/639, E_0x63a28dcbf3d0/640, E_0x63a28dcbf3d0/641, E_0x63a28dcbf3d0/642, E_0x63a28dcbf3d0/643, E_0x63a28dcbf3d0/644, E_0x63a28dcbf3d0/645, E_0x63a28dcbf3d0/646, E_0x63a28dcbf3d0/647, E_0x63a28dcbf3d0/648, E_0x63a28dcbf3d0/649, E_0x63a28dcbf3d0/650, E_0x63a28dcbf3d0/651, E_0x63a28dcbf3d0/652, E_0x63a28dcbf3d0/653, E_0x63a28dcbf3d0/654, E_0x63a28dcbf3d0/655, E_0x63a28dcbf3d0/656, E_0x63a28dcbf3d0/657, E_0x63a28dcbf3d0/658, E_0x63a28dcbf3d0/659, E_0x63a28dcbf3d0/660, E_0x63a28dcbf3d0/661, E_0x63a28dcbf3d0/662, E_0x63a28dcbf3d0/663, E_0x63a28dcbf3d0/664, E_0x63a28dcbf3d0/665, E_0x63a28dcbf3d0/666, E_0x63a28dcbf3d0/667, E_0x63a28dcbf3d0/668, E_0x63a28dcbf3d0/669, E_0x63a28dcbf3d0/670, E_0x63a28dcbf3d0/671, E_0x63a28dcbf3d0/672, E_0x63a28dcbf3d0/673, E_0x63a28dcbf3d0/674, E_0x63a28dcbf3d0/675, E_0x63a28dcbf3d0/676, E_0x63a28dcbf3d0/677, E_0x63a28dcbf3d0/678, E_0x63a28dcbf3d0/679, E_0x63a28dcbf3d0/680, E_0x63a28dcbf3d0/681, E_0x63a28dcbf3d0/682, E_0x63a28dcbf3d0/683, E_0x63a28dcbf3d0/684, E_0x63a28dcbf3d0/685, E_0x63a28dcbf3d0/686, E_0x63a28dcbf3d0/687, E_0x63a28dcbf3d0/688, E_0x63a28dcbf3d0/689, E_0x63a28dcbf3d0/690, E_0x63a28dcbf3d0/691, E_0x63a28dcbf3d0/692, E_0x63a28dcbf3d0/693, E_0x63a28dcbf3d0/694, E_0x63a28dcbf3d0/695, E_0x63a28dcbf3d0/696, E_0x63a28dcbf3d0/697, E_0x63a28dcbf3d0/698, E_0x63a28dcbf3d0/699, E_0x63a28dcbf3d0/700, E_0x63a28dcbf3d0/701, E_0x63a28dcbf3d0/702, E_0x63a28dcbf3d0/703, E_0x63a28dcbf3d0/704, E_0x63a28dcbf3d0/705, E_0x63a28dcbf3d0/706, E_0x63a28dcbf3d0/707, E_0x63a28dcbf3d0/708, E_0x63a28dcbf3d0/709, E_0x63a28dcbf3d0/710, E_0x63a28dcbf3d0/711, E_0x63a28dcbf3d0/712, E_0x63a28dcbf3d0/713, E_0x63a28dcbf3d0/714, E_0x63a28dcbf3d0/715, E_0x63a28dcbf3d0/716, E_0x63a28dcbf3d0/717, E_0x63a28dcbf3d0/718, E_0x63a28dcbf3d0/719, E_0x63a28dcbf3d0/720, E_0x63a28dcbf3d0/721, E_0x63a28dcbf3d0/722, E_0x63a28dcbf3d0/723, E_0x63a28dcbf3d0/724, E_0x63a28dcbf3d0/725, E_0x63a28dcbf3d0/726, E_0x63a28dcbf3d0/727, E_0x63a28dcbf3d0/728, E_0x63a28dcbf3d0/729, E_0x63a28dcbf3d0/730, E_0x63a28dcbf3d0/731, E_0x63a28dcbf3d0/732, E_0x63a28dcbf3d0/733, E_0x63a28dcbf3d0/734, E_0x63a28dcbf3d0/735, E_0x63a28dcbf3d0/736, E_0x63a28dcbf3d0/737, E_0x63a28dcbf3d0/738, E_0x63a28dcbf3d0/739, E_0x63a28dcbf3d0/740, E_0x63a28dcbf3d0/741, E_0x63a28dcbf3d0/742, E_0x63a28dcbf3d0/743, E_0x63a28dcbf3d0/744, E_0x63a28dcbf3d0/745, E_0x63a28dcbf3d0/746, E_0x63a28dcbf3d0/747, E_0x63a28dcbf3d0/748, E_0x63a28dcbf3d0/749, E_0x63a28dcbf3d0/750, E_0x63a28dcbf3d0/751, E_0x63a28dcbf3d0/752, E_0x63a28dcbf3d0/753, E_0x63a28dcbf3d0/754, E_0x63a28dcbf3d0/755, E_0x63a28dcbf3d0/756, E_0x63a28dcbf3d0/757, E_0x63a28dcbf3d0/758, E_0x63a28dcbf3d0/759, E_0x63a28dcbf3d0/760, E_0x63a28dcbf3d0/761, E_0x63a28dcbf3d0/762, E_0x63a28dcbf3d0/763, E_0x63a28dcbf3d0/764, E_0x63a28dcbf3d0/765, E_0x63a28dcbf3d0/766, E_0x63a28dcbf3d0/767, E_0x63a28dcbf3d0/768, E_0x63a28dcbf3d0/769, E_0x63a28dcbf3d0/770, E_0x63a28dcbf3d0/771, E_0x63a28dcbf3d0/772, E_0x63a28dcbf3d0/773, E_0x63a28dcbf3d0/774, E_0x63a28dcbf3d0/775, E_0x63a28dcbf3d0/776, E_0x63a28dcbf3d0/777, E_0x63a28dcbf3d0/778, E_0x63a28dcbf3d0/779, E_0x63a28dcbf3d0/780, E_0x63a28dcbf3d0/781, E_0x63a28dcbf3d0/782, E_0x63a28dcbf3d0/783, E_0x63a28dcbf3d0/784, E_0x63a28dcbf3d0/785, E_0x63a28dcbf3d0/786, E_0x63a28dcbf3d0/787, E_0x63a28dcbf3d0/788, E_0x63a28dcbf3d0/789, E_0x63a28dcbf3d0/790, E_0x63a28dcbf3d0/791, E_0x63a28dcbf3d0/792, E_0x63a28dcbf3d0/793, E_0x63a28dcbf3d0/794, E_0x63a28dcbf3d0/795, E_0x63a28dcbf3d0/796, E_0x63a28dcbf3d0/797, E_0x63a28dcbf3d0/798, E_0x63a28dcbf3d0/799, E_0x63a28dcbf3d0/800, E_0x63a28dcbf3d0/801, E_0x63a28dcbf3d0/802, E_0x63a28dcbf3d0/803, E_0x63a28dcbf3d0/804, E_0x63a28dcbf3d0/805, E_0x63a28dcbf3d0/806, E_0x63a28dcbf3d0/807, E_0x63a28dcbf3d0/808, E_0x63a28dcbf3d0/809, E_0x63a28dcbf3d0/810, E_0x63a28dcbf3d0/811, E_0x63a28dcbf3d0/812, E_0x63a28dcbf3d0/813, E_0x63a28dcbf3d0/814, E_0x63a28dcbf3d0/815, E_0x63a28dcbf3d0/816, E_0x63a28dcbf3d0/817, E_0x63a28dcbf3d0/818, E_0x63a28dcbf3d0/819, E_0x63a28dcbf3d0/820, E_0x63a28dcbf3d0/821, E_0x63a28dcbf3d0/822, E_0x63a28dcbf3d0/823, E_0x63a28dcbf3d0/824, E_0x63a28dcbf3d0/825, E_0x63a28dcbf3d0/826, E_0x63a28dcbf3d0/827, E_0x63a28dcbf3d0/828, E_0x63a28dcbf3d0/829, E_0x63a28dcbf3d0/830, E_0x63a28dcbf3d0/831, E_0x63a28dcbf3d0/832, E_0x63a28dcbf3d0/833, E_0x63a28dcbf3d0/834, E_0x63a28dcbf3d0/835, E_0x63a28dcbf3d0/836, E_0x63a28dcbf3d0/837, E_0x63a28dcbf3d0/838, E_0x63a28dcbf3d0/839, E_0x63a28dcbf3d0/840, E_0x63a28dcbf3d0/841, E_0x63a28dcbf3d0/842, E_0x63a28dcbf3d0/843, E_0x63a28dcbf3d0/844, E_0x63a28dcbf3d0/845, E_0x63a28dcbf3d0/846, E_0x63a28dcbf3d0/847, E_0x63a28dcbf3d0/848, E_0x63a28dcbf3d0/849, E_0x63a28dcbf3d0/850, E_0x63a28dcbf3d0/851, E_0x63a28dcbf3d0/852, E_0x63a28dcbf3d0/853, E_0x63a28dcbf3d0/854, E_0x63a28dcbf3d0/855, E_0x63a28dcbf3d0/856, E_0x63a28dcbf3d0/857, E_0x63a28dcbf3d0/858, E_0x63a28dcbf3d0/859, E_0x63a28dcbf3d0/860, E_0x63a28dcbf3d0/861, E_0x63a28dcbf3d0/862, E_0x63a28dcbf3d0/863, E_0x63a28dcbf3d0/864, E_0x63a28dcbf3d0/865, E_0x63a28dcbf3d0/866, E_0x63a28dcbf3d0/867, E_0x63a28dcbf3d0/868, E_0x63a28dcbf3d0/869, E_0x63a28dcbf3d0/870, E_0x63a28dcbf3d0/871, E_0x63a28dcbf3d0/872, E_0x63a28dcbf3d0/873, E_0x63a28dcbf3d0/874, E_0x63a28dcbf3d0/875, E_0x63a28dcbf3d0/876, E_0x63a28dcbf3d0/877, E_0x63a28dcbf3d0/878, E_0x63a28dcbf3d0/879, E_0x63a28dcbf3d0/880, E_0x63a28dcbf3d0/881, E_0x63a28dcbf3d0/882, E_0x63a28dcbf3d0/883, E_0x63a28dcbf3d0/884, E_0x63a28dcbf3d0/885, E_0x63a28dcbf3d0/886, E_0x63a28dcbf3d0/887, E_0x63a28dcbf3d0/888, E_0x63a28dcbf3d0/889, E_0x63a28dcbf3d0/890, E_0x63a28dcbf3d0/891, E_0x63a28dcbf3d0/892, E_0x63a28dcbf3d0/893, E_0x63a28dcbf3d0/894, E_0x63a28dcbf3d0/895, E_0x63a28dcbf3d0/896, E_0x63a28dcbf3d0/897, E_0x63a28dcbf3d0/898, E_0x63a28dcbf3d0/899, E_0x63a28dcbf3d0/900, E_0x63a28dcbf3d0/901, E_0x63a28dcbf3d0/902, E_0x63a28dcbf3d0/903, E_0x63a28dcbf3d0/904, E_0x63a28dcbf3d0/905, E_0x63a28dcbf3d0/906, E_0x63a28dcbf3d0/907, E_0x63a28dcbf3d0/908, E_0x63a28dcbf3d0/909, E_0x63a28dcbf3d0/910, E_0x63a28dcbf3d0/911, E_0x63a28dcbf3d0/912, E_0x63a28dcbf3d0/913, E_0x63a28dcbf3d0/914, E_0x63a28dcbf3d0/915, E_0x63a28dcbf3d0/916, E_0x63a28dcbf3d0/917, E_0x63a28dcbf3d0/918, E_0x63a28dcbf3d0/919, E_0x63a28dcbf3d0/920, E_0x63a28dcbf3d0/921, E_0x63a28dcbf3d0/922, E_0x63a28dcbf3d0/923, E_0x63a28dcbf3d0/924, E_0x63a28dcbf3d0/925, E_0x63a28dcbf3d0/926, E_0x63a28dcbf3d0/927, E_0x63a28dcbf3d0/928, E_0x63a28dcbf3d0/929, E_0x63a28dcbf3d0/930, E_0x63a28dcbf3d0/931, E_0x63a28dcbf3d0/932, E_0x63a28dcbf3d0/933, E_0x63a28dcbf3d0/934, E_0x63a28dcbf3d0/935, E_0x63a28dcbf3d0/936, E_0x63a28dcbf3d0/937, E_0x63a28dcbf3d0/938, E_0x63a28dcbf3d0/939, E_0x63a28dcbf3d0/940, E_0x63a28dcbf3d0/941, E_0x63a28dcbf3d0/942, E_0x63a28dcbf3d0/943, E_0x63a28dcbf3d0/944, E_0x63a28dcbf3d0/945, E_0x63a28dcbf3d0/946, E_0x63a28dcbf3d0/947, E_0x63a28dcbf3d0/948, E_0x63a28dcbf3d0/949, E_0x63a28dcbf3d0/950, E_0x63a28dcbf3d0/951, E_0x63a28dcbf3d0/952, E_0x63a28dcbf3d0/953, E_0x63a28dcbf3d0/954, E_0x63a28dcbf3d0/955, E_0x63a28dcbf3d0/956, E_0x63a28dcbf3d0/957, E_0x63a28dcbf3d0/958, E_0x63a28dcbf3d0/959, E_0x63a28dcbf3d0/960, E_0x63a28dcbf3d0/961, E_0x63a28dcbf3d0/962, E_0x63a28dcbf3d0/963, E_0x63a28dcbf3d0/964, E_0x63a28dcbf3d0/965, E_0x63a28dcbf3d0/966, E_0x63a28dcbf3d0/967, E_0x63a28dcbf3d0/968, E_0x63a28dcbf3d0/969, E_0x63a28dcbf3d0/970, E_0x63a28dcbf3d0/971, E_0x63a28dcbf3d0/972, E_0x63a28dcbf3d0/973, E_0x63a28dcbf3d0/974, E_0x63a28dcbf3d0/975, E_0x63a28dcbf3d0/976, E_0x63a28dcbf3d0/977, E_0x63a28dcbf3d0/978, E_0x63a28dcbf3d0/979, E_0x63a28dcbf3d0/980, E_0x63a28dcbf3d0/981, E_0x63a28dcbf3d0/982, E_0x63a28dcbf3d0/983, E_0x63a28dcbf3d0/984, E_0x63a28dcbf3d0/985, E_0x63a28dcbf3d0/986, E_0x63a28dcbf3d0/987, E_0x63a28dcbf3d0/988, E_0x63a28dcbf3d0/989, E_0x63a28dcbf3d0/990, E_0x63a28dcbf3d0/991, E_0x63a28dcbf3d0/992, E_0x63a28dcbf3d0/993, E_0x63a28dcbf3d0/994, E_0x63a28dcbf3d0/995, E_0x63a28dcbf3d0/996, E_0x63a28dcbf3d0/997, E_0x63a28dcbf3d0/998, E_0x63a28dcbf3d0/999, E_0x63a28dcbf3d0/1000, E_0x63a28dcbf3d0/1001, E_0x63a28dcbf3d0/1002, E_0x63a28dcbf3d0/1003, E_0x63a28dcbf3d0/1004, E_0x63a28dcbf3d0/1005, E_0x63a28dcbf3d0/1006, E_0x63a28dcbf3d0/1007, E_0x63a28dcbf3d0/1008, E_0x63a28dcbf3d0/1009, E_0x63a28dcbf3d0/1010, E_0x63a28dcbf3d0/1011, E_0x63a28dcbf3d0/1012, E_0x63a28dcbf3d0/1013, E_0x63a28dcbf3d0/1014, E_0x63a28dcbf3d0/1015, E_0x63a28dcbf3d0/1016, E_0x63a28dcbf3d0/1017, E_0x63a28dcbf3d0/1018, E_0x63a28dcbf3d0/1019, E_0x63a28dcbf3d0/1020, E_0x63a28dcbf3d0/1021, E_0x63a28dcbf3d0/1022, E_0x63a28dcbf3d0/1023, E_0x63a28dcbf3d0/1024, E_0x63a28dcbf3d0/1025, E_0x63a28dcbf3d0/1026, E_0x63a28dcbf3d0/1027, E_0x63a28dcbf3d0/1028, E_0x63a28dcbf3d0/1029, E_0x63a28dcbf3d0/1030, E_0x63a28dcbf3d0/1031, E_0x63a28dcbf3d0/1032, E_0x63a28dcbf3d0/1033, E_0x63a28dcbf3d0/1034, E_0x63a28dcbf3d0/1035, E_0x63a28dcbf3d0/1036, E_0x63a28dcbf3d0/1037, E_0x63a28dcbf3d0/1038, E_0x63a28dcbf3d0/1039, E_0x63a28dcbf3d0/1040, E_0x63a28dcbf3d0/1041, E_0x63a28dcbf3d0/1042, E_0x63a28dcbf3d0/1043, E_0x63a28dcbf3d0/1044, E_0x63a28dcbf3d0/1045, E_0x63a28dcbf3d0/1046, E_0x63a28dcbf3d0/1047, E_0x63a28dcbf3d0/1048, E_0x63a28dcbf3d0/1049, E_0x63a28dcbf3d0/1050, E_0x63a28dcbf3d0/1051, E_0x63a28dcbf3d0/1052, E_0x63a28dcbf3d0/1053, E_0x63a28dcbf3d0/1054, E_0x63a28dcbf3d0/1055, E_0x63a28dcbf3d0/1056, E_0x63a28dcbf3d0/1057, E_0x63a28dcbf3d0/1058, E_0x63a28dcbf3d0/1059, E_0x63a28dcbf3d0/1060, E_0x63a28dcbf3d0/1061, E_0x63a28dcbf3d0/1062, E_0x63a28dcbf3d0/1063, E_0x63a28dcbf3d0/1064, E_0x63a28dcbf3d0/1065, E_0x63a28dcbf3d0/1066, E_0x63a28dcbf3d0/1067, E_0x63a28dcbf3d0/1068, E_0x63a28dcbf3d0/1069, E_0x63a28dcbf3d0/1070, E_0x63a28dcbf3d0/1071, E_0x63a28dcbf3d0/1072, E_0x63a28dcbf3d0/1073, E_0x63a28dcbf3d0/1074, E_0x63a28dcbf3d0/1075, E_0x63a28dcbf3d0/1076, E_0x63a28dcbf3d0/1077, E_0x63a28dcbf3d0/1078, E_0x63a28dcbf3d0/1079, E_0x63a28dcbf3d0/1080, E_0x63a28dcbf3d0/1081, E_0x63a28dcbf3d0/1082, E_0x63a28dcbf3d0/1083, E_0x63a28dcbf3d0/1084, E_0x63a28dcbf3d0/1085, E_0x63a28dcbf3d0/1086, E_0x63a28dcbf3d0/1087, E_0x63a28dcbf3d0/1088, E_0x63a28dcbf3d0/1089, E_0x63a28dcbf3d0/1090, E_0x63a28dcbf3d0/1091, E_0x63a28dcbf3d0/1092, E_0x63a28dcbf3d0/1093, E_0x63a28dcbf3d0/1094, E_0x63a28dcbf3d0/1095, E_0x63a28dcbf3d0/1096, E_0x63a28dcbf3d0/1097, E_0x63a28dcbf3d0/1098, E_0x63a28dcbf3d0/1099, E_0x63a28dcbf3d0/1100, E_0x63a28dcbf3d0/1101, E_0x63a28dcbf3d0/1102, E_0x63a28dcbf3d0/1103, E_0x63a28dcbf3d0/1104, E_0x63a28dcbf3d0/1105, E_0x63a28dcbf3d0/1106, E_0x63a28dcbf3d0/1107, E_0x63a28dcbf3d0/1108, E_0x63a28dcbf3d0/1109, E_0x63a28dcbf3d0/1110, E_0x63a28dcbf3d0/1111, E_0x63a28dcbf3d0/1112, E_0x63a28dcbf3d0/1113, E_0x63a28dcbf3d0/1114, E_0x63a28dcbf3d0/1115, E_0x63a28dcbf3d0/1116, E_0x63a28dcbf3d0/1117, E_0x63a28dcbf3d0/1118, E_0x63a28dcbf3d0/1119, E_0x63a28dcbf3d0/1120, E_0x63a28dcbf3d0/1121, E_0x63a28dcbf3d0/1122, E_0x63a28dcbf3d0/1123, E_0x63a28dcbf3d0/1124, E_0x63a28dcbf3d0/1125, E_0x63a28dcbf3d0/1126, E_0x63a28dcbf3d0/1127, E_0x63a28dcbf3d0/1128, E_0x63a28dcbf3d0/1129, E_0x63a28dcbf3d0/1130, E_0x63a28dcbf3d0/1131, E_0x63a28dcbf3d0/1132, E_0x63a28dcbf3d0/1133, E_0x63a28dcbf3d0/1134, E_0x63a28dcbf3d0/1135, E_0x63a28dcbf3d0/1136, E_0x63a28dcbf3d0/1137, E_0x63a28dcbf3d0/1138, E_0x63a28dcbf3d0/1139, E_0x63a28dcbf3d0/1140, E_0x63a28dcbf3d0/1141, E_0x63a28dcbf3d0/1142, E_0x63a28dcbf3d0/1143, E_0x63a28dcbf3d0/1144, E_0x63a28dcbf3d0/1145, E_0x63a28dcbf3d0/1146, E_0x63a28dcbf3d0/1147, E_0x63a28dcbf3d0/1148, E_0x63a28dcbf3d0/1149, E_0x63a28dcbf3d0/1150, E_0x63a28dcbf3d0/1151, E_0x63a28dcbf3d0/1152, E_0x63a28dcbf3d0/1153, E_0x63a28dcbf3d0/1154, E_0x63a28dcbf3d0/1155, E_0x63a28dcbf3d0/1156, E_0x63a28dcbf3d0/1157, E_0x63a28dcbf3d0/1158, E_0x63a28dcbf3d0/1159, E_0x63a28dcbf3d0/1160, E_0x63a28dcbf3d0/1161, E_0x63a28dcbf3d0/1162, E_0x63a28dcbf3d0/1163, E_0x63a28dcbf3d0/1164, E_0x63a28dcbf3d0/1165, E_0x63a28dcbf3d0/1166, E_0x63a28dcbf3d0/1167, E_0x63a28dcbf3d0/1168, E_0x63a28dcbf3d0/1169, E_0x63a28dcbf3d0/1170, E_0x63a28dcbf3d0/1171, E_0x63a28dcbf3d0/1172, E_0x63a28dcbf3d0/1173, E_0x63a28dcbf3d0/1174, E_0x63a28dcbf3d0/1175, E_0x63a28dcbf3d0/1176, E_0x63a28dcbf3d0/1177, E_0x63a28dcbf3d0/1178, E_0x63a28dcbf3d0/1179, E_0x63a28dcbf3d0/1180, E_0x63a28dcbf3d0/1181, E_0x63a28dcbf3d0/1182, E_0x63a28dcbf3d0/1183, E_0x63a28dcbf3d0/1184, E_0x63a28dcbf3d0/1185, E_0x63a28dcbf3d0/1186, E_0x63a28dcbf3d0/1187, E_0x63a28dcbf3d0/1188, E_0x63a28dcbf3d0/1189, E_0x63a28dcbf3d0/1190, E_0x63a28dcbf3d0/1191, E_0x63a28dcbf3d0/1192, E_0x63a28dcbf3d0/1193, E_0x63a28dcbf3d0/1194, E_0x63a28dcbf3d0/1195, E_0x63a28dcbf3d0/1196, E_0x63a28dcbf3d0/1197, E_0x63a28dcbf3d0/1198, E_0x63a28dcbf3d0/1199, E_0x63a28dcbf3d0/1200, E_0x63a28dcbf3d0/1201, E_0x63a28dcbf3d0/1202, E_0x63a28dcbf3d0/1203, E_0x63a28dcbf3d0/1204, E_0x63a28dcbf3d0/1205, E_0x63a28dcbf3d0/1206, E_0x63a28dcbf3d0/1207, E_0x63a28dcbf3d0/1208, E_0x63a28dcbf3d0/1209, E_0x63a28dcbf3d0/1210, E_0x63a28dcbf3d0/1211, E_0x63a28dcbf3d0/1212, E_0x63a28dcbf3d0/1213, E_0x63a28dcbf3d0/1214, E_0x63a28dcbf3d0/1215, E_0x63a28dcbf3d0/1216, E_0x63a28dcbf3d0/1217, E_0x63a28dcbf3d0/1218, E_0x63a28dcbf3d0/1219, E_0x63a28dcbf3d0/1220, E_0x63a28dcbf3d0/1221, E_0x63a28dcbf3d0/1222, E_0x63a28dcbf3d0/1223, E_0x63a28dcbf3d0/1224, E_0x63a28dcbf3d0/1225, E_0x63a28dcbf3d0/1226, E_0x63a28dcbf3d0/1227, E_0x63a28dcbf3d0/1228, E_0x63a28dcbf3d0/1229, E_0x63a28dcbf3d0/1230, E_0x63a28dcbf3d0/1231, E_0x63a28dcbf3d0/1232, E_0x63a28dcbf3d0/1233, E_0x63a28dcbf3d0/1234, E_0x63a28dcbf3d0/1235, E_0x63a28dcbf3d0/1236, E_0x63a28dcbf3d0/1237, E_0x63a28dcbf3d0/1238, E_0x63a28dcbf3d0/1239, E_0x63a28dcbf3d0/1240, E_0x63a28dcbf3d0/1241, E_0x63a28dcbf3d0/1242, E_0x63a28dcbf3d0/1243, E_0x63a28dcbf3d0/1244, E_0x63a28dcbf3d0/1245, E_0x63a28dcbf3d0/1246, E_0x63a28dcbf3d0/1247, E_0x63a28dcbf3d0/1248, E_0x63a28dcbf3d0/1249, E_0x63a28dcbf3d0/1250, E_0x63a28dcbf3d0/1251, E_0x63a28dcbf3d0/1252, E_0x63a28dcbf3d0/1253, E_0x63a28dcbf3d0/1254, E_0x63a28dcbf3d0/1255, E_0x63a28dcbf3d0/1256, E_0x63a28dcbf3d0/1257, E_0x63a28dcbf3d0/1258, E_0x63a28dcbf3d0/1259, E_0x63a28dcbf3d0/1260, E_0x63a28dcbf3d0/1261, E_0x63a28dcbf3d0/1262, E_0x63a28dcbf3d0/1263, E_0x63a28dcbf3d0/1264, E_0x63a28dcbf3d0/1265, E_0x63a28dcbf3d0/1266, E_0x63a28dcbf3d0/1267, E_0x63a28dcbf3d0/1268, E_0x63a28dcbf3d0/1269, E_0x63a28dcbf3d0/1270, E_0x63a28dcbf3d0/1271, E_0x63a28dcbf3d0/1272, E_0x63a28dcbf3d0/1273, E_0x63a28dcbf3d0/1274, E_0x63a28dcbf3d0/1275, E_0x63a28dcbf3d0/1276, E_0x63a28dcbf3d0/1277, E_0x63a28dcbf3d0/1278, E_0x63a28dcbf3d0/1279, E_0x63a28dcbf3d0/1280, E_0x63a28dcbf3d0/1281, E_0x63a28dcbf3d0/1282, E_0x63a28dcbf3d0/1283, E_0x63a28dcbf3d0/1284, E_0x63a28dcbf3d0/1285, E_0x63a28dcbf3d0/1286, E_0x63a28dcbf3d0/1287, E_0x63a28dcbf3d0/1288, E_0x63a28dcbf3d0/1289, E_0x63a28dcbf3d0/1290, E_0x63a28dcbf3d0/1291, E_0x63a28dcbf3d0/1292, E_0x63a28dcbf3d0/1293, E_0x63a28dcbf3d0/1294, E_0x63a28dcbf3d0/1295, E_0x63a28dcbf3d0/1296, E_0x63a28dcbf3d0/1297, E_0x63a28dcbf3d0/1298, E_0x63a28dcbf3d0/1299, E_0x63a28dcbf3d0/1300, E_0x63a28dcbf3d0/1301, E_0x63a28dcbf3d0/1302, E_0x63a28dcbf3d0/1303, E_0x63a28dcbf3d0/1304, E_0x63a28dcbf3d0/1305, E_0x63a28dcbf3d0/1306, E_0x63a28dcbf3d0/1307, E_0x63a28dcbf3d0/1308, E_0x63a28dcbf3d0/1309, E_0x63a28dcbf3d0/1310, E_0x63a28dcbf3d0/1311, E_0x63a28dcbf3d0/1312, E_0x63a28dcbf3d0/1313, E_0x63a28dcbf3d0/1314, E_0x63a28dcbf3d0/1315, E_0x63a28dcbf3d0/1316, E_0x63a28dcbf3d0/1317, E_0x63a28dcbf3d0/1318, E_0x63a28dcbf3d0/1319, E_0x63a28dcbf3d0/1320, E_0x63a28dcbf3d0/1321, E_0x63a28dcbf3d0/1322, E_0x63a28dcbf3d0/1323, E_0x63a28dcbf3d0/1324, E_0x63a28dcbf3d0/1325, E_0x63a28dcbf3d0/1326, E_0x63a28dcbf3d0/1327, E_0x63a28dcbf3d0/1328, E_0x63a28dcbf3d0/1329, E_0x63a28dcbf3d0/1330, E_0x63a28dcbf3d0/1331, E_0x63a28dcbf3d0/1332, E_0x63a28dcbf3d0/1333, E_0x63a28dcbf3d0/1334, E_0x63a28dcbf3d0/1335, E_0x63a28dcbf3d0/1336, E_0x63a28dcbf3d0/1337, E_0x63a28dcbf3d0/1338, E_0x63a28dcbf3d0/1339, E_0x63a28dcbf3d0/1340, E_0x63a28dcbf3d0/1341, E_0x63a28dcbf3d0/1342, E_0x63a28dcbf3d0/1343, E_0x63a28dcbf3d0/1344, E_0x63a28dcbf3d0/1345, E_0x63a28dcbf3d0/1346, E_0x63a28dcbf3d0/1347, E_0x63a28dcbf3d0/1348, E_0x63a28dcbf3d0/1349, E_0x63a28dcbf3d0/1350, E_0x63a28dcbf3d0/1351, E_0x63a28dcbf3d0/1352, E_0x63a28dcbf3d0/1353, E_0x63a28dcbf3d0/1354, E_0x63a28dcbf3d0/1355, E_0x63a28dcbf3d0/1356, E_0x63a28dcbf3d0/1357, E_0x63a28dcbf3d0/1358, E_0x63a28dcbf3d0/1359, E_0x63a28dcbf3d0/1360, E_0x63a28dcbf3d0/1361, E_0x63a28dcbf3d0/1362, E_0x63a28dcbf3d0/1363, E_0x63a28dcbf3d0/1364, E_0x63a28dcbf3d0/1365, E_0x63a28dcbf3d0/1366, E_0x63a28dcbf3d0/1367, E_0x63a28dcbf3d0/1368, E_0x63a28dcbf3d0/1369, E_0x63a28dcbf3d0/1370, E_0x63a28dcbf3d0/1371, E_0x63a28dcbf3d0/1372, E_0x63a28dcbf3d0/1373, E_0x63a28dcbf3d0/1374, E_0x63a28dcbf3d0/1375, E_0x63a28dcbf3d0/1376, E_0x63a28dcbf3d0/1377, E_0x63a28dcbf3d0/1378, E_0x63a28dcbf3d0/1379, E_0x63a28dcbf3d0/1380, E_0x63a28dcbf3d0/1381, E_0x63a28dcbf3d0/1382, E_0x63a28dcbf3d0/1383, E_0x63a28dcbf3d0/1384, E_0x63a28dcbf3d0/1385, E_0x63a28dcbf3d0/1386, E_0x63a28dcbf3d0/1387, E_0x63a28dcbf3d0/1388, E_0x63a28dcbf3d0/1389, E_0x63a28dcbf3d0/1390, E_0x63a28dcbf3d0/1391, E_0x63a28dcbf3d0/1392, E_0x63a28dcbf3d0/1393, E_0x63a28dcbf3d0/1394, E_0x63a28dcbf3d0/1395, E_0x63a28dcbf3d0/1396, E_0x63a28dcbf3d0/1397, E_0x63a28dcbf3d0/1398, E_0x63a28dcbf3d0/1399, E_0x63a28dcbf3d0/1400, E_0x63a28dcbf3d0/1401, E_0x63a28dcbf3d0/1402, E_0x63a28dcbf3d0/1403, E_0x63a28dcbf3d0/1404, E_0x63a28dcbf3d0/1405, E_0x63a28dcbf3d0/1406, E_0x63a28dcbf3d0/1407, E_0x63a28dcbf3d0/1408, E_0x63a28dcbf3d0/1409, E_0x63a28dcbf3d0/1410, E_0x63a28dcbf3d0/1411, E_0x63a28dcbf3d0/1412, E_0x63a28dcbf3d0/1413, E_0x63a28dcbf3d0/1414, E_0x63a28dcbf3d0/1415, E_0x63a28dcbf3d0/1416, E_0x63a28dcbf3d0/1417, E_0x63a28dcbf3d0/1418, E_0x63a28dcbf3d0/1419, E_0x63a28dcbf3d0/1420, E_0x63a28dcbf3d0/1421, E_0x63a28dcbf3d0/1422, E_0x63a28dcbf3d0/1423, E_0x63a28dcbf3d0/1424, E_0x63a28dcbf3d0/1425, E_0x63a28dcbf3d0/1426, E_0x63a28dcbf3d0/1427, E_0x63a28dcbf3d0/1428, E_0x63a28dcbf3d0/1429, E_0x63a28dcbf3d0/1430, E_0x63a28dcbf3d0/1431, E_0x63a28dcbf3d0/1432, E_0x63a28dcbf3d0/1433, E_0x63a28dcbf3d0/1434, E_0x63a28dcbf3d0/1435, E_0x63a28dcbf3d0/1436, E_0x63a28dcbf3d0/1437, E_0x63a28dcbf3d0/1438, E_0x63a28dcbf3d0/1439, E_0x63a28dcbf3d0/1440, E_0x63a28dcbf3d0/1441, E_0x63a28dcbf3d0/1442, E_0x63a28dcbf3d0/1443, E_0x63a28dcbf3d0/1444, E_0x63a28dcbf3d0/1445, E_0x63a28dcbf3d0/1446, E_0x63a28dcbf3d0/1447, E_0x63a28dcbf3d0/1448, E_0x63a28dcbf3d0/1449, E_0x63a28dcbf3d0/1450, E_0x63a28dcbf3d0/1451, E_0x63a28dcbf3d0/1452, E_0x63a28dcbf3d0/1453, E_0x63a28dcbf3d0/1454, E_0x63a28dcbf3d0/1455, E_0x63a28dcbf3d0/1456, E_0x63a28dcbf3d0/1457, E_0x63a28dcbf3d0/1458, E_0x63a28dcbf3d0/1459, E_0x63a28dcbf3d0/1460, E_0x63a28dcbf3d0/1461, E_0x63a28dcbf3d0/1462, E_0x63a28dcbf3d0/1463, E_0x63a28dcbf3d0/1464, E_0x63a28dcbf3d0/1465, E_0x63a28dcbf3d0/1466, E_0x63a28dcbf3d0/1467, E_0x63a28dcbf3d0/1468, E_0x63a28dcbf3d0/1469, E_0x63a28dcbf3d0/1470, E_0x63a28dcbf3d0/1471, E_0x63a28dcbf3d0/1472, E_0x63a28dcbf3d0/1473, E_0x63a28dcbf3d0/1474, E_0x63a28dcbf3d0/1475, E_0x63a28dcbf3d0/1476, E_0x63a28dcbf3d0/1477, E_0x63a28dcbf3d0/1478, E_0x63a28dcbf3d0/1479, E_0x63a28dcbf3d0/1480, E_0x63a28dcbf3d0/1481, E_0x63a28dcbf3d0/1482, E_0x63a28dcbf3d0/1483, E_0x63a28dcbf3d0/1484, E_0x63a28dcbf3d0/1485, E_0x63a28dcbf3d0/1486, E_0x63a28dcbf3d0/1487, E_0x63a28dcbf3d0/1488, E_0x63a28dcbf3d0/1489, E_0x63a28dcbf3d0/1490, E_0x63a28dcbf3d0/1491, E_0x63a28dcbf3d0/1492, E_0x63a28dcbf3d0/1493, E_0x63a28dcbf3d0/1494, E_0x63a28dcbf3d0/1495, E_0x63a28dcbf3d0/1496, E_0x63a28dcbf3d0/1497, E_0x63a28dcbf3d0/1498, E_0x63a28dcbf3d0/1499, E_0x63a28dcbf3d0/1500, E_0x63a28dcbf3d0/1501, E_0x63a28dcbf3d0/1502, E_0x63a28dcbf3d0/1503, E_0x63a28dcbf3d0/1504, E_0x63a28dcbf3d0/1505, E_0x63a28dcbf3d0/1506, E_0x63a28dcbf3d0/1507, E_0x63a28dcbf3d0/1508, E_0x63a28dcbf3d0/1509, E_0x63a28dcbf3d0/1510, E_0x63a28dcbf3d0/1511, E_0x63a28dcbf3d0/1512, E_0x63a28dcbf3d0/1513, E_0x63a28dcbf3d0/1514, E_0x63a28dcbf3d0/1515, E_0x63a28dcbf3d0/1516, E_0x63a28dcbf3d0/1517, E_0x63a28dcbf3d0/1518, E_0x63a28dcbf3d0/1519, E_0x63a28dcbf3d0/1520, E_0x63a28dcbf3d0/1521, E_0x63a28dcbf3d0/1522, E_0x63a28dcbf3d0/1523, E_0x63a28dcbf3d0/1524, E_0x63a28dcbf3d0/1525, E_0x63a28dcbf3d0/1526, E_0x63a28dcbf3d0/1527, E_0x63a28dcbf3d0/1528, E_0x63a28dcbf3d0/1529, E_0x63a28dcbf3d0/1530, E_0x63a28dcbf3d0/1531, E_0x63a28dcbf3d0/1532, E_0x63a28dcbf3d0/1533, E_0x63a28dcbf3d0/1534, E_0x63a28dcbf3d0/1535, E_0x63a28dcbf3d0/1536, E_0x63a28dcbf3d0/1537, E_0x63a28dcbf3d0/1538, E_0x63a28dcbf3d0/1539, E_0x63a28dcbf3d0/1540, E_0x63a28dcbf3d0/1541, E_0x63a28dcbf3d0/1542, E_0x63a28dcbf3d0/1543, E_0x63a28dcbf3d0/1544, E_0x63a28dcbf3d0/1545, E_0x63a28dcbf3d0/1546, E_0x63a28dcbf3d0/1547, E_0x63a28dcbf3d0/1548, E_0x63a28dcbf3d0/1549, E_0x63a28dcbf3d0/1550, E_0x63a28dcbf3d0/1551, E_0x63a28dcbf3d0/1552, E_0x63a28dcbf3d0/1553, E_0x63a28dcbf3d0/1554, E_0x63a28dcbf3d0/1555, E_0x63a28dcbf3d0/1556, E_0x63a28dcbf3d0/1557, E_0x63a28dcbf3d0/1558, E_0x63a28dcbf3d0/1559, E_0x63a28dcbf3d0/1560, E_0x63a28dcbf3d0/1561, E_0x63a28dcbf3d0/1562, E_0x63a28dcbf3d0/1563, E_0x63a28dcbf3d0/1564, E_0x63a28dcbf3d0/1565, E_0x63a28dcbf3d0/1566, E_0x63a28dcbf3d0/1567, E_0x63a28dcbf3d0/1568, E_0x63a28dcbf3d0/1569, E_0x63a28dcbf3d0/1570, E_0x63a28dcbf3d0/1571, E_0x63a28dcbf3d0/1572, E_0x63a28dcbf3d0/1573, E_0x63a28dcbf3d0/1574, E_0x63a28dcbf3d0/1575, E_0x63a28dcbf3d0/1576, E_0x63a28dcbf3d0/1577, E_0x63a28dcbf3d0/1578, E_0x63a28dcbf3d0/1579, E_0x63a28dcbf3d0/1580, E_0x63a28dcbf3d0/1581, E_0x63a28dcbf3d0/1582, E_0x63a28dcbf3d0/1583, E_0x63a28dcbf3d0/1584, E_0x63a28dcbf3d0/1585, E_0x63a28dcbf3d0/1586, E_0x63a28dcbf3d0/1587, E_0x63a28dcbf3d0/1588, E_0x63a28dcbf3d0/1589, E_0x63a28dcbf3d0/1590, E_0x63a28dcbf3d0/1591, E_0x63a28dcbf3d0/1592, E_0x63a28dcbf3d0/1593, E_0x63a28dcbf3d0/1594, E_0x63a28dcbf3d0/1595, E_0x63a28dcbf3d0/1596, E_0x63a28dcbf3d0/1597, E_0x63a28dcbf3d0/1598, E_0x63a28dcbf3d0/1599, E_0x63a28dcbf3d0/1600, E_0x63a28dcbf3d0/1601, E_0x63a28dcbf3d0/1602, E_0x63a28dcbf3d0/1603, E_0x63a28dcbf3d0/1604, E_0x63a28dcbf3d0/1605, E_0x63a28dcbf3d0/1606, E_0x63a28dcbf3d0/1607, E_0x63a28dcbf3d0/1608, E_0x63a28dcbf3d0/1609, E_0x63a28dcbf3d0/1610, E_0x63a28dcbf3d0/1611, E_0x63a28dcbf3d0/1612, E_0x63a28dcbf3d0/1613, E_0x63a28dcbf3d0/1614, E_0x63a28dcbf3d0/1615, E_0x63a28dcbf3d0/1616, E_0x63a28dcbf3d0/1617, E_0x63a28dcbf3d0/1618, E_0x63a28dcbf3d0/1619, E_0x63a28dcbf3d0/1620, E_0x63a28dcbf3d0/1621, E_0x63a28dcbf3d0/1622, E_0x63a28dcbf3d0/1623, E_0x63a28dcbf3d0/1624, E_0x63a28dcbf3d0/1625, E_0x63a28dcbf3d0/1626, E_0x63a28dcbf3d0/1627, E_0x63a28dcbf3d0/1628, E_0x63a28dcbf3d0/1629, E_0x63a28dcbf3d0/1630, E_0x63a28dcbf3d0/1631, E_0x63a28dcbf3d0/1632, E_0x63a28dcbf3d0/1633, E_0x63a28dcbf3d0/1634, E_0x63a28dcbf3d0/1635, E_0x63a28dcbf3d0/1636, E_0x63a28dcbf3d0/1637, E_0x63a28dcbf3d0/1638, E_0x63a28dcbf3d0/1639, E_0x63a28dcbf3d0/1640, E_0x63a28dcbf3d0/1641, E_0x63a28dcbf3d0/1642, E_0x63a28dcbf3d0/1643, E_0x63a28dcbf3d0/1644, E_0x63a28dcbf3d0/1645, E_0x63a28dcbf3d0/1646, E_0x63a28dcbf3d0/1647, E_0x63a28dcbf3d0/1648, E_0x63a28dcbf3d0/1649, E_0x63a28dcbf3d0/1650, E_0x63a28dcbf3d0/1651, E_0x63a28dcbf3d0/1652, E_0x63a28dcbf3d0/1653, E_0x63a28dcbf3d0/1654, E_0x63a28dcbf3d0/1655, E_0x63a28dcbf3d0/1656, E_0x63a28dcbf3d0/1657, E_0x63a28dcbf3d0/1658, E_0x63a28dcbf3d0/1659, E_0x63a28dcbf3d0/1660, E_0x63a28dcbf3d0/1661, E_0x63a28dcbf3d0/1662, E_0x63a28dcbf3d0/1663, E_0x63a28dcbf3d0/1664, E_0x63a28dcbf3d0/1665, E_0x63a28dcbf3d0/1666, E_0x63a28dcbf3d0/1667, E_0x63a28dcbf3d0/1668, E_0x63a28dcbf3d0/1669, E_0x63a28dcbf3d0/1670, E_0x63a28dcbf3d0/1671, E_0x63a28dcbf3d0/1672, E_0x63a28dcbf3d0/1673, E_0x63a28dcbf3d0/1674, E_0x63a28dcbf3d0/1675, E_0x63a28dcbf3d0/1676, E_0x63a28dcbf3d0/1677, E_0x63a28dcbf3d0/1678, E_0x63a28dcbf3d0/1679, E_0x63a28dcbf3d0/1680, E_0x63a28dcbf3d0/1681, E_0x63a28dcbf3d0/1682, E_0x63a28dcbf3d0/1683, E_0x63a28dcbf3d0/1684, E_0x63a28dcbf3d0/1685, E_0x63a28dcbf3d0/1686, E_0x63a28dcbf3d0/1687, E_0x63a28dcbf3d0/1688, E_0x63a28dcbf3d0/1689, E_0x63a28dcbf3d0/1690, E_0x63a28dcbf3d0/1691, E_0x63a28dcbf3d0/1692, E_0x63a28dcbf3d0/1693, E_0x63a28dcbf3d0/1694, E_0x63a28dcbf3d0/1695, E_0x63a28dcbf3d0/1696, E_0x63a28dcbf3d0/1697, E_0x63a28dcbf3d0/1698, E_0x63a28dcbf3d0/1699, E_0x63a28dcbf3d0/1700, E_0x63a28dcbf3d0/1701, E_0x63a28dcbf3d0/1702, E_0x63a28dcbf3d0/1703, E_0x63a28dcbf3d0/1704, E_0x63a28dcbf3d0/1705, E_0x63a28dcbf3d0/1706, E_0x63a28dcbf3d0/1707, E_0x63a28dcbf3d0/1708, E_0x63a28dcbf3d0/1709, E_0x63a28dcbf3d0/1710, E_0x63a28dcbf3d0/1711, E_0x63a28dcbf3d0/1712, E_0x63a28dcbf3d0/1713, E_0x63a28dcbf3d0/1714, E_0x63a28dcbf3d0/1715, E_0x63a28dcbf3d0/1716, E_0x63a28dcbf3d0/1717, E_0x63a28dcbf3d0/1718, E_0x63a28dcbf3d0/1719, E_0x63a28dcbf3d0/1720, E_0x63a28dcbf3d0/1721, E_0x63a28dcbf3d0/1722, E_0x63a28dcbf3d0/1723, E_0x63a28dcbf3d0/1724, E_0x63a28dcbf3d0/1725, E_0x63a28dcbf3d0/1726, E_0x63a28dcbf3d0/1727, E_0x63a28dcbf3d0/1728, E_0x63a28dcbf3d0/1729, E_0x63a28dcbf3d0/1730, E_0x63a28dcbf3d0/1731, E_0x63a28dcbf3d0/1732, E_0x63a28dcbf3d0/1733, E_0x63a28dcbf3d0/1734, E_0x63a28dcbf3d0/1735, E_0x63a28dcbf3d0/1736, E_0x63a28dcbf3d0/1737, E_0x63a28dcbf3d0/1738, E_0x63a28dcbf3d0/1739, E_0x63a28dcbf3d0/1740, E_0x63a28dcbf3d0/1741, E_0x63a28dcbf3d0/1742, E_0x63a28dcbf3d0/1743, E_0x63a28dcbf3d0/1744, E_0x63a28dcbf3d0/1745, E_0x63a28dcbf3d0/1746, E_0x63a28dcbf3d0/1747, E_0x63a28dcbf3d0/1748, E_0x63a28dcbf3d0/1749, E_0x63a28dcbf3d0/1750, E_0x63a28dcbf3d0/1751, E_0x63a28dcbf3d0/1752, E_0x63a28dcbf3d0/1753, E_0x63a28dcbf3d0/1754, E_0x63a28dcbf3d0/1755, E_0x63a28dcbf3d0/1756, E_0x63a28dcbf3d0/1757, E_0x63a28dcbf3d0/1758, E_0x63a28dcbf3d0/1759, E_0x63a28dcbf3d0/1760, E_0x63a28dcbf3d0/1761, E_0x63a28dcbf3d0/1762, E_0x63a28dcbf3d0/1763, E_0x63a28dcbf3d0/1764, E_0x63a28dcbf3d0/1765, E_0x63a28dcbf3d0/1766, E_0x63a28dcbf3d0/1767, E_0x63a28dcbf3d0/1768, E_0x63a28dcbf3d0/1769, E_0x63a28dcbf3d0/1770, E_0x63a28dcbf3d0/1771, E_0x63a28dcbf3d0/1772, E_0x63a28dcbf3d0/1773, E_0x63a28dcbf3d0/1774, E_0x63a28dcbf3d0/1775, E_0x63a28dcbf3d0/1776, E_0x63a28dcbf3d0/1777, E_0x63a28dcbf3d0/1778, E_0x63a28dcbf3d0/1779, E_0x63a28dcbf3d0/1780, E_0x63a28dcbf3d0/1781, E_0x63a28dcbf3d0/1782, E_0x63a28dcbf3d0/1783, E_0x63a28dcbf3d0/1784, E_0x63a28dcbf3d0/1785, E_0x63a28dcbf3d0/1786, E_0x63a28dcbf3d0/1787, E_0x63a28dcbf3d0/1788, E_0x63a28dcbf3d0/1789, E_0x63a28dcbf3d0/1790, E_0x63a28dcbf3d0/1791, E_0x63a28dcbf3d0/1792, E_0x63a28dcbf3d0/1793, E_0x63a28dcbf3d0/1794, E_0x63a28dcbf3d0/1795, E_0x63a28dcbf3d0/1796, E_0x63a28dcbf3d0/1797, E_0x63a28dcbf3d0/1798, E_0x63a28dcbf3d0/1799, E_0x63a28dcbf3d0/1800, E_0x63a28dcbf3d0/1801, E_0x63a28dcbf3d0/1802, E_0x63a28dcbf3d0/1803, E_0x63a28dcbf3d0/1804, E_0x63a28dcbf3d0/1805, E_0x63a28dcbf3d0/1806, E_0x63a28dcbf3d0/1807, E_0x63a28dcbf3d0/1808, E_0x63a28dcbf3d0/1809, E_0x63a28dcbf3d0/1810, E_0x63a28dcbf3d0/1811, E_0x63a28dcbf3d0/1812, E_0x63a28dcbf3d0/1813, E_0x63a28dcbf3d0/1814, E_0x63a28dcbf3d0/1815, E_0x63a28dcbf3d0/1816, E_0x63a28dcbf3d0/1817, E_0x63a28dcbf3d0/1818, E_0x63a28dcbf3d0/1819, E_0x63a28dcbf3d0/1820, E_0x63a28dcbf3d0/1821, E_0x63a28dcbf3d0/1822, E_0x63a28dcbf3d0/1823, E_0x63a28dcbf3d0/1824, E_0x63a28dcbf3d0/1825, E_0x63a28dcbf3d0/1826, E_0x63a28dcbf3d0/1827, E_0x63a28dcbf3d0/1828, E_0x63a28dcbf3d0/1829, E_0x63a28dcbf3d0/1830, E_0x63a28dcbf3d0/1831, E_0x63a28dcbf3d0/1832, E_0x63a28dcbf3d0/1833, E_0x63a28dcbf3d0/1834, E_0x63a28dcbf3d0/1835, E_0x63a28dcbf3d0/1836, E_0x63a28dcbf3d0/1837, E_0x63a28dcbf3d0/1838, E_0x63a28dcbf3d0/1839, E_0x63a28dcbf3d0/1840, E_0x63a28dcbf3d0/1841, E_0x63a28dcbf3d0/1842, E_0x63a28dcbf3d0/1843, E_0x63a28dcbf3d0/1844, E_0x63a28dcbf3d0/1845, E_0x63a28dcbf3d0/1846, E_0x63a28dcbf3d0/1847, E_0x63a28dcbf3d0/1848, E_0x63a28dcbf3d0/1849, E_0x63a28dcbf3d0/1850, E_0x63a28dcbf3d0/1851, E_0x63a28dcbf3d0/1852, E_0x63a28dcbf3d0/1853, E_0x63a28dcbf3d0/1854, E_0x63a28dcbf3d0/1855, E_0x63a28dcbf3d0/1856, E_0x63a28dcbf3d0/1857, E_0x63a28dcbf3d0/1858, E_0x63a28dcbf3d0/1859, E_0x63a28dcbf3d0/1860, E_0x63a28dcbf3d0/1861, E_0x63a28dcbf3d0/1862, E_0x63a28dcbf3d0/1863, E_0x63a28dcbf3d0/1864, E_0x63a28dcbf3d0/1865, E_0x63a28dcbf3d0/1866, E_0x63a28dcbf3d0/1867, E_0x63a28dcbf3d0/1868, E_0x63a28dcbf3d0/1869, E_0x63a28dcbf3d0/1870, E_0x63a28dcbf3d0/1871, E_0x63a28dcbf3d0/1872, E_0x63a28dcbf3d0/1873, E_0x63a28dcbf3d0/1874, E_0x63a28dcbf3d0/1875, E_0x63a28dcbf3d0/1876, E_0x63a28dcbf3d0/1877, E_0x63a28dcbf3d0/1878, E_0x63a28dcbf3d0/1879, E_0x63a28dcbf3d0/1880, E_0x63a28dcbf3d0/1881, E_0x63a28dcbf3d0/1882, E_0x63a28dcbf3d0/1883, E_0x63a28dcbf3d0/1884, E_0x63a28dcbf3d0/1885, E_0x63a28dcbf3d0/1886, E_0x63a28dcbf3d0/1887, E_0x63a28dcbf3d0/1888, E_0x63a28dcbf3d0/1889, E_0x63a28dcbf3d0/1890, E_0x63a28dcbf3d0/1891, E_0x63a28dcbf3d0/1892, E_0x63a28dcbf3d0/1893, E_0x63a28dcbf3d0/1894, E_0x63a28dcbf3d0/1895, E_0x63a28dcbf3d0/1896, E_0x63a28dcbf3d0/1897, E_0x63a28dcbf3d0/1898, E_0x63a28dcbf3d0/1899, E_0x63a28dcbf3d0/1900, E_0x63a28dcbf3d0/1901, E_0x63a28dcbf3d0/1902, E_0x63a28dcbf3d0/1903, E_0x63a28dcbf3d0/1904, E_0x63a28dcbf3d0/1905, E_0x63a28dcbf3d0/1906, E_0x63a28dcbf3d0/1907, E_0x63a28dcbf3d0/1908, E_0x63a28dcbf3d0/1909, E_0x63a28dcbf3d0/1910, E_0x63a28dcbf3d0/1911, E_0x63a28dcbf3d0/1912, E_0x63a28dcbf3d0/1913, E_0x63a28dcbf3d0/1914, E_0x63a28dcbf3d0/1915, E_0x63a28dcbf3d0/1916, E_0x63a28dcbf3d0/1917, E_0x63a28dcbf3d0/1918, E_0x63a28dcbf3d0/1919, E_0x63a28dcbf3d0/1920, E_0x63a28dcbf3d0/1921, E_0x63a28dcbf3d0/1922, E_0x63a28dcbf3d0/1923, E_0x63a28dcbf3d0/1924, E_0x63a28dcbf3d0/1925, E_0x63a28dcbf3d0/1926, E_0x63a28dcbf3d0/1927, E_0x63a28dcbf3d0/1928, E_0x63a28dcbf3d0/1929, E_0x63a28dcbf3d0/1930, E_0x63a28dcbf3d0/1931, E_0x63a28dcbf3d0/1932, E_0x63a28dcbf3d0/1933, E_0x63a28dcbf3d0/1934, E_0x63a28dcbf3d0/1935, E_0x63a28dcbf3d0/1936, E_0x63a28dcbf3d0/1937, E_0x63a28dcbf3d0/1938, E_0x63a28dcbf3d0/1939, E_0x63a28dcbf3d0/1940, E_0x63a28dcbf3d0/1941, E_0x63a28dcbf3d0/1942, E_0x63a28dcbf3d0/1943, E_0x63a28dcbf3d0/1944, E_0x63a28dcbf3d0/1945, E_0x63a28dcbf3d0/1946, E_0x63a28dcbf3d0/1947, E_0x63a28dcbf3d0/1948, E_0x63a28dcbf3d0/1949, E_0x63a28dcbf3d0/1950, E_0x63a28dcbf3d0/1951, E_0x63a28dcbf3d0/1952, E_0x63a28dcbf3d0/1953, E_0x63a28dcbf3d0/1954, E_0x63a28dcbf3d0/1955, E_0x63a28dcbf3d0/1956, E_0x63a28dcbf3d0/1957, E_0x63a28dcbf3d0/1958, E_0x63a28dcbf3d0/1959, E_0x63a28dcbf3d0/1960, E_0x63a28dcbf3d0/1961, E_0x63a28dcbf3d0/1962, E_0x63a28dcbf3d0/1963, E_0x63a28dcbf3d0/1964, E_0x63a28dcbf3d0/1965, E_0x63a28dcbf3d0/1966, E_0x63a28dcbf3d0/1967, E_0x63a28dcbf3d0/1968, E_0x63a28dcbf3d0/1969, E_0x63a28dcbf3d0/1970, E_0x63a28dcbf3d0/1971, E_0x63a28dcbf3d0/1972, E_0x63a28dcbf3d0/1973, E_0x63a28dcbf3d0/1974, E_0x63a28dcbf3d0/1975, E_0x63a28dcbf3d0/1976, E_0x63a28dcbf3d0/1977, E_0x63a28dcbf3d0/1978, E_0x63a28dcbf3d0/1979, E_0x63a28dcbf3d0/1980, E_0x63a28dcbf3d0/1981, E_0x63a28dcbf3d0/1982, E_0x63a28dcbf3d0/1983, E_0x63a28dcbf3d0/1984, E_0x63a28dcbf3d0/1985, E_0x63a28dcbf3d0/1986, E_0x63a28dcbf3d0/1987, E_0x63a28dcbf3d0/1988, E_0x63a28dcbf3d0/1989, E_0x63a28dcbf3d0/1990, E_0x63a28dcbf3d0/1991, E_0x63a28dcbf3d0/1992, E_0x63a28dcbf3d0/1993, E_0x63a28dcbf3d0/1994, E_0x63a28dcbf3d0/1995, E_0x63a28dcbf3d0/1996, E_0x63a28dcbf3d0/1997, E_0x63a28dcbf3d0/1998, E_0x63a28dcbf3d0/1999, E_0x63a28dcbf3d0/2000, E_0x63a28dcbf3d0/2001, E_0x63a28dcbf3d0/2002, E_0x63a28dcbf3d0/2003, E_0x63a28dcbf3d0/2004, E_0x63a28dcbf3d0/2005, E_0x63a28dcbf3d0/2006, E_0x63a28dcbf3d0/2007, E_0x63a28dcbf3d0/2008, E_0x63a28dcbf3d0/2009, E_0x63a28dcbf3d0/2010, E_0x63a28dcbf3d0/2011, E_0x63a28dcbf3d0/2012, E_0x63a28dcbf3d0/2013, E_0x63a28dcbf3d0/2014, E_0x63a28dcbf3d0/2015, E_0x63a28dcbf3d0/2016, E_0x63a28dcbf3d0/2017, E_0x63a28dcbf3d0/2018, E_0x63a28dcbf3d0/2019, E_0x63a28dcbf3d0/2020, E_0x63a28dcbf3d0/2021, E_0x63a28dcbf3d0/2022, E_0x63a28dcbf3d0/2023, E_0x63a28dcbf3d0/2024, E_0x63a28dcbf3d0/2025, E_0x63a28dcbf3d0/2026, E_0x63a28dcbf3d0/2027, E_0x63a28dcbf3d0/2028, E_0x63a28dcbf3d0/2029, E_0x63a28dcbf3d0/2030, E_0x63a28dcbf3d0/2031, E_0x63a28dcbf3d0/2032, E_0x63a28dcbf3d0/2033, E_0x63a28dcbf3d0/2034, E_0x63a28dcbf3d0/2035, E_0x63a28dcbf3d0/2036, E_0x63a28dcbf3d0/2037, E_0x63a28dcbf3d0/2038, E_0x63a28dcbf3d0/2039, E_0x63a28dcbf3d0/2040, E_0x63a28dcbf3d0/2041, E_0x63a28dcbf3d0/2042, E_0x63a28dcbf3d0/2043, E_0x63a28dcbf3d0/2044, E_0x63a28dcbf3d0/2045, E_0x63a28dcbf3d0/2046, E_0x63a28dcbf3d0/2047, E_0x63a28dcbf3d0/2048;
S_0x63a28de97d90 .scope module, "rf" "RF" 3 127, 7 3 0, S_0x63a28dcccc40;
 .timescale -9 -10;
    .port_info 0 /INPUT 1 "clk";
    .port_info 1 /INPUT 1 "rst";
    .port_info 2 /INPUT 5 "rd_addr1";
    .port_info 3 /INPUT 5 "rd_addr2";
    .port_info 4 /OUTPUT 32 "rd_data1";
    .port_info 5 /OUTPUT 32 "rd_data2";
    .port_info 6 /INPUT 1 "RegWrite";
    .port_info 7 /INPUT 5 "wr_addr";
    .port_info 8 /INPUT 32 "wr_data";
L_0x63a28dead220 .functor BUFZ 32, L_0x63a28dead000, C4<00000000000000000000000000000000>, C4<00000000000000000000000000000000>, C4<00000000000000000000000000000000>;
v0x63a28de981c0_0 .net "RegWrite", 0 0, v0x63a28dd01420_0;  alias, 1 drivers
v0x63a28de98280_0 .net *"_ivl_0", 31 0, L_0x63a28dead000;  1 drivers
v0x63a28de98340_0 .net *"_ivl_2", 6 0, L_0x63a28dead0a0;  1 drivers
L_0x7458322b40a8 .functor BUFT 1, C4<00>, C4<0>, C4<0>, C4<0>;
v0x63a28de98400_0 .net *"_ivl_5", 1 0, L_0x7458322b40a8;  1 drivers
v0x63a28de984e0_0 .net "clk", 0 0, v0x63a28de9b6c0_0;  alias, 1 drivers
v0x63a28de985d0_0 .net "rd_addr1", 4 0, L_0x63a28deabe50;  alias, 1 drivers
v0x63a28de98690_0 .net "rd_addr2", 4 0, L_0x63a28deabf40;  alias, 1 drivers
v0x63a28de98770_0 .var "rd_data1", 31 0;
v0x63a28de98850_0 .net "rd_data2", 31 0, L_0x63a28dead220;  alias, 1 drivers
v0x63a28de989c0 .array "register_file", 31 0, 31 0;
v0x63a28de98e80_0 .net "rst", 0 0, v0x63a28de9bad0_0;  alias, 1 drivers
v0x63a28de98f20_0 .net "wr_addr", 4 0, v0x63a28de9b3e0_0;  1 drivers
v0x63a28de98fe0_0 .net "wr_data", 31 0, v0x63a28de9b4b0_0;  1 drivers
v0x63a28de989c0_0 .array/port v0x63a28de989c0, 0;
v0x63a28de989c0_1 .array/port v0x63a28de989c0, 1;
v0x63a28de989c0_2 .array/port v0x63a28de989c0, 2;
E_0x63a28de98050/0 .event anyedge, v0x63a28de985d0_0, v0x63a28de989c0_0, v0x63a28de989c0_1, v0x63a28de989c0_2;
v0x63a28de989c0_3 .array/port v0x63a28de989c0, 3;
v0x63a28de989c0_4 .array/port v0x63a28de989c0, 4;
v0x63a28de989c0_5 .array/port v0x63a28de989c0, 5;
v0x63a28de989c0_6 .array/port v0x63a28de989c0, 6;
E_0x63a28de98050/1 .event anyedge, v0x63a28de989c0_3, v0x63a28de989c0_4, v0x63a28de989c0_5, v0x63a28de989c0_6;
v0x63a28de989c0_7 .array/port v0x63a28de989c0, 7;
v0x63a28de989c0_8 .array/port v0x63a28de989c0, 8;
v0x63a28de989c0_9 .array/port v0x63a28de989c0, 9;
v0x63a28de989c0_10 .array/port v0x63a28de989c0, 10;
E_0x63a28de98050/2 .event anyedge, v0x63a28de989c0_7, v0x63a28de989c0_8, v0x63a28de989c0_9, v0x63a28de989c0_10;
v0x63a28de989c0_11 .array/port v0x63a28de989c0, 11;
v0x63a28de989c0_12 .array/port v0x63a28de989c0, 12;
v0x63a28de989c0_13 .array/port v0x63a28de989c0, 13;
v0x63a28de989c0_14 .array/port v0x63a28de989c0, 14;
E_0x63a28de98050/3 .event anyedge, v0x63a28de989c0_11, v0x63a28de989c0_12, v0x63a28de989c0_13, v0x63a28de989c0_14;
v0x63a28de989c0_15 .array/port v0x63a28de989c0, 15;
v0x63a28de989c0_16 .array/port v0x63a28de989c0, 16;
v0x63a28de989c0_17 .array/port v0x63a28de989c0, 17;
v0x63a28de989c0_18 .array/port v0x63a28de989c0, 18;
E_0x63a28de98050/4 .event anyedge, v0x63a28de989c0_15, v0x63a28de989c0_16, v0x63a28de989c0_17, v0x63a28de989c0_18;
v0x63a28de989c0_19 .array/port v0x63a28de989c0, 19;
v0x63a28de989c0_20 .array/port v0x63a28de989c0, 20;
v0x63a28de989c0_21 .array/port v0x63a28de989c0, 21;
v0x63a28de989c0_22 .array/port v0x63a28de989c0, 22;
E_0x63a28de98050/5 .event anyedge, v0x63a28de989c0_19, v0x63a28de989c0_20, v0x63a28de989c0_21, v0x63a28de989c0_22;
v0x63a28de989c0_23 .array/port v0x63a28de989c0, 23;
v0x63a28de989c0_24 .array/port v0x63a28de989c0, 24;
v0x63a28de989c0_25 .array/port v0x63a28de989c0, 25;
v0x63a28de989c0_26 .array/port v0x63a28de989c0, 26;
E_0x63a28de98050/6 .event anyedge, v0x63a28de989c0_23, v0x63a28de989c0_24, v0x63a28de989c0_25, v0x63a28de989c0_26;
v0x63a28de989c0_27 .array/port v0x63a28de989c0, 27;
v0x63a28de989c0_28 .array/port v0x63a28de989c0, 28;
v0x63a28de989c0_29 .array/port v0x63a28de989c0, 29;
v0x63a28de989c0_30 .array/port v0x63a28de989c0, 30;
E_0x63a28de98050/7 .event anyedge, v0x63a28de989c0_27, v0x63a28de989c0_28, v0x63a28de989c0_29, v0x63a28de989c0_30;
v0x63a28de989c0_31 .array/port v0x63a28de989c0, 31;
E_0x63a28de98050/8 .event anyedge, v0x63a28de989c0_31;
E_0x63a28de98050 .event/or E_0x63a28de98050/0, E_0x63a28de98050/1, E_0x63a28de98050/2, E_0x63a28de98050/3, E_0x63a28de98050/4, E_0x63a28de98050/5, E_0x63a28de98050/6, E_0x63a28de98050/7, E_0x63a28de98050/8;
L_0x63a28dead000 .array/port v0x63a28de989c0, L_0x63a28dead0a0;
L_0x63a28dead0a0 .concat [ 5 2 0 0], L_0x63a28deabf40, L_0x7458322b40a8;
    .scope S_0x63a28dccc800;
T_0 ;
    %wait E_0x63a28dc9bf80;
    %pushi/vec4 0, 0, 1;
    %store/vec4 v0x63a28dd01360_0, 0, 1;
    %pushi/vec4 0, 0, 1;
    %store/vec4 v0x63a28dcd8de0_0, 0, 1;
    %pushi/vec4 0, 0, 1;
    %store/vec4 v0x63a28dcd8c80_0, 0, 1;
    %pushi/vec4 0, 0, 1;
    %store/vec4 v0x63a28dcd8d20_0, 0, 1;
    %pushi/vec4 0, 0, 1;
    %store/vec4 v0x63a28dd01120_0, 0, 1;
    %pushi/vec4 0, 0, 1;
    %store/vec4 v0x63a28dd012a0_0, 0, 1;
    %pushi/vec4 0, 0, 1;
    %store/vec4 v0x63a28dd011e0_0, 0, 1;
    %pushi/vec4 0, 0, 1;
    %store/vec4 v0x63a28dcd8bc0_0, 0, 1;
    %pushi/vec4 0, 0, 1;
    %store/vec4 v0x63a28dce9060_0, 0, 1;
    %pushi/vec4 0, 0, 1;
    %store/vec4 v0x63a28dd01420_0, 0, 1;
    %pushi/vec4 0, 0, 4;
    %store/vec4 v0x63a28dcd8ae0_0, 0, 4;
    %pushi/vec4 0, 0, 1;
    %store/vec4 v0x63a28dd014e0_0, 0, 1;
    %load/vec4 v0x63a28dce9200_0;
    %dup/vec4;
    %pushi/vec4 0, 0, 6;
    %cmp/u;
    %jmp/1 T_0.0, 6;
    %dup/vec4;
    %pushi/vec4 2, 0, 6;
    %cmp/u;
    %jmp/1 T_0.1, 6;
    %dup/vec4;
    %pushi/vec4 3, 0, 6;
    %cmp/u;
    %jmp/1 T_0.2, 6;
    %dup/vec4;
    %pushi/vec4 4, 0, 6;
    %cmp/u;
    %jmp/1 T_0.3, 6;
    %dup/vec4;
    %pushi/vec4 5, 0, 6;
    %cmp/u;
    %jmp/1 T_0.4, 6;
    %dup/vec4;
    %pushi/vec4 9, 0, 6;
    %cmp/u;
    %jmp/1 T_0.5, 6;
    %dup/vec4;
    %pushi/vec4 10, 0, 6;
    %cmp/u;
    %jmp/1 T_0.6, 6;
    %dup/vec4;
    %pushi/vec4 11, 0, 6;
    %cmp/u;
    %jmp/1 T_0.7, 6;
    %dup/vec4;
    %pushi/vec4 12, 0, 6;
    %cmp/u;
    %jmp/1 T_0.8, 6;
    %dup/vec4;
    %pushi/vec4 13, 0, 6;
    %cmp/u;
    %jmp/1 T_0.9, 6;
    %dup/vec4;
    %pushi/vec4 14, 0, 6;
    %cmp/u;
    %jmp/1 T_0.10, 6;
    %dup/vec4;
    %pushi/vec4 15, 0, 6;
    %cmp/u;
    %jmp/1 T_0.11, 6;
    %dup/vec4;
    %pushi/vec4 35, 0, 6;
    %cmp/u;
    %jmp/1 T_0.12, 6;
    %dup/vec4;
    %pushi/vec4 43, 0, 6;
    %cmp/u;
    %jmp/1 T_0.13, 6;
    %jmp T_0.15;
T_0.0 ;
    %load/vec4 v0x63a28dce9120_0;
    %dup/vec4;
    %pushi/vec4 8, 0, 6;
    %cmp/u;
    %jmp/1 T_0.16, 6;
    %pushi/vec4 1, 0, 1;
    %store/vec4 v0x63a28dd01360_0, 0, 1;
    %pushi/vec4 1, 0, 1;
    %store/vec4 v0x63a28dd01420_0, 0, 1;
    %load/vec4 v0x63a28dce9120_0;
    %dup/vec4;
    %pushi/vec4 0, 0, 6;
    %cmp/u;
    %jmp/1 T_0.19, 6;
    %dup/vec4;
    %pushi/vec4 2, 0, 6;
    %cmp/u;
    %jmp/1 T_0.20, 6;
    %dup/vec4;
    %pushi/vec4 3, 0, 6;
    %cmp/u;
    %jmp/1 T_0.21, 6;
    %dup/vec4;
    %pushi/vec4 33, 0, 6;
    %cmp/u;
    %jmp/1 T_0.22, 6;
    %dup/vec4;
    %pushi/vec4 35, 0, 6;
    %cmp/u;
    %jmp/1 T_0.23, 6;
    %dup/vec4;
    %pushi/vec4 36, 0, 6;
    %cmp/u;
    %jmp/1 T_0.24, 6;
    %dup/vec4;
    %pushi/vec4 37, 0, 6;
    %cmp/u;
    %jmp/1 T_0.25, 6;
    %dup/vec4;
    %pushi/vec4 38, 0, 6;
    %cmp/u;
    %jmp/1 T_0.26, 6;
    %dup/vec4;
    %pushi/vec4 39, 0, 6;
    %cmp/u;
    %jmp/1 T_0.27, 6;
    %dup/vec4;
    %pushi/vec4 42, 0, 6;
    %cmp/u;
    %jmp/1 T_0.28, 6;
    %dup/vec4;
    %pushi/vec4 43, 0, 6;
    %cmp/u;
    %jmp/1 T_0.29, 6;
    %pushi/vec4 0, 0, 4;
    %store/vec4 v0x63a28dcd8ae0_0, 0, 4;
    %jmp T_0.31;
T_0.19 ;
    %pushi/vec4 4, 0, 4;
    %store/vec4 v0x63a28dcd8ae0_0, 0, 4;
    %jmp T_0.31;
T_0.20 ;
    %pushi/vec4 6, 0, 4;
    %store/vec4 v0x63a28dcd8ae0_0, 0, 4;
    %jmp T_0.31;
T_0.21 ;
    %pushi/vec4 5, 0, 4;
    %store/vec4 v0x63a28dcd8ae0_0, 0, 4;
    %jmp T_0.31;
T_0.22 ;
    %pushi/vec4 0, 0, 4;
    %store/vec4 v0x63a28dcd8ae0_0, 0, 4;
    %jmp T_0.31;
T_0.23 ;
    %pushi/vec4 7, 0, 4;
    %store/vec4 v0x63a28dcd8ae0_0, 0, 4;
    %jmp T_0.31;
T_0.24 ;
    %pushi/vec4 1, 0, 4;
    %store/vec4 v0x63a28dcd8ae0_0, 0, 4;
    %jmp T_0.31;
T_0.25 ;
    %pushi/vec4 3, 0, 4;
    %store/vec4 v0x63a28dcd8ae0_0, 0, 4;
    %jmp T_0.31;
T_0.26 ;
    %pushi/vec4 8, 0, 4;
    %store/vec4 v0x63a28dcd8ae0_0, 0, 4;
    %jmp T_0.31;
T_0.27 ;
    %pushi/vec4 2, 0, 4;
    %store/vec4 v0x63a28dcd8ae0_0, 0, 4;
    %jmp T_0.31;
T_0.28 ;
    %pushi/vec4 9, 0, 4;
    %store/vec4 v0x63a28dcd8ae0_0, 0, 4;
    %jmp T_0.31;
T_0.29 ;
    %pushi/vec4 10, 0, 4;
    %store/vec4 v0x63a28dcd8ae0_0, 0, 4;
    %jmp T_0.31;
T_0.31 ;
    %pop/vec4 1;
    %jmp T_0.18;
T_0.16 ;
    %pushi/vec4 1, 0, 1;
    %store/vec4 v0x63a28dcd8d20_0, 0, 1;
    %jmp T_0.18;
T_0.18 ;
    %pop/vec4 1;
    %jmp T_0.15;
T_0.1 ;
    %pushi/vec4 1, 0, 1;
    %store/vec4 v0x63a28dcd8de0_0, 0, 1;
    %jmp T_0.15;
T_0.2 ;
    %pushi/vec4 1, 0, 1;
    %store/vec4 v0x63a28dcd8de0_0, 0, 1;
    %pushi/vec4 1, 0, 1;
    %store/vec4 v0x63a28dd01420_0, 0, 1;
    %pushi/vec4 1, 0, 1;
    %store/vec4 v0x63a28dd014e0_0, 0, 1;
    %jmp T_0.15;
T_0.3 ;
    %pushi/vec4 1, 0, 1;
    %store/vec4 v0x63a28dcd8c80_0, 0, 1;
    %pushi/vec4 11, 0, 4;
    %store/vec4 v0x63a28dcd8ae0_0, 0, 4;
    %jmp T_0.15;
T_0.4 ;
    %pushi/vec4 1, 0, 1;
    %store/vec4 v0x63a28dcd8c80_0, 0, 1;
    %pushi/vec4 12, 0, 4;
    %store/vec4 v0x63a28dcd8ae0_0, 0, 4;
    %jmp T_0.15;
T_0.5 ;
    %pushi/vec4 1, 0, 1;
    %store/vec4 v0x63a28dcd8bc0_0, 0, 1;
    %pushi/vec4 1, 0, 1;
    %store/vec4 v0x63a28dce9060_0, 0, 1;
    %pushi/vec4 1, 0, 1;
    %store/vec4 v0x63a28dd01420_0, 0, 1;
    %pushi/vec4 0, 0, 4;
    %store/vec4 v0x63a28dcd8ae0_0, 0, 4;
    %jmp T_0.15;
T_0.6 ;
    %pushi/vec4 1, 0, 1;
    %store/vec4 v0x63a28dcd8bc0_0, 0, 1;
    %pushi/vec4 1, 0, 1;
    %store/vec4 v0x63a28dce9060_0, 0, 1;
    %pushi/vec4 1, 0, 1;
    %store/vec4 v0x63a28dd01420_0, 0, 1;
    %pushi/vec4 9, 0, 4;
    %store/vec4 v0x63a28dcd8ae0_0, 0, 4;
    %jmp T_0.15;
T_0.7 ;
    %pushi/vec4 1, 0, 1;
    %store/vec4 v0x63a28dcd8bc0_0, 0, 1;
    %pushi/vec4 1, 0, 1;
    %store/vec4 v0x63a28dce9060_0, 0, 1;
    %pushi/vec4 1, 0, 1;
    %store/vec4 v0x63a28dd01420_0, 0, 1;
    %pushi/vec4 10, 0, 4;
    %store/vec4 v0x63a28dcd8ae0_0, 0, 4;
    %jmp T_0.15;
T_0.8 ;
    %pushi/vec4 1, 0, 1;
    %store/vec4 v0x63a28dcd8bc0_0, 0, 1;
    %pushi/vec4 1, 0, 1;
    %store/vec4 v0x63a28dd01420_0, 0, 1;
    %pushi/vec4 1, 0, 4;
    %store/vec4 v0x63a28dcd8ae0_0, 0, 4;
    %jmp T_0.15;
T_0.9 ;
    %pushi/vec4 1, 0, 1;
    %store/vec4 v0x63a28dcd8bc0_0, 0, 1;
    %pushi/vec4 1, 0, 1;
    %store/vec4 v0x63a28dd01420_0, 0, 1;
    %pushi/vec4 3, 0, 4;
    %store/vec4 v0x63a28dcd8ae0_0, 0, 4;
    %jmp T_0.15;
T_0.10 ;
    %pushi/vec4 1, 0, 1;
    %store/vec4 v0x63a28dcd8bc0_0, 0, 1;
    %pushi/vec4 1, 0, 1;
    %store/vec4 v0x63a28dd01420_0, 0, 1;
    %pushi/vec4 8, 0, 4;
    %store/vec4 v0x63a28dcd8ae0_0, 0, 4;
    %jmp T_0.15;
T_0.11 ;
    %pushi/vec4 1, 0, 1;
    %store/vec4 v0x63a28dcd8bc0_0, 0, 1;
    %pushi/vec4 1, 0, 1;
    %store/vec4 v0x63a28dce9060_0, 0, 1;
    %pushi/vec4 1, 0, 1;
    %store/vec4 v0x63a28dd01420_0, 0, 1;
    %pushi/vec4 13, 0, 4;
    %store/vec4 v0x63a28dcd8ae0_0, 0, 4;
    %jmp T_0.15;
T_0.12 ;
    %pushi/vec4 1, 0, 1;
    %store/vec4 v0x63a28dcd8bc0_0, 0, 1;
    %pushi/vec4 1, 0, 1;
    %store/vec4 v0x63a28dce9060_0, 0, 1;
    %pushi/vec4 1, 0, 1;
    %store/vec4 v0x63a28dd01420_0, 0, 1;
    %pushi/vec4 1, 0, 1;
    %store/vec4 v0x63a28dd01120_0, 0, 1;
    %pushi/vec4 1, 0, 1;
    %store/vec4 v0x63a28dd012a0_0, 0, 1;
    %pushi/vec4 0, 0, 4;
    %store/vec4 v0x63a28dcd8ae0_0, 0, 4;
    %jmp T_0.15;
T_0.13 ;
    %pushi/vec4 1, 0, 1;
    %store/vec4 v0x63a28dcd8bc0_0, 0, 1;
    %pushi/vec4 1, 0, 1;
    %store/vec4 v0x63a28dce9060_0, 0, 1;
    %pushi/vec4 1, 0, 1;
    %store/vec4 v0x63a28dd011e0_0, 0, 1;
    %pushi/vec4 0, 0, 4;
    %store/vec4 v0x63a28dcd8ae0_0, 0, 4;
    %jmp T_0.15;
T_0.15 ;
    %pop/vec4 1;
    %jmp T_0;
    .thread T_0, $push;
    .scope S_0x63a28de97d90;
T_1 ;
    %wait E_0x63a28de98050;
    %load/vec4 v0x63a28de985d0_0;
    %pad/u 7;
    %ix/vec4 4;
    %load/vec4a v0x63a28de989c0, 4;
    %store/vec4 v0x63a28de98770_0, 0, 32;
    %jmp T_1;
    .thread T_1, $push;
    .scope S_0x63a28de97d90;
T_2 ;
    %wait E_0x63a28dcd4510;
    %load/vec4 v0x63a28de98e80_0;
    %flag_set/vec4 8;
    %jmp/0xz  T_2.0, 8;
    %vpi_call 7 29 "$readmemh", "initial_reg.mem", v0x63a28de989c0 {0 0 0};
    %jmp T_2.1;
T_2.0 ;
    %load/vec4 v0x63a28de981c0_0;
    %flag_set/vec4 8;
    %jmp/0xz  T_2.2, 8;
    %load/vec4 v0x63a28de98fe0_0;
    %load/vec4 v0x63a28de98f20_0;
    %pad/u 7;
    %ix/vec4 3;
    %ix/load 4, 0, 0; Constant delay
    %assign/vec4/a/d v0x63a28de989c0, 0, 4;
T_2.2 ;
T_2.1 ;
    %jmp T_2;
    .thread T_2;
    .scope S_0x63a28dcf89d0;
T_3 ;
    %vpi_call 6 19 "$readmemh", "initial_mem.mem", v0x63a28dc9b490 {0 0 0};
    %end;
    .thread T_3;
    .scope S_0x63a28dcf89d0;
T_4 ;
    %wait E_0x63a28dcbf3d0;
    %load/vec4 v0x63a28dcfcb30_0;
    %ix/load 5, 2, 0;
    %flag_set/imm 4, 0;
    %shiftr 5;
    %ix/vec4 4;
    %load/vec4a v0x63a28dc9b490, 4;
    %store/vec4 v0x63a28dcfca70_0, 0, 32;
    %load/vec4 v0x63a28dcfcc10_0;
    %ix/load 5, 2, 0;
    %flag_set/imm 4, 0;
    %shiftr 5;
    %ix/vec4 4;
    %load/vec4a v0x63a28dc9b490, 4;
    %store/vec4 v0x63a28dcfcd40_0, 0, 32;
    %jmp T_4;
    .thread T_4, $push;
    .scope S_0x63a28dcf89d0;
T_5 ;
    %wait E_0x63a28dcd4510;
    %load/vec4 v0x63a28de97b40_0;
    %nor/r;
    %flag_set/vec4 8;
    %jmp/0xz  T_5.0, 8;
    %load/vec4 v0x63a28dcf8cc0_0;
    %flag_set/vec4 8;
    %jmp/0xz  T_5.2, 8;
    %load/vec4 v0x63a28dcfce20_0;
    %load/vec4 v0x63a28dcfcc10_0;
    %ix/load 4, 2, 0;
    %flag_set/imm 4, 0;
    %shiftr 4;
    %ix/vec4 3;
    %ix/load 4, 0, 0; Constant delay
    %assign/vec4/a/d v0x63a28dc9b490, 0, 4;
T_5.2 ;
T_5.0 ;
    %jmp T_5;
    .thread T_5;
    .scope S_0x63a28dccfd80;
T_6 ;
    %wait E_0x63a28dc9bad0;
    %pushi/vec4 0, 0, 32;
    %store/vec4 v0x63a28de25ac0_0, 0, 32;
    %load/vec4 v0x63a28dd10910_0;
    %dup/vec4;
    %pushi/vec4 0, 0, 4;
    %cmp/u;
    %jmp/1 T_6.0, 6;
    %dup/vec4;
    %pushi/vec4 1, 0, 4;
    %cmp/u;
    %jmp/1 T_6.1, 6;
    %dup/vec4;
    %pushi/vec4 2, 0, 4;
    %cmp/u;
    %jmp/1 T_6.2, 6;
    %dup/vec4;
    %pushi/vec4 3, 0, 4;
    %cmp/u;
    %jmp/1 T_6.3, 6;
    %dup/vec4;
    %pushi/vec4 4, 0, 4;
    %cmp/u;
    %jmp/1 T_6.4, 6;
    %dup/vec4;
    %pushi/vec4 5, 0, 4;
    %cmp/u;
    %jmp/1 T_6.5, 6;
    %dup/vec4;
    %pushi/vec4 6, 0, 4;
    %cmp/u;
    %jmp/1 T_6.6, 6;
    %dup/vec4;
    %pushi/vec4 7, 0, 4;
    %cmp/u;
    %jmp/1 T_6.7, 6;
    %dup/vec4;
    %pushi/vec4 8, 0, 4;
    %cmp/u;
    %jmp/1 T_6.8, 6;
    %dup/vec4;
    %pushi/vec4 9, 0, 4;
    %cmp/u;
    %jmp/1 T_6.9, 6;
    %dup/vec4;
    %pushi/vec4 10, 0, 4;
    %cmp/u;
    %jmp/1 T_6.10, 6;
    %dup/vec4;
    %pushi/vec4 11, 0, 4;
    %cmp/u;
    %jmp/1 T_6.11, 6;
    %dup/vec4;
    %pushi/vec4 12, 0, 4;
    %cmp/u;
    %jmp/1 T_6.12, 6;
    %dup/vec4;
    %pushi/vec4 13, 0, 4;
    %cmp/u;
    %jmp/1 T_6.13, 6;
    %jmp T_6.14;
T_6.0 ;
    %load/vec4 v0x63a28dcfaff0_0;
    %load/vec4 v0x63a28dcd0da0_0;
    %add;
    %store/vec4 v0x63a28de25ac0_0, 0, 32;
    %jmp T_6.14;
T_6.1 ;
    %load/vec4 v0x63a28dcfaff0_0;
    %load/vec4 v0x63a28dcd0da0_0;
    %and;
    %store/vec4 v0x63a28de25ac0_0, 0, 32;
    %jmp T_6.14;
T_6.2 ;
    %load/vec4 v0x63a28dcfaff0_0;
    %load/vec4 v0x63a28dcd0da0_0;
    %or;
    %inv;
    %store/vec4 v0x63a28de25ac0_0, 0, 32;
    %jmp T_6.14;
T_6.3 ;
    %load/vec4 v0x63a28dcfaff0_0;
    %load/vec4 v0x63a28dcd0da0_0;
    %or;
    %store/vec4 v0x63a28de25ac0_0, 0, 32;
    %jmp T_6.14;
T_6.4 ;
    %load/vec4 v0x63a28dcd0da0_0;
    %ix/getv 4, v0x63a28dccd080_0;
    %shiftl 4;
    %store/vec4 v0x63a28de25ac0_0, 0, 32;
    %jmp T_6.14;
T_6.5 ;
    %load/vec4 v0x63a28dcd0da0_0;
    %ix/getv 4, v0x63a28dccd080_0;
    %shiftr/s 4;
    %store/vec4 v0x63a28de25ac0_0, 0, 32;
    %jmp T_6.14;
T_6.6 ;
    %load/vec4 v0x63a28dcd0da0_0;
    %ix/getv 4, v0x63a28dccd080_0;
    %shiftr 4;
    %store/vec4 v0x63a28de25ac0_0, 0, 32;
    %jmp T_6.14;
T_6.7 ;
    %load/vec4 v0x63a28dcfaff0_0;
    %load/vec4 v0x63a28dcd0da0_0;
    %sub;
    %store/vec4 v0x63a28de25ac0_0, 0, 32;
    %jmp T_6.14;
T_6.8 ;
    %load/vec4 v0x63a28dcfaff0_0;
    %load/vec4 v0x63a28dcd0da0_0;
    %xor;
    %store/vec4 v0x63a28de25ac0_0, 0, 32;
    %jmp T_6.14;
T_6.9 ;
    %load/vec4 v0x63a28dcfaff0_0;
    %load/vec4 v0x63a28dcd0da0_0;
    %cmp/s;
    %flag_get/vec4 5;
    %pad/u 32;
    %store/vec4 v0x63a28de25ac0_0, 0, 32;
    %jmp T_6.14;
T_6.10 ;
    %load/vec4 v0x63a28dcfaff0_0;
    %load/vec4 v0x63a28dcd0da0_0;
    %cmp/u;
    %flag_get/vec4 5;
    %pad/u 32;
    %store/vec4 v0x63a28de25ac0_0, 0, 32;
    %jmp T_6.14;
T_6.11 ;
    %load/vec4 v0x63a28dcfaff0_0;
    %load/vec4 v0x63a28dcd0da0_0;
    %cmp/e;
    %flag_get/vec4 4;
    %pad/u 32;
    %store/vec4 v0x63a28de25ac0_0, 0, 32;
    %jmp T_6.14;
T_6.12 ;
    %load/vec4 v0x63a28dcfaff0_0;
    %load/vec4 v0x63a28dcd0da0_0;
    %cmp/ne;
    %flag_get/vec4 4;
    %pad/u 32;
    %store/vec4 v0x63a28de25ac0_0, 0, 32;
    %jmp T_6.14;
T_6.13 ;
    %load/vec4 v0x63a28dcd0da0_0;
    %parti/s 16, 0, 2;
    %concati/vec4 0, 0, 16;
    %store/vec4 v0x63a28de25ac0_0, 0, 32;
    %jmp T_6.14;
T_6.14 ;
    %pop/vec4 1;
    %jmp T_6;
    .thread T_6, $push;
    .scope S_0x63a28dcccc40;
T_7 ;
    %wait E_0x63a28dcd4990;
    %load/vec4 v0x63a28de99b80_0;
    %flag_set/vec4 8;
    %jmp/0xz  T_7.0, 8;
    %pushi/vec4 31, 0, 5;
    %store/vec4 v0x63a28de9b3e0_0, 0, 5;
    %jmp T_7.1;
T_7.0 ;
    %load/vec4 v0x63a28de99a10_0;
    %flag_set/vec4 8;
    %jmp/0xz  T_7.2, 8;
    %load/vec4 v0x63a28de9ac70_0;
    %store/vec4 v0x63a28de9b3e0_0, 0, 5;
    %jmp T_7.3;
T_7.2 ;
    %load/vec4 v0x63a28de9b270_0;
    %store/vec4 v0x63a28de9b3e0_0, 0, 5;
T_7.3 ;
T_7.1 ;
    %load/vec4 v0x63a28de99b80_0;
    %flag_set/vec4 8;
    %jmp/0xz  T_7.4, 8;
    %load/vec4 v0x63a28de99810_0;
    %addi 4, 0, 32;
    %store/vec4 v0x63a28de9b4b0_0, 0, 32;
    %jmp T_7.5;
T_7.4 ;
    %load/vec4 v0x63a28de99770_0;
    %flag_set/vec4 8;
    %jmp/0xz  T_7.6, 8;
    %load/vec4 v0x63a28de9a880_0;
    %store/vec4 v0x63a28de9b4b0_0, 0, 32;
    %jmp T_7.7;
T_7.6 ;
    %load/vec4 v0x63a28de9a110_0;
    %store/vec4 v0x63a28de9b4b0_0, 0, 32;
T_7.7 ;
T_7.5 ;
    %load/vec4 v0x63a28de9a490_0;
    %flag_set/vec4 8;
    %jmp/0xz  T_7.8, 8;
    %load/vec4 v0x63a28de99810_0;
    %store/vec4 v0x63a28de99970_0, 0, 32;
    %jmp T_7.9;
T_7.8 ;
    %load/vec4 v0x63a28de99420_0;
    %flag_set/vec4 8;
    %jmp/0xz  T_7.10, 8;
    %load/vec4 v0x63a28de9aef0_0;
    %store/vec4 v0x63a28de99970_0, 0, 32;
    %jmp T_7.11;
T_7.10 ;
    %load/vec4 v0x63a28de99380_0;
    %pad/u 32;
    %load/vec4 v0x63a28de9a110_0;
    %and;
    %cmpi/ne 0, 0, 32;
    %jmp/0xz  T_7.12, 4;
    %load/vec4 v0x63a28de99810_0;
    %addi 4, 0, 32;
    %load/vec4 v0x63a28de9a2f0_0;
    %parti/s 30, 0, 2;
    %concati/vec4 0, 0, 2;
    %add;
    %store/vec4 v0x63a28de99970_0, 0, 32;
    %jmp T_7.13;
T_7.12 ;
    %load/vec4 v0x63a28de994c0_0;
    %flag_set/vec4 8;
    %jmp/0xz  T_7.14, 8;
    %load/vec4 v0x63a28de99810_0;
    %parti/s 4, 28, 6;
    %load/vec4 v0x63a28de9a610_0;
    %concat/vec4; draw_concat_vec4
    %concati/vec4 0, 0, 2;
    %store/vec4 v0x63a28de99970_0, 0, 32;
    %jmp T_7.15;
T_7.14 ;
    %load/vec4 v0x63a28de99810_0;
    %addi 4, 0, 32;
    %store/vec4 v0x63a28de99970_0, 0, 32;
T_7.15 ;
T_7.13 ;
T_7.11 ;
T_7.9 ;
    %jmp T_7;
    .thread T_7, $push;
    .scope S_0x63a28dcccc40;
T_8 ;
    %wait E_0x63a28dcd4510;
    %load/vec4 v0x63a28de9b180_0;
    %flag_set/vec4 8;
    %jmp/0xz  T_8.0, 8;
    %pushi/vec4 0, 0, 32;
    %assign/vec4 v0x63a28de99810_0, 0;
    %jmp T_8.1;
T_8.0 ;
    %load/vec4 v0x63a28de99970_0;
    %assign/vec4 v0x63a28de99810_0, 0;
T_8.1 ;
    %jmp T_8;
    .thread T_8;
    .scope S_0x63a28dcd1660;
T_9 ;
    %fork t_1, S_0x63a28dcd0660;
    %jmp t_0;
    .scope S_0x63a28dcd0660;
t_1 ;
    %vpi_call 2 20 "$readmemh", "reference_mem.mem", v0x63a28de9b920 {0 0 0};
    %vpi_call 2 21 "$readmemh", "reference_reg.mem", v0x63a28de9ba10 {0 0 0};
    %end;
    .scope S_0x63a28dcd1660;
t_0 %join;
    %end;
    .thread T_9;
    .scope S_0x63a28dcd1660;
T_10 ;
    %fork t_3, S_0x63a28dcd02e0;
    %jmp t_2;
    .scope S_0x63a28dcd02e0;
t_3 ;
    %pushi/vec4 0, 0, 1;
    %store/vec4 v0x63a28de9b6c0_0, 0, 1;
T_10.0 ;
    %delay 5000, 0;
    %load/vec4 v0x63a28de9b6c0_0;
    %inv;
    %store/vec4 v0x63a28de9b6c0_0, 0, 1;
    %jmp T_10.0;
    %end;
    .scope S_0x63a28dcd1660;
t_2 %join;
    %end;
    .thread T_10;
    .scope S_0x63a28dcd1660;
T_11 ;
    %fork t_5, S_0x63a28dcd12e0;
    %jmp t_4;
    .scope S_0x63a28dcd12e0;
t_5 ;
    %pushi/vec4 0, 0, 32;
    %store/vec4 v0x63a28de9b5e0_0, 0, 32;
    %pushi/vec4 1, 0, 1;
    %store/vec4 v0x63a28de9bad0_0, 0, 1;
    %delay 15000, 0;
    %pushi/vec4 0, 0, 1;
    %store/vec4 v0x63a28de9bad0_0, 0, 1;
    %wait E_0x63a28dcd4e00;
    %vpi_call 2 36 "$display", "Program Terminate\012" {0 0 0};
    %pushi/vec4 0, 0, 32;
    %store/vec4 v0x63a28de9b880_0, 0, 32;
T_11.0 ;
    %load/vec4 v0x63a28de9b880_0;
    %cmpi/s 32, 0, 32;
    %jmp/0xz T_11.1, 5;
    %ix/getv/s 4, v0x63a28de9b880_0;
    %load/vec4a v0x63a28de989c0, 4;
    %ix/getv/s 4, v0x63a28de9b880_0;
    %load/vec4a v0x63a28de9ba10, 4;
    %cmp/ne;
    %jmp/0xz  T_11.2, 4;
    %pushi/vec4 1, 0, 32;
    %store/vec4 v0x63a28de9b5e0_0, 0, 32;
T_11.2 ;
    %load/vec4 v0x63a28de9b880_0;
    %addi 1, 0, 32;
    %store/vec4 v0x63a28de9b880_0, 0, 32;
    %jmp T_11.0;
T_11.1 ;
    %pushi/vec4 0, 0, 32;
    %store/vec4 v0x63a28de9b880_0, 0, 32;
T_11.4 ;
    %load/vec4 v0x63a28de9b880_0;
    %cmpi/s 8192, 0, 32;
    %jmp/0xz T_11.5, 5;
    %ix/getv/s 4, v0x63a28de9b880_0;
    %load/vec4a v0x63a28dc9b490, 4;
    %ix/getv/s 4, v0x63a28de9b880_0;
    %load/vec4a v0x63a28de9b920, 4;
    %cmp/ne;
    %jmp/0xz  T_11.6, 4;
    %pushi/vec4 1, 0, 32;
    %store/vec4 v0x63a28de9b5e0_0, 0, 32;
T_11.6 ;
    %load/vec4 v0x63a28de9b880_0;
    %addi 1, 0, 32;
    %store/vec4 v0x63a28de9b880_0, 0, 32;
    %jmp T_11.4;
T_11.5 ;
    %load/vec4 v0x63a28de9b5e0_0;
    %cmpi/ne 0, 0, 32;
    %jmp/0xz  T_11.8, 4;
    %vpi_call 2 50 "$display", "Simulation failed." {0 0 0};
    %pushi/vec4 0, 0, 32;
    %store/vec4 v0x63a28de9b880_0, 0, 32;
T_11.10 ;
    %load/vec4 v0x63a28de9b880_0;
    %cmpi/s 32, 0, 32;
    %jmp/0xz T_11.11, 5;
    %vpi_call 2 52 "$display", "index: %d, dat: %h, %h", v0x63a28de9b880_0, &A<v0x63a28de989c0, v0x63a28de9b880_0 >, &A<v0x63a28de9ba10, v0x63a28de9b880_0 > {0 0 0};
    %load/vec4 v0x63a28de9b880_0;
    %addi 1, 0, 32;
    %store/vec4 v0x63a28de9b880_0, 0, 32;
    %jmp T_11.10;
T_11.11 ;
    %jmp T_11.9;
T_11.8 ;
    %vpi_call 2 56 "$display", "Simulation success!!!" {0 0 0};
T_11.9 ;
    %vpi_call 2 57 "$finish" {0 0 0};
    %end;
    .scope S_0x63a28dcd1660;
t_4 %join;
    %end;
    .thread T_11;
# The file index is used to find the file name in the following table.
:file_names 8;
    "N/A";
    "<interactive>";
    "CPU_tb.v";
    "CPU.v";
    "ALU.v";
    "CTRL.v";
    "MEM.v";
    "RF.v";
